tree
version=v4
num_class=1
num_tree_per_iteration=1
label_index=0
max_feature_idx=59
objective=regression_l1
feature_names=sales_sum_7d sales_sum_14d sales_sum_28d sales_sum_56d sales_sum_90d sales_mean_7d sales_mean_14d sales_mean_28d sales_mean_56d sales_mean_90d sales_std_28d sales_std_56d sales_nonzero_days_28d sales_nonzero_days_56d sales_nonzero_days_90d days_since_last_sale trend_7_vs_28 trend_28_vs_90 revenue_sum_7d revenue_sum_28d revenue_sum_90d avg_price_28d avg_price_90d price_change_28_vs_90 last_price item_sales_sum_7d item_sales_sum_28d item_sales_sum_90d item_num_locations_sold_28d item_num_locations_sold_90d item_global_trend_28_vs_90 location_sales_sum_7d location_sales_sum_28d location_sales_sum_90d location_active_items_28d location_active_items_90d location_sales_trend_28_vs_90 view_count_1d atc_count_1d view_count_3d atc_count_3d view_count_7d atc_count_7d view_count_14d atc_count_14d view_count_28d atc_count_28d view_to_atc_rate_28d atc_to_purchase_rate_28d view_to_purchase_rate_28d recent_view_ratio recent_atc_ratio cutoff_month target_month days_in_target_month is_january_target quarter fold_val_month location item_id
feature_infos=[0:758] [0:787] [0:953] [0:1238] [0:1957] [0:108.28571319580078] [0:56.214286804199219] [0:34.035713195800781] [0:22.107143402099609] [0:21.744443893432617] [0:130.06440712201015] [0:92.399530315983654] [0:27] [0:54] [0:88] [0:303] [0:3.9999988079071045] [0:3.2142837047576904] [0:63473504] [0:79431456] [0:143094528] [0:5604994.5] [0:12222988] [0:2.883927583694458] [24.832399368286133:12223000] [0:57493] [0:173749] [0:482210] [0:922] [0:925] [0:1] [0:7359] [0:28990] [0:87601] [0:3204] [0:4500] [0:1] [0:3295] [0:4533] [0:3884] [0:4773] [0:8028] [0:5348] [0:16978] [0:6205] [0:26452] [0:16003] [0:21.999979019165039] [0:9.9999904632568359] [0:32.999969482421875] [0:1] [0:0.99999994039535522] none none none none none none [0:949] [0:5068]
tree_sizes=10484 11143 11288 11238 11283 11254 11400 11320 11414 11455 11405 11553 11549 11348 11455 11418 11387 11513 11517 11512 11506 11575 11545 11665 11625 11570 11638 11661 11618 11664 11573 11699 11650 11590 11699 11713 11618 11669 11778 11666 11775 11610 11524 11621 11725 11731 11659 11613 11637 11729 11736 11734 11774 11600 11653 11642 11771 11688 11643 11711

Tree=0
num_leaves=127
num_cat=0
split_feature=4 25 14 15 25 25 15 33 32 25 25 28 29 14 31 31 28 35 28 35 29 15 15 31 29 25 23 35 25 25 35 25 25 31 31 31 28 32 25 29 33 32 35 25 29 28 35 25 35 33 25 15 25 15 29 32 23 35 28 14 28 32 28 14 28 15 29 33 19 15 31 20 59 14 29 31 31 35 29 25 35 27 20 27 24 28 15 32 21 35 28 24 37 25 35 15 28 32 33 25 27 27 14 28 20 22 37 29 59 22 25 23 29 44 29 32 15 15 28 35 19 31 20 25 29 25
split_gain=103053 19718.2 7171.64 6406.73 2596.7 2195.09 2015.23 1229.15 1196.03 781.605 692.463 678.03 671.502 625.16 555.117 529.347 447.543 431.704 329.468 319.102 316.359 309.684 229.507 270.595 215.004 211.308 188.368 183.78 182.464 175.735 170.587 162.236 161.843 157.225 138.48 131.381 126.731 125.034 115.236 112.086 112.086 109.668 108.533 103.301 94.5622 90.7792 88.0574 85.2927 79.4935 78.8955 78.2421 78.1327 74.4146 73.4913 72.2596 71.5587 69.7035 69.6951 68.2679 66.8738 64.3599 62.4592 61.8973 61.4295 60.7915 57.1143 56.4115 55.7817 53.5366 52.4562 50.2902 50.0788 49.5986 47.1219 46.1304 45.3622 44.9736 43.6827 43.6661 43.5745 41.2886 41.2788 55.0261 39.8984 52.6062 52.9321 39.7478 39.3767 38.7415 37.4924 35.5738 35.3753 49.4972 34.858 34.6954 34.6067 34.5147 41.2492 40.7786 34.4232 34.0545 33.9605 33.3534 32.4751 32.4279 32.0625 53.298 31.6969 31.2113 84.6762 44.5893 30.8301 30.8144 30.7964 30.5089 30.4814 30.3969 30.3067 30.053 29.6421 29.3889 29.1626 28.9918 28.0877 27.4749 26.9696
threshold=3.5000000000000004 45.500000000000007 6.5000000000000009 86.500000000000014 201.50000000000003 91.500000000000014 74.500000000000014 4581.5000000000009 6060.0000000000009 8.5000000000000018 18.500000000000004 658.50000000000011 785.50000000000011 9.5000000000000018 1028.0000000000002 1190.0000000000002 658.50000000000011 2046.5000000000002 24.500000000000004 2413.0000000000005 455.50000000000006 26.500000000000004 17.500000000000004 412.00000000000006 156.50000000000003 112.50000000000001 0.90910267829895031 1873.5000000000002 249.50000000000003 91.500000000000014 2046.5000000000002 459.50000000000006 201.50000000000003 1028.0000000000002 1.0000000180025095e-35 1.0000000180025095e-35 790.50000000000011 6852.0000000000009 201.50000000000003 238.50000000000003 11514.500000000002 3119.5000000000005 1973.5000000000002 45.500000000000007 238.50000000000003 806.50000000000011 2413.0000000000005 7.5000000000000009 1544.0000000000002 25607.500000000004 8.5000000000000018 36.500000000000007 25.500000000000004 26.500000000000004 141.50000000000003 6189.0000000000009 0.8631320893764497 2266.0000000000005 450.00000000000006 13.500000000000002 208.00000000000003 3119.5000000000005 403.50000000000006 4.5000000000000009 108.50000000000001 149.50000000000003 116.50000000000001 12969.000000000002 25001.836914062504 136.50000000000003 1028.0000000000002 160303.84375000003 4981.5000000000009 4.5000000000000009 590.50000000000011 1479.0000000000002 1.0000000180025095e-35 2206.5000000000005 265.00000000000006 459.50000000000006 2924.0000000000005 510.50000000000006 150022.50000000003 6597.5000000000009 60003.134765625007 189.50000000000003 33.500000000000007 5515.5000000000009 30672.362304687504 3208.0000000000005 224.50000000000003 39001.750000000007 9.5000000000000018 30.500000000000004 1544.0000000000002 172.50000000000003 769.00000000000011 5635.0000000000009 38813.500000000007 60.500000000000007 2903.0000000000005 1156.5000000000002 4.5000000000000009 516.50000000000011 142505.91406250003 68999.988281250015 22.500000000000004 141.50000000000003 4752.5000000000009 49839.984375000007 1112.5000000000002 0.97110781073570263 853.50000000000011 13.500000000000002 265.00000000000006 6189.0000000000009 123.50000000000001 28.500000000000004 516.50000000000011 3057.0000000000005 25001.836914062504 1272.5000000000002 150022.50000000003 174.50000000000003 638.50000000000011 60.500000000000007
decision_type=2 2 2 2 2 2 2 2 2 2 2 2 2 2 2 2 2 2 2 2 2 2 2 2 2 2 2 2 2 2 2 2 2 2 2 2 2 2 2 2 2 2 2 2 2 2 2 2 2 2 2 2 2 2 2 2 2 2 2 2 2 2 2 2 2 2 2 2 2 2 2 2 2 2 2 2 2 2 2 2 2 2 2 2 2 2 2 2 2 2 2 2 2 2 2 2 2 2 2 2 2 2 2 2 2 2 2 2 2 2 2 2 2 2 2 2 2 2 2 2 2 2 2 2 2 2
left_child=1 6 5 4 8 21 10 -5 25 74 19 15 20 28 16 26 41 39 65 50 30 37 59 87 80 48 58 69 53 44 95 55 49 34 -13 -18 73 99 -28 94 120 76 100 62 71 61 88 89 105 102 121 77 107 75 -32 103 118 -46 -7 -15 -25 -37 113 -40 116 -8 119 112 -30 91 -52 -10 -33 -36 -4 -11 -6 -34 -26 -58 -19 82 -50 84 85 -29 -42 -24 -31 -21 -55 92 -22 -80 -12 -9 97 98 -70 -2 -20 -83 -17 117 -72 106 -3 -39 -62 110 -110 -78 -14 -23 -48 -45 -44 -16 -43 -49 -27 -1 -96 -94 -93 -86
right_child=2 3 9 7 14 11 18 12 29 13 17 33 67 22 31 32 35 24 42 47 27 43 23 60 78 40 38 83 68 46 54 72 51 -35 36 45 -38 52 63 -41 86 56 64 115 57 -47 114 66 81 -51 70 -53 -54 90 -56 -57 79 -59 -60 -61 108 -63 -64 -65 -66 -67 -68 -69 96 -71 104 -73 -74 -75 -76 -77 111 -79 93 -81 -82 101 -84 -85 125 -87 -88 -89 -90 -91 -92 124 123 -95 122 -97 -98 -99 -100 -101 -102 -103 -104 -105 -106 -107 -108 -109 109 -111 -112 -113 -114 -115 -116 -117 -118 -119 -120 -121 -122 -123 -124 -125 -126 -127
leaf_value=0 0 0 0 0 0 0 0 0 0.03465735912322998 0.03465735912322998 0 0 0 0.080471897125244149 0.03465735912322998 0.03465735912322998 0 0 0 0 0 0 0.054930615425109866 0 0 0 0.03465735912322998 0.069314718246459961 0.054930615425109866 0 0 0.054930615425109866 0.054930615425109866 0.069314718246459961 0.03465735912322998 0.03465735912322998 0.054930615425109866 0.03465735912322998 0.03465735912322998 0 0 0 0 0 0 0.054930615425109866 0.069314718246459961 0 0.03465735912322998 0.03465735912322998 0 0.03465735912322998 0.03465735912322998 0 0 0.03465735912322998 0.03465735912322998 0 0.03465735912322998 0.11989476680755616 0.080471897125244149 0.03465735912322998 0.080471897125244149 0.03465735912322998 0 0 0 0.03465735912322998 0.054930615425109866 0 0 0 0.080471897125244149 0.054930615425109866 0 0.054930615425109866 0 0.054930615425109866 0 0.03465735912322998 0.03465735912322998 0 0 0 0 0 0 0 0.03465735912322998 0 0.03465735912322998 0 0.054930615425109866 0 0 0 0.080471897125244149 0.069314718246459961 0 0 0 0 0.03465735912322998 0.03465735912322998 0 0 0.03465735912322998 0 0 0.089587974548339847 0.13195286989212038 0 0 0 0.03465735912322998 0 0 0 0.03465735912322998 0 0 0 0 0 0 0
leaf_weight=26065 3121 3117 453 19231 231 5258 58203 14267 2700 4818 5855 235 6106 66382 3779 8689 316 7244 63080 17960 1237 5464 108 374 12191 10981 8364 534 6133 13275 1446 10985 22176 30313 15198 13595 18915 2252 15848 20155 14693 4987 33060 1621 14274 6524 744 5380 1930 16751 17287 6010 10367 638 7576 19267 13671 15934 11015 117063 9523 14013 142 12419 4561 97424 14922 5169 18300 19398 12782 3181 1715 13380 831 12831 10981 18536 7076 2329 2692 12854 1660 522 1446 1952 12995 435 12165 5031 1392 10826 551 5980 5339 11177 28275 27024 58 2717 298 15233 5684 12396 14765 18443 577 1470 357 791 118 9627 4263 1126 11639 2994 23676 3012 10832 2280 9253 23018 5870 253 8939 11816
leaf_count=26065 3121 3117 453 19231 231 5258 58203 14267 2700 4818 5855 235 6106 66382 3779 8689 316 7244 63080 17960 1237 5464 108 374 12191 10981 8364 534 6133 13275 1446 10985 22176 30313 15198 13595 18915 2252 15848 20155 14693 4987 33060 1621 14274 6524 744 5380 1930 16751 17287 6010 10367 638 7576 19267 13671 15934 11015 117063 9523 14013 142 12419 4561 97424 14922 5169 18300 19398 12782 3181 1715 13380 831 12831 10981 18536 7076 2329 2692 12854 1660 522 1446 1952 12995 435 12165 5031 1392 10826 551 5980 5339 11177 28275 27024 58 2717 298 15233 5684 12396 14765 18443 577 1470 357 791 118 9627 4263 1126 11639 2994 23676 3012 10832 2280 9253 23018 5870 253 8939 11816
internal_value=0.0234877 0.0134486 0.0409599 0.0211318 0.0249624 0.0345385 0.00657047 0.011642 0.0209276 0.0461695 0.0102502 0.036389 0.0137251 0.0463391 0.0300882 0.0341873 0.0276599 0.0142178 0.00378875 0.00819087 0.0121002 0.0221843 0.0479838 0.0411918 0.018189 0.0174107 0.0303274 0.0143716 0.0431123 0.0257684 0.00831237 0.034223 0.0368104 0.0400775 0.0382876 0.0320916 0.0384771 0.0259393 0.0323167 0.0104636 0.0198258 0.0247606 0.00570399 0.0155894 0.0232714 0.0323887 0.0281507 0.0116241 0.0152598 0.0340153 0.00652485 0.0386722 0.0284898 0.0387973 0.0142201 0.0326037 0.0266081 0.0221412 0.0258491 0.0484172 0.0428685 0.0311338 0.0116375 0.0338431 0.00720417 0.0022544 0.0138072 0.0233391 0.0441765 0.0125945 0.00803507 0.0290753 0.0391253 0.0363738 0.00723853 0.0398346 0.0219393 0.0394587 0.0157363 0.028937 0.0244205 0.0168669 0.02192 0.0188717 0.0193226 0.0260026 0.0218937 0.00671147 0.0264659 0.00947954 0.0297744 0.0142779 0.0205502 0.013725 0.0134461 0.00621735 0.044551 0.0436933 0.0418586 0.019783 0.00425297 0.0162208 0.0312942 0.0304395 0.00936197 0.0129599 0.0172153 0.0224188 0.0435759 0.0361701 0.0194591 0.0221852 0.0212212 0.0109323 0.0316112 0.0213527 0.00675751 0.0276531 0.024252 0.0172968 0.0169958 0.00514525 0.0150766 0.0302139 0.0136298 0.0180699
internal_weight=1.46878e+06 932811 535969 440617 313908 240065 492194 126709 175648 295904 211892 208791 107478 294620 138260 130750 87106 72402 280302 139490 91940 31274 195151 11706 35183 101736 52904 57474 99469 73912 34466 51154 77846 78041 47728 34448 47493 19927 36631 37219 47922 52658 124675 11347 36089 34132 37823 45573 53814 31124 93917 46722 14089 19679 9022 38454 31819 30208 16273 183445 11163 27608 6732 28267 61297 155627 22582 15538 79790 41204 44834 5881 12700 28578 1284 17649 20839 40712 25247 16000 9936 31677 3590 16270 15748 2486 27688 543 25440 22991 2030 21806 2041 13056 17064 25444 73657 45382 18358 5838 63378 28087 14373 19187 27547 22137 3694 3722 10789 1266 475 20608 10369 6590 12383 4615 56736 6791 15819 7660 20234 49083 11209 804 19765 13262
internal_count=1468780 932811 535969 440617 313908 240065 492194 126709 175648 295904 211892 208791 107478 294620 138260 130750 87106 72402 280302 139490 91940 31274 195151 11706 35183 101736 52904 57474 99469 73912 34466 51154 77846 78041 47728 34448 47493 19927 36631 37219 47922 52658 124675 11347 36089 34132 37823 45573 53814 31124 93917 46722 14089 19679 9022 38454 31819 30208 16273 183445 11163 27608 6732 28267 61297 155627 22582 15538 79790 41204 44834 5881 12700 28578 1284 17649 20839 40712 25247 16000 9936 31677 3590 16270 15748 2486 27688 543 25440 22991 2030 21806 2041 13056 17064 25444 73657 45382 18358 5838 63378 28087 14373 19187 27547 22137 3694 3722 10789 1266 475 20608 10369 6590 12383 4615 56736 6791 15819 7660 20234 49083 11209 804 19765 13262
is_linear=0
shrinkage=0.05


Tree=1
num_leaves=127
num_cat=0
split_feature=4 25 13 13 25 32 13 4 35 28 1 32 4 35 25 28 28 29 28 35 32 29 3 30 28 25 28 13 32 35 28 27 30 25 22 28 26 30 59 59 32 25 26 32 25 59 26 28 30 26 1 13 59 25 32 13 32 32 35 29 4 27 25 26 25 17 35 27 25 29 42 25 32 32 25 25 25 35 25 23 35 29 32 4 28 40 59 35 1 22 29 29 4 30 35 35 22 25 32 25 17 28 4 17 32 32 25 26 25 25 30 28 32 28 4 12 28 32 29 22 32 30 35 50 35 32
split_gain=84618.7 12067.6 5758.47 3453.82 1952.42 1612.14 1415.3 1015.52 800.434 733.79 732.648 559.284 550.969 521.802 602.844 444.796 418.735 405.009 396.107 352.533 346.841 318.493 333.827 312.043 356.046 237.557 220.541 191.492 185.642 183.117 164.68 162.994 154.544 148.505 146.218 131.805 128.859 126.369 164.299 124.375 123.488 147.239 122.487 119.352 115.227 113.271 109.958 108.702 106.503 106.342 104.567 99.623 99.5029 97.8238 97.23 90.6034 89.9137 89.0477 102.848 85.4834 84.7173 84.0273 82.9654 82.6517 81.3114 134.746 97.1147 93.9403 80.4314 80.3286 74.2888 74.0373 94.9211 70.3728 111.522 74.656 71.9034 69.7855 66.8988 66.8756 66.5177 66.1056 126.449 85.9489 63.2254 106.475 63.0601 61.6222 61.4295 80.3445 61.1121 60.7111 58.0819 57.8467 56.8338 55.9918 55.3252 85.5339 250.209 101.841 100.782 117.015 90.5469 78.4377 70.9625 55.1978 54.2489 104.764 54.1945 54.0144 53.6719 204.67 53.588 52.728 52.4241 52.0993 51.6919 51.5899 51.5157 50.846 50.7672 50.0614 49.798 49.2636 49.2629 135.678
threshold=6.5000000000000009 21.500000000000004 5.5000000000000009 1.5000000000000002 393.50000000000006 1.0000000180025095e-35 2.5000000000000004 1.0000000180025095e-35 1873.5000000000002 658.50000000000011 1.0000000180025095e-35 4460.0000000000009 13.500000000000002 1954.0000000000002 201.50000000000003 769.00000000000011 806.50000000000011 866.50000000000011 208.00000000000003 2154.0000000000005 5635.0000000000009 455.50000000000006 1.0000000180025095e-35 0.47697626054286962 127.50000000000001 201.50000000000003 375.50000000000006 1.5000000000000002 4460.0000000000009 2924.0000000000005 658.50000000000011 5170.5000000000009 0.68189269304275524 327.50000000000006 21635.373046875004 20.500000000000004 41.500000000000007 0.26664297282695776 4300.5000000000009 4981.5000000000009 4131.5000000000009 266.50000000000006 1128.5000000000002 12942.500000000002 327.50000000000006 4981.5000000000009 53.500000000000007 822.50000000000011 0.23494966328144076 1690.5000000000002 1.0000000180025095e-35 9.5000000000000018 4864.5000000000009 69.500000000000014 3119.5000000000005 3.5000000000000004 6724.0000000000009 9198.5000000000018 2924.0000000000005 897.50000000000011 3.5000000000000004 4569.5000000000009 69.500000000000014 2135.5000000000005 91.500000000000014 1.5891245007514956 2266.0000000000005 7683.0000000000009 459.50000000000006 886.50000000000011 140.50000000000003 159.50000000000003 6060.0000000000009 3119.5000000000005 201.50000000000003 76.500000000000014 102.50000000000001 1301.5000000000002 45.500000000000007 0.92387348413467418 1366.0000000000002 866.50000000000011 3969.5000000000005 1.0000000180025095e-35 769.00000000000011 116.00000000000001 3193.5000000000005 3208.0000000000005 1.0000000180025095e-35 43499.968750000007 820.50000000000011 94.500000000000014 8.5000000000000018 0.86991125345230114 1366.0000000000002 1973.5000000000002 24666.662109375004 201.50000000000003 3119.5000000000005 122.50000000000001 2.1428090333938603 516.50000000000011 3.5000000000000004 0.80253997445106517 4131.5000000000009 6852.0000000000009 266.50000000000006 1690.5000000000002 266.50000000000006 8.5000000000000018 0.24130119383335116 857.00000000000011 10799.000000000002 806.50000000000011 3.5000000000000004 1.5000000000000002 470.50000000000006 6189.0000000000009 866.50000000000011 445914.67187500006 7958.0000000000009 0.23494966328144076 2924.0000000000005 0.10876959189772607 2924.0000000000005 9198.5000000000018
decision_type=2 2 2 2 2 2 2 2 2 2 2 2 2 2 2 2 2 2 2 2 2 2 2 2 2 2 2 2 2 2 2 2 2 2 2 2 2 2 2 2 2 2 2 2 2 2 2 2 2 2 2 2 2 2 2 2 2 2 2 2 2 2 2 2 2 2 2 2 2 2 2 2 2 2 2 2 2 2 2 2 2 2 2 2 2 2 2 2 2 2 2 2 2 2 2 2 2 2 2 2 2 2 2 2 2 2 2 2 2 2 2 2 2 2 2 2 2 2 2 2 2 2 2 2 2 2
left_child=1 7 6 5 13 -3 17 35 15 20 18 16 33 40 43 21 39 27 123 46 29 22 -7 24 34 48 62 70 47 42 64 68 36 92 -10 -1 87 38 69 50 60 49 121 78 93 55 -9 -11 116 -42 94 -14 -40 -45 -19 59 122 58 106 105 73 -18 -24 -39 66 67 -26 119 96 -20 -2 72 -67 76 75 -75 -5 -62 -15 -27 113 88 83 -83 85 -30 -80 -21 89 -33 -88 -38 -12 -25 -6 -37 -23 99 114 -98 101 103 -101 117 -103 -13 107 -16 -102 -56 111 -53 -50 -17 -99 -44 -22 -100 -96 -66 -81 -8 -29 -4 -65 -126
right_child=2 3 10 4 11 8 9 19 23 28 12 45 51 14 57 80 61 54 37 32 25 31 26 44 30 79 -28 56 84 -31 -32 81 -34 -35 -36 95 91 63 52 -41 41 -43 115 53 -46 -47 -48 -49 112 -51 -52 110 -54 -55 109 -57 -58 -59 -60 -61 77 -63 -64 124 65 71 -68 -69 -70 -71 -72 -73 -74 74 -76 -77 -78 -79 86 120 -82 82 -84 -85 -86 -87 90 -89 -90 -91 -92 -93 -94 -95 118 -97 97 98 100 102 108 104 -104 -105 -106 -107 -108 -109 -110 -111 -112 -113 -114 -115 -116 -117 -118 -119 -120 -121 -122 -123 -124 -125 125 -127
leaf_value=0 0.032924491167068484 0 0 0 0.032924491167068484 0 0 0 0 0.052184084653854372 0.052184084653854372 0.051464879512786867 0.091300772428512589 0 0.032924491167068484 0.032924491167068484 0.031910828351974486 0.052184084653854372 0.052184084653854372 0 0.031910828351974486 0 0 0 0 0.052184084653854372 0.069314718246459961 0.051464879512786867 0.065848982334136968 -0.0017328679561614991 0.051464879512786867 0 0 0.076448302268981944 0 0 0 0.065291123390197756 0 0.067581850290298465 0.031910828351974486 0.032924491167068484 0.052184084653854372 0.032924491167068484 0.076448302268981944 0.086122238636016854 0 0.066568187475204474 0.052184084653854372 -0.0017328679561614991 0.032924491167068484 0.12225272536277772 0.085108575820922849 0.03465735912322998 0 0.065848982334136968 0.052184084653854372 0.052184084653854372 -0.0017328679561614991 0.052184084653854372 0.031910828351974486 0.052184084653854372 0 0.085564379692077641 0.032924491167068484 0 0 0 0.03465735912322998 0.093271915912628178 0 0.032924491167068484 0.032924491167068484 0 0.032924491167068484 0 0 0.032924491167068484 0.032924491167068484 0.05319774746894837 0.052184084653854372 0 0.032924491167068484 0.032924491167068484 0.076448302268981944 0.051464879512786867 0.032924491167068484 0 0.032924491167068484 0 -0.0017328679561614991 0 0.065291123390197756 0.032924491167068484 0.032924491167068484 0 0 0 0 0 -0.0017328679561614991 0.032924491167068484 0 0.032924491167068484 0.032924491167068484 0.05319774746894837 0.052184084653854372 -0.0027465307712554936 0.032924491167068484 0.065848982334136968 0.12225272536277772 0.028662620782852172 0.05319774746894837 0.031910828351974486 0.032924491167068484 0.05319774746894837 -0.0017328679561614991 0 0.032924491167068484 0.031910828351974486 0.066568187475204474 0.032924491167068484 -0.0017328679561614991 0.03465735912322998 0 0.10050634145736695
leaf_weight=125653 6351 20715 751 2448 6494 42765 692 64506 11521 14871 2845 10235 52793 8601 6801 3575 193 2480 1431 40012 1580 45039 22592 9717 21943 3539 608 6116 17780 180 3956 11131 3441 33530 19907 41501 3631 4151 461 1176 34196 13765 4690 5993 1337 1880 40082 10187 6139 71 15744 2366 151 6581 131 7238 4803 8190 54 4409 4730 10214 8971 9991 44411 991 19929 1837 1608 2336 1254 6010 4824 2709 6217 5210 7709 12476 26661 9936 5431 1359 4179 10078 16208 294 11398 7583 4039 12626 88 40138 9162 6302 2866 45273 34257 10124 5408 26289 2473 6553 1934 1296 6583 4873 8880 70 2676 7879 93770 296 5954 3593 611 8677 147 328 4285 3823 11622 3450 54 464 245 477
leaf_count=125653 6351 20715 751 2448 6494 42765 692 64506 11521 14871 2845 10235 52793 8601 6801 3575 193 2480 1431 40012 1580 45039 22592 9717 21943 3539 608 6116 17780 180 3956 11131 3441 33530 19907 41501 3631 4151 461 1176 34196 13765 4690 5993 1337 1880 40082 10187 6139 71 15744 2366 151 6581 131 7238 4803 8190 54 4409 4730 10214 8971 9991 44411 991 19929 1837 1608 2336 1254 6010 4824 2709 6217 5210 7709 12476 26661 9936 5431 1359 4179 10078 16208 294 11398 7583 4039 12626 88 40138 9162 6302 2866 45273 34257 10124 5408 26289 2473 6553 1934 1296 6583 4873 8880 70 2676 7879 93770 296 5954 3593 611 8677 147 328 4285 3823 11622 3450 54 464 245 477
internal_value=0.0189708 0.0121245 0.0400215 0.0161396 0.0209566 0.0135634 0.0323199 0.00534067 0.0142158 0.0347933 0.0452107 0.0280272 0.0461563 0.0181092 0.0209572 0.0125966 0.0242798 0.022454 0.0362079 0.00790346 0.0307201 0.0121577 0.00939994 0.0170726 0.0162839 0.0333592 0.0132478 0.0180183 0.0386787 0.0249134 0.0176501 0.0132535 0.0101117 0.0413409 0.0116009 0.0029351 0.00971985 0.0379562 0.0304846 0.0213297 0.0154588 0.0171853 0.0254293 0.018252 0.0233949 0.0333889 0.00590168 0.0354055 0.0280928 0.0154301 0.0206912 0.0476257 0.00644503 0.0225778 0.0303091 0.0325544 0.0222449 0.027645 0.0254503 0.0307804 0.0134604 0.0329434 0.0126729 0.0401568 0.0172683 0.0161164 0.0189707 0.0172504 0.0140574 0.0343885 0.011919 0.0113145 0.0072905 0.0153622 0.0130796 0.0170152 0.0185383 0.010775 0.0170883 0.036259 0.021775 0.0105649 0.0131688 0.010448 0.0410709 0.0390335 0.0179868 0.00791878 0.00910182 0.0081321 0.0210859 0.0116782 0.0365654 0.0222169 0.0174858 0.00443387 0.0139328 0.0145967 0.0126565 0.0157161 0.00994367 0.0115378 0.0179408 0.0167439 0.00875031 0.0289907 0.0256868 0.0223465 0.0036987 0.032989 0.0485828 0.0415631 0.0297521 0.0186095 0.0190539 0.0277581 0.0164698 0.0192544 0.0205626 0.0176731 0.0373059 0.0179124 0.0182485 0.0085137 0.0424802 0.0298366
internal_weight=1.46786e+06 1.10762e+06 360234 695804 242455 453349 145014 411820 432634 115946 215220 69607 194762 172848 83317 276126 40972 29068 20458 199393 56606 263527 74936 156508 139152 38917 32171 18578 59340 17689 107724 188591 94805 45537 31428 212427 91364 19243 4379 30565 89531 48032 17509 59322 17356 28635 104588 25058 13820 34267 29389 149225 612 12574 10490 26755 10973 23995 15805 19517 41499 10407 31563 14864 103768 61896 41872 50071 145179 3767 7605 11825 5815 24293 14136 7919 10157 17206 46748 25097 12599 43412 15616 11437 34282 18074 38147 47595 27796 23757 11486 43769 12007 16019 13645 86774 143571 98532 36052 62480 25317 20168 28223 7032 13136 15108 15751 6871 5149 8010 96432 2662 12093 7168 10735 13367 1727 5736 7151 48234 21558 4142 6170 1215 10713 722
internal_count=1467858 1107624 360234 695804 242455 453349 145014 411820 432634 115946 215220 69607 194762 172848 83317 276126 40972 29068 20458 199393 56606 263527 74936 156508 139152 38917 32171 18578 59340 17689 107724 188591 94805 45537 31428 212427 91364 19243 4379 30565 89531 48032 17509 59322 17356 28635 104588 25058 13820 34267 29389 149225 612 12574 10490 26755 10973 23995 15805 19517 41499 10407 31563 14864 103768 61896 41872 50071 145179 3767 7605 11825 5815 24293 14136 7919 10157 17206 46748 25097 12599 43412 15616 11437 34282 18074 38147 47595 27796 23757 11486 43769 12007 16019 13645 86774 143571 98532 36052 62480 25317 20168 28223 7032 13136 15108 15751 6871 5149 8010 96432 2662 12093 7168 10735 13367 1727 5736 7151 48234 21558 4142 6170 1215 10713 722
is_linear=0
shrinkage=0.05


Tree=2
num_leaves=127
num_cat=0
split_feature=4 13 28 28 15 15 25 15 13 25 34 35 34 13 25 31 30 31 28 25 25 28 31 25 32 35 4 29 31 15 25 29 30 34 31 25 4 28 25 35 30 4 25 25 31 32 28 15 31 29 13 25 25 26 30 25 33 29 35 29 15 13 25 30 12 31 35 4 29 26 29 22 25 25 13 30 25 47 28 4 41 26 32 4 29 31 30 34 26 31 31 22 28 26 26 28 25 15 35 25 29 28 29 4 32 33 29 34 28 31 29 32 4 4 15 31 33 33 34 38 30 25 47 33 29 31
split_gain=93986.6 9281.55 6262.11 2516.57 2217.31 2037.8 1437.37 1268.63 991.383 864.51 814.574 791.274 773.469 902.569 1083.18 742.507 546.701 465.372 463.349 430.643 408.131 395.204 491.571 373.662 504.918 785.165 365.354 328.196 325.812 323.267 313.389 291.254 433.648 286.922 278.96 271.076 248.142 245.086 225.331 1068.47 353.263 214.851 213.22 208.395 204.255 199.991 179.113 175.373 172.275 160.712 166.563 497.854 203.728 421.097 153.355 148.782 324.967 145.251 143.939 425.935 169.827 142.323 141.523 137.539 136.368 136.331 130.994 130.789 129.223 128.772 124.434 209.526 123.748 118.385 114.696 107.078 104.806 102.673 119.508 101.22 108.514 101.151 100.283 99.3488 98.7546 97.3223 96.6403 95.0934 93.5305 88.8456 88.0078 87.7416 86.9173 86.8839 85.8528 92.8568 81.547 81.4852 79.2309 651.494 122.227 78.6382 77.7845 88.0883 77.7152 77.001 83.2792 76.7098 76.6626 75.3648 74.7021 74.1292 247.014 74.1215 72.2014 71.9386 69.9064 69.8815 69.8277 68.2549 66.9453 66.531 65.3565 64.7054 82.6235 64.5605
threshold=5.5000000000000009 5.5000000000000009 375.50000000000006 516.50000000000011 105.00000000000001 44.500000000000007 459.50000000000006 24.500000000000004 2.5000000000000004 393.50000000000006 1237.0000000000002 1025.0000000000002 1451.5000000000002 1.5000000000000002 18.500000000000004 1095.5000000000002 0.10344827547669412 1388.0000000000002 790.50000000000011 112.50000000000001 10.500000000000002 769.00000000000011 1028.0000000000002 21.500000000000004 4131.5000000000009 1954.0000000000002 3.5000000000000004 116.50000000000001 918.50000000000011 12.500000000000002 69.500000000000014 897.50000000000011 0.26047860085964208 727.00000000000011 412.00000000000006 266.50000000000006 10.500000000000002 694.50000000000011 91.500000000000014 1873.5000000000002 0.47697626054286962 15.500000000000002 45.500000000000007 122.50000000000001 1.0000000180025095e-35 6189.0000000000009 127.50000000000001 15.500000000000002 412.00000000000006 94.500000000000014 1.5000000000000002 83.500000000000014 91.500000000000014 119.50000000000001 0.47697626054286962 266.50000000000006 13416.500000000002 345.50000000000006 1873.5000000000002 785.50000000000011 82.500000000000014 1.0000000180025095e-35 249.50000000000003 0.26664297282695776 1.5000000000000002 993.00000000000011 1999.5000000000002 2.5000000000000004 866.50000000000011 1039.5000000000002 922.50000000000011 56490.015625000007 188.50000000000003 69.500000000000014 3.5000000000000004 0.68189269304275524 102.50000000000001 2.9999978542327885 170.50000000000003 6.5000000000000009 21.500000000000004 1690.5000000000002 5972.5000000000009 3.5000000000000004 455.50000000000006 1830.0000000000002 0.20402827113866809 705.50000000000011 46.500000000000007 412.00000000000006 1.0000000180025095e-35 138499.95312500003 694.50000000000011 206.50000000000003 1128.5000000000002 711.50000000000011 393.50000000000006 50.500000000000007 1873.5000000000002 91.500000000000014 455.50000000000006 403.50000000000006 897.50000000000011 1.0000000180025095e-35 5515.5000000000009 12969.000000000002 785.50000000000011 1776.5000000000002 127.50000000000001 993.00000000000011 886.50000000000011 3119.5000000000005 3.5000000000000004 7.5000000000000009 50.500000000000007 807.00000000000011 38813.500000000007 38813.500000000007 1974.5000000000002 13.500000000000002 0.34869723021984106 148.50000000000003 0.84689703583717357 4581.5000000000009 480.50000000000006 807.00000000000011
decision_type=2 2 2 2 2 2 2 2 2 2 2 2 2 2 2 2 2 2 2 2 2 2 2 2 2 2 2 2 2 2 2 2 2 2 2 2 2 2 2 2 2 2 2 2 2 2 2 2 2 2 2 2 2 2 2 2 2 2 2 2 2 2 2 2 2 2 2 2 2 2 2 2 2 2 2 2 2 2 2 2 2 2 2 2 2 2 2 2 2 2 2 2 2 2 2 2 2 2 2 2 2 2 2 2 2 2 2 2 2 2 2 2 2 2 2 2 2 2 2 2 2 2 2 2 2 2
left_child=2 3 4 7 12 6 10 17 28 16 55 -7 13 14 88 18 -3 62 33 23 118 22 89 -15 26 30 -25 -6 37 41 -26 32 79 -8 104 67 76 114 46 123 82 -11 -27 86 -39 -34 -29 -38 -49 -22 52 77 53 -51 -54 81 -57 -21 69 60 -60 98 117 70 94 90 -48 -12 97 -13 110 -72 91 122 -64 92 109 -52 -79 -9 -81 111 -41 -58 121 96 -19 -20 -1 -10 -23 -24 -17 -55 -35 -96 -74 -30 100 108 -16 -82 103 105 -31 106 -71 -86 -100 -18 -36 112 -4 -45 -5 -37 119 -2 -14 -92 -63 -53 -44 -40 -125 -69
right_child=1 9 5 8 27 11 15 31 21 29 35 58 20 19 61 75 36 43 87 57 49 65 72 24 25 42 -28 38 68 34 -32 -33 45 64 63 115 47 44 39 40 -42 -43 73 113 -46 -47 66 48 -50 50 51 84 54 93 -56 56 83 -59 59 -61 -62 120 74 -65 -66 -67 -68 125 -70 102 71 -73 85 -75 -76 -77 -78 78 -80 80 101 -83 -84 -85 107 -87 -88 -89 -90 -91 116 -93 -94 -95 95 -97 -98 -99 99 -101 -102 -103 -104 -105 -106 -107 -108 -109 -110 -111 -112 -113 -114 -115 -116 -117 -118 -119 -120 -121 -122 -123 -124 124 -126 -127
leaf_value=0 0.031278266608715057 0 0 0.031278266608715057 0 0 0.031278266608715057 0 0.029301624119281767 0.072625887155532851 0.031278266608715057 0 0 0 0 0.049610840678215029 -0.0016462245583534242 0 0.031278266608715057 0.03465735912322998 0.031278266608715057 -0.0060749401450157173 -0.0043420721888542185 0 -0.0015955414175987245 0 -0.0015955414175987245 0 0.049610840678215029 0.061012904405593871 -0.0015955414175987245 0.089979466795921337 0.029276282548904423 0.075094953656196603 0.062681919157505039 -0.0016895462572574617 0.07318374609947205 -0.0026092042326927188 0 -0.0016462245583534242 0 0.11213795906305313 -0.0016462245583534242 0.049574880421161649 0.049574880421161649 0.033061817705631262 0 -0.003264556169509888 0.062026567220687868 0 0 0.031278266608715057 0.031278266608715057 0 0.05319774746894837 0.031278266608715057 0.031278266608715057 0.031278266608715057 0.031278266608715057 0.031278266608715057 -0.0016462245583534242 0 0.050588543236255647 0.081286160707473756 0.050537860095500944 0.072625887155532851 0 -0.0016462245583534242 0.061998674273490907 0 0 0.095284886717796335 0.04885567528009415 0.031278266608715057 0.063644898831844335 0.073839098036289227 0.049933191299438483 0 -0.0016462245583534242 -0.0015955414175987245 -0.0016462245583534242 -0.0016462245583534242 -0.0016462245583534242 0.031278266608715057 0.031278266608715057 0.062556533217430113 0.03465735912322998 0.049574880421161649 0 0.049574880421161649 0.049574880421161649 0.049524197280406954 0.049610840678215029 0.031278266608715057 0.031278266608715057 0.031278266608715057 0.062556533217430113 0.031278266608715057 0 -0.0016462245583534242 0 0.031278266608715057 0.031278266608715057 0.030264603793621066 0 0 0 0.031278266608715057 0 0.048919528484344485 0.088560683250427263 0.031278266608715057 -0.0015955414175987245 0.063189094960689543 -0.0017328679561614991 0.049574880421161649 -0.0065689458847045913 -0.0016462245583534242 0 0.064921962916851039 0 0.051551522910594942 -0.0016462245583534242 0 0 0.031278266608715057
leaf_weight=77980 8031 764 8661 3731 159130 15806 9528 1683 690 40824 5879 20384 38729 11577 18762 5441 163 570 4525 1923 7708 29 105 6979 5767 3473 1723 45397 7398 246 5891 536 3554 298 869 32 22493 117 2427 1489 540 121427 2516 8115 6843 5163 23556 72 2095 23643 18168 2954 9495 10901 1067 30889 11437 14667 5780 8465 4147 66205 2941 13846 6983 17289 8080 33 7224 4595 384 830 11426 5840 2637 2941 10105 1613 577 1079 2156 102 5260 9941 4736 15847 9048 9744 45341 19844 6851 133 9846 13730 7553 8097 18099 838 6510 6254 22553 496 4560 28482 314 4735 7135 2257 7503 1390 1561 38162 1773 10705 709 13155 23 88 13980 14748 32020 1449 502 8100 10297 14005
leaf_count=77980 8031 764 8661 3731 159130 15806 9528 1683 690 40824 5879 20384 38729 11577 18762 5441 163 570 4525 1923 7708 29 105 6979 5767 3473 1723 45397 7398 246 5891 536 3554 298 869 32 22493 117 2427 1489 540 121427 2516 8115 6843 5163 23556 72 2095 23643 18168 2954 9495 10901 1067 30889 11437 14667 5780 8465 4147 66205 2941 13846 6983 17289 8080 33 7224 4595 384 830 11426 5840 2637 2941 10105 1613 577 1079 2156 102 5260 9941 4736 15847 9048 9744 45341 19844 6851 133 9846 13730 7553 8097 18099 838 6510 6254 22553 496 4560 28482 314 4735 7135 2257 7503 1390 1561 38162 1773 10705 709 13155 23 88 13980 14748 32020 1449 502 8100 10297 14005
internal_value=0.0175148 0.0379733 0.00969391 0.0298613 0.00726843 0.0157695 0.0187343 0.0210616 0.0336494 0.0450166 0.0157765 0.0101004 0.00924274 0.00793315 0.00912059 0.024839 0.0380627 0.0254703 0.0214998 0.0024088 0.0122259 0.0358408 0.0334874 -0.000165921 -0.00289972 -0.00664239 0.00741718 0.00357049 0.025076 0.0464467 -0.0159456 0.008396 0.00702316 0.0181981 0.0400965 0.0225832 0.0389433 0.0186617 0.00573816 0.00190641 -0.014569 0.0471531 0.00215269 0.0291175 0.0245176 0.0139261 0.00713648 0.0417859 0.0281921 0.0141294 0.0135395 0.0106205 0.0151148 0.0164911 0.00882353 0.0135447 0.0153977 0.00927933 0.011945 0.0080086 0.000981656 0.0118374 0.0178976 0.0412087 0.0212286 0.039838 0.0100248 0.0189006 0.0298054 0.0129808 0.0325581 0.0194753 0.03638 -0.00196374 0.0240306 0.0333987 0.0329295 0.00593597 -0.00428976 -0.00409025 -0.00868243 0.0115558 -0.0176831 0.0201372 0.0189885 0.0365686 0.0231277 0.0290099 0.00559997 0.0270621 0.0371919 0.000398992 0.031716 0.0210667 0.0186759 0.0181689 0.0348702 0.0255212 0.00995249 0.00739104 0.0112089 -0.00324083 0.0116033 0.0109717 0.00534726 0.0138836 0.0160566 0.0152929 0.01338 0.0208261 0.039091 0.0116603 0.0153962 0.0321781 0.00948064 0.0281446 0.0373088 0.0136832 0.00867583 0.0374018 0.013019 0.0248564 -0.0100046 0.00767356 0.00868588 0.0215232
internal_weight=1.46851e+06 406129 1.06238e+06 188746 759269 303114 199025 56802 131944 217383 134069 104089 494993 343986 283128 64956 37082 42135 46728 60858 151007 105084 66144 44268 32691 23989 8702 264276 26860 180301 11658 14667 14131 32459 18050 33104 36318 11400 105146 28113 7289 162251 12331 28438 6960 8717 77033 24660 2167 98298 90590 31754 58836 48274 10562 100965 52267 16590 88283 18392 9927 159807 13697 17490 22931 38940 31636 19917 15460 69891 3644 1214 45610 8858 5578 18228 11658 20358 2190 5414 3731 48698 6749 21378 11396 45372 9618 14269 123321 20534 21651 238 15287 24631 15948 15650 29525 8236 61582 20267 41315 2652 49507 44947 560 16465 11730 6993 14013 1553 2430 48596 10434 18820 4440 13187 21622 8119 52709 21599 98225 4403 3018 20824 18397 14038
internal_count=1468512 406129 1062383 188746 759269 303114 199025 56802 131944 217383 134069 104089 494993 343986 283128 64956 37082 42135 46728 60858 151007 105084 66144 44268 32691 23989 8702 264276 26860 180301 11658 14667 14131 32459 18050 33104 36318 11400 105146 28113 7289 162251 12331 28438 6960 8717 77033 24660 2167 98298 90590 31754 58836 48274 10562 100965 52267 16590 88283 18392 9927 159807 13697 17490 22931 38940 31636 19917 15460 69891 3644 1214 45610 8858 5578 18228 11658 20358 2190 5414 3731 48698 6749 21378 11396 45372 9618 14269 123321 20534 21651 238 15287 24631 15948 15650 29525 8236 61582 20267 41315 2652 49507 44947 560 16465 11730 6993 14013 1553 2430 48596 10434 18820 4440 13187 21622 8119 52709 21599 98225 4403 3018 20824 18397 14038
is_linear=0
shrinkage=0.05


Tree=3
num_leaves=127
num_cat=0
split_feature=9 13 28 28 15 34 2 13 31 26 15 9 29 9 31 3 28 28 31 59 31 31 31 34 28 35 28 59 34 31 28 31 30 29 35 26 30 28 26 29 9 28 26 9 35 26 26 20 26 30 26 35 32 13 35 34 30 31 31 34 15 13 26 26 26 35 26 32 13 26 13 13 15 29 42 26 28 30 30 34 31 26 26 28 9 32 26 28 26 13 29 13 26 30 26 44 34 20 9 24 9 26 34 26 34 26 31 34 30 59 44 35 28 26 28 15 32 28 28 15 28 29 9 36 29 46
split_gain=101406 9428.85 4987.11 2601.24 2239.15 2068.47 1287.5 1044.66 1011.88 2038.52 898.971 732.936 716.901 613.602 562.986 413.911 404.509 377.237 502.786 370.976 366.505 308.06 299.706 291.314 278.858 276.052 271.561 269.564 265.775 258.756 252.212 241.269 238.306 216.147 445.307 500.915 299.7 279.325 258.467 207.915 205.403 203.721 199.076 668.929 196.677 181.553 178.846 175.606 263.99 234.717 169.691 211.694 188.705 164.054 401.171 161.585 159.058 150.523 148.322 144.646 144.393 198.492 567.516 519.195 410.349 185.827 169.946 166.625 148.203 212.953 142.19 141.527 136.562 133.805 129.345 127.668 292.536 156.324 125.058 124.835 124.663 124.477 123.651 171.446 122.494 116.28 113.72 112.948 109.477 104.348 103.042 98.1567 97.9174 97.0024 96.5569 94.9853 93.6987 94.1764 92.7188 90.0979 89.4175 89.0008 112.256 210.626 88.1201 87.5478 87.528 87.2565 87.0455 124.844 86.2739 85.0883 84.7452 189.977 83.0352 394.255 345.912 82.5511 81.0121 80.9491 80.401 78.4286 78.2515 77.958 75.7539 73.9468
threshold=0.061111113056540496 5.5000000000000009 658.50000000000011 516.50000000000011 70.500000000000014 705.50000000000011 1.0000000180025095e-35 2.5000000000000004 1228.5000000000002 984.50000000000011 17.500000000000004 0.13888889551162723 104.50000000000001 0.027777778916060928 1388.0000000000002 1.5000000000000002 338.00000000000006 769.00000000000011 1068.5000000000002 4912.5000000000009 412.00000000000006 918.50000000000011 1028.0000000000002 1237.0000000000002 224.50000000000003 2924.0000000000005 694.50000000000011 4912.5000000000009 1974.5000000000002 1479.0000000000002 769.00000000000011 1.0000000180025095e-35 0.68189269304275524 427.50000000000006 1873.5000000000002 435.00000000000006 0.47697626054286962 516.50000000000011 2470.0000000000005 881.50000000000011 0.083333335816860213 806.50000000000011 1039.5000000000002 1.0000000180025095e-35 2924.0000000000005 679.50000000000011 1951.0000000000002 150022.50000000003 609.00000000000011 0.47697626054286962 404.50000000000006 1873.5000000000002 6060.0000000000009 1.5000000000000002 1954.0000000000002 919.50000000000011 0.68189269304275524 993.00000000000011 1.0000000180025095e-35 1529.0000000000002 10.500000000000002 1.5000000000000002 1039.5000000000002 884.00000000000011 105.50000000000001 1481.0000000000002 1379.5000000000002 4131.5000000000009 1.5000000000000002 808.50000000000011 9.5000000000000018 1.5000000000000002 142.50000000000003 866.50000000000011 5.5000000000000009 351.50000000000006 148.50000000000003 0.43456299602985388 0.23494966328144076 858.50000000000011 1116.0000000000002 404.50000000000006 517.50000000000011 86.500000000000014 0.038888890296220786 4131.5000000000009 240.50000000000003 806.50000000000011 351.50000000000006 3.5000000000000004 289.50000000000006 1.5000000000000002 470.50000000000006 0.47697626054286962 93.500000000000014 8.5000000000000018 2219.0000000000005 221187.95312500003 0.094444446265697493 204215.38281250003 0.083333335816860213 470.50000000000006 1451.5000000000002 206.50000000000003 880.00000000000011 517.50000000000011 1.0000000180025095e-35 1529.0000000000002 0.26664297282695776 4042.5000000000005 66.500000000000014 1973.5000000000002 77.500000000000014 351.50000000000006 375.50000000000006 44.500000000000007 3119.5000000000005 658.50000000000011 170.50000000000003 47.500000000000007 375.50000000000006 785.50000000000011 0.027777778916060928 0.28588569164276129 638.50000000000011 243.50000000000003
decision_type=2 2 2 2 2 2 2 2 2 2 2 2 2 2 2 2 2 2 2 2 2 2 2 2 2 2 2 2 2 2 2 2 2 2 2 2 2 2 2 2 2 2 2 2 2 2 2 2 2 2 2 2 2 2 2 2 2 2 2 2 2 2 2 2 2 2 2 2 2 2 2 2 2 2 2 2 2 2 2 2 2 2 2 2 2 2 2 2 2 2 2 2 2 2 2 2 2 2 2 2 2 2 2 2 2 2 2 2 2 2 2 2 2 2 2 2 2 2 2 2 2 2 2 2 2 2
left_child=2 3 4 6 8 15 24 21 27 19 11 46 -6 55 45 80 -12 18 25 28 -18 26 30 91 -2 117 119 44 47 39 -15 -14 110 50 42 -36 37 38 72 -26 88 -17 124 -44 60 125 98 49 53 -10 111 -52 90 94 112 87 -29 106 -28 122 66 62 64 67 -62 -64 68 84 120 85 -13 -25 -37 -23 -51 76 -56 -78 -42 -68 123 96 83 -69 92 -70 -46 -7 -16 -47 -53 -11 -63 -57 -49 -79 97 -30 -3 -54 -20 102 -96 -104 -65 -87 -19 -77 109 -22 -21 -33 -55 -114 118 116 -116 -9 -66 -5 -1 -45 -50 -4 -35 -8
right_child=1 10 5 7 12 13 14 17 9 23 16 70 31 22 40 41 20 57 100 32 108 73 -24 71 29 -27 58 56 81 -31 -32 33 -34 34 35 36 -38 -39 -40 -41 78 -43 43 121 86 89 -48 48 59 74 51 52 99 54 75 93 -58 -59 -60 -61 61 63 65 104 114 -67 79 82 69 -71 -72 -73 -74 -75 -76 107 77 95 -80 -81 -82 -83 -84 -85 -86 105 -88 -89 -90 -91 -92 -93 -94 -95 101 -97 -98 -99 -100 -101 -102 -103 103 -105 -106 -107 -108 -109 -110 -111 -112 -113 113 -115 115 -117 -118 -119 -120 -121 -122 -123 -124 -125 -126 -127
leaf_value=0 0 0.047078220856189734 0 0.029714353278279305 0 0.029714353278279305 0.029714353278279305 0.04704545325934887 0 0.029714353278279305 0 0.081128835853934295 0 0.029714353278279305 0.029545398652553557 0.029714353278279305 0 -0.005051987996697426 0.046447053760290152 0.031360577836632729 0.070974105012416841 0.047130298644304278 0.047130298644304278 0.029714353278279305 0 -0.0031113057643175125 -0.002478744021058083 0 0 0.046644725450873378 0.047096136400103572 0 0.064371712401509282 0 0 -0.0015639133304357533 0.03465735912322998 0.029714353278279305 8.2311227917671219e-05 0.043798842996358875 0.030315286934375765 0.048010967090725901 0 -0.0015132301896810534 0 0.029765036419034011 0.068994592797756202 0 0.029714353278279305 0.029714353278279305 0 0 0 0 0 0.029765036419034004 0.049900966182351118 0.068994592797756202 0.047096136400103572 0.029714353278279305 0 0 0 0.029714353278279305 0 0.029714353278279305 0.029714353278279305 0 0 0.029714353278279305 0.10847877175807952 0.047096136400103572 -0.0015639133304357533 0.058898740559816365 0.032924491167068484 0.029714353278279305 0 0 0.058803259268403053 0.029714353278279305 0.048108001202344902 0.032924491167068484 0.029714353278279305 -0.0015157643467187882 -0.0015157643467187882 -0.0015157643467187882 -0.0016462245583534242 0.047096136400103572 0.047096136400103572 0.04735561515390873 -0.0015639133304357533 0.029714353278279305 0 0.061480239221453674 0 -0.0015639133304357533 0 0 0.058367379915714258 -0.0015639133304357533 0.059555890509486203 0 0 0.029714353278279305 0.029714353278279305 0.029765036419034011 0.059993679955601703 0.029714353278279305 0.068105775249004366 0 -0.0015639133304357533 0 -0.0015157643467187882 0.029596081793308263 0 0 -0.0015639133304357529 0.047096136400103572 0 -0.0016462245583534242 0 -0.0015132301896810534 0.029714353278279305 0.028751373603940013 0 -0.0015639133304357529
leaf_weight=15922 3812 5309 8881 3622 178622 11748 3099 9863 64803 8469 1470 64674 13339 14329 2870 6009 476 29 15407 3909 2119 8247 16479 10251 4139 115 123 3881 8081 3897 11048 64988 1927 34014 11955 10249 549 2642 386 491 1038 2925 13915 2338 550 5767 24496 33812 5735 7787 8460 197 2647 1414 19578 8436 1647 17375 6757 5334 40287 6102 16397 11135 17689 14093 5025 1720 6151 8685 98879 16243 3231 7270 3225 7905 5802 608 14258 5010 335 3533 3687 4545 2862 3446 315 2226 11645 5619 855 10193 3821 1223 18538 1029 4762 10172 12723 678 29053 7207 6808 6216 11368 1794 21704 5537 6643 488 271 58764 3065 3364 2830 6856 6510 11766 35197 852 5419 4136 11275 8194 18215 191
leaf_count=15922 3812 5309 8881 3622 178622 11748 3099 9863 64803 8469 1470 64674 13339 14329 2870 6009 476 29 15407 3909 2119 8247 16479 10251 4139 115 123 3881 8081 3897 11048 64988 1927 34014 11955 10249 549 2642 386 491 1038 2925 13915 2338 550 5767 24496 33812 5735 7787 8460 197 2647 1414 19578 8436 1647 17375 6757 5334 40287 6102 16397 11135 17689 14093 5025 1720 6151 8685 98879 16243 3231 7270 3225 7905 5802 608 14258 5010 335 3533 3687 4545 2862 3446 315 2226 11645 5619 855 10193 3821 1223 18538 1029 4762 10172 12723 678 29053 7207 6808 6216 11368 1794 21704 5537 6643 488 271 58764 3065 3364 2830 6856 6510 11766 35197 852 5419 4136 11275 8194 18215 191
internal_value=0.0166679 0.0379117 0.00853923 0.0297448 0.00748486 0.0196759 0.0207985 0.0335909 0.00962944 0.0115879 0.045016 0.0457657 0.00479379 0.0244353 0.0247621 0.00784407 0.0312158 0.0358363 0.0335356 0.00983283 0.0349107 0.0247904 0.0280723 0.0213702 0.00650736 0.0273037 0.0185303 0.00723642 0.00953009 0.0115332 0.0246618 0.00651378 0.0220064 0.0068802 0.00862633 0.00338979 -0.00211026 -0.00331928 -0.00615854 0.00354096 0.0287089 0.0165932 0.0107183 0.00652775 0.00698223 0.0167446 0.039917 0.00895739 0.00792724 0.0109034 0.00558094 0.000108669 -0.00881748 0.00700425 0.00474607 0.0179936 0.0181518 0.0397308 0.0247664 0.0129204 0.00706928 0.00641789 0.00734915 0.00353879 0.00903084 0.00131666 0.00941254 -0.00178981 0.00799778 0.00491355 0.0472864 0.0247412 -0.00731411 0.0293705 0.0176529 0.00675237 0.00477087 -0.00366913 0.0327531 0.015251 0.00335409 0.0142551 -0.00664131 -0.0109168 0.0019863 0.000416553 -0.0168131 0.0145551 0.0244466 0.0197341 -0.027274 0.0165841 0.00461499 0.0229675 0.00850697 -0.0173142 0.012913 0.0112827 0.0361353 -0.00297585 0.0365833 0.0102103 0.0113552 0.0077967 0.00892299 -0.0050562 0.0369549 0.0107346 0.0371126 0.0293602 0.0152975 0.00614854 -0.00560301 -0.00804078 0.0113697 0.00823624 0.00155191 0.0277147 0.0123292 0.00893923 0.0108989 -0.0067492 0.0106669 0.00276104 0.0123541 0.00639646
internal_weight=1.4681e+06 406286 1.06181e+06 189009 969977 91833 56826 132183 539797 296853 217277 206081 430180 65489 44487 26344 11196 105312 66204 251697 9726 26871 41856 45156 12339 21744 11354 242944 245590 8527 25377 251558 6107 238219 101630 29012 17057 16508 13866 4630 29811 8934 72618 20389 237416 14676 42528 219042 143227 75815 136589 12837 4377 120883 48302 23633 5528 39108 6880 22344 236551 185099 139859 45240 109369 30490 51452 22737 41417 20076 163553 26494 13480 15517 11012 40459 27017 7439 15296 10035 17410 26548 9952 6265 12785 11391 865 13974 14515 11386 1052 18662 9923 9659 72581 1637 23015 18253 18032 3325 44460 38769 31562 13024 22503 5240 21733 13442 9250 2607 4180 123752 7843 6429 69082 16196 9340 21629 52886 4474 21341 6474 17010 17075 52229 3290
internal_count=1468096 406286 1061810 189009 969977 91833 56826 132183 539797 296853 217277 206081 430180 65489 44487 26344 11196 105312 66204 251697 9726 26871 41856 45156 12339 21744 11354 242944 245590 8527 25377 251558 6107 238219 101630 29012 17057 16508 13866 4630 29811 8934 72618 20389 237416 14676 42528 219042 143227 75815 136589 12837 4377 120883 48302 23633 5528 39108 6880 22344 236551 185099 139859 45240 109369 30490 51452 22737 41417 20076 163553 26494 13480 15517 11012 40459 27017 7439 15296 10035 17410 26548 9952 6265 12785 11391 865 13974 14515 11386 1052 18662 9923 9659 72581 1637 23015 18253 18032 3325 44460 38769 31562 13024 22503 5240 21733 13442 9250 2607 4180 123752 7843 6429 69082 16196 9340 21629 52886 4474 21341 6474 17010 17075 52229 3290
is_linear=0
shrinkage=0.05


Tree=4
num_leaves=127
num_cat=0
split_feature=14 14 25 25 15 28 15 30 14 31 28 25 28 31 31 15 14 31 32 34 34 14 25 15 25 34 27 59 26 31 28 59 25 31 28 33 15 3 25 32 25 34 32 25 25 26 31 4 25 34 25 15 34 28 26 14 14 30 34 27 34 15 29 25 33 15 28 25 47 28 28 25 15 25 34 25 25 28 25 34 34 34 30 29 30 34 30 31 34 4 30 28 32 25 34 25 30 29 22 15 28 14 26 26 34 29 30 22 34 29 34 16 26 29 27 15 32 30 28 28 34 32 26 32 15 37
split_gain=105812 9493.73 4710.12 2996.34 2860.91 1703.83 1329.6 859.595 834.391 823.364 808.449 639.453 628.152 602.269 595.883 552.845 482.606 471.591 409.444 334.53 331.245 326.815 319.332 287.939 284.276 272.723 266.93 260.335 253.879 237.151 251.284 235.446 224.426 220.932 216.116 215.316 212.237 238.774 778.756 600.664 376.375 386.503 437.804 551.696 236.228 286.601 427.191 435.021 235.611 221.243 851.706 345.575 227.93 318.701 232.641 211.436 206.877 204.467 203.697 194.683 184.397 178.607 172.882 172.205 171.06 170.82 168.42 166.802 182.737 160.452 157.263 154.121 148.225 146.964 144.77 141.916 141.058 135.293 127.927 126.722 119.334 117.979 117.396 113.509 113.644 112.449 112.11 112.07 110.096 108.778 104.225 102.915 114.186 99.8305 99.4799 485.011 96.0403 270.581 216.064 108.683 91.4106 85.6606 84.4837 84.0841 83.9162 82.4224 81.551 80.4089 80.397 136.507 80.2768 79.4445 78.4958 78.4689 76.2133 74.1056 73.1244 73.1127 71.9495 71.3509 71.1334 68.8668 67.3206 66.6123 66.4416 66.1594
threshold=4.5000000000000009 8.5000000000000018 459.50000000000006 249.50000000000003 44.500000000000007 32.500000000000007 17.500000000000004 0.20402827113866809 3.5000000000000004 967.00000000000011 298.50000000000006 201.50000000000003 769.00000000000011 412.00000000000006 1154.0000000000002 22.500000000000004 12.500000000000002 412.00000000000006 5972.5000000000009 1691.5000000000002 880.00000000000011 6.5000000000000009 76.500000000000014 98.500000000000014 122.50000000000001 1150.5000000000002 9142.0000000000018 4981.5000000000009 1690.5000000000002 1028.0000000000002 769.00000000000011 4981.5000000000009 76.500000000000014 412.00000000000006 694.50000000000011 38813.500000000007 172.50000000000003 1.5000000000000002 201.50000000000003 3843.0000000000005 21.500000000000004 1237.0000000000002 4131.5000000000009 76.500000000000014 18.500000000000004 1039.5000000000002 1028.0000000000002 1.0000000180025095e-35 112.50000000000001 1120.0000000000002 91.500000000000014 86.500000000000014 1451.5000000000002 170.50000000000003 206.50000000000003 2.5000000000000004 1.5000000000000002 0.47697626054286962 1434.5000000000002 7146.0000000000009 1237.0000000000002 105.00000000000001 844.50000000000011 148.50000000000003 21058.000000000004 56.500000000000007 516.50000000000011 45.500000000000007 1.4999994635581972 839.50000000000011 769.00000000000011 60.500000000000007 44.500000000000007 159.50000000000003 1974.5000000000002 393.50000000000006 83.500000000000014 607.50000000000011 393.50000000000006 705.50000000000011 1188.0000000000002 727.00000000000011 0.26664297282695776 859.50000000000011 0.26664297282695776 1137.5000000000002 0.55949327349662792 859.50000000000011 1344.5000000000002 3.5000000000000004 0.36300858855247503 769.00000000000011 5635.0000000000009 266.50000000000006 1137.5000000000002 91.500000000000014 0.26664297282695776 922.50000000000011 52890.167968750007 4.0000000000000009 189.50000000000003 6.5000000000000009 351.50000000000006 2135.5000000000005 1188.0000000000002 455.50000000000006 0.55949327349662792 445914.67187500006 705.50000000000011 897.50000000000011 1529.0000000000002 1.9999790787696841 3850.0000000000005 881.50000000000011 804.00000000000011 41.500000000000007 12942.500000000002 0.47697626054286962 127.50000000000001 450.00000000000006 705.50000000000011 3212.5000000000005 206.50000000000003 5515.5000000000009 20.500000000000004 8.5000000000000018
decision_type=2 2 2 2 2 2 2 2 2 2 2 2 2 2 2 2 2 2 2 2 2 2 2 2 2 2 2 2 2 2 2 2 2 2 2 2 2 2 2 2 2 2 2 2 2 2 2 2 2 2 2 2 2 2 2 2 2 2 2 2 2 2 2 2 2 2 2 2 2 2 2 2 2 2 2 2 2 2 2 2 2 2 2 2 2 2 2 2 2 2 2 2 2 2 2 2 2 2 2 2 2 2 2 2 2 2 2 2 2 2 2 2 2 2 2 2 2 2 2 2 2 2 2 2 2 2
left_child=2 3 5 7 9 23 16 26 17 12 82 25 31 103 35 21 75 121 87 36 108 29 88 74 111 -10 59 70 58 30 -5 55 -27 123 64 76 37 44 40 120 -39 42 48 56 -19 49 47 -47 89 71 52 57 53 86 -54 81 -44 73 -24 -2 93 106 -22 67 115 117 90 116 102 79 80 -46 -49 -52 -1 -3 -9 107 -31 -14 119 -4 113 84 112 -58 -51 -13 -16 -42 -48 92 -23 -41 105 118 97 -18 99 -99 -97 -60 -69 -12 -68 -38 -56 -74 -6 -110 -34 122 125 -8 -70 -35 -43 -26 -96 -11 -40 -7 -21 -17 -90 -15
right_child=1 6 4 15 20 8 10 14 11 27 13 18 69 83 22 33 96 19 -20 24 62 91 28 -25 65 32 -28 -29 -30 78 -32 -33 110 34 -36 -37 94 38 39 60 41 63 43 -45 45 46 66 72 -50 50 51 -53 54 -55 61 -57 85 -59 101 -61 -62 -63 -64 -65 -66 -67 104 68 114 -71 -72 -73 77 -75 -76 -77 -78 -79 -80 -81 -82 -83 -84 -85 -86 -87 -88 -89 124 -91 -92 -93 -94 -95 95 100 -98 98 -100 -101 -102 -103 -104 -105 -106 -107 -108 -109 109 -111 -112 -113 -114 -115 -116 -117 -118 -119 -120 -121 -122 -123 -124 -125 -126 -127
leaf_value=0 0 0.055449010919928557 0.028228635614365338 0.044741329580098389 0 0 0 -0.0014399761293828488 0 0.027893149369210002 -0.0031013283610343938 0.028228635614365338 0.028228635614365338 0.023226131118312482 0 0.00025439741268754008 0.091991045098900798 0 0.044737823455035686 0 0 0.044741329580098389 0.028276784598082305 0 0.029627709880471233 0 0.057600485683977604 0.074975997715741399 -0.010189285845011473 0.044741329580098389 0.047488229101151226 0.061153126781433823 0.028228635614365338 0.028228635614365338 0.044741329580098389 -0.0030496309943497182 0 0 -0.0014857176639139654 0.028279318755120044 0 0 0 0 0 0 0 0.028226101457327603 0 0 0 -0.0014857176639139656 0 0 -0.0015639133304357529 0.028228635614365338 -0.0014399761293828488 0.031438773503154514 0.044737823455035686 -0.0021899421498179439 0.028228635614365338 0 0.029925543313473465 0.028228635614365338 0.04558955326333642 0.028228635614365338 0.028228635614365338 -0.0014399761293828488 -0.0014857176639139656 0.047587061225622895 0.05771947625130415 0 -0.0014375686801970007 0.028228635614365338 0 0.068959857794195417 0.028228635614365338 0.028276784598082305 0.057140160389989619 0.044741329580098389 0.057861538379937405 0.028228635614365338 0.046552532937675722 0.067593315892666581 0.057210657727271325 -0.0014399761293828488 0 0.028228635614365338 0.031278266608715057 -0.0014399761293828488 0.029961503570526838 0.057203491138666879 0.056511662475764758 0.028228635614365338 0 0 0.096756555657982829 0.036471909504532822 0.0867230197006464 -0.011418676928281786 -0.0014857176639139656 0.044724309813380242 0.028228635614365338 0 0.028228635614365338 0 0.028228635614365338 -0.0014375686801970007 0 0.028228635614365338 0.029584496485814449 0.029714353278279305 -0.0031340959578752521 -0.0026092042326927188 0.028228635614365338 0.027214972799271344 -0.0016462245583534242 0.062638844445347786 0 0.044444143557921055 0.028228635614365338 0 0.028228635614365338 -0.004721381497979165 0.027375123970955612 0.055863096304982901
leaf_weight=83979 3096 20470 4355 15262 14010 22537 1347 910 9478 577 144 7491 4528 454 833 493 15754 94364 10849 36109 5290 13405 13923 158876 5099 7586 408 2860 159 12726 11589 1196 6806 5334 9598 175 16197 11776 3566 6413 7967 5742 838 14805 50278 7300 5842 15980 7881 23964 16722 8632 11482 17079 6606 12448 4680 1651 11648 311 8319 1635 5371 4577 4494 1858 9334 5001 948 5994 6011 95882 8051 8658 10179 55147 8299 4543 19099 9841 7380 8114 471 9931 3316 2406 4089 8743 4899 731 1396 18453 18488 10612 7021 666 113145 267 1105 438 2696 6711 9185 468 5942 11199 666 1112 6401 1686 5138 4116 171 107 321 1685 246 1199 2993 10168 11995 2109 12593 74 1623 653
leaf_count=83979 3096 20470 4355 15262 14010 22537 1347 910 9478 577 144 7491 4528 454 833 493 15754 94364 10849 36109 5290 13405 13923 158876 5099 7586 408 2860 159 12726 11589 1196 6806 5334 9598 175 16197 11776 3566 6413 7967 5742 838 14805 50278 7300 5842 15980 7881 23964 16722 8632 11482 17079 6606 12448 4680 1651 11648 311 8319 1635 5371 4577 4494 1858 9334 5001 948 5994 6011 95882 8051 8658 10179 55147 8299 4543 19099 9841 7380 8114 471 9931 3316 2406 4089 8743 4899 731 1396 18453 18488 10612 7021 666 113145 267 1105 438 2696 6711 9185 468 5942 11199 666 1112 6401 1686 5138 4116 171 107 321 1685 246 1199 2993 10168 11995 2109 12593 74 1623 653
internal_value=0.0164574 0.0381283 0.0081425 0.0297079 0.0181299 0.00703122 0.0450525 0.0196791 0.00829962 0.0236089 0.0316371 0.0141492 0.0195745 0.0355184 0.0214527 0.0337742 0.0461619 0.00779139 0.0196744 0.00806062 0.00584115 0.0352245 0.0241254 0.00351374 0.0115778 0.00899042 -0.0031834 0.0305542 0.0262582 0.0326878 0.0292258 0.0144408 0.0123678 0.0264804 0.0273077 0.0101176 0.00767764 0.00795042 0.00597323 0.0115498 0.00301469 0.00153142 -0.00159751 -0.00610429 0.00853197 0.00920482 0.00608898 0.00278334 0.00458077 0.00995433 0.00815686 0.00193884 0.0115412 0.0135235 0.00715309 0.0134002 -0.0167521 0.0047203 0.0265687 -0.00776173 0.0162975 0.00108846 0.0130798 0.00625843 0.0226868 0.0202664 0.0115192 0.0043788 0.00163344 0.0261574 0.0288632 0.0111986 9.41518e-05 0.0036109 0.00570471 0.0429816 0.0111623 -0.00372061 0.0356085 0.0232892 0.0265375 0.00879735 0.00111423 0.0375657 0.0310605 -0.0195305 0.0102447 0.0146479 0.014717 0.0102545 0.00523549 0.0381806 0.0364591 0.0133153 0.00420373 0.00066873 0.0480016 0.0445565 0.0262389 0.00460218 -0.0157625 0.0300284 0.00325988 -0.0130616 0.0144962 0.00592949 -0.00226826 -0.00721863 0.0023485 0.00631809 0.0166396 0.010236 0.0183828 -0.00591087 -0.0165432 0.0178078 0.0114636 0.024197 0.00618578 0.0231729 0.00381689 0.00100807 0.00967196 -0.00431141 0.0169033 0.0232544
internal_weight=1.46805e+06 407083 1.06096e+06 183695 106230 954734 223388 52995 701700 73472 17062 56091 46476 15137 49180 130700 206326 645609 27083 620963 32758 109022 39796 253034 60974 29008 3815 26996 32441 58676 26851 26113 19530 21678 21111 9384 559989 519217 118009 40905 77104 65328 39308 22729 401208 306844 59500 36986 16579 247344 101184 35663 65521 45132 20389 24917 7924 27031 32282 3407 25344 8907 10661 26020 11513 8156 22514 21443 15455 20363 24136 146160 29686 25380 94158 75617 9209 13706 31825 14369 18125 12469 1925 14525 4594 7086 28053 16234 7355 8698 7238 50346 31893 17025 40772 13376 130709 17564 1810 705 3362 18359 14186 612 15276 27396 7272 9163 22097 8087 11944 52818 1278 1454 1269 7019 5988 6298 10014 10745 15561 24646 48702 567 6522 1107
internal_count=1468047 407083 1060964 183695 106230 954734 223388 52995 701700 73472 17062 56091 46476 15137 49180 130700 206326 645609 27083 620963 32758 109022 39796 253034 60974 29008 3815 26996 32441 58676 26851 26113 19530 21678 21111 9384 559989 519217 118009 40905 77104 65328 39308 22729 401208 306844 59500 36986 16579 247344 101184 35663 65521 45132 20389 24917 7924 27031 32282 3407 25344 8907 10661 26020 11513 8156 22514 21443 15455 20363 24136 146160 29686 25380 94158 75617 9209 13706 31825 14369 18125 12469 1925 14525 4594 7086 28053 16234 7355 8698 7238 50346 31893 17025 40772 13376 130709 17564 1810 705 3362 18359 14186 612 15276 27396 7272 9163 22097 8087 11944 52818 1278 1454 1269 7019 5988 6298 10014 10745 15561 24646 48702 567 6522 1107
is_linear=0
shrinkage=0.05


Tree=5
num_leaves=127
num_cat=0
split_feature=14 14 14 25 25 15 25 15 15 25 28 31 59 28 31 34 28 32 25 31 31 19 31 25 28 31 28 13 35 25 25 32 25 14 25 28 31 25 33 28 35 25 33 31 23 4 25 25 31 28 33 25 34 34 25 25 35 15 28 15 25 27 34 27 28 25 28 27 15 34 13 59 22 50 25 34 59 59 34 35 34 34 28 14 27 25 28 32 46 28 28 15 34 25 31 22 4 32 13 28 51 25 31 25 25 14 28 34 27 32 28 28 15 44 38 15 4 33 31 15 32 27 34 27 28 15
split_gain=105950 8704.46 4943.67 3083.88 2321.39 2024.54 1726.38 1343.11 1148.17 687.048 671.222 837.886 661.465 651.408 475.837 430.933 540.926 554.568 463.019 428.253 412.257 402.755 397.352 556.853 376.619 361.007 277.829 403.368 706.618 533.866 629.736 730.657 504.963 273.717 272.029 239.809 298.278 239.229 221.695 215.816 263.611 1092.3 250.84 206.254 199.453 196.72 187.942 305.773 185.746 183.455 182.266 181.782 179.566 178.428 164.003 277.676 436.631 506.701 407.932 376.735 235.426 197.17 175.151 437.244 343.054 164.928 163.719 158.987 148.867 147.258 139.308 139.115 284.322 179.597 138.089 138.043 137.504 205.417 136.808 134.061 132.341 130.928 129.141 129.136 120.733 116.276 114.56 113.715 113.318 111.733 110.823 109.282 108.836 136.276 108.557 104.498 102.345 101.87 98.8105 94.6346 90.1086 89.8551 88.9281 88.6124 87.8523 87.6358 86.7914 86.6286 85.024 83.9542 114.157 80.7783 80.5465 80.2448 80.0472 77.8399 77.7348 77.6787 77.0004 75.0957 74.9299 74.4864 72.4384 71.502 70.3945 152.867
threshold=5.5000000000000009 3.5000000000000004 9.5000000000000018 201.50000000000003 459.50000000000006 33.500000000000007 249.50000000000003 130.50000000000003 17.500000000000004 7.5000000000000009 694.50000000000011 1116.0000000000002 4981.5000000000009 298.50000000000006 412.00000000000006 788.50000000000011 540.00000000000011 5972.5000000000009 219.50000000000003 731.50000000000011 918.50000000000011 25001.836914062504 1367.5000000000002 76.500000000000014 790.50000000000011 1479.0000000000002 32.500000000000007 1.5000000000000002 1954.0000000000002 21.500000000000004 69.500000000000014 4131.5000000000009 148.50000000000003 13.500000000000002 69.500000000000014 769.00000000000011 1190.0000000000002 201.50000000000003 38813.500000000007 96.500000000000014 1873.5000000000002 91.500000000000014 4581.5000000000009 1068.5000000000002 0.92387348413467418 1.0000000180025095e-35 45.500000000000007 83.500000000000014 412.00000000000006 694.50000000000011 38813.500000000007 21.500000000000004 727.00000000000011 1237.0000000000002 18.500000000000004 91.500000000000014 1873.5000000000002 53.500000000000007 375.50000000000006 44.500000000000007 235.50000000000003 804.00000000000011 1451.5000000000002 686.50000000000011 170.50000000000003 159.50000000000003 790.50000000000011 4569.5000000000009 22.500000000000004 1326.0000000000002 1.5000000000000002 4095.5000000000005 49839.984375000007 0.23126164823770526 21.500000000000004 1691.5000000000002 2354.5000000000005 2158.5000000000005 1725.5000000000002 1931.0000000000002 1974.5000000000002 1725.5000000000002 658.50000000000011 1.5000000000000002 1575.5000000000002 327.50000000000006 77.500000000000014 4131.5000000000009 243.50000000000003 658.50000000000011 189.50000000000003 82.500000000000014 1120.0000000000002 91.500000000000014 1.0000000180025095e-35 15999.995605468752 3.5000000000000004 4666.0000000000009 1.5000000000000002 658.50000000000011 0.23763111978769305 159.50000000000003 1290.5000000000002 424.50000000000006 112.50000000000001 7.5000000000000009 769.00000000000011 705.50000000000011 7146.0000000000009 12942.500000000002 86.500000000000014 516.50000000000011 26.500000000000004 209.00000000000003 13.500000000000002 44.500000000000007 3.5000000000000004 38813.500000000007 1454.5000000000002 10.500000000000002 8208.0000000000018 804.00000000000011 1560.5000000000002 9142.0000000000018 711.50000000000011 82.500000000000014
decision_type=2 2 2 2 2 2 2 2 2 2 2 2 2 2 2 2 2 2 2 2 2 2 2 2 2 2 2 2 2 2 2 2 2 2 2 2 2 2 2 2 2 2 2 2 2 2 2 2 2 2 2 2 2 2 2 2 2 2 2 2 2 2 2 2 2 2 2 2 2 2 2 2 2 2 2 2 2 2 2 2 2 2 2 2 2 2 2 2 2 2 2 2 2 2 2 2 2 2 2 2 2 2 2 2 2 2 2 2 2 2 2 2 2 2 2 2 2 2 2 2 2 2 2 2 2 2
left_child=1 4 6 22 7 12 9 15 33 108 11 44 20 -10 -15 18 26 82 51 124 24 48 117 88 52 38 80 54 29 86 31 -31 46 103 68 36 50 -32 90 -9 42 75 -41 66 111 -20 53 76 -8 102 105 -1 -6 74 -28 62 58 61 96 -60 -61 -58 64 -64 -56 120 107 79 -27 115 -53 -16 73 100 -30 -42 77 -48 -25 -66 -17 -49 98 101 -34 -46 119 -88 -24 -50 -11 -51 -44 -94 -68 -62 -57 114 -18 -47 -73 -59 -21 -4 116 -23 118 -12 -2 -55 -111 -5 -36 -65 -37 -13 -72 -3 -22 -29 -63 -43 -67 -70 -7 -126
right_child=2 3 8 10 5 19 21 39 13 25 43 69 -14 14 71 16 17 -19 45 49 106 35 23 78 -26 34 27 28 32 30 37 -33 84 -35 112 97 -38 -39 -40 40 41 121 92 -45 85 99 47 81 89 91 -52 70 -54 109 55 56 57 83 59 60 95 65 63 113 67 122 94 -69 123 -71 104 72 -74 -75 -76 -77 -78 -79 -80 -81 -82 -83 -84 -85 -86 -87 87 -89 -90 -91 -92 -93 93 -95 -96 -97 -98 -99 -100 -101 -102 -103 -104 -105 -106 -107 -108 -109 -110 110 -112 -113 -114 -115 -116 -117 -118 -119 -120 -121 -122 -123 -124 -125 125 -127
leaf_value=0 -0.0015132301896810532 7.1998806469142441e-05 0.053281229169994594 -0.001411431780718267 0.026817203833647076 0 -0.0048121084674969316 0 0 8.2311227917671219e-05 0.026817203833647076 0.040561568074561655 0.065274697379045191 0 0.064189699079565718 0 0.026817203833647076 0.026817203833647076 0 0 0.041938454151432963 0.042504263101093474 0 0.026817203833647076 0.042504263101093474 0.029807091039419177 0 0 0 0 0 -0.0013679773229137064 0.055152766521275043 0.092157003403037785 0.042454430948674682 0.040604090938158338 0.053856894713416696 0.026817203833647076 -0.0029575571360811598 0 0 0.053519183644391601 0 0.054249345849044617 0.026817203833647076 -0.0013656902461871507 -0.001491914523966611 0.026817203833647076 0.04191700567263365 0.029925543313473465 -0.0049204778635203849 0 0.026817203833647076 0 0 0 0.045586828905828297 -0.0014114317807182673 0 0 0 0 0 0 0 0.027389357885457578 -0.0023548068200051789 -0.002975218403302133 -0.0013687561985477807 0.043272073628801859 0 0.082246952298022813 0.069981094243861744 0.094329655759669839 7.1998806469142441e-05 0 0.029486686029303821 -0.001489627447240055 0.043467418081685902 0 0 0.028216278099752964 0.026817203833647076 0.028228635614365338 0.026817203833647076 0.026867886974401775 0 7.578821733593942e-05 -0.0015639133304357533 0.043329897799380124 0.026817203833647076 0.027330757947750389 0 7.4285883195698282e-05 0.043329897799380124 -0.0013656902461871507 0 0.06268468860093504 0.026817203833647076 0.026817203833647076 -0.0033796657946333292 0.0001605068944394589 0.024743546515945347 0.069863612030468869 0 0.051610043321572242 0.054308933547213667 0.042748037634365264 -0.0021429620941728358 0 -0.0015639133304357533 0.026817203833647076 0.029027074485570195 -0.0014857176639139654 0.061335352940149607 0.026817203833647076 -0.0013679773229137064 -0.0015639133304357533 0.055458961075566721 0 0.028228635614365338 -0.0014114317807182673 0.028232967784255741 0.082012229443769902 0.026817203833647076 0
leaf_weight=24953 441 15554 17619 1510 6729 8359 239 157693 1442 991 2493 16571 4216 530 9166 98819 17395 13199 3759 6250 7941 16165 12115 15136 7515 2966 95491 826 494 2330 17998 5155 1444 117258 17543 7019 40639 7939 134 9345 9063 46 38738 11690 7857 20645 3697 8566 4644 5405 79 36564 11654 12255 57857 28909 1183 8457 13399 10400 1458 8114 21443 14519 26398 8721 81 144 923 15308 2915 43 933 155 543 1467 4526 1454 4793 12670 12351 1989 6048 5166 8951 10905 382 859 187 5889 9401 1632 956 780 10763 3384 1175 15946 8742 4625 327 5395 2874 48654 3682 9169 3827 10283 294 3162 2029 5837 1866 115 14832 1175 272 166 3688 2055 5950 6585 2361 70 5448 7685
leaf_count=24953 441 15554 17619 1510 6729 8359 239 157693 1442 991 2493 16571 4216 530 9166 98819 17395 13199 3759 6250 7941 16165 12115 15136 7515 2966 95491 826 494 2330 17998 5155 1444 117258 17543 7019 40639 7939 134 9345 9063 46 38738 11690 7857 20645 3697 8566 4644 5405 79 36564 11654 12255 57857 28909 1183 8457 13399 10400 1458 8114 21443 14519 26398 8721 81 144 923 15308 2915 43 933 155 543 1467 4526 1454 4793 12670 12351 1989 6048 5166 8951 10905 382 859 187 5889 9401 1632 956 780 10763 3384 1175 15946 8742 4625 327 5395 2874 48654 3682 9169 3827 10283 294 3162 2029 5837 1866 115 14832 1175 272 166 3688 2055 5950 6585 2361 70 5448 7685
internal_value=0.0163739 0.00892936 0.0405939 0.0204803 0.00725274 0.0152415 0.0337363 0.00651237 0.0458124 0.0239523 0.0257221 0.0224658 0.0223303 0.0312077 0.035296 0.00762936 0.0081496 0.0133889 0.00455366 0.006662 0.0204066 0.0366922 0.0101529 0.0133317 0.0165493 0.0249895 0.0077014 0.00829054 0.00525186 8.77635e-05 -0.00200601 -0.014782 0.00919964 0.0468147 0.0284531 0.0376469 0.0358285 0.0016808 0.0172994 0.0031648 0.00554262 0.000197831 0.00738361 0.0311779 0.0157702 -0.000737019 0.00657224 0.00324213 0.0274872 0.0128113 0.031578 0.00679955 0.0126935 0.0102172 0.00908194 0.00978633 0.00785124 0.00416554 0.0106972 0.00642591 0.0118025 0.00865753 0.0112988 0.0083237 0.0124045 0.00771869 0.0284882 0.0160153 0.016505 0.0277543 0.00875358 0.0376027 0.023246 -0.00617978 0.0303683 0.0102084 -0.00317709 -0.00876415 0.0184953 0.0162087 0.00547895 0.00912781 0.00984912 -0.00205304 0.0189844 0.0185051 0.0170653 0.0297679 0.00496623 0.0284764 0.0181239 0.0188778 0.0090884 0.0213381 0.0330083 0.00269408 0.0147634 0.0408244 0.00832514 -0.00232468 -0.0251148 -0.00456934 0.00813176 0.0442449 0.00221936 0.0318146 0.0268693 0.0246511 -0.0238675 0.00901892 0.00368804 0.0087851 0.0308899 0.00166016 0.0386042 0.024653 0.00829751 0.00363515 0.0247177 0.0115911 0.00412362 -0.015698 0.0122806 -0.000246702 0.00203773 0.00432076
internal_weight=1.46903e+06 1.12365e+06 345377 142424 981228 83223 149250 898005 196127 34629 94473 59163 45570 12596 11154 673332 575917 45384 97415 37653 41354 114621 47951 32231 25898 33894 530533 419363 86654 37544 33422 7485 49110 183531 23368 103849 66052 25937 10526 224673 66980 17161 49819 35310 26109 29029 38715 20232 10772 16161 25413 68386 18383 18483 332709 237218 104072 45347 58725 28641 15242 26329 133146 36077 97069 25146 23620 39212 3959 33054 43433 10624 1458 525 1037 10530 9677 5151 19929 39068 111170 10555 32185 19018 10395 18762 4122 1241 12302 10533 10392 7037 40474 1736 10844 4842 30084 37797 26137 25270 370 13852 9124 66273 6869 25334 15456 12776 735 17446 5191 7347 19409 14634 21851 17746 3187 15720 11629 2881 14064 6631 11082 993 21492 13133
internal_count=1469029 1123652 345377 142424 981228 83223 149250 898005 196127 34629 94473 59163 45570 12596 11154 673332 575917 45384 97415 37653 41354 114621 47951 32231 25898 33894 530533 419363 86654 37544 33422 7485 49110 183531 23368 103849 66052 25937 10526 224673 66980 17161 49819 35310 26109 29029 38715 20232 10772 16161 25413 68386 18383 18483 332709 237218 104072 45347 58725 28641 15242 26329 133146 36077 97069 25146 23620 39212 3959 33054 43433 10624 1458 525 1037 10530 9677 5151 19929 39068 111170 10555 32185 19018 10395 18762 4122 1241 12302 10533 10392 7037 40474 1736 10844 4842 30084 37797 26137 25270 370 13852 9124 66273 6869 25334 15456 12776 735 17446 5191 7347 19409 14634 21851 17746 3187 15720 11629 2881 14064 6631 11082 993 21492 13133
is_linear=0
shrinkage=0.05


Tree=6
num_leaves=127
num_cat=0
split_feature=14 14 14 28 15 28 15 28 31 28 30 28 31 31 31 31 28 28 29 14 28 27 27 59 28 28 31 15 13 28 34 34 30 34 29 34 23 29 35 33 27 27 35 31 13 35 28 27 28 28 30 59 22 28 15 29 40 33 31 32 34 31 33 30 29 27 29 34 27 34 28 27 30 30 32 28 15 40 34 27 31 27 34 29 28 28 29 30 29 21 15 29 29 31 24 44 31 23 31 27 29 29 33 20 24 28 28 30 34 59 59 59 28 15 32 27 19 30 34 33 28 34 27 30 28 51
split_gain=106489 8342.03 4900.16 2917.55 2491.68 2530.07 1476.6 1162.63 844.987 773.786 768.216 585.846 652.756 573.572 570.741 534.268 1195.17 510.027 507.804 476.486 403.087 361.73 347.217 342.527 330.882 300.94 316.459 298.94 289.72 341.942 269.611 263.08 261.665 249.772 249.397 229.36 210.749 210.698 463.732 360.339 353.496 211.005 307.34 208.001 206.906 622.116 296.671 258.842 256.952 310.279 199.779 382.095 213.843 184.65 178.666 167.665 165.681 161.215 159.086 153.552 145.077 138.155 137.737 137.201 137.163 135.654 134.861 134.225 131.829 131.189 121.02 265.534 158.697 119.093 117.897 116.98 116.336 116.231 114.682 112.488 112.46 112.272 111.51 106.975 103.89 102.359 132.119 99.8825 290.309 203.878 100.464 98.9882 98.9016 98.6738 98.1168 103.362 91.5898 89.7069 87.8958 87.7673 85.9085 85.1423 84.9782 82.647 81.3651 78.974 99.2449 78.3831 78.117 77.9532 77.6638 77.0656 107.941 170.666 279.988 76.8225 76.305 76.0219 76.0012 75.894 75.7277 78.1265 259.502 122.642 85.3406 75.3179
threshold=5.5000000000000009 3.5000000000000004 8.5000000000000018 516.50000000000011 74.500000000000014 694.50000000000011 17.500000000000004 516.50000000000011 1367.5000000000002 298.50000000000006 0.20402827113866809 694.50000000000011 1028.0000000000002 412.00000000000006 918.50000000000011 967.00000000000011 516.50000000000011 208.00000000000003 104.50000000000001 12.500000000000002 353.50000000000006 4569.5000000000009 3204.0000000000005 4981.5000000000009 806.50000000000011 694.50000000000011 1028.0000000000002 20.500000000000004 1.5000000000000002 127.50000000000001 1974.5000000000002 1188.0000000000002 0.68189269304275524 788.50000000000011 897.50000000000011 705.50000000000011 0.93553286790847789 427.50000000000006 1873.5000000000002 4581.5000000000009 1423.5000000000002 1423.5000000000002 1873.5000000000002 1068.5000000000002 1.5000000000000002 1954.0000000000002 353.50000000000006 181.50000000000003 353.50000000000006 96.500000000000014 0.26664297282695776 4752.5000000000009 58999.982421875007 790.50000000000011 142.50000000000003 866.50000000000011 8.5000000000000018 20491.000000000004 943.50000000000011 4131.5000000000009 1120.0000000000002 1.0000000180025095e-35 38813.500000000007 0.10344827547669412 615.00000000000011 1716.5000000000002 886.50000000000011 1399.5000000000002 1716.5000000000002 1613.5000000000002 148.50000000000003 579.50000000000011 0.47697626054286962 0.25588317215442663 6418.0000000000009 677.50000000000011 12.500000000000002 7.5000000000000009 1237.0000000000002 139.50000000000003 1.0000000180025095e-35 686.50000000000011 1306.0000000000002 638.50000000000011 857.00000000000011 375.50000000000006 455.50000000000006 0.26664297282695776 922.50000000000011 50149.964843750007 5.5000000000000009 615.00000000000011 615.00000000000011 412.00000000000006 281107.95312500006 8.5000000000000018 1.0000000180025095e-35 0.93553286790847789 1.0000000180025095e-35 3950.0000000000005 660.50000000000011 881.50000000000011 38813.500000000007 221187.95312500003 69002.062500000015 65.500000000000014 353.50000000000006 0.68189269304275524 705.50000000000011 2640.5000000000005 4981.5000000000009 4912.5000000000009 375.50000000000006 44.500000000000007 3119.5000000000005 1423.5000000000002 25001.836914062504 0.47697626054286962 2219.0000000000005 38813.500000000007 54.500000000000007 1451.5000000000002 686.50000000000011 0.47697626054286962 170.50000000000003 0.99999928474426281
decision_type=2 2 2 2 2 2 2 2 2 2 2 2 2 2 2 2 2 2 2 2 2 2 2 2 2 2 2 2 2 2 2 2 2 2 2 2 2 2 2 2 2 2 2 2 2 2 2 2 2 2 2 2 2 2 2 2 2 2 2 2 2 2 2 2 2 2 2 2 2 2 2 2 2 2 2 2 2 2 2 2 2 2 2 2 2 2 2 2 2 2 2 2 2 2 2 2 2 2 2 2 2 2 2 2 2 2 2 2 2 2 2 2 2 2 2 2 2 2 2 2 2 2 2 2 2 2
left_child=1 4 7 8 5 15 19 10 20 73 34 12 93 -11 24 22 23 77 -6 75 36 37 28 30 35 26 62 67 29 -1 44 83 -25 116 55 96 -3 41 39 -39 -40 -20 -43 53 47 48 70 125 49 -46 51 66 -53 108 104 -2 -38 -44 61 65 -41 -27 -9 -19 -22 -30 -15 99 120 85 78 94 115 101 -14 -4 -35 -10 -47 -34 -26 -51 102 -18 119 86 -65 88 -21 90 -90 -48 -50 -5 95 -72 -7 -28 -55 -12 -33 -8 -29 -32 -42 -61 -107 -16 -13 -74 -37 112 -31 114 -114 -73 -24 -83 -105 -63 -49 124 -123 -124 -122 -17
right_child=2 3 6 11 18 14 9 25 17 13 27 43 74 50 107 16 31 63 21 87 64 -23 33 32 80 58 97 82 59 111 103 100 79 76 -36 110 56 38 40 60 54 42 57 -45 45 46 91 68 92 81 -52 52 -54 98 -56 -57 -58 -59 -60 105 -62 84 -64 69 -66 -67 -68 -69 -70 -71 71 72 109 -75 -76 -77 -78 -79 -80 -81 -82 117 -84 -85 -86 -87 -88 -89 89 -91 -92 -93 -94 -95 -96 -97 -98 -99 -100 -101 -102 -103 -104 118 -106 106 -108 -109 -110 -111 -112 -113 113 -115 -116 -117 -118 -119 -120 -121 121 122 123 -125 -126 -127
leaf_value=0 -0.0014401028372347355 -3.5999403234571224e-06 0.05291351029687226 -0.004231727989973501 0 -0.0029047735221181068 0 0.039557813317595794 0 0 0.026852669705562295 0.025476343641964716 0.025527026782719422 0.037840628577857097 0.040454653826621362 0 0.044822580526558686 -0.0020647664276510478 0 0.082783642673803878 0.041676123260637743 0 -0.0012974057338777933 0.02847685684761312 -0.0036956670116875326 -0.0045715030441220847 0.039093931288017331 0.025473809484926987 0 0 0 0.051902074823251737 0.028141992216557266 0.025476343641964716 0.062929298070793976 0.025476343641964716 -3.5999403234571224e-06 0 0 0 0.028373091819360853 0 -0.0013408601916823542 0.051536878556592391 0 6.8398866145685317e-05 0.043002700422791765 0 0.028279318755120044 -0.001299578456768021 0.059030962933188304 -0.0032106825049016624 0.070682033025000243 -0.0022370664790049197 -0.0013408601916823542 -0.0020358139894641938 0.028512687285049632 -0.0013408601916823542 0.05210810110679083 0 7.057158903591336e-05 0.040379049946038803 -0.0041198720663800838 0.028228635614365338 0.025929133350356293 0 0.073706219781874485 0.041344696534252171 0.02533560173112899 0.039621454278585877 0 0 0.025354723387503997 0.042947842205785215 0.040340659419653382 0.061078555355949332 0.025476343641964716 0.031607728128880262 0 0.065803047949647531 0.040379049946038803 -0.001299578456768021 0.039895413751410702 0.025476343641964716 0.059617920953927567 0.025527026782719422 0.025476343641964716 0.087310877704931802 0.028276053072078523 0.074181559154702731 -0.015455593252019584 0.025476343641964716 0.025476343641964716 0.025476343641964716 0.03465735912322998 -0.001411431780718267 0.025476343641964716 0.041461127150176837 0.041300747885463764 0.052258829635132113 0.025476343641964716 -0.002478744021058083 -0.0027518057448659098 0 0 -0.001299578456768021 0.025476343641964716 0.062784735025536262 0.040697279150455075 0.048789120781253095 0.053868405586763105 0.018900062806605177 0 0 -0.0014857176639139654 0.025476343641964716 0.02353795453736 0.030012186711281544 0 -0.0077737559658415615 0 0 0 0.044348261534161867 0 0
leaf_weight=44093 1711 3880 30035 687 175996 83 1289 10607 10221 611 7944 2468 11584 1510 12286 46098 864 72 120807 15945 2173 33382 14424 2320 49 50 4875 2423 10853 34677 11168 1058 199 7973 310 13405 4234 7598 10494 54632 2731 6823 980 11683 3815 1169 1649 26439 1426 2902 10122 349 134 80 3137 256 2186 1978 26470 515 2415 16457 61 3205 10453 7181 2394 14441 38507 8692 904 7606 408 537 14376 45616 21450 2332 17162 1663 8321 7462 3666 20337 5514 8919 6400 113261 344 1147 365 6451 5922 17445 129 1267 6956 23397 10727 3409 13651 109 70 10139 8297 2661 1145 1252 10291 732 814 1770 3126 4106 4580 6822 13842 394 2637 32 36144 15641 11480 692 28419 2096
leaf_count=44093 1711 3880 30035 687 175996 83 1289 10607 10221 611 7944 2468 11584 1510 12286 46098 864 72 120807 15945 2173 33382 14424 2320 49 50 4875 2423 10853 34677 11168 1058 199 7973 310 13405 4234 7598 10494 54632 2731 6823 980 11683 3815 1169 1649 26439 1426 2902 10122 349 134 80 3137 256 2186 1978 26470 515 2415 16457 61 3205 10453 7181 2394 14441 38507 8692 904 7606 408 537 14376 45616 21450 2332 17162 1663 8321 7462 3666 20337 5514 8919 6400 113261 344 1147 365 6451 5922 17445 129 1267 6956 23397 10727 3409 13651 109 70 10139 8297 2661 1145 1252 10291 732 814 1770 3126 4106 4580 6822 13842 394 2637 32 36144 15641 11480 692 28419 2096
internal_value=0.0163565 0.00888687 0.0406321 0.0202085 0.00724614 0.00947011 0.0450236 0.0325569 0.0121536 0.030882 0.0247442 0.0265807 0.0227387 0.0346919 0.0210917 0.00848291 0.00964462 0.0165544 0.00438977 0.0461903 0.00450556 0.00582332 0.00622024 0.00861228 0.0172048 0.0356144 0.0323393 0.0267437 0.00781159 0.00904793 0.00841127 0.0182649 0.0228223 0.00305595 -0.00331342 0.0138886 -0.00283444 0.00655956 0.00843125 0.0106566 0.00259722 0.00527954 -0.00178354 0.0313865 0.00796304 0.00553223 0.00894138 0.00874625 -0.00135691 -0.00520102 0.0366904 0.0277735 -0.0141689 0.0286808 -0.00255522 -0.00988511 0.00272504 -0.0152446 0.0382425 0.00270386 0.0120189 0.0351037 0.0249993 0.0203915 0.0104937 0.00473242 0.0329641 0.0291072 0.00972842 0.020574 0.00700556 0.00407682 0.00641986 0.00110847 0.0278233 0.0430297 0.00628061 0.00821271 0.00986002 0.0367837 0.0256263 -0.00954583 0.0168442 0.0146995 0.0352925 0.0181949 0.0146115 0.0480146 0.0445279 0.0258041 0.00471725 0.0175918 0.00626625 0.0154585 -0.0117799 -0.0142992 0.0065058 0.0351086 0.0334914 0.0250368 0.0234035 -0.00657678 0.00868196 0.0134979 0.000439332 -0.00576126 -0.0082486 0.0295976 0.0246056 0.0243794 0.017543 0.0119562 0.011566 0.00743687 0.00304888 0.00500031 -0.000300537 -0.00644022 0.0107502 0.0333035 0.0105525 0.011228 0.00901176 0.00353637 0.0121826 0.00553999
internal_weight=1.46817e+06 1.12271e+06 345461 142108 980604 551334 223768 121693 62767 17055 34230 79341 44092 15120 43166 508168 335772 39841 429270 206713 22926 253274 172396 299862 29628 87463 38940 31953 114707 92352 295680 35910 4182 57689 2277 21258 10300 219892 89304 64645 24659 130588 9781 35249 271736 66220 44299 205516 21921 14573 14509 4387 483 23566 14165 1967 6420 2958 48523 22355 57047 22053 10668 27288 12626 18034 3904 25794 157322 27216 36199 17868 15568 1935 25960 75651 29423 12553 18331 1862 8370 10758 6159 21201 22003 18524 9605 131062 17801 1856 709 8100 7348 18132 2300 2171 7039 28272 10807 11353 14709 1398 2493 23944 11028 4321 3806 13538 12759 1140 14219 48259 46489 11812 7706 14428 28266 7856 12776 16489 118815 92376 27813 12172 64563 48194
internal_count=1468173 1122712 345461 142108 980604 551334 223768 121693 62767 17055 34230 79341 44092 15120 43166 508168 335772 39841 429270 206713 22926 253274 172396 299862 29628 87463 38940 31953 114707 92352 295680 35910 4182 57689 2277 21258 10300 219892 89304 64645 24659 130588 9781 35249 271736 66220 44299 205516 21921 14573 14509 4387 483 23566 14165 1967 6420 2958 48523 22355 57047 22053 10668 27288 12626 18034 3904 25794 157322 27216 36199 17868 15568 1935 25960 75651 29423 12553 18331 1862 8370 10758 6159 21201 22003 18524 9605 131062 17801 1856 709 8100 7348 18132 2300 2171 7039 28272 10807 11353 14709 1398 2493 23944 11028 4321 3806 13538 12759 1140 14219 48259 46489 11812 7706 14428 28266 7856 12776 16489 118815 92376 27813 12172 64563 48194
is_linear=0
shrinkage=0.05


Tree=7
num_leaves=127
num_cat=0
split_feature=14 14 28 3 28 23 2 30 31 34 28 14 28 28 28 28 31 34 28 46 31 31 33 34 38 28 38 30 33 40 30 31 30 46 31 50 22 31 28 40 27 30 21 30 27 28 33 13 27 45 34 28 28 31 33 38 28 28 31 23 34 14 30 31 51 27 33 28 13 28 22 27 27 28 35 27 4 33 28 33 4 30 14 33 59 23 47 34 33 59 49 33 27 34 12 4 27 30 16 28 4 27 22 27 59 30 50 46 33 14 35 30 28 30 14 28 35 27 28 14 28 4 1 30 59 31
split_gain=107246 8968.04 4850.71 2203.57 2110.26 1693.63 1540.29 935.851 878.743 857.212 1568.25 832.218 720.407 689.355 688.855 479.464 499.728 375.314 361.435 326.449 304.101 303.139 298.454 272.72 257.332 240.81 239.311 231.314 221.831 216.929 215.643 215.232 209.762 306.208 205.135 188.708 186.235 174.075 170.008 164.785 163.635 162.749 258.912 162.195 159.211 158.927 325.317 201.709 277.106 155.171 153.157 147.219 148.947 146.69 140.386 139.638 134.487 132.954 129.498 129.082 128.524 126.918 125.641 120.905 118.829 115.599 119.348 402.083 255.646 209.348 170.886 221.065 153.701 214.96 286.701 591.907 151.481 217.597 176.496 147.514 134.288 128.342 117.761 106.833 104.261 102.104 99.7791 99.3592 97.8345 90.559 85.2308 84.7744 163.339 83.439 80.7423 79.6933 79.2053 78.8641 78.4299 77.8446 86.0062 77.7462 90.6447 77.412 76.6092 118.279 96.2809 76.4398 75.9417 75.3619 74.9491 74.0467 74.0406 104.166 102.824 79.4135 73.5658 74.4122 87.9602 70.6215 69.9236 69.3981 68.8473 104.12 232.305 68.846
threshold=4.5000000000000009 7.5000000000000009 658.50000000000011 1.0000000180025095e-35 516.50000000000011 0.8631320893764497 1.0000000180025095e-35 0.26047860085964208 943.50000000000011 1188.0000000000002 375.50000000000006 10.500000000000002 24.500000000000004 375.50000000000006 769.00000000000011 694.50000000000011 1190.0000000000002 858.50000000000011 338.00000000000006 407.00000000000006 412.00000000000006 1388.0000000000002 38813.500000000007 727.00000000000011 6.5000000000000009 658.50000000000011 13.500000000000002 0.55949327349662792 38813.500000000007 19.500000000000004 0.36300858855247503 1068.5000000000002 0.24130119383335116 376.50000000000006 412.00000000000006 0.10876959189772607 445914.67187500006 1.0000000180025095e-35 839.50000000000011 8.5000000000000018 3682.5000000000005 0.68189269304275524 35699.990234375007 0.23494966328144076 1423.5000000000002 555.50000000000011 11807.500000000002 1.5000000000000002 1716.5000000000002 194.50000000000003 1974.5000000000002 429.50000000000006 86.500000000000014 1.0000000180025095e-35 38813.500000000007 13.500000000000002 108.50000000000001 769.00000000000011 412.00000000000006 0.80950129032135021 705.50000000000011 2.5000000000000004 0.47697626054286962 412.00000000000006 0.25333642959594732 159.50000000000003 22029.000000000004 516.50000000000011 1.5000000000000002 540.00000000000011 15999.995605468752 1423.5000000000002 3428.0000000000005 96.500000000000014 1873.5000000000002 1423.5000000000002 1.0000000180025095e-35 13416.500000000002 516.50000000000011 12515.000000000002 1.0000000180025095e-35 0.23494966328144076 3.5000000000000004 11514.500000000002 4981.5000000000009 0.8631320893764497 0.20172388106584552 1188.0000000000002 38813.500000000007 727.50000000000011 0.99999928474426281 13416.500000000002 1423.5000000000002 1776.5000000000002 1.5000000000000002 2.5000000000000004 1156.5000000000002 0.36300858855247503 0.2768197506666184 316.50000000000006 3.5000000000000004 2036.5000000000002 24666.662109375004 207.50000000000003 4042.5000000000005 0.26664297282695776 0.23371841758489612 260.00000000000006 13416.500000000002 3.5000000000000004 1904.5000000000002 0.24130119383335116 148.50000000000003 0.16023079305887225 2.5000000000000004 338.00000000000006 1954.0000000000002 686.50000000000011 108.50000000000001 2.5000000000000004 189.50000000000003 1.5000000000000002 1.0000000180025095e-35 0.26664297282695776 4752.5000000000009 967.00000000000011
decision_type=2 2 2 2 2 2 2 2 2 2 2 2 2 2 2 2 2 2 2 2 2 2 2 2 2 2 2 2 2 2 2 2 2 2 2 2 2 2 2 2 2 2 2 2 2 2 2 2 2 2 2 2 2 2 2 2 2 2 2 2 2 2 2 2 2 2 2 2 2 2 2 2 2 2 2 2 2 2 2 2 2 2 2 2 2 2 2 2 2 2 2 2 2 2 2 2 2 2 2 2 2 2 2 2 2 2 2 2 2 2 2 2 2 2 2 2 2 2 2 2 2 2 2 2 2 2
left_child=2 4 5 17 7 12 13 18 14 24 29 25 101 -3 23 16 54 -4 35 34 22 28 -13 119 41 43 32 40 39 50 61 53 33 -22 -14 49 65 -16 60 96 95 45 -43 -8 -23 47 -47 48 56 -2 90 52 -49 -17 59 -55 -7 87 -15 -6 -39 -26 -31 88 84 -36 68 70 72 -70 71 -68 73 82 109 -76 79 -78 -79 -74 81 -77 -67 -53 -32 -37 -38 -10 -45 -21 103 99 116 107 -25 -12 -9 -41 -35 100 -54 102 -1 -11 -60 106 -106 -46 -71 120 -73 -112 121 -114 -115 -116 117 118 -93 -5 -75 -72 123 124 -34 -103
right_child=1 6 3 8 15 9 11 21 57 10 27 20 19 58 37 31 -18 -19 -20 89 26 44 -24 94 30 -27 -28 -29 -30 62 64 -33 122 98 36 85 86 38 -40 97 -42 42 -44 63 93 46 -48 51 -50 -51 -52 83 91 55 -56 -57 -58 -59 104 -61 -62 -63 -64 -65 -66 66 67 -69 69 108 112 110 76 74 75 80 77 78 -80 -81 -82 -83 -84 -85 -86 -87 -88 -89 -90 -91 -92 92 -94 -95 -96 -97 -98 -99 -100 -101 -102 125 -104 -105 105 -107 -108 -109 -110 -111 111 -113 113 114 115 -117 -118 -119 -120 -121 -122 -123 -124 -125 -126 -127
leaf_value=0 0 0 0 0.02420252645986648 0.023188863644772489 0 0.033210142783357578 -0.0013713972662209905 0.035823855031776153 0 0.02420252645986648 0.06524648845943036 0 -0.0031094897514581683 -0.0041709666267304678 -0.0023156022617279929 0.038281215264508811 0.02596422005036287 0.028727285114594981 -0.0011589816592754798 0.053103178839979392 0.028150439947843553 0 0.02420252645986648 0.024199992302828748 0.055549761898837702 0.087295900683698885 0.053448586208120645 -0.0028969694476160598 0.025849249368840883 0.025611671163858197 0.048960034628762777 0.050913170667598089 -0.0030501483796565795 0 -3.4199433072842661e-06 0 0.02420252645986648 0.040098028680608105 0.028597334987255987 0.03832380175492385 0.055769338682547298 0 0.046990577793458922 0.036450476240895084 0.02420252645986648 0.02420252645986648 0 0 -0.0020040879147543949 0.025084953753216191 0 0 0.037490508663023725 -0.0047407894586115329 0.049502696051451286 0 0.050227436102471226 0.050161150747838334 0.034328041709907782 0.038360097448736863 0.02420252645986648 0.062880962859922132 0.048303980977520054 0.041732474258874434 0 0 0.025476343641964716 0 0.02420252645986648 0 0 0 0 0 6.7043009584117708e-05 -0.0012738171820982358 -0.0012667800865564496 0.024250802151435335 0 0 -0.0012738171820982365 -3.4199433072842661e-06 0.02420252645986648 -0.0071577648220413599 0.023206690739400685 0 0.041452197417491815 -0.0030587056269541012 0 0 -0.00123459953392962 0.023239546785527188 0.0409363874159464 0.02420252645986648 0.02420252645986648 0.024611109010594392 0.057038405358053747 0.028626661205550359 0 -0.0013679773229137064 0 0 0 -0.0050804306081338787 0.0521370526049326 0.04097603133074007 0.052260966127373659 0.02420252645986648 -3.4199433072842661e-06 6.7043009584117708e-05 -0.0012738171820982365 -0.0016462245583534242 0 0.025159239636411892 0.025066305259936767 6.4978922838401047e-05 -0.00123459953392962 -0.00123459953392962 0.02420252645986648 0 0 0.063261172222939949 0.057136430080716408 -0.0030501483796565795 -0.0012667800865564496
leaf_weight=143554 1132 1873 15921 4869 3237 20730 1515 754 11132 21260 4240 795 21443 142 82 69 28106 5012 3891 844 2663 6987 352 12564 10532 46002 102391 2836 140 2229 1493 20908 827 321 38872 1985 8689 5032 6201 5029 11932 833 12483 109 13960 9246 8869 4189 18630 491 13032 4690 4558 13597 66 16570 18164 7769 4183 17356 10481 10384 1153 31390 3482 76200 38719 6197 15264 2744 30392 512 8108 29824 13289 326 16754 3255 7752 5905 6794 3849 314 7965 88 3079 5567 5849 78 8526 1832 569 6603 4515 4295 9022 5445 1337 259 3815 1615 436 39924 58245 170 512 90 1931 2235 987 1000 6761 304 24678 6075 3987 487 3144 1062 3988 83573 24292 57863 4773 191 487
leaf_count=143554 1132 1873 15921 4869 3237 20730 1515 754 11132 21260 4240 795 21443 142 82 69 28106 5012 3891 844 2663 6987 352 12564 10532 46002 102391 2836 140 2229 1493 20908 827 321 38872 1985 8689 5032 6201 5029 11932 833 12483 109 13960 9246 8869 4189 18630 491 13032 4690 4558 13597 66 16570 18164 7769 4183 17356 10481 10384 1153 31390 3482 76200 38719 6197 15264 2744 30392 512 8108 29824 13289 326 16754 3255 7752 5905 6794 3849 314 7965 88 3079 5567 5849 78 8526 1832 569 6603 4515 4295 9022 5445 1337 259 3815 1615 436 39924 58245 170 512 90 1931 2235 987 1000 6761 304 24678 6075 3987 487 3144 1062 3988 83573 24292 57863 4773 191 487
internal_value=0.0159886 0.0378061 0.00761805 0.0185127 0.0281203 0.00656898 0.0434923 0.019809 0.0226508 0.0098521 0.0129129 0.0441399 0.00523646 0.0203075 0.0186709 0.0323358 0.0287879 0.00422752 0.00657916 0.00621479 0.0461073 0.023299 0.0204385 0.0131278 0.00734614 0.0399005 0.0462811 0.023339 0.0169141 0.00992311 0.0118824 0.0357186 0.043954 0.0315424 0.00638992 -0.000470309 0.00660667 0.0252107 0.0254855 0.0176119 0.0218144 0.00642289 0.0116547 0.0366461 0.0262601 0.00581352 0.0101101 0.00500457 0.00688225 -0.0153071 0.0094771 0.00221321 6.31669e-05 0.03302 0.0228831 0.0331867 0.00928406 0.0302906 0.0298395 0.0231167 0.022687 0.00964066 0.0223663 0.037413 0.0211422 0.00678149 0.00702289 0.00819667 0.00641763 0.0010075 0.00763198 0.00518906 0.00684387 0.00738276 0.00855689 0.0036192 0.00406819 0.00192878 0.00739023 0.00830616 -0.00497716 -0.0120344 0.00525518 0.00663725 0.00976852 0.00428408 0.000978178 0.02781 -0.00264564 -0.00303038 0.00867064 -0.00159222 -0.0044496 0.0284912 0.01686 0.0179907 0.0118074 0.0232631 -0.00137045 0.00180164 0.00527207 0.00256232 0.00263516 0.00891635 0.0311891 0.0167012 -0.0107459 0.0267851 0.00991043 0.009604 -0.00222951 -0.00345247 0.00891131 0.0071166 0.00737174 0.0116323 -0.0110213 -0.0129097 -0.0215775 0.00602285 0.00972375 0.0100613 0.0445862 0.0393785 0.0248453 -0.011911
internal_weight=1.46812e+06 407084 1.06104e+06 93195 150585 967844 256499 50676 72262 279412 125781 249529 688432 6970 47512 99909 48765 20933 10578 504031 170435 40098 1147 25716 153631 79094 169288 28030 12705 97751 25979 51144 66897 3243 494661 6687 473218 21796 21714 12565 25194 127652 13316 33092 27393 114336 18115 96221 57524 1623 94369 38697 26042 30236 20659 30167 38894 24750 5097 20593 15513 20916 3382 31577 5063 458962 420090 142917 277173 20243 136720 46992 256930 215156 138642 24258 41774 27761 11007 14013 10969 4175 76514 12655 1581 5064 14256 16981 187 9370 81337 21853 11865 20406 16859 13262 6199 6366 580 9988 6173 184401 183478 79505 4955 772 260 15891 4979 114384 8273 7761 89728 35044 34740 10062 5262 4775 1631 8857 113397 54684 63654 5791 1018 923
internal_count=1468123 407084 1061039 93195 150585 967844 256499 50676 72262 279412 125781 249529 688432 6970 47512 99909 48765 20933 10578 504031 170435 40098 1147 25716 153631 79094 169288 28030 12705 97751 25979 51144 66897 3243 494661 6687 473218 21796 21714 12565 25194 127652 13316 33092 27393 114336 18115 96221 57524 1623 94369 38697 26042 30236 20659 30167 38894 24750 5097 20593 15513 20916 3382 31577 5063 458962 420090 142917 277173 20243 136720 46992 256930 215156 138642 24258 41774 27761 11007 14013 10969 4175 76514 12655 1581 5064 14256 16981 187 9370 81337 21853 11865 20406 16859 13262 6199 6366 580 9988 6173 184401 183478 79505 4955 772 260 15891 4979 114384 8273 7761 89728 35044 34740 10062 5262 4775 1631 8857 113397 54684 63654 5791 1018 923
is_linear=0
shrinkage=0.05


Tree=8
num_leaves=127
num_cat=0
split_feature=4 13 28 28 3 25 28 7 4 25 32 34 13 15 28 15 32 32 28 4 32 34 25 13 15 25 25 30 59 22 27 13 32 25 15 28 25 23 28 29 4 32 59 34 32 15 25 25 25 28 25 35 32 25 34 25 22 34 32 36 32 25 29 35 36 35 25 25 32 47 34 32 28 27 51 35 15 15 28 32 29 29 15 34 27 34 29 29 34 22 28 32 35 28 34 4 29 32 4 30 32 32 30 25 30 30 32 25 21 59 22 34 32 32 35 27 38 25 15 35 30 37 28 30 28 40
split_gain=102588 8482.18 5340.5 2419.88 2365.91 1678.31 1557.87 1199 1083.59 1130.94 1002.5 934.389 663.026 662.872 648.754 475.579 421.285 396.305 414.657 390.548 379.69 346.332 320.423 320.414 312.709 653.498 298.618 278.411 562.05 375.67 272.342 453.117 267.101 262.611 255.826 246.566 241.067 231.19 210.96 196.084 190.67 317.858 179.127 177.527 171.798 170.625 169.597 158.398 158.159 153.724 151.828 275.27 777.523 238.409 149.845 412.69 148.283 147.524 145.616 140.76 137.837 136.29 136.143 134.843 134.493 182.268 132.267 227.686 217.628 156.301 134.82 121.948 119.255 116.553 115.249 113.198 676.28 462.643 270.309 245.083 242.517 235.185 165.589 152.997 149.19 111.772 114.711 111.691 111.649 110.77 109.555 107.522 165.519 107.291 103.81 100.375 99.7347 104.79 98.4556 98.1251 97.9014 95.8917 95.0849 93.4992 91.4032 91.1514 88.0934 86.973 86.1671 83.2517 110.536 82.0889 82.0049 80.6262 79.964 79.5618 78.3908 76.8753 76.3221 75.7354 75.0027 74.8331 73.6297 72.8891 72.8261 114.019
threshold=5.5000000000000009 4.5000000000000009 658.50000000000011 516.50000000000011 1.0000000180025095e-35 393.50000000000006 32.500000000000007 1.0000000180025095e-35 3.5000000000000004 148.50000000000003 5635.0000000000009 880.00000000000011 1.5000000000000002 17.500000000000004 769.00000000000011 9.5000000000000018 6555.0000000000009 4460.0000000000009 769.00000000000011 8.5000000000000018 5832.0000000000009 880.00000000000011 91.500000000000014 11.500000000000002 10.500000000000002 459.50000000000006 6.5000000000000009 0.26664297282695776 4752.5000000000009 58999.982421875007 1716.5000000000002 1.5000000000000002 6189.0000000000009 76.500000000000014 74.500000000000014 658.50000000000011 69.500000000000014 0.90910267829895031 224.50000000000003 897.50000000000011 2.5000000000000004 6060.0000000000009 4981.5000000000009 705.50000000000011 5181.0000000000009 142.50000000000003 235.50000000000003 201.50000000000003 159.50000000000003 839.50000000000011 21.500000000000004 1954.0000000000002 4131.5000000000009 69.500000000000014 1237.0000000000002 148.50000000000003 384491.87500000006 880.00000000000011 1.0000000180025095e-35 0.27897742390632635 3478.5000000000005 18.500000000000004 897.50000000000011 2924.0000000000005 0.27897742390632635 2924.0000000000005 45.500000000000007 83.500000000000014 12942.500000000002 1.137960731983185 1237.0000000000002 7958.0000000000009 769.00000000000011 7146.0000000000009 0.99999928474426281 1873.5000000000002 82.500000000000014 74.500000000000014 450.00000000000006 1.0000000180025095e-35 191.50000000000003 785.50000000000011 172.50000000000003 1691.5000000000002 3682.5000000000005 1137.5000000000002 396.50000000000006 480.50000000000006 1725.5000000000002 46537.583984375007 450.00000000000006 8493.5000000000018 2924.0000000000005 86.500000000000014 705.50000000000011 2.5000000000000004 873.50000000000011 1.0000000180025095e-35 10.500000000000002 0.55949327349662792 6555.0000000000009 6555.0000000000009 0.22812904417514804 122.50000000000001 0.47697626054286962 0.2767071425914765 3969.5000000000005 249.50000000000003 25999.990234375004 4912.5000000000009 265299.81250000006 705.50000000000011 1.0000000180025095e-35 7958.0000000000009 2924.0000000000005 16282.500000000002 24.500000000000004 148.50000000000003 89.500000000000014 2449.5000000000005 0.47697626054286962 34.500000000000007 839.50000000000011 0.23494966328144076 769.00000000000011 116.00000000000001
decision_type=2 2 2 2 2 2 2 2 2 2 2 2 2 2 2 2 2 2 2 2 2 2 2 2 2 2 2 2 2 2 2 2 2 2 2 2 2 2 2 2 2 2 2 2 2 2 2 2 2 2 2 2 2 2 2 2 2 2 2 2 2 2 2 2 2 2 2 2 2 2 2 2 2 2 2 2 2 2 2 2 2 2 2 2 2 2 2 2 2 2 2 2 2 2 2 2 2 2 2 2 2 2 2 2 2 2 2 2 2 2 2 2 2 2 2 2 2 2 2 2 2 2 2 2 2 2
left_child=2 3 6 7 21 13 45 26 24 16 37 14 57 19 43 23 -10 18 111 101 48 -4 62 98 25 54 73 28 90 -30 31 34 39 -18 61 91 102 -11 -34 105 56 -42 -27 -6 72 -1 119 -43 -9 94 93 52 -52 -54 -8 74 75 96 -20 63 -39 -26 -15 -24 65 -29 68 69 70 -68 -53 -21 -13 -2 -56 77 78 -32 100 118 83 82 -82 116 85 86 -81 -36 -35 106 -17 92 -19 -33 112 -45 -5 -98 -7 123 -77 103 -22 -3 -57 115 -86 -62 -48 -63 -111 -14 -16 -38 -50 -28 -78 -69 -79 -12 121 -58 -60 -84 125 -37
right_child=1 5 4 12 11 15 8 20 9 10 46 44 17 22 49 27 33 35 58 71 36 -23 59 -25 30 42 32 64 29 -31 40 50 38 88 87 124 113 60 -40 -41 41 47 -44 95 -46 -47 108 -49 114 -51 51 66 53 -55 55 104 120 -59 122 -61 107 109 -64 -65 -66 -67 67 117 -70 -71 -72 -73 -74 -75 -76 76 80 79 -80 84 81 -83 99 -85 89 -87 -88 -89 -90 -91 -92 -93 -94 -95 -96 -97 97 -99 -100 -101 -102 -103 -104 -105 -106 -107 -108 -109 -110 110 -112 -113 -114 -115 -116 -117 -118 -119 -120 -121 -122 -123 -124 -125 -126 -127
leaf_value=0 -0.0013655635383352637 0.020570060002215403 0 0.019158400413836575 0.022992400136873162 0.046050739126763558 0 0.022070571028537191 0 0.022989986352294718 0.022989865979835423 0.022992400136873162 0.020298717913612759 0 -0.0039624182953939442 0.019635481926290044 0 0.035892715633732399 -0.0042271477788295812 0.042307116174405253 -0.001477269932627678 0.024517847263526127 0.035352734449673483 0.095290020951336055 0 0.03225043895033302 -0.0014477037690875708 0.058896377188755004 -0.0028976409606737506 0.068385530960032859 0 0 0 0.024064911861246454 0 0.045879077384847547 0.035278945591104456 0.022992400136873162 0.037872267928083445 0.058095119480742502 0.022308195198350866 0.02420252645986648 0.058968635982350685 0.022992400136873162 0.036736748898672643 0 0.02420252645986648 0.024159973909595053 0.036782057829867376 0.037081998588521445 0 6.4978922838401047e-05 -0.00123459953392962 -0.001308132814961636 0 0.022992400136873162 0 0.03732662805055996 0.0367827780267347 0.034878359919294624 0.023040549120590125 0 0.070921403138693093 -0.0029462619429826741 0.057513419163654322 0 -0.0014173187977682803 0.02420252645986648 -0.0015680288918316365 -0.0014973429489593957 0 0.052922388419399224 0.036692996214192107 -0.0019836605898966115 0.028068128719925881 -0.0012667800865564496 6.3690859104911825e-05 6.8284512309357533e-05 0.022989986352294718 0 -0.0012101263229933245 0.025476343641964716 6.3690859104911825e-05 -0.0013477409216133551 0 7.0757303743902616e-05 0 0 0.025319746530851353 -0.0012337148747728814 0.058793020334041352 0.045888781928644054 -0.0031312607020299145 0 0.035823176092552214 0.022992400136873162 -0.0021252131550546739 0.035850271685264924 0.062657849347634062 0.00035378700744242888 0.024456547193738385 0.036377579972460439 0.025681306203205929 0.033878868869667074 0.044608144091393395 0.023109005026315348 0 0.022992400136873162 0.036545090963157278 0.029932619432856189 -0.00094500314033025895 0.035884962646164295 0.022992400136873162 0.03805078802095728 -0.0048291196945069587 -0.0027740396534290772 0 0.038717369354777459 0 0.037405235752704082 -0.0013692841678876431 0 0.048378209178267864 -0.0012101263229933245 0.053226676167655466 0.018883578764999992
leaf_weight=138100 435 518 16047 1553 7128 21089 47386 2672 12679 9680 8086 10993 2717 1606 49 224 11597 15859 51 12965 775 4576 94 65024 58949 2891 1871 695 740 306 53714 8397 2195 8768 125433 16019 7442 6683 4055 238 22153 6218 1306 5465 15819 114693 4693 5760 7008 5263 4516 362 3063 3062 24393 5192 5209 5530 10102 4738 5335 102251 175 115 34385 300 4291 3344 1391 770 3814 22888 5824 354 889 3517 487 258 8940 3400 8563 1641 52 76 9597 654 25396 26657 3022 2289 5812 6927 65 1392 7931 8136 92 1784 81646 54 8863 8259 2551 4327 1465 2162 5197 8461 11039 1593 1009 14456 4990 12592 43 386 167 522 8708 3834 87 5648 6776 1944 12439 309
leaf_count=138100 435 518 16047 1553 7128 21089 47386 2672 12679 9680 8086 10993 2717 1606 49 224 11597 15859 51 12965 775 4576 94 65024 58949 2891 1871 695 740 306 53714 8397 2195 8768 125433 16019 7442 6683 4055 238 22153 6218 1306 5465 15819 114693 4693 5760 7008 5263 4516 362 3063 3062 24393 5192 5209 5530 10102 4738 5335 102251 175 115 34385 300 4291 3344 1391 770 3814 22888 5824 354 889 3517 487 258 8940 3400 8563 1641 52 76 9597 654 25396 26657 3022 2289 5812 6927 65 1392 7931 8136 92 1784 81646 54 8863 8259 2551 4327 1465 2162 5197 8461 11039 1593 1009 14456 4990 12592 43 386 167 522 8708 3834 87 5648 6776 1944 12439 309
internal_value=0.0157828 0.0371811 0.00761375 0.0271938 0.0191116 0.0424191 0.00652016 0.0176164 0.00771037 0.0127182 0.0170529 0.0234098 0.0317234 0.0347004 0.0181816 0.0444636 0.00576982 0.0330762 0.0288925 0.0367229 0.0224811 0.00418923 0.0199826 0.0456604 0.00695567 0.00980273 0.00385556 0.0397353 0.0306823 -0.00314979 0.00651482 0.00733859 0.0060048 0.00974875 0.00793608 0.03584 0.0259372 0.0107478 0.012759 -0.00305877 0.00498242 0.00836466 0.0290308 0.01213 0.0296511 0.00314524 0.0239293 0.0149268 0.0141771 0.0250613 0.00193405 -0.000123135 -0.00623009 -0.0178356 0.0087853 0.0114325 0.00423501 0.0187792 0.0344463 0.0265297 0.0137577 0.00930724 0.00179384 -0.0136059 0.0415472 0.0234097 0.00436005 0.000587537 0.0104085 -0.0063909 0.0161143 0.0394232 0.0261308 -0.0258459 0.00851571 0.00466282 0.00215703 0.00544985 0.00763575 0.0086514 -0.00683875 -0.00850695 -0.0112309 0.0211546 0.0101099 0.0122663 0.0118018 0.0064593 0.0150037 0.00639199 0.0365459 0.031961 0.0296968 0.0072167 0.0221351 0.01548 0.0106282 0.0183865 0.0439212 -0.0239964 0.00285095 0.0293339 0.0134677 0.0237446 0.0225091 -0.00544115 0.00797581 0.016613 0.0273387 0.0103888 0.00155451 0.0234171 0.0165198 0.028007 0.0181028 -0.0124695 0.0289635 0.00972427 0.0010813 0.0194289 -0.00137471 -0.00100349 0.0347015 -0.0257978 0.038921 0.0367217
internal_weight=1.46718e+06 405364 1.06182e+06 139458 92221 265906 969600 44779 716807 93877 57811 71598 94679 55685 38962 210221 36066 85720 34102 48957 33083 20623 6728 167759 622930 83522 11696 42462 7082 1046 539408 350816 10907 23387 315892 51618 23360 30159 6250 4657 188592 34131 4197 20729 32636 252793 27652 11978 9723 18233 34924 25135 10641 6125 79325 31939 154461 8959 16929 4947 20479 163802 1781 209 35380 995 14494 8927 5567 5061 4176 35853 16817 789 25282 143517 34304 109213 21320 55499 12984 12254 10613 730 46533 29450 28796 152090 11790 17083 6036 22851 15924 9789 12970 13601 3429 1876 102735 2050 12380 13104 3326 4845 6657 4419 14794 13796 15732 104853 2602 17173 5039 20034 7051 2257 654 3866 8966 11920 10944 10857 16878 1996 28767 16328
internal_count=1467185 405364 1061821 139458 92221 265906 969600 44779 716807 93877 57811 71598 94679 55685 38962 210221 36066 85720 34102 48957 33083 20623 6728 167759 622930 83522 11696 42462 7082 1046 539408 350816 10907 23387 315892 51618 23360 30159 6250 4657 188592 34131 4197 20729 32636 252793 27652 11978 9723 18233 34924 25135 10641 6125 79325 31939 154461 8959 16929 4947 20479 163802 1781 209 35380 995 14494 8927 5567 5061 4176 35853 16817 789 25282 143517 34304 109213 21320 55499 12984 12254 10613 730 46533 29450 28796 152090 11790 17083 6036 22851 15924 9789 12970 13601 3429 1876 102735 2050 12380 13104 3326 4845 6657 4419 14794 13796 15732 104853 2602 17173 5039 20034 7051 2257 654 3866 8966 11920 10944 10857 16878 1996 28767 16328
is_linear=0
shrinkage=0.05


Tree=9
num_leaves=127
num_cat=0
split_feature=14 14 25 15 25 15 31 25 29 25 4 31 30 34 25 15 25 31 59 13 25 25 33 59 13 34 14 35 19 29 25 25 32 30 59 50 29 31 31 29 34 35 25 32 25 25 4 25 30 47 25 33 29 14 31 34 46 31 33 34 15 25 20 59 15 29 32 25 34 25 46 22 30 29 29 31 15 25 15 35 31 15 30 29 21 29 36 35 29 25 29 29 41 15 25 15 25 13 29 29 31 25 29 14 31 29 29 15 15 34 30 59 25 30 29 46 34 25 51 30 30 31 31 43 44 25
split_gain=105873 7962.01 5054.06 3860.97 2618.21 1529.58 1418.77 980.421 864.379 794.124 708.018 637.594 586.169 514.707 1171.43 648.617 492.007 508.649 427.753 388.809 622.063 432.751 360.212 352.04 331.742 323.635 300.24 299.053 284.652 250.535 236.726 236.638 231.432 231.224 383.571 205.813 204.715 200.939 197.039 191.959 214.798 191.875 333.097 292.716 896.782 271.686 325.592 179.104 178.718 168.955 232.901 168.052 162.384 160.054 155.951 152.953 147.629 145.244 144.075 137.489 133.749 580.103 150.603 141.798 132.031 137.014 130.999 130.969 126.881 125.194 124.849 124.646 120.626 120.423 117.748 117.387 116.87 110.947 158.489 326.281 110.509 109.387 108.435 203.372 147.25 108.376 107.482 105.342 110.089 136.099 103.143 101.881 109.153 101.813 101.7 99.6967 98.8432 108.141 97.4491 96.9637 96.3533 119.003 137.287 96.0226 93.6142 92.0102 91.9884 89.6834 88.2761 88.1837 87.7955 86.9137 86.5663 85.7057 82.5153 82.235 80.7747 142.48 78.8832 76.969 76.8183 75.0376 74.8889 73.8058 141.35 148.545
threshold=4.5000000000000009 7.5000000000000009 327.50000000000006 44.500000000000007 201.50000000000003 17.500000000000004 967.00000000000011 6.5000000000000009 891.50000000000011 132.50000000000003 22.500000000000004 412.00000000000006 0.26047860085964208 1237.0000000000002 159.50000000000003 53.500000000000007 459.50000000000006 1028.0000000000002 4981.5000000000009 1.5000000000000002 201.50000000000003 21.500000000000004 11514.500000000002 4981.5000000000009 1.5000000000000002 1344.5000000000002 1.5000000000000002 1954.0000000000002 25001.836914062504 785.50000000000011 1.5000000000000002 424.50000000000006 3969.5000000000005 0.26664297282695776 4752.5000000000009 0.23371841758489612 897.50000000000011 1190.0000000000002 1.0000000180025095e-35 891.50000000000011 1237.0000000000002 1954.0000000000002 45.500000000000007 4131.5000000000009 76.500000000000014 112.50000000000001 3.5000000000000004 839.50000000000011 0.247039370238781 0.21552909165620807 25.500000000000004 38813.500000000007 866.50000000000011 2.5000000000000004 1.0000000180025095e-35 753.00000000000011 62.500000000000007 1830.0000000000002 38813.500000000007 788.50000000000011 74.500000000000014 91.500000000000014 160303.84375000003 1705.5000000000002 142.50000000000003 881.50000000000011 7958.0000000000009 91.500000000000014 705.50000000000011 112.50000000000001 407.00000000000006 96991.312500000015 0.47697626054286962 844.50000000000011 173.50000000000003 1.0000000180025095e-35 232.50000000000003 112.50000000000001 86.500000000000014 1873.5000000000002 967.00000000000011 5.5000000000000009 0.26664297282695776 922.50000000000011 53963.093750000007 881.50000000000011 0.29019191861152654 1873.5000000000002 747.50000000000011 91.500000000000014 866.50000000000011 897.50000000000011 21.500000000000004 74.500000000000014 76.500000000000014 41.500000000000007 122.50000000000001 1.5000000000000002 881.50000000000011 765.50000000000011 1352.5000000000002 839.50000000000011 922.50000000000011 3.5000000000000004 807.00000000000011 891.50000000000011 141.50000000000003 123.50000000000001 11.500000000000002 1120.0000000000002 0.47697626054286962 4981.5000000000009 159.50000000000003 0.28277708590030676 891.50000000000011 23.500000000000004 1451.5000000000002 37.500000000000007 0.99999928474426281 0.86991125345230114 0.2767071425914765 1.0000000180025095e-35 412.00000000000006 4.5000000000000009 8.5000000000000018 52.500000000000007
decision_type=2 2 2 2 2 2 2 2 2 2 2 2 2 2 2 2 2 2 2 2 2 2 2 2 2 2 2 2 2 2 2 2 2 2 2 2 2 2 2 2 2 2 2 2 2 2 2 2 2 2 2 2 2 2 2 2 2 2 2 2 2 2 2 2 2 2 2 2 2 2 2 2 2 2 2 2 2 2 2 2 2 2 2 2 2 2 2 2 2 2 2 2 2 2 2 2 2 2 2 2 2 2 2 2 2 2 2 2 2 2 2 2 2 2 2 2 2 2 2 2 2 2 2 2 2 2
left_child=2 4 7 6 12 10 8 64 18 36 31 86 30 19 60 53 17 51 24 38 21 27 -22 39 55 58 -5 -21 54 113 90 66 75 34 52 -36 48 105 -9 40 108 43 -43 45 115 46 80 68 85 50 103 -6 -13 72 -18 -4 -51 -19 94 -26 62 74 63 -15 65 -1 -3 -27 -10 -46 91 87 -16 120 119 -31 99 107 110 109 -23 -12 83 -83 -85 -7 -11 93 89 -89 -2 92 -32 -58 -14 -91 123 -98 -77 -17 101 102 -33 -40 -55 -30 -63 -52 -8 -80 -79 -73 -94 -28 -35 -45 117 -76 -65 -62 -56 -49 -50 124 -64 -126
right_child=1 5 3 26 16 9 23 13 47 11 81 33 25 14 15 76 28 57 -20 20 22 41 -24 -25 59 67 29 -29 37 32 70 100 -34 114 35 -37 -38 -39 49 -41 -42 42 -44 44 69 -47 -48 121 122 56 77 -53 -54 104 73 -57 71 -59 -60 -61 61 106 96 118 -66 -67 -68 -69 -70 -71 -72 111 -74 -75 116 98 -78 78 79 -81 -82 82 -84 84 -86 -87 -88 88 -90 95 -92 -93 112 -95 -96 -97 97 -99 -100 -101 -102 -103 -104 -105 -106 -107 -108 -109 -110 -111 -112 -113 -114 -115 -116 -117 -118 -119 -120 -121 -122 -123 -124 -125 125 -127
leaf_value=0 0 0.035594904478659393 0.018798638928424163 0 0.020510869669240785 0 0.035629262303888964 0 0.0218427801300295 -0.00076755772339157926 0.09255070742329724 0.031095383256368306 -0.001302827402909941 0 0.022113346120960078 6.0506316149666227e-05 -0.0021509590608882931 0.032840367263643526 0.051198172061474659 0 0.021840372680843653 0 0.021868416336178774 0.059523677562098025 0.0218427801300295 0.025458852640291074 -0.0025989293268720032 -3.4199433072842661e-06 0.037341915183848572 -0.0011956215155764485 0 0.040244792774989803 0.025903895703586474 0.043753910697941968 -0.002752758912640063 0.059937855219278302 0.072159162269502128 0.051621376425927894 0 0.035293691258010594 0.038422865358509903 6.4978922838401047e-05 0.021840372680843653 -0.001172869557233139 -0.0013095905657963657 -0.0014857176639139654 -0.0014186604636684062 -0.0060520595778801832 -0.0055617299292080929 0 0 -0.0046434065253976742 0.053701410845029066 -0.0068579137945696395 -0.0024882488125299246 0.021939699585259737 0 0.03494631512400851 -0.0036826907709687703 0.021876990376955615 0 6.0506316149666227e-05 0 0 0 -0.001424528151942361 0.045238584670273953 0.034432439579144547 0.0218427801300295 0.024320853151566221 -0.0026785234351882365 0 0.040834678435518336 0.034535561061312017 0 0.02320149069980855 -0.0011496200068436583 0 0 -0.0011496200068436583 6.4978922838401047e-05 0.076105525048308698 0.082168734633532831 -0.015818555161544703 0.052374924424645967 -0.0023548068200051789 0.038717225067816566 0 0.021842900819258423 0.024509927092073072 -0.0018623030159633264 0.056229269419133004 0.019229229023403665 0 0.02184777513844699 -0.0011519867254069093 0.023154441614699085 0.022979699100179565 0.023254211910747766 0.022994527764386732 0.0549451647287163 0.052848390279452789 0.0081897207060414763 -3.2489461419200526e-06 0.023052906453022826 0.041389139959167376 -0.0012101263229933245 0 0.022992400136873162 7.057158903591336e-05 0.028470685624087236 -0.0012397327482735741 0.03453256344887895 0.02176594276682688 0.052769873946106598 -0.001172869557233139 0 0 0.028228635614365338 -0.0016462245583534242 0.036462924811445273 0.03624156147418936 0.034026259282489327 0 0 -0.0012663788193203514
leaf_weight=118949 193 17291 7475 36748 15135 1448 9441 11220 3232 587 73612 1829 972 18630 9644 5531 79 23634 1827 5607 10021 6571 16444 3073 11468 5757 979 573 14524 305 2876 19655 5404 8522 401 144 267 20065 70464 6781 12653 596 3074 4543 4558 8705 1671 30 40 71456 63200 84 3005 43 520 10556 11783 14009 103 13124 33776 166 30565 33426 99714 296 24575 10993 7191 10327 213 16574 1947 6684 8595 3731 289 34944 13316 1534 368 3271 19812 213 548 153 150 713 996 419 307 264 3613 16706 8727 1678 4366 5746 3526 2425 43188 30075 408 232 16133 19885 7123 21326 12409 501 1884 100 1209 2078 6397 1992 18021 7102 1028 605 1167 10464 786 57878 1433 981
leaf_count=118949 193 17291 7475 36748 15135 1448 9441 11220 3232 587 73612 1829 972 18630 9644 5531 79 23634 1827 5607 10021 6571 16444 3073 11468 5757 979 573 14524 305 2876 19655 5404 8522 401 144 267 20065 70464 6781 12653 596 3074 4543 4558 8705 1671 30 40 71456 63200 84 3005 43 520 10556 11783 14009 103 13124 33776 166 30565 33426 99714 296 24575 10993 7191 10327 213 16574 1947 6684 8595 3731 289 34944 13316 1534 368 3271 19812 213 548 153 150 713 996 419 307 264 3613 16706 8727 1678 4366 5746 3526 2425 43188 30075 408 232 16133 19885 7123 21326 12409 501 1884 100 1209 2078 6397 1992 18021 7102 1028 605 1167 10464 786 57878 1433 981
internal_value=0.01567 0.0373368 0.00735063 0.0154654 0.028229 0.0427015 0.0208103 0.00588308 0.0161265 0.0306078 0.043935 0.0338812 0.0162927 0.00682062 0.00853934 0.0169233 0.0318604 0.0283037 0.0121821 0.00571883 0.00246229 -0.000897292 0.00863004 0.0277125 0.0111664 0.0199794 0.00435172 0.0114634 0.0348483 0.0100633 0.00500801 0.0415926 0.0130992 0.03554 0.0266485 -0.0131077 0.00504621 0.0361731 0.00643967 0.0264968 0.0249846 -0.00269885 0.0082273 -0.00373421 -0.00764212 0.00109991 0.00739771 0.0245084 0.000471756 0.00666266 0.00752766 0.0205889 0.031132 0.0205799 0.0263068 0.00601433 0.00517288 0.0314226 0.0127621 0.0149436 0.0072234 0.00549749 0.00806796 0.0102242 0.00297336 0.00409614 0.0384678 0.0242025 0.0198641 -0.000862943 0.00705129 0.00305795 0.0160938 0.0269672 0.00693247 0.00745097 0.00460819 0.00873263 0.00691934 0.0111878 0.0121694 0.0471843 0.0442371 0.0367538 0.0134608 -0.00927175 -0.0117962 0.00487055 -0.00294133 -0.00800505 -0.0283843 0.00806257 0.00701407 0.00591437 0.0133873 -0.0144223 0.00693425 0.0116242 0.00872869 0.00574339 0.0429943 0.0415013 0.0385157 0.00519753 0.0237941 0.0338528 -0.00790838 0.00985193 0.0219814 0.0136168 0.00513996 -0.000452498 0.0116122 -0.00281149 0.0387453 -0.0230823 0.00903209 0.0116547 0.0121247 0.00487317 0.0150228 0.0291206 0.0193621 0.00641221 0.00452393 -0.00712274
internal_weight=1.46839e+06 407390 1.061e+06 162495 151013 256377 109724 898508 65367 23729 232648 21035 35227 679549 265453 36012 115786 52862 44450 414096 75050 48585 26465 44357 42623 26552 52771 6180 62924 16023 8675 135192 12966 20298 5379 545 2694 54474 339046 41284 34503 42405 3670 38735 21420 17315 8610 20917 2427 327826 207401 15219 4834 27767 8450 18031 120425 37643 9802 24592 229441 75388 154053 53084 218959 119245 41866 16750 10423 14885 8175 48969 11591 8371 68099 7562 8245 136705 52179 15351 6939 97456 23844 4032 761 1601 737 32295 3806 2810 500 7962 7698 28489 9699 2097 100969 10112 7257 7956 93326 50138 20063 70696 16176 34409 7289 84526 21850 13817 36828 16674 4822 3057 14919 6535 33718 15697 34454 34381 1687 10494 826 90857 32979 2414
internal_count=1468393 407390 1061003 162495 151013 256377 109724 898508 65367 23729 232648 21035 35227 679549 265453 36012 115786 52862 44450 414096 75050 48585 26465 44357 42623 26552 52771 6180 62924 16023 8675 135192 12966 20298 5379 545 2694 54474 339046 41284 34503 42405 3670 38735 21420 17315 8610 20917 2427 327826 207401 15219 4834 27767 8450 18031 120425 37643 9802 24592 229441 75388 154053 53084 218959 119245 41866 16750 10423 14885 8175 48969 11591 8371 68099 7562 8245 136705 52179 15351 6939 97456 23844 4032 761 1601 737 32295 3806 2810 500 7962 7698 28489 9699 2097 100969 10112 7257 7956 93326 50138 20063 70696 16176 34409 7289 84526 21850 13817 36828 16674 4822 3057 14919 6535 33718 15697 34454 34381 1687 10494 826 90857 32979 2414
is_linear=0
shrinkage=0.05


Tree=10
num_leaves=127
num_cat=0
split_feature=4 13 28 3 28 25 4 25 7 26 31 31 13 13 28 15 31 25 31 31 4 28 15 25 34 28 34 27 13 28 25 28 25 29 32 25 21 31 28 32 28 4 31 4 31 4 26 25 34 34 25 32 34 26 34 32 4 15 25 15 28 31 15 15 32 22 25 28 31 37 31 15 31 59 39 34 25 29 25 31 34 25 28 32 31 25 31 4 34 28 31 4 31 28 34 25 32 47 34 26 25 28 25 34 34 25 42 32 15 15 28 51 25 34 25 34 44 37 28 34 15 29 27 13 26 21
split_gain=99757.4 7619.33 5403.45 2412.62 2318.56 1547.19 1503.98 1253.2 1098.47 1015.51 1005.45 873.797 708.912 674.028 638.274 634.167 598.686 498.781 434.712 425.563 408.424 394.83 365.378 656.964 342.369 308.809 289.429 277.674 357.811 359.508 256.642 231.747 228.586 227.591 255.682 270.955 227.559 210.408 189.917 369.19 390.445 347.018 259.453 217.894 216.863 326.776 187.793 183.486 175.963 175.724 168.231 212.376 674.025 165.061 467.206 325.36 389.348 220.747 163.606 157.233 153.497 152.586 150.236 147.965 147.626 147.41 143.363 138.271 137.351 134.021 132.342 132.224 125.657 125.645 193.902 124.146 417.67 120.368 120.281 120.251 119.204 117.732 117.631 115.432 113.606 111.976 108.805 108.148 104.051 103.78 103.572 103.523 99.8942 107.713 95.8098 95.0456 200.506 167.258 92.5456 412.443 128.204 114.042 199.248 295.108 170.162 124.911 92.2246 91.7376 90.8473 88.7657 88.2786 87.8253 105.448 84.8635 83.4722 83.1589 80.8249 125.394 77.873 76.7844 140.754 75.4408 75.2821 74.304 73.8545 73.6434
threshold=5.5000000000000009 4.5000000000000009 658.50000000000011 1.0000000180025095e-35 516.50000000000011 424.50000000000006 3.5000000000000004 201.50000000000003 1.0000000180025095e-35 27.500000000000004 943.50000000000011 1190.0000000000002 10.500000000000002 1.5000000000000002 769.00000000000011 20.500000000000004 1367.5000000000002 76.500000000000014 918.50000000000011 1388.0000000000002 8.5000000000000018 769.00000000000011 10.500000000000002 459.50000000000006 880.00000000000011 280.50000000000006 705.50000000000011 1716.5000000000002 1.5000000000000002 86.500000000000014 1.5000000000000002 658.50000000000011 69.500000000000014 897.50000000000011 6189.0000000000009 91.500000000000014 23999.990234375004 918.50000000000011 353.50000000000006 5972.5000000000009 516.50000000000011 1.0000000180025095e-35 1.0000000180025095e-35 1.5000000000000002 967.00000000000011 2.5000000000000004 1819.0000000000002 60.500000000000007 1725.5000000000002 705.50000000000011 21.500000000000004 4131.5000000000009 1188.0000000000002 1039.5000000000002 880.00000000000011 3119.5000000000005 2.5000000000000004 74.500000000000014 76.500000000000014 155.50000000000003 148.50000000000003 731.50000000000011 82.500000000000014 12.500000000000002 7958.0000000000009 29498.145507812504 839.50000000000011 516.50000000000011 412.00000000000006 2.5000000000000004 1.0000000180025095e-35 59.500000000000007 1.0000000180025095e-35 4752.5000000000009 95.500000000000014 1237.0000000000002 148.50000000000003 922.50000000000011 112.50000000000001 1068.5000000000002 1150.5000000000002 188.50000000000003 86.500000000000014 5515.5000000000009 412.00000000000006 148.50000000000003 1830.0000000000002 2.5000000000000004 1093.5000000000002 516.50000000000011 412.00000000000006 6.5000000000000009 1.0000000180025095e-35 746.50000000000011 1205.0000000000002 45.500000000000007 12942.500000000002 1.137960731983185 1451.5000000000002 206.50000000000003 148.50000000000003 170.50000000000003 91.500000000000014 1137.5000000000002 1165.5000000000002 148.50000000000003 72.500000000000014 6555.0000000000009 162.50000000000003 142.50000000000003 769.00000000000011 0.99999928474426281 30.500000000000004 788.50000000000011 76.500000000000014 705.50000000000011 30.500000000000004 26.500000000000004 878.50000000000011 1237.0000000000002 74.500000000000014 873.50000000000011 804.00000000000011 2.5000000000000004 1128.5000000000002 128999.94921875001
decision_type=2 2 2 2 2 2 2 2 2 2 2 2 2 2 2 2 2 2 2 2 2 2 2 2 2 2 2 2 2 2 2 2 2 2 2 2 2 2 2 2 2 2 2 2 2 2 2 2 2 2 2 2 2 2 2 2 2 2 2 2 2 2 2 2 2 2 2 2 2 2 2 2 2 2 2 2 2 2 2 2 2 2 2 2 2 2 2 2 2 2 2 2 2 2 2 2 2 2 2 2 2 2 2 2 2 2 2 2 2 2 2 2 2 2 2 2 2 2 2 2 2 2 2 2 2 2
left_child=2 4 6 24 8 15 9 16 30 109 14 36 37 61 26 20 125 -18 21 47 78 68 23 75 -4 -17 -5 28 29 65 69 81 -21 34 -32 91 -9 66 44 41 43 42 -40 108 45 -29 -25 124 -19 72 82 -52 58 55 89 56 -43 -57 -53 98 -46 92 -42 -14 84 -24 77 -56 83 -2 -23 94 -16 -65 106 -11 111 -7 79 -3 110 -20 -30 -15 -22 95 -83 -28 -44 -55 -27 -36 -6 -94 -13 96 -54 114 101 -100 -101 -31 104 -104 -103 -105 -75 -80 -41 -1 -12 -77 -113 -38 -97 -91 117 119 -51 120 -62 -63 -99 -49 -10 -8
right_child=1 5 3 10 13 12 7 11 19 22 80 71 63 18 49 25 17 48 31 32 64 70 27 46 -26 90 87 38 50 59 33 -33 -34 -35 35 -37 113 -39 39 40 62 53 88 -45 60 -47 -48 123 -50 118 51 52 85 54 67 57 -58 -59 -60 -61 116 121 -64 73 -66 -67 -68 -69 -70 -71 -72 -73 -74 74 -76 76 -78 -79 107 -81 -82 86 -84 -85 -86 -87 -88 -89 -90 115 -92 -93 93 -95 -96 97 -98 122 99 100 -102 102 103 105 -106 -107 -108 -109 -110 -111 -112 112 -114 -115 -116 -117 -118 -119 -120 -121 -122 -123 -124 -125 -126 -127
leaf_value=0 -0.0016739903137724618 -0.0052010648950858848 0 0.020750641123528025 -0.0021942382275614934 0.033400430625912789 0 0.020749051300410642 -0.0040564802860933299 0 0.028323146192504558 0.019783845481843535 0.082448341874370751 0.018156925420165244 -0.0042065026906240874 0 0 0.021762773239603541 -0.014632697099004109 0.022644049639921317 -0.0021052190228467919 -0.0042101914312418056 0 0.046815614493792734 0.023132534277295697 -0.0026076356783162561 0.020748930611181719 0 0 0 -0.0014195293355122325 0.04168270139935866 0.033858361380511084 0.064918205514921473 6.8278176916763194e-05 0.034406667614944181 0.020750761495987317 0.054420893583930943 0 6.722872429210695e-05 0.021776184644346025 0 0 0.021929260080365508 0 -0.0011154097599175433 0.023359294607808657 0.020755513089376527 0.025625811328165517 0.032751489066077354 0 -0.0011142260793714821 0 -0.0012781502738631332 -0.0012337148747728814 0 -0.001041123876721845 0 -0.0011823810608100665 0 -0.0012667800865564496 0.031893143076167529 0.021778982889548909 0.068781008146055922 0.048522239434063592 0 0.053176396645608685 0.021874576592377171 0.032140983240070899 6.8449174082127397e-05 0.040511990661320871 0.020482131087084333 0.020750641123528025 0.051245999045702442 0.087031541381519098 0 0.022201259880846726 0.0095260852887296306 0.030016384486192413 0.021614785830633466 0.035899984468912648 0.032456061488863597 0 -0.0041150166243095771 0.038612492471863893 0.034704893613620613 0.041323192363042487 0.020750641123528025 0 -0.0012445060975630445 0.031923804819822148 -0.0014907859779894354 0.01618103283278664 0.032581265065458165 0.03342771179636865 -0.0012706646405439271 -0.0014896274472400548 -0.0013402789274300825 0 0 0.043260974266555931 0 0 -0.0011525269867229792 0 0.031811444779895275 -0.0026151209670080599 0.033101924849641431 -0.0010891136906939921 0 0.032986698752511326 0 0.026817203833647076 0.020749359313220563 0.022992400136873162 -0.0011720291310342373 0 0.053663835338553414 0.046950284369361259 0.023116880509185325 0 0.036106281469212069 0.021843415181864181 0.024778229935242091 0.047210831522362662 0.021893674112097736
leaf_weight=94228 455 286 16159 7012 107 10679 12485 7340 527 48771 10562 7448 76893 602 68 1538 13495 15506 212 3251 143 47 78688 1757 4518 61 7033 17492 10143 50051 4471 31735 18421 415 837 4131 3787 88628 7292 8829 9963 7040 23166 11479 2101 1885 2457 3373 4272 12402 4642 3498 4140 4735 4997 20470 1252 2794 2518 28624 3251 3615 1788 2227 26274 112201 24247 15665 14425 191 15239 677 6988 50 195 26329 6640 441 5441 2147 9606 15779 1376 103 16089 541 7856 11482 1789 7246 3033 1141 1470 1107 14140 3637 1406 698 13105 16323 578 32105 16602 6361 11291 788 192 7227 1011 100904 5122 346 708 10912 3821 13046 13655 249 1201 4824 2782 2645 238 7478 68 5838
leaf_count=94228 455 286 16159 7012 107 10679 12485 7340 527 48771 10562 7448 76893 602 68 1538 13495 15506 212 3251 143 47 78688 1757 4518 61 7033 17492 10143 50051 4471 31735 18421 415 837 4131 3787 88628 7292 8829 9963 7040 23166 11479 2101 1885 2457 3373 4272 12402 4642 3498 4140 4735 4997 20470 1252 2794 2518 28624 3251 3615 1788 2227 26274 112201 24247 15665 14425 191 15239 677 6988 50 195 26329 6640 441 5441 2147 9606 15779 1376 103 16089 541 7856 11482 1789 7246 3033 1141 1470 1107 14140 3637 1406 698 13105 16323 578 32105 16602 6361 11291 788 192 7227 1011 100904 5122 346 708 10912 3821 13046 13655 249 1201 4824 2782 2645 238 7478 68 5838
internal_value=0.0155795 0.0366778 0.00752657 0.019097 0.0272238 0.0416468 0.00642758 0.0123717 0.0178421 0.00577559 0.0234483 0.0185399 0.0437563 0.0316466 0.0190597 0.0347474 0.00707505 0.0110719 0.0330053 0.022486 0.0361786 0.0281987 0.00668897 0.00971456 0.00405497 0.0169459 0.0137714 0.00624442 0.00698517 0.00745601 0.00462972 0.0356355 0.0266054 0.00642968 0.00500421 0.0116539 0.0114816 0.0413923 0.00466176 0.00556491 0.0101949 0.00416646 0.00852309 0.00616091 0.00187709 0.00590878 0.028973 0.0146858 0.0161287 0.0255938 0.00227494 -1.77015e-05 -0.00220495 0.00234766 0.000426688 0.0051288 0.0136329 0.00209744 -0.0162722 0.00908726 -0.00103101 0.0185815 0.0175128 0.0474407 0.0386884 0.00595343 0.0381299 0.0059914 0.0224714 -0.0259944 0.033867 0.0255263 0.0191884 0.0358451 0.0113132 0.00873426 0.0110526 0.0334255 0.0291134 0.0189244 0.0314627 0.0319093 0.00727878 0.000914764 0.0349366 0.00363888 0.0322421 0.017048 0.0109475 -0.00416728 0.026048 -0.0035615 0.00860437 0.010572 0.0262087 0.00277222 0.00785146 -0.000583148 0.00974664 0.00726836 0.00210608 0.0103811 0.0117279 0.00804573 0.0137431 -0.000446909 -0.0185667 0.0310698 0.000700704 0.00259642 0.028774 0.00832429 0.0224789 0.015072 0.00191671 -0.00261161 -0.00213218 0.00103502 0.0289158 0.000229804 -0.00352969 0.0228583 -0.0205053 0.0161684 -0.0123425 -0.000182556
internal_weight=1.46786e+06 405492 1.06237e+06 92153 139701 265791 970216 95900 44759 874316 71476 44304 203552 94942 46186 62239 51596 33273 85998 33118 57607 30416 679184 87008 20677 4632 25527 592176 403375 366717 11641 55582 21672 10995 10580 6109 22039 123995 188801 142562 33070 109492 32247 21319 46239 19377 4214 11446 19778 20659 36658 25139 20497 77245 45689 31556 8292 23264 6016 175828 26862 8944 11751 79557 42506 190889 35367 20662 15130 646 15286 22265 7056 2664 437 82794 34023 11120 15101 2433 25290 23847 11519 705 16232 14481 23635 18515 24955 25027 3094 1978 2684 2577 21588 13940 5546 8394 147204 30006 16901 117198 67147 23751 43396 7149 242 12668 9840 195132 15684 27383 1054 14699 7458 20292 24761 11106 13603 10857 6033 6260 936 10851 595 18323
internal_count=1467861 405492 1062369 92153 139701 265791 970216 95900 44759 874316 71476 44304 203552 94942 46186 62239 51596 33273 85998 33118 57607 30416 679184 87008 20677 4632 25527 592176 403375 366717 11641 55582 21672 10995 10580 6109 22039 123995 188801 142562 33070 109492 32247 21319 46239 19377 4214 11446 19778 20659 36658 25139 20497 77245 45689 31556 8292 23264 6016 175828 26862 8944 11751 79557 42506 190889 35367 20662 15130 646 15286 22265 7056 2664 437 82794 34023 11120 15101 2433 25290 23847 11519 705 16232 14481 23635 18515 24955 25027 3094 1978 2684 2577 21588 13940 5546 8394 147204 30006 16901 117198 67147 23751 43396 7149 242 12668 9840 195132 15684 27383 1054 14699 7458 20292 24761 11106 13603 10857 6033 6260 936 10851 595 18323
is_linear=0
shrinkage=0.05


Tree=11
num_leaves=127
num_cat=0
split_feature=14 25 28 14 15 30 1 25 14 14 34 28 32 28 15 26 36 34 32 28 32 15 34 25 32 28 25 32 33 15 25 4 26 4 28 33 34 25 4 26 32 35 25 59 46 59 13 26 32 30 33 32 23 46 15 4 28 32 30 36 26 14 25 34 14 15 25 35 28 34 25 15 25 25 46 34 26 8 28 25 25 32 25 35 25 32 26 32 28 14 30 28 25 32 35 25 4 35 32 28 34 30 26 33 33 30 22 25 14 32 34 34 4 25 32 33 33 23 28 30 28 28 34 30 59 21
split_gain=98585.5 6523.09 4995.55 3168.55 2262.18 1635.84 1367.67 1357.59 1184.86 868.089 831.24 826.792 769.339 681.315 584.797 564.542 505.175 438.894 365.062 986.554 357.706 326.753 315.876 666.664 307.299 385.279 301.841 257.212 547.212 244.278 241.142 223.226 308.242 333.129 253.678 535.282 220.951 210.241 207.774 205.643 212.465 226.665 1068.39 201.017 199.668 199.557 197.173 305 196.221 194.289 184.886 184.534 168.635 167.517 163.899 160.868 159.056 158.8 155.458 151.563 150.149 192.564 145.4 207.786 145.132 143.095 453.624 234.437 251.798 168.935 165.766 139.355 138.196 204.01 137.686 137.415 136.832 124.783 163.151 148.657 189.327 209.268 125.011 181.524 126.43 121.96 119.998 119.678 117.079 116.323 115.993 114.33 111.936 283.289 379.442 211.374 147.15 111.223 124.948 109.661 109.511 108.676 145.969 107.402 106.024 104.165 102.752 100.479 99.3818 97.8864 96.9263 94.7862 92.8851 100.811 92.2672 91.8978 141.359 91.1869 89.6384 88.8512 88.5561 88.3079 85.8365 84.5869 124.552 304.51
threshold=4.5000000000000009 249.50000000000003 658.50000000000011 13.500000000000002 50.500000000000007 0.20402827113866809 1.0000000180025095e-35 266.50000000000006 6.5000000000000009 6.5000000000000009 880.00000000000011 24.500000000000004 4805.5000000000009 806.50000000000011 17.500000000000004 1128.5000000000002 0.27897742390632635 880.00000000000011 6555.0000000000009 470.50000000000006 6555.0000000000009 17.500000000000004 1237.0000000000002 122.50000000000001 5832.0000000000009 658.50000000000011 76.500000000000014 6189.0000000000009 38813.500000000007 74.500000000000014 112.50000000000001 1.5000000000000002 1039.5000000000002 1.0000000180025095e-35 516.50000000000011 12515.000000000002 705.50000000000011 839.50000000000011 24.500000000000004 93.500000000000014 1.0000000180025095e-35 1873.5000000000002 91.500000000000014 4981.5000000000009 243.50000000000003 4752.5000000000009 1.5000000000000002 1039.5000000000002 3843.0000000000005 0.27033102512359625 38813.500000000007 1.0000000180025095e-35 0.89037621021270763 463.00000000000006 116.50000000000001 2.5000000000000004 769.00000000000011 7244.5000000000009 0.55949327349662792 0.27897742390632635 470.50000000000006 3.5000000000000004 21.500000000000004 1974.5000000000002 2.5000000000000004 74.500000000000014 91.500000000000014 1904.5000000000002 148.50000000000003 1691.5000000000002 159.50000000000003 142.50000000000003 201.50000000000003 21.500000000000004 243.50000000000003 1165.5000000000002 1690.5000000000002 0.026785715483129028 353.50000000000006 21.500000000000004 148.50000000000003 4131.5000000000009 76.500000000000014 1954.0000000000002 45.500000000000007 1.0000000180025095e-35 206.50000000000003 1.0000000180025095e-35 806.50000000000011 2.5000000000000004 0.55949327349662792 658.50000000000011 69.500000000000014 4131.5000000000009 1954.0000000000002 45.500000000000007 3.5000000000000004 1954.0000000000002 4131.5000000000009 170.50000000000003 727.00000000000011 0.26664297282695776 4181.0000000000009 38813.500000000007 38813.500000000007 0.55949327349662792 275223.06250000006 69.500000000000014 2.5000000000000004 3843.0000000000005 1725.5000000000002 705.50000000000011 3.5000000000000004 112.50000000000001 1.0000000180025095e-35 4581.5000000000009 12515.000000000002 0.92387348413467418 170.50000000000003 0.47697626054286962 746.50000000000011 769.00000000000011 1974.5000000000002 0.26664297282695776 4752.5000000000009 58999.994140625007
decision_type=2 2 2 2 2 2 2 2 2 2 2 2 2 2 2 2 2 2 2 2 2 2 2 2 2 2 2 2 2 2 2 2 2 2 2 2 2 2 2 2 2 2 2 2 2 2 2 2 2 2 2 2 2 2 2 2 2 2 2 2 2 2 2 2 2 2 2 2 2 2 2 2 2 2 2 2 2 2 2 2 2 2 2 2 2 2 2 2 2 2 2 2 2 2 2 2 2 2 2 2 2 2 2 2 2 2 2 2 2 2 2 2 2 2 2 2 2 2 2 2 2 2 2 2 2 2
left_child=2 5 6 9 10 15 11 22 20 24 13 -1 43 36 38 44 50 111 31 53 30 57 77 62 25 52 -22 28 37 -21 -7 32 39 115 46 -36 120 101 -5 -13 -41 99 118 89 -2 -18 47 55 51 -47 -16 -35 -3 65 -44 -33 75 -10 -14 103 61 -57 63 -24 -38 70 -67 -68 69 -69 86 -70 73 74 -48 -12 110 78 -8 97 81 112 83 -83 -85 -27 -20 -39 100 -9 -25 -26 93 96 -95 -96 -75 98 -79 -42 -87 102 -11 -23 -32 -65 -55 -61 -72 -82 -28 -6 113 -81 -15 -34 -117 -29 -43 -73 -4 -113 -64 124 -40 -126
right_child=1 3 4 14 17 8 7 12 21 27 56 18 58 114 16 -17 45 -19 19 29 26 59 23 90 91 85 76 117 -30 -31 104 34 33 48 35 -37 64 87 123 40 41 42 54 -45 -46 49 72 -49 -50 -51 -52 -53 -54 106 -56 60 -58 -59 -60 107 -62 -63 122 105 -66 66 67 68 71 -71 108 119 -74 92 -76 -77 -78 79 -80 80 109 82 -84 84 -86 88 -88 -89 -90 -91 -92 -93 -94 94 95 -97 -98 -99 -100 -101 -102 -103 -104 -105 -106 -107 -108 -109 -110 -111 -112 121 -114 -115 -116 116 -118 -119 -120 -121 -122 -123 -124 -125 125 -127
leaf_value=0 0 0.018021545004154271 0.019713109067351624 0.049046461066368868 0 -0.0012376860327644439 0 0.021895668573313945 0.029518251781036023 0.029497724110158798 0.02135203902152312 0 0.031412588149147824 -0.0046065665781160475 0.065424255067312559 0.058239710705786332 0.061557021131104755 0.021843889253974336 0 0.020829326225136731 0.022202984684004917 0.029468683311246274 0 0.020812249176243393 0.032078440481890874 -0.0016986323904274283 0.018921700901885628 0.042201464818915943 -0.0034909148334841275 0.020814491521815109 0.019315959861336534 0 0 0.0001270955915720419 0.019653087891348744 0.020746637515832198 0.019708475328059315 -0.0042350519434408021 0.07758882563712477 0 0 0 -0.001216663016427776 0.04632074946256632 -0.0016278858230350556 -0.0024843649186576566 0 -0.0012442894429747996 0.020801813035843202 0.069495537862396872 -0.0034006725211332169 -0.0011822807926848923 0.030833258414420417 -3.5285794517956681e-06 -0.0011524999736571757 0 0.039519396348528371 0.036869604163254938 0.047273727013403127 0.017728758662863806 -0.00093107812612286476 -3.2489461419200526e-06 0.021761654080776027 -0.0012542476876608096 0.019713109067351624 0 5.9976564945126897e-05 6.0833150821388803e-05 -0.001159036667091627 -0.0012833791913401708 0.022229020920433974 -0.0010924751269085974 0.019737527553708806 0 -0.0019392531403446566 0.033388491663036278 -0.01990565881943266 0 0 0 7.4285883195698268e-05 -0.0011142260793714821 -0.0011232620077695633 6.1815475279163102e-05 -0.0023639334762310098 0.017326691107607251 0.019536825854852582 0.051238090956490102 0.040912249790409028 0.020949561863856336 0.044088426056921273 0.040912249790409028 0 -0.0010585147754029081 7.578821733593942e-05 -0.0014032264389801216 -0.0013538929597226772 -3.2489461419200526e-06 7.578821733593942e-05 0 0.030588469405775698 0.03293004466817076 0.0039180175385794243 -0.0035556223441558406 -0.0045852812614802325 0.031839198105133422 0.043074399852280398 0.028989330912537793 0.021222844503368404 0.021223245217622772 0.032876095061130262 0.021032222224840965 -0.0013781424290433247 -0.0010976765019337026 0.032214944059753059 0 0 0.04836279602631291 0 0.00026181177387460912 0.019713109067351624 0.02450193078580206 0.03025509740452962 0.083800754958413826 0.0017683075931522185 0.087296622210763689
leaf_weight=191302 4222 3000 5837 36783 12477 2292 26286 8016 6029 6519 14532 70299 12789 37 107 592 2761 5602 71950 15218 4955 87 13367 12228 15819 57 12483 6662 187 2447 9612 34129 5122 159 18957 16892 8566 38 8799 7341 38366 8419 4836 701 709 247 4555 6643 7104 178 286 11450 12324 888 2479 6427 10148 18620 2960 716 8274 938 23952 2850 9635 72369 1145 387 7620 67 6519 2749 7084 2083 179 6273 85 1293 7376 3747 5189 3248 5119 260 332 3285 44997 39646 10321 8206 1758 11429 15877 2727 548 392 414 281 1412 84358 17602 35153 554 135 63 646 143 4385 4984 8005 4852 3742 1354 1232 10417 9929 6932 57569 5151 296 4324 1643 3767 66803 540 835
leaf_count=191302 4222 3000 5837 36783 12477 2292 26286 8016 6029 6519 14532 70299 12789 37 107 592 2761 5602 71950 15218 4955 87 13367 12228 15819 57 12483 6662 187 2447 9612 34129 5122 159 18957 16892 8566 38 8799 7341 38366 8419 4836 701 709 247 4555 6643 7104 178 286 11450 12324 888 2479 6427 10148 18620 2960 716 8274 938 23952 2850 9635 72369 1145 387 7620 67 6519 2749 7084 2083 179 6273 85 1293 7376 3747 5189 3248 5119 260 332 3285 44997 39646 10321 8206 1758 11429 15877 2727 548 392 414 281 1412 84358 17602 35153 554 135 63 646 143 4385 4984 8005 4852 3742 1354 1232 10417 9929 6932 57569 5151 296 4324 1643 3767 66803 540 835
internal_value=0.0153666 0.0362754 0.00733743 0.0391536 0.0183909 0.0223655 0.00627227 0.0105538 0.0246081 0.0356167 0.0229076 0.00544686 0.019619 0.0180336 0.0457899 -0.00374699 0.025885 0.00496056 0.00633369 0.00790384 0.0182675 0.0318728 0.00815948 0.0108241 0.0311963 0.0287287 0.0219997 0.0378471 0.0359921 0.0192609 0.0112889 0.00539587 0.006228 0.00222859 0.00366753 0.00722598 0.0140115 0.0361872 0.0464161 0.00696362 0.00800394 0.00842805 0.00361238 0.0122167 -0.00928697 0.0324833 0.00225429 0.00406471 -0.00267433 0.000576335 -0.0275884 -0.00667967 0.0222326 0.00696682 -0.01179 0.00540798 0.0290195 0.0342992 0.0275727 0.0206355 0.00120819 0.00640114 0.00783599 0.0041745 0.0173091 0.00706412 0.00546766 -0.00342422 -0.00564299 0.0308192 0.00811595 -0.0071959 -0.000761834 -0.00240503 0.00701189 0.0265149 0.0250972 0.00576342 0.00787963 0.00349977 0.00238695 -0.00139909 -0.00631704 -0.0131364 0.0123206 0.0319124 0.00755252 0.0388013 0.032046 0.0110833 0.0203484 0.0354151 -0.00442786 -0.0101467 -0.0189918 0.00839804 0.0028413 0.0141137 0.0172249 0.00924753 0.0298914 0.0337302 0.0280704 -0.0197884 0.0147435 -0.00667744 -0.0131365 0.0223961 0.0138437 0.00677538 0.0254077 0.00113061 0.00555731 0.00871543 0.0289451 0.00640242 0.00818422 0.040218 0.0119155 -0.0162376 0.00810395 0.0066749 0.0100633 0.047894 0.0436397 0.0296306
internal_weight=1.46809e+06 407341 1.06075e+06 337504 93233 69837 967519 156374 64314 220165 69769 811145 32672 38816 117339 5523 3579 23464 619843 231779 34342 29972 123702 58568 73837 46589 22375 146328 82097 17665 11967 388064 261945 40696 126119 35849 28362 81910 113760 221249 150950 143609 20885 16923 4931 3186 90270 56411 18713 425 393 11609 15324 214114 7315 49768 30953 24649 15749 5323 15639 7365 44582 16863 18201 213083 84633 12264 11119 454 128450 10665 33859 26775 4734 20805 17420 65134 33662 31472 28486 15292 8959 3840 592 31265 116947 39684 31208 16222 13986 27248 22041 6164 3667 940 2497 2986 2705 122724 20887 42226 7073 222 9675 3496 1031 5101 11503 13194 17335 17862 6333 4979 10454 21983 16861 64231 13570 3045 10161 5385 27719 76977 10174 1375
internal_count=1468093 407341 1060752 337504 93233 69837 967519 156374 64314 220165 69769 811145 32672 38816 117339 5523 3579 23464 619843 231779 34342 29972 123702 58568 73837 46589 22375 146328 82097 17665 11967 388064 261945 40696 126119 35849 28362 81910 113760 221249 150950 143609 20885 16923 4931 3186 90270 56411 18713 425 393 11609 15324 214114 7315 49768 30953 24649 15749 5323 15639 7365 44582 16863 18201 213083 84633 12264 11119 454 128450 10665 33859 26775 4734 20805 17420 65134 33662 31472 28486 15292 8959 3840 592 31265 116947 39684 31208 16222 13986 27248 22041 6164 3667 940 2497 2986 2705 122724 20887 42226 7073 222 9675 3496 1031 5101 11503 13194 17335 17862 6333 4979 10454 21983 16861 64231 13570 3045 10161 5385 27719 76977 10174 1375
is_linear=0
shrinkage=0.05


Tree=12
num_leaves=127
num_cat=0
split_feature=9 9 25 2 2 2 25 31 26 26 9 9 0 29 31 25 32 29 31 32 32 33 38 29 31 46 9 34 30 26 34 29 31 31 31 32 35 25 3 30 32 9 30 29 22 33 3 25 31 27 26 32 25 25 32 35 34 27 9 25 29 34 25 25 9 35 29 26 29 29 34 29 25 30 34 29 31 34 29 30 33 33 38 25 29 25 25 9 26 30 25 3 21 26 2 25 31 30 38 9 26 3 31 22 25 30 9 20 25 34 34 25 31 26 25 9 21 34 31 25 31 47 34 34 30 9
split_gain=91445.6 5654.54 5618.92 3653.74 2613.7 1373.32 1225.72 1015.94 933.823 932.21 807.733 653.892 638.835 617.795 600.198 564.212 497.971 483.901 480.211 479.525 376.974 373.858 340.375 319.747 316.09 305.392 292.015 291.188 276.296 238.348 223.007 270.212 220.315 218.957 209.453 205.755 198.035 743.451 358.652 187.744 186.635 185.945 175.842 250.556 271.447 174.965 170.054 724.995 557.738 206.938 228.073 329.336 204.223 385.436 518.666 424.953 245.027 197.571 220.893 315.271 193.242 177.288 292.712 158.111 156.146 765.885 326.528 195.194 183.64 160.639 153.771 148.175 148.072 138.35 133.501 130.603 134.982 129.186 128.975 127.914 124.254 123.966 127.816 119.472 118.024 117.946 115.371 114.907 114.466 111.767 110.385 109.264 108.197 188.147 202.521 149.193 103.994 103.033 102.084 100.677 99.4864 99.1559 98.5173 97.1603 97.1589 94.7777 94.1139 93.9668 93.8984 92.8102 92.7236 180.487 97.0479 538.549 317.665 245.775 175.984 144.696 92.5146 91.6262 91.5711 90.9221 87.7153 86.627 85.0299 84.6461
threshold=0.061111113056540496 0.17222222685813907 327.50000000000006 1.0000000180025095e-35 1.0000000180025095e-35 1.5000000000000002 201.50000000000003 1028.0000000000002 679.50000000000011 27.500000000000004 0.027777778916060928 0.050000000745058067 1.0000000180025095e-35 891.50000000000011 1388.0000000000002 91.500000000000014 5635.0000000000009 844.50000000000011 412.00000000000006 5515.5000000000009 5832.0000000000009 38813.500000000007 13.500000000000002 859.50000000000011 1190.0000000000002 231.50000000000003 0.30555556714534765 727.00000000000011 0.20402827113866809 679.50000000000011 705.50000000000011 886.50000000000011 1.0000000180025095e-35 412.00000000000006 412.00000000000006 3969.5000000000005 2413.0000000000005 122.50000000000001 1.0000000180025095e-35 0.38379521667957311 3969.5000000000005 0.083333335816860213 0.26664297282695776 922.50000000000011 56490.015625000007 38813.500000000007 1.5000000000000002 201.50000000000003 1068.5000000000002 1716.5000000000002 93.500000000000014 6555.0000000000009 21.500000000000004 76.500000000000014 4131.5000000000009 1954.0000000000002 1237.0000000000002 686.50000000000011 1.0000000180025095e-35 91.500000000000014 480.50000000000006 1237.0000000000002 45.500000000000007 60.500000000000007 1.0000000180025095e-35 1873.5000000000002 191.50000000000003 404.50000000000006 725.50000000000011 543.50000000000011 1188.0000000000002 844.50000000000011 839.50000000000011 0.47697626054286962 1613.5000000000002 785.50000000000011 1154.0000000000002 705.50000000000011 859.50000000000011 0.43456299602985388 11238.000000000002 27332.500000000004 9.5000000000000018 327.50000000000006 897.50000000000011 491.50000000000006 60.500000000000007 0.027777778916060928 1128.5000000000002 0.47697626054286962 201.50000000000003 1.0000000180025095e-35 98999.929687500015 206.50000000000003 1.0000000180025095e-35 69.500000000000014 656.50000000000011 0.2767071425914765 24.500000000000004 0.027777778916060928 404.50000000000006 1.0000000180025095e-35 1.0000000180025095e-35 384491.87500000006 132.50000000000003 0.47697626054286962 0.038888890296220786 150022.50000000003 148.50000000000003 1237.0000000000002 1237.0000000000002 201.50000000000003 967.00000000000011 1039.5000000000002 159.50000000000003 0.027777778916060928 23999.990234375004 788.50000000000011 656.50000000000011 2132.5000000000005 1290.5000000000002 0.84689703583717357 1237.0000000000002 1120.0000000000002 0.47697626054286962 0.038888890296220786
decision_type=2 2 2 2 2 2 2 2 2 2 2 2 2 2 2 2 2 2 2 2 2 2 2 2 2 2 2 2 2 2 2 2 2 2 2 2 2 2 2 2 2 2 2 2 2 2 2 2 2 2 2 2 2 2 2 2 2 2 2 2 2 2 2 2 2 2 2 2 2 2 2 2 2 2 2 2 2 2 2 2 2 2 2 2 2 2 2 2 2 2 2 2 2 2 2 2 2 2 2 2 2 2 2 2 2 2 2 2 2 2 2 2 2 2 2 2 2 2 2 2 2 2 2 2 2 2
left_child=2 4 9 10 8 29 14 13 25 -1 30 33 18 27 45 74 21 20 19 -7 101 22 83 35 -17 86 -14 105 -16 -3 -4 75 -19 -11 -31 -12 46 92 -39 87 102 -30 43 78 -45 63 49 52 80 50 -35 60 -48 54 106 -56 124 -53 59 100 91 62 -57 88 65 69 98 -68 -69 -51 85 97 77 120 -13 79 -77 -15 -20 -32 -49 82 -18 -8 -24 -9 -2 -29 -6 99 -26 -52 93 -38 -95 107 -85 -36 -67 -40 -59 -10 -25 110 -58 125 -54 -94 -60 -50 112 -112 113 115 -114 116 -66 -115 -34 -75 -44 -41 -100 -71 -55 -5
right_child=1 5 3 7 6 12 16 70 17 11 23 15 26 72 28 24 81 32 42 -21 -22 -23 84 40 90 -27 -28 39 41 34 31 -33 118 36 71 -37 37 38 89 121 -42 -43 73 44 -46 -47 47 48 109 64 51 57 53 56 55 61 104 58 108 -61 -62 -63 -64 -65 103 66 67 68 -70 123 -72 -73 -74 119 -76 76 -78 -79 -80 -81 -82 -83 -84 96 -86 -87 -88 -89 -90 -91 -92 -93 95 94 -96 -97 -98 -99 122 -101 -102 -103 -104 -105 -106 -107 -108 -109 -110 -111 111 -113 114 117 -116 -117 -118 -119 -120 -121 -122 -123 -124 -125 -126 -127
leaf_value=0 -0.0011293261908050815 0 0 0.018727453613984042 -0.003768472361132957 0.055685521500402228 0.017002418888345774 0.019640434322073207 -0.0025017340056792338 0 0.00016748310911416398 -3.0864988348240498e-06 0.049661878790380289 0.017991249634328688 -0.002248786368415666 0.018664413254366716 0.030936368949659333 -0.0019642563426202956 0.041125933168282912 -0.0032306388950765564 0.02990227945131111 -0.0049955290593191523 0.036208044666867015 -0.0012810791159035316 0.019309792107000855 -0.0015464915318833027 0.085621017494036861 0.018726060314219667 0.020257258827822523 -0.0024601555496914875 0 0.02040022577494217 0.017993220827793321 0 0.010744189486935047 0.019922888582232279 0 0.019649309168980708 0.020567121193171285 0.0364784312637179 0.028873110243297223 0.030017354079357707 0.05876864357614571 -0.0052119474002717244 0.048097753270010528 -0.0044473572206368099 0 -0.00077980736557293746 0.018700657838453174 0 0 0 0 0 -0.0010055890366327627 0.00010785261461725687 0.020802802723052009 0 0 -0.0010949962504982285 0 0 -0.0022424878562775394 0.018553211048733444 0 6.0833150821388803e-05 6.0506316149666227e-05 -0.0010435658817710123 0.020915903540829169 0 0.034101135472175283 0.057517219413797463 0.030604196856765409 0.06974784306021696 0.022652106168717042 0.01872292485380446 0.020799035557200047 0.018727770826565973 0.060001070591752664 0.030577646970686784 0.018725242612522622 0.04156021215332683 0.042369106300241793 0.024464542929826995 0.040358470426700772 0.031350141204927053 0.017319608664453437 0.018725743101637736 0.041831270338949733 0.042151109604009487 0.02826388751806759 0 0 0 0.025840362540904445 0.022761768198819844 0.029545542325652742 0.057955197805139524 5.7599336270345467e-05 0.020775031697350857 7.8195666521787665e-05 0.015554619941546825 0.018727453613984042 0 0.019608510907763388 0.032643911535007099 -0.0012355265294683739 0 0.027307869027545686 0.017717348215035782 0.020097951176211337 0.018608678620623063 -0.0012034410822286271 -0.0011231667530506478 0.0206451726972511 -0.00091426661089455256 0 0.019820036540919336 0.030599705079444307 0.021710760228923189 0.060913128950744369 -0.015846115389114453 -2.8488868348935281e-06 6.7043009584117694e-05 0.024208235075580661 0.018727453613984042
leaf_weight=196454 1912 888 19415 5839 829 581 9333 8455 988 21655 3996 4439 49420 2681 860 8269 30989 128 2004 312 5118 152 16076 188 8385 759 66162 7136 11587 261 8733 4978 2052 124587 960 5203 65355 4029 4326 4393 5034 13225 14482 416 900 115 11923 8265 8797 6367 50306 20953 5130 27265 7480 644 7200 6322 16793 2270 37805 8325 663 6956 14188 404 368 5151 1552 21637 14178 4035 7903 891 3210 11836 3811 7051 3716 627 7344 34704 21803 7776 24140 8998 2399 13601 151 1916 6932 38132 4216 15647 4602 5367 34151 1478 46 7253 878 4013 6868 7907 5272 941 627 18534 606 5759 7909 4491 9848 6672 16581 3258 6277 7718 9099 439 19516 194 92 737 2458 2772
leaf_count=196454 1912 888 19415 5839 829 581 9333 8455 988 21655 3996 4439 49420 2681 860 8269 30989 128 2004 312 5118 152 16076 188 8385 759 66162 7136 11587 261 8733 4978 2052 124587 960 5203 65355 4029 4326 4393 5034 13225 14482 416 900 115 11923 8265 8797 6367 50306 20953 5130 27265 7480 644 7200 6322 16793 2270 37805 8325 663 6956 14188 404 368 5151 1552 21637 14178 4035 7903 891 3210 11836 3811 7051 3716 627 7344 34704 21803 7776 24140 8998 2399 13601 151 1916 6932 38132 4216 15647 4602 5367 34151 1478 46 7253 878 4013 6868 7907 5272 941 627 18534 606 5759 7909 4491 9848 6672 16581 3258 6277 7718 9099 439 19516 194 92 737 2458 2772
internal_value=0.0148302 0.0350215 0.00711846 0.0159222 0.0300988 0.0420987 0.0319414 0.0229623 0.0152805 0.00561659 0.00754211 0.00645883 0.0430936 0.0186979 0.0231961 0.0135327 0.0335879 0.019852 0.0379093 0.00161796 0.0119126 0.0310112 0.0311414 0.0156838 0.0173596 -0.00401274 0.0450337 0.014841 0.0269318 0.0213648 0.00403329 0.00673651 0.0269742 0.00613385 0.0245757 0.00865791 0.00629659 0.00803455 0.0176212 0.017647 0.0210292 0.0278975 0.0386741 0.0314514 0.0117734 0.0112836 0.00586376 0.00408573 0.0106562 0.00631752 0.00702471 0.00819374 0.00151123 0.000408751 -0.00481851 -0.00918619 0.00324196 0.00465987 0.00182161 0.00796665 0.00953236 -0.00224198 0.0148764 0.0121716 0.00457492 0.00731678 -0.0067837 -0.00965126 -0.0115984 0.0110519 0.0300415 0.0263467 0.0263251 0.0401124 0.00173158 0.00461849 0.00741319 0.0221941 0.0359775 -5.28841e-05 0.00409024 0.0362861 0.0347589 0.0284392 0.0345855 0.0268975 0.00113544 0.0156215 -0.00662687 0.0215297 0.0216128 0.00825317 0.00655723 0.00744117 0.00322953 0.0038658 0.0295786 0.0166092 0.0306124 0.0196773 0.0130894 0.00214853 0.01578 0.00340009 0.00912396 0.00740099 0.00816296 0.00209647 -0.00152278 0.0176967 0.00394251 0.00790276 0.00318157 0.00479612 0.000853037 0.0094252 0.0114558 -0.00283494 0.0277233 0.0242801 0.0407315 0.0268023 -0.00648081 0.0130461 0.000773641 0.00575362
internal_weight=1.4682e+06 405776 1.06243e+06 154831 239315 166461 212847 84142 26468 907596 70689 711142 158839 52511 33723 31235 179124 21398 43257 893 10119 91628 91476 21289 23586 5070 115582 34876 25672 7622 49400 29985 11279 679907 6734 9199 658252 131245 17524 25324 12090 24812 42364 7036 1316 8051 527007 107152 30165 419855 298652 174065 76987 65064 22869 17112 42195 47822 26869 9470 126243 9632 1307 7936 121203 36354 7613 7071 6703 28741 31631 6473 17635 35328 7649 25007 15647 9732 5720 9360 15609 87496 52792 51260 40216 17453 4311 20737 980 13495 15317 88438 113721 85604 20249 28117 41927 2438 542 11579 7200 5001 7056 84849 12472 9552 5757 22750 17399 14556 76942 12400 64542 38113 26429 23723 20465 14390 11151 1330 33998 4587 138 22374 29723 8611
internal_count=1468203 405776 1062427 154831 239315 166461 212847 84142 26468 907596 70689 711142 158839 52511 33723 31235 179124 21398 43257 893 10119 91628 91476 21289 23586 5070 115582 34876 25672 7622 49400 29985 11279 679907 6734 9199 658252 131245 17524 25324 12090 24812 42364 7036 1316 8051 527007 107152 30165 419855 298652 174065 76987 65064 22869 17112 42195 47822 26869 9470 126243 9632 1307 7936 121203 36354 7613 7071 6703 28741 31631 6473 17635 35328 7649 25007 15647 9732 5720 9360 15609 87496 52792 51260 40216 17453 4311 20737 980 13495 15317 88438 113721 85604 20249 28117 41927 2438 542 11579 7200 5001 7056 84849 12472 9552 5757 22750 17399 14556 76942 12400 64542 38113 26429 23723 20465 14390 11151 1330 33998 4587 138 22374 29723 8611
is_linear=0
shrinkage=0.05


Tree=13
num_leaves=127
num_cat=0
split_feature=14 14 28 25 15 14 25 15 25 34 28 32 31 28 31 4 46 15 33 31 28 30 31 30 25 24 34 33 38 34 25 32 25 27 38 34 31 28 15 31 14 35 28 2 14 25 32 27 3 28 32 27 28 1 35 25 30 30 32 25 35 14 27 15 25 35 34 51 25 51 28 24 25 4 20 28 35 28 30 14 28 25 31 15 28 23 33 31 31 27 34 30 37 41 4 15 22 34 30 44 30 25 31 15 15 34 30 28 15 30 38 46 24 40 35 14 30 38 14 23 35 31 34 32 14 25
split_gain=89075.3 6685.28 5434.57 2833.91 2154.47 1293.35 1084.97 991.21 836.855 789.836 750.715 742.232 690.282 676.833 654.093 651.937 569.218 495.918 428.738 415.092 340.135 298.465 291.307 277.499 872.204 327.148 262.54 255.197 246.636 252.421 243.906 225.51 225.427 216.236 213.253 199.044 196.655 194.455 173.894 170.421 157.956 151.757 174.198 150.487 142.326 658.027 571.557 220.834 334.553 165.842 188.922 467.005 218.419 204.579 157.218 280.196 154.039 179.298 152.535 186.488 228.388 659.151 220.438 151.654 242.281 445.657 196.751 147.748 144.148 142.223 138.528 136.886 134.781 131.969 129.261 127.907 127.713 124.893 134.097 124.829 149.825 130.51 137.571 131.647 121.702 121.534 121.496 119.401 117.747 110.555 110.205 109.503 108.472 108.102 107.417 105.575 153.545 119.123 101.995 101.114 99.3102 96.8843 96.4243 96.3577 94.9595 94.7235 94.6702 96.4928 93.5183 93.2886 126.059 179.472 116.536 92.606 92.4283 92.0359 91.7004 91.5568 89.9658 89.8994 88.443 87.4456 86.7954 93.0738 83.6561 82.561
threshold=4.5000000000000009 11.500000000000002 658.50000000000011 91.500000000000014 50.500000000000007 3.5000000000000004 91.500000000000014 17.500000000000004 249.50000000000003 880.00000000000011 24.500000000000004 6555.0000000000009 412.00000000000006 769.00000000000011 1190.0000000000002 24.500000000000004 231.50000000000003 15.500000000000002 11238.000000000002 412.00000000000006 298.50000000000006 0.22812904417514804 412.00000000000006 0.68189269304275524 91.500000000000014 35700.718750000007 1376.5000000000002 38813.500000000007 13.500000000000002 1283.5000000000002 249.50000000000003 5515.5000000000009 201.50000000000003 9142.0000000000018 13.500000000000002 705.50000000000011 1367.5000000000002 839.50000000000011 44.500000000000007 1.0000000180025095e-35 6.5000000000000009 1954.0000000000002 658.50000000000011 1.0000000180025095e-35 2.5000000000000004 201.50000000000003 5266.5000000000009 1716.5000000000002 1.5000000000000002 47.500000000000007 6418.0000000000009 686.50000000000011 170.50000000000003 1.0000000180025095e-35 2086.5000000000005 76.500000000000014 0.47697626054286962 0.22812904417514804 4131.5000000000009 21.500000000000004 1954.0000000000002 1.5000000000000002 686.50000000000011 74.500000000000014 91.500000000000014 1873.5000000000002 1691.5000000000002 0.28958040475845342 148.50000000000003 0.1346254497766495 769.00000000000011 99011.089843750015 76.500000000000014 6.5000000000000009 234954.44531250003 86.500000000000014 1873.5000000000002 470.50000000000006 0.47697626054286962 1.5000000000000002 170.50000000000003 37.500000000000007 1228.5000000000002 47.500000000000007 694.50000000000011 0.96551769971847545 28295.000000000004 1352.5000000000002 1610.5000000000002 1423.5000000000002 1188.0000000000002 0.26664297282695776 11.500000000000002 6.5000000000000009 7.5000000000000009 10.500000000000002 384491.87500000006 1188.0000000000002 0.68189269304275524 165.50000000000003 0.19621697068214419 45.500000000000007 1.0000000180025095e-35 142.50000000000003 8.5000000000000018 824.50000000000011 0.38379521667957311 148.50000000000003 110.50000000000001 0.26664297282695776 13.500000000000002 282.00000000000006 49502.748046875007 5.5000000000000009 1954.0000000000002 2.5000000000000004 0.47697626054286962 2.5000000000000004 2.5000000000000004 0.93553286790847789 2685.5000000000005 1190.0000000000002 1451.5000000000002 6555.0000000000009 1.5000000000000002 21.500000000000004
decision_type=2 2 2 2 2 2 2 2 2 2 2 2 2 2 2 2 2 2 2 2 2 2 2 2 2 2 2 2 2 2 2 2 2 2 2 2 2 2 2 2 2 2 2 2 2 2 2 2 2 2 2 2 2 2 2 2 2 2 2 2 2 2 2 2 2 2 2 2 2 2 2 2 2 2 2 2 2 2 2 2 2 2 2 2 2 2 2 2 2 2 2 2 2 2 2 2 2 2 2 2 2 2 2 2 2 2 2 2 2 2 2 2 2 2 2 2 2 2 2 2 2 2 2 2 2 2
left_child=2 3 5 16 9 10 36 15 11 13 103 27 -9 35 32 34 21 28 124 31 -14 33 -12 44 79 -26 -23 94 29 105 86 39 -8 -2 88 -4 -7 102 41 -19 -13 42 -21 -28 47 54 85 48 49 -24 52 53 -51 -52 -46 106 57 92 -50 75 61 72 -63 122 66 -66 76 95 -62 -18 87 93 -61 -45 -35 -60 -65 100 90 81 -81 82 -25 -83 -40 -47 -16 -11 -3 -78 -79 104 -53 -27 -5 97 99 -49 121 -97 -69 -94 -15 -1 -17 -10 -56 -108 -54 110 111 -22 -113 -95 -77 -104 -98 -82 -37 -34 -57 -30 123 -59 -6 -55
right_child=1 7 4 8 18 6 14 12 17 70 22 40 20 37 30 91 69 19 -20 38 109 26 23 24 25 71 43 -29 98 -31 -32 -33 119 74 -36 118 -38 -39 84 -41 -42 -43 -44 73 45 46 -48 67 58 50 51 56 108 125 55 120 -58 63 59 60 68 62 -64 64 65 -67 -68 77 -70 -71 -72 -73 -74 -75 -76 114 89 78 -80 80 117 83 -84 -85 -86 -87 -88 -89 -90 -91 -92 -93 101 113 -96 96 116 -99 -100 -101 -102 -103 115 -105 -106 -107 107 -109 -110 -111 -112 112 -114 -115 -116 -117 -118 -119 -120 -121 -122 -123 -124 -125 -126 -127
leaf_value=0 -0.00096455607237036208 0.034364540062635465 0.017791080933284839 0.017027320557677823 0 -3.0950486930922609e-06 8.9018290708950816e-05 -0.0030691069503227288 0.025001004029511765 0.01882587620014688 0 0.025941897219262773 0 -0.0043121842934150693 0.018640845512931919 0.070630069903604639 -0.0016048488336191232 -0.0036943971774114266 0.020286077207753977 0.022803031640229635 0.037460985318661391 0.00029525642061553874 0 0 0.050786898722087498 0.031438773503154514 0.017212240754264953 -0.0041282999650502404 0.040865460626647337 0.037936113153857115 0.02951318405503614 -0.0054187173451625114 0.017793110912235382 -0.0024417269487986724 0.046871301569972462 0.017789687633520467 0 0.031213973972816868 0.016344828452529585 0.017044561753256932 0.028199378208151379 0.036120222134116219 0.029400736052060408 0.020447344852690754 0 0.017765624946530514 0.019036750530916326 0.01718076149055664 0 0 0 0 0 0 0 0.01960797685546628 0.024624011508507442 0 0 5.0279451831638135e-05 0 -0.00095530958480112441 -0.00095530958480112441 0 0.00011879399386177277 -0.0010949962504982285 -0.001411431780718267 0.034652149825670886 0.031870076685713136 -0.00066262987433619532 0.036492142009158388 0.032924491167068484 0 0.029291919665029288 0.045364907377443225 0.00013697772930754352 0 0.017811280130316312 0.037261987866834378 0 -0.0012104117537790331 0.026071832517157601 0 0 0.028048806889893741 0.018970265779290715 0.019528919764162798 0.030128593118577702 0.042114990757534665 0.00012682408536294018 0.019762714963660687 0.075329666335791301 0 0 0.022519303531517272 0 0 0.019045686869181649 0.090029531265610072 0 0 0.064426975592689714 0.016364307052240359 0 0.055643492636753049 0.028999974240092888 0 -0.0025171983176070036 0 0.050840275941894053 0.063675323153613086 -0.0041575429118692652 0.036327601780902219 0.028792435346516418 0 0.028013366015710941 -0.0021453597961232479 0.030852009102730428 0.017791080933284839 0.017786573032710643 0.021989326882026622 0.048998662395218912 0 -0.00097684129274262918 0.018217503890657672 -0.0010880827040388014
leaf_weight=94173 3675 14231 6982 10377 13573 3693 5036 400 10956 13864 26005 15895 928 47 9475 9221 675 117 6427 9357 584 2368 114580 3237 2335 627 1058 146 31142 31130 10467 218 4236 93 30397 6434 10002 5709 2239 889 14685 16118 21063 3546 24939 7951 14181 12077 8063 75454 50835 5018 41115 2642 13731 8960 1504 845 9194 569 13580 2096 3791 1030 386 3556 1868 1236 453 396 10069 3412 539 4206 493 405 8098 14831 823 4881 1143 7468 6499 1226 1400 10163 6006 6891 19348 525 2804 70944 526 1834 4829 95074 11002 3987 2104 6069 29806 654 5763 103494 1799 43171 940 504 20337 3481 1365 253 78 1494 706 7161 110 200 6668 9407 2845 21420 9032 8862 3318 3200
leaf_count=94173 3675 14231 6982 10377 13573 3693 5036 400 10956 13864 26005 15895 928 47 9475 9221 675 117 6427 9357 584 2368 114580 3237 2335 627 1058 146 31142 31130 10467 218 4236 93 30397 6434 10002 5709 2239 889 14685 16118 21063 3546 24939 7951 14181 12077 8063 75454 50835 5018 41115 2642 13731 8960 1504 845 9194 569 13580 2096 3791 1030 386 3556 1868 1236 453 396 10069 3412 539 4206 493 405 8098 14831 823 4881 1143 7468 6499 1226 1400 10163 6006 6891 19348 525 2804 70944 526 1834 4829 95074 11002 3987 2104 6069 29806 654 5763 103494 1799 43171 940 504 20337 3481 1365 253 78 1494 706 7161 110 200 6668 9407 2845 21420 9032 8862 3318 3200
internal_value=0.0145528 0.0344445 0.00692437 0.0294669 0.0184756 0.00581554 0.0130336 0.0426987 0.0308607 0.0228832 0.00535268 0.0247995 0.0244382 0.0181326 0.0168114 0.0435857 0.00943635 0.0323158 0.00532183 0.0281151 0.0282542 0.0118818 0.00610965 0.0063066 0.0106865 0.0233862 0.016174 0.0158281 0.0338589 0.0321773 0.0219475 -0.000649457 0.00967632 0.000620732 0.0398023 0.0117603 0.000722521 0.0249835 0.0288168 0.00933804 0.0293032 0.0296401 0.0275606 0.0201468 0.00607562 0.00799385 0.0135979 0.00579085 0.00645747 0.00694908 0.00770826 0.00603914 0.00891009 0.00899826 0.00450788 0.00715324 0.00203667 0.00145161 0.00208891 0.000510483 -0.00218969 -0.00957027 -0.0162296 3.34775e-05 0.00369881 -0.00700008 0.00735997 0.00433078 0.00148898 -0.0258099 0.0288571 0.0182154 0.0258054 0.022561 0.0288261 0.00602081 0.0102345 0.0066514 0.00990866 0.00568851 -0.000432994 0.00775606 0.00377923 0.0122089 0.0182861 0.00771195 0.0179603 0.026521 0.0370541 0.0122224 0.00898747 0.0465386 0.00927623 0.0118821 0.0164602 0.00343554 0.00289292 0.00722698 0.0364814 0.00350587 0.0047144 0.0229175 0.0215976 0.00262661 0.0418957 0.0301133 0.00265863 -0.00951804 0.0111232 0.0327793 0.024909 0.0105398 -0.0188614 0.00829152 0.0220457 0.021858 -0.00268581 -0.0152222 0.0153941 0.0130135 0.0129304 0.0360487 -0.00299081 -0.00627324 0.00113936 0.000136081
internal_weight=1.46755e+06 406795 1.06075e+06 253766 92906 967846 58322 153029 237256 69588 909524 45932 7089 38764 44627 145940 16510 191324 23318 51401 6689 15439 711857 685852 34356 9702 11178 15352 139923 85257 25948 1224 18679 4261 63976 20084 13695 18680 50177 1006 30580 46538 30420 8810 651496 84214 32295 567282 389463 350067 235487 98581 136906 56677 51919 26980 41904 40400 39396 31333 21028 6995 5887 34202 15463 3942 11521 177819 14033 1071 30824 7367 1108 7752 586 10305 9653 49500 18458 24654 6224 18430 9736 8694 3639 18114 15481 20755 33579 8623 17635 81964 6198 3955 15206 128319 112255 16064 54666 101143 31042 1180 12971 197667 11020 54127 15175 1444 61452 5761 2280 915 331 3328 1111 12924 11112 1343 13102 13643 11805 52562 18739 9707 16891 5842
internal_count=1467547 406795 1060752 253766 92906 967846 58322 153029 237256 69588 909524 45932 7089 38764 44627 145940 16510 191324 23318 51401 6689 15439 711857 685852 34356 9702 11178 15352 139923 85257 25948 1224 18679 4261 63976 20084 13695 18680 50177 1006 30580 46538 30420 8810 651496 84214 32295 567282 389463 350067 235487 98581 136906 56677 51919 26980 41904 40400 39396 31333 21028 6995 5887 34202 15463 3942 11521 177819 14033 1071 30824 7367 1108 7752 586 10305 9653 49500 18458 24654 6224 18430 9736 8694 3639 18114 15481 20755 33579 8623 17635 81964 6198 3955 15206 128319 112255 16064 54666 101143 31042 1180 12971 197667 11020 54127 15175 1444 61452 5761 2280 915 331 3328 1111 12924 11112 1343 13102 13643 11805 52562 18739 9707 16891 5842
is_linear=0
shrinkage=0.05


Tree=14
num_leaves=127
num_cat=0
split_feature=14 14 28 25 15 14 15 25 34 4 15 15 28 32 46 36 34 25 32 25 34 25 15 32 26 28 28 2 33 32 13 25 34 25 35 32 25 27 26 25 25 29 32 25 32 27 28 25 14 14 33 33 47 25 29 25 4 26 30 26 22 25 27 15 35 34 28 26 32 32 33 28 34 47 19 25 30 30 28 28 33 28 26 29 28 30 30 4 27 27 23 33 34 15 29 25 34 34 29 30 29 20 34 25 1 25 34 30 37 34 27 28 32 30 50 51 32 21 27 51 34 25 4 45 29 4
split_gain=84930.6 7429.72 5330.83 2551.63 2235.76 1288.36 1034.8 985.706 752.864 738.31 694.185 689.816 682.227 667.496 580.035 516.264 509.735 492.699 367.11 439.737 366.541 833.332 1079.83 634.336 487.199 341.61 307.451 263.113 261.393 257.703 257.242 638.705 475.503 333.905 487.049 669.792 441.275 327.225 432.591 270.67 231.495 222.449 218.508 216.139 213.906 468.95 303.754 205.24 200.204 195.83 191.753 189.622 187.011 176.192 266.605 172.869 170.573 169.793 167.814 167.386 156.358 154.962 154.373 153.071 602.19 326.047 192.727 175.405 149.922 137.394 315.104 161.407 136.951 133.727 130.968 134.378 129.131 126.591 126.498 126.322 124.261 123.904 123.224 123.737 123.223 125.474 121.114 120.5 190.742 171.523 116.83 113.593 112.794 112.619 112.404 109.869 108.923 108.624 107.121 106.807 276.377 181.84 104.92 124.77 104.28 115.734 104.235 101.055 174.003 98.568 98.4121 98.2846 136.591 98.0997 114.921 225.373 96.8197 99.2267 103.034 95.9766 92.6528 92.4274 91.2434 91.1693 90.5463 89.9425
threshold=4.5000000000000009 11.500000000000002 658.50000000000011 91.500000000000014 50.500000000000007 3.5000000000000004 17.500000000000004 91.500000000000014 880.00000000000011 27.500000000000004 155.50000000000003 20.500000000000004 790.50000000000011 5972.5000000000009 231.50000000000003 0.27897742390632635 858.50000000000011 1005.5000000000001 6555.0000000000009 249.50000000000003 788.50000000000011 266.50000000000006 39.500000000000007 5635.0000000000009 1039.5000000000002 298.50000000000006 496.50000000000006 1.5000000000000002 38813.500000000007 6189.0000000000009 1.5000000000000002 148.50000000000003 1237.0000000000002 21.500000000000004 1954.0000000000002 4131.5000000000009 69.500000000000014 1716.5000000000002 53.500000000000007 83.500000000000014 201.50000000000003 785.50000000000011 1.0000000180025095e-35 201.50000000000003 6555.0000000000009 686.50000000000011 170.50000000000003 83.500000000000014 2.5000000000000004 5.5000000000000009 19643.000000000004 16515.000000000004 1.9999985694885256 839.50000000000011 922.50000000000011 148.50000000000003 1.0000000180025095e-35 1128.5000000000002 0.55949327349662792 206.50000000000003 68999.988281250015 112.50000000000001 1855.5000000000002 74.500000000000014 1873.5000000000002 1237.0000000000002 403.50000000000006 808.50000000000011 7530.0000000000009 5972.5000000000009 38813.500000000007 694.50000000000011 1165.5000000000002 0.40434999763965612 25001.836914062504 393.50000000000006 0.68189269304275524 0.13103337585926059 769.00000000000011 878.50000000000011 38813.500000000007 148.50000000000003 404.50000000000006 785.50000000000011 86.500000000000014 0.10344827547669412 0.22812904417514804 2.5000000000000004 1716.5000000000002 510.50000000000006 0.93553286790847789 38813.500000000007 727.00000000000011 12.500000000000002 128.50000000000003 8.5000000000000018 1498.0000000000002 1120.0000000000002 345.50000000000006 0.26664297282695776 922.50000000000011 9758174.5000000019 1776.5000000000002 286.50000000000006 1.0000000180025095e-35 45.500000000000007 705.50000000000011 0.21993688493967059 11.500000000000002 705.50000000000011 121.50000000000001 470.50000000000006 4131.5000000000009 0.26664297282695776 0.23371841758489612 0.23763111978769305 1.0000000180025095e-35 41599.984375000007 3204.0000000000005 0.29791575670242315 705.50000000000011 69.500000000000014 7.5000000000000009 231.00000000000003 891.50000000000011 6.5000000000000009
decision_type=2 2 2 2 2 2 2 2 2 2 2 2 2 2 2 2 2 2 2 2 2 2 2 2 2 2 2 2 2 2 2 2 2 2 2 2 2 2 2 2 2 2 2 2 2 2 2 2 2 2 2 2 2 2 2 2 2 2 2 2 2 2 2 2 2 2 2 2 2 2 2 2 2 2 2 2 2 2 2 2 2 2 2 2 2 2 2 2 2 2 2 2 2 2 2 2 2 2 2 2 2 2 2 2 2 2 2 2 2 2 2 2 2 2 2 2 2 2 2 2 2 2 2 2 2 2
left_child=2 3 5 14 8 10 9 50 12 53 20 17 48 40 27 28 120 18 19 122 24 30 23 58 87 -17 29 57 -8 80 37 33 -33 84 35 61 -37 38 110 52 -9 -24 -28 -15 46 47 -40 104 93 -29 -7 -43 94 54 68 59 -26 86 -23 -47 107 -35 -25 65 67 95 77 97 -3 70 71 -44 78 -16 -58 -76 92 -67 -10 -14 -13 -54 -66 -84 -32 -86 125 89 -89 -1 -42 106 -19 -4 -36 -39 -41 -65 -34 100 -11 -102 103 -20 -46 -106 -21 108 -61 -50 -22 112 -97 114 115 -27 -91 118 -118 -120 -6 -62 -5 -57 -122 -2
right_child=1 6 4 11 16 7 15 13 72 99 -12 26 79 43 73 25 -18 76 102 91 21 22 41 62 56 113 42 49 -30 -31 31 32 98 34 39 36 -38 63 44 96 90 51 69 -45 45 55 -48 -49 109 -51 -52 -53 81 -55 -56 123 74 -59 -60 60 121 -63 -64 64 82 66 -68 -69 -70 -71 -72 -73 -74 -75 75 -77 -78 -79 -80 -81 -82 -83 83 -85 85 -87 -88 88 -90 116 -92 -93 -94 -95 -96 111 -98 -99 -100 -101 101 -103 -104 -105 105 -107 -108 -109 -110 -111 -112 -113 -114 -115 -116 -117 117 -119 119 -121 124 -123 -124 -125 -126 -127
leaf_value=0 4.513318241833926e-05 0.0334188650487433 0.01690191376419075 0.016227549942278732 0 -2.9484186237924479e-06 0.047700273563914736 0.020307548166937819 0.018406966952580522 0.073395655704935434 0 0.01671756283924208 0.026572289266162022 0.018044717938528708 -0.0005526880047739812 0 0.019156980358970111 0.037456981544256765 0.024974847923607754 0.019091907152011863 0 0.018441479494138355 0 0.046982823131815503 0 0.053237986727350063 -0.0035115897636545188 0.018262103549701123 -0.002915651602806592 0.025126598160830051 0 0.017971946832799356 0.049352966736075615 0 0.029629070935858981 -0.00090754410556106817 -0.0011232620077695633 -0.0012034410822286271 0 0.018818375722136908 0.016848770185079191 0.018968580131241836 0.015851492296505627 0.027671286011473475 0 0 0 0.032742058562250931 0.016901526886620596 0.024279472245461009 0 0.019759083779340048 0 0.045534707507087817 -0.0018047286039859223 0.021145781519322792 -0.001119908051712864 0.04618223441751905 0.033984875225450656 0 -0.0009279992281054977 -0.0014347436221433694 0.027346044807671183 0 6.3339004327822481e-05 -0.0012034410822286271 0.018189563468402611 0 0.042037522690862 0.029875620279006549 -0.0061030988234338198 0.026727730975081871 0.03195061663565265 -0.001524606391938167 -0.003232984611775909 0.019070676168497648 0.089443926760878381 0.019718748600003118 0.02903641257888926 0.042060735606092831 -0.0039333353346287488 -0.002262095682482482 -0.0010465066915827756 0.021063228642032014 -0.002165267389405551 6.5149920003765264e-05 0.015773768593657134 0 -0.00097108632923058021 0 0.016888072606918075 -0.0038185101953572241 0.051276710892947802 0.016816564643796536 0 0 0.02007301551276669 6.440632501744039e-05 0.016840866438759483 0.077452336499531524 0.014706485836687617 0.056225853042949192 0.038355607950485752 0.035025781596317647 0 0.026333272113665252 0.027344685348657617 0 0.05965228844334846 0.016901612412237914 0 0.019327625349370377 -0.0011432690281171958 0.047306903004098656 0.053588721124692464 -0.003806291550893617 0 0 6.4870286693889664e-05 0 0.017799014415932082 0 0.025972029408279904 0.046913668929922873 0.02077554124159816 -0.0012680188488255718
leaf_weight=31493 1546 16300 4628 7638 12426 3502 177 6261 14444 8173 168593 3624 10707 10228 350 942 6186 6176 22013 5277 86621 20381 10361 1474 6078 298 104 2914 351 6388 16727 14262 765 4447 2038 5159 8045 262 65814 5796 5134 7816 7982 11621 53249 5542 46127 999 4145 5369 10094 5203 1422 33601 436 807 13604 338 2259 688 7595 1550 13366 8978 850 244 7451 6366 24109 11713 159 11248 8730 723 8072 3422 1817 10117 7635 2319 101 1406 7836 978 70 1810 4117 3063 3674 2756 11207 60 31074 8330 14050 9914 4757 617 7876 61788 790 511 14342 37173 7846 1952 66909 11082 689 8619 95759 11140 17800 3363 1741 281 24841 9505 1690 655 3171 13658 3930 523 1762 1118
leaf_count=31493 1546 16300 4628 7638 12426 3502 177 6261 14444 8173 168593 3624 10707 10228 350 942 6186 6176 22013 5277 86621 20381 10361 1474 6078 298 104 2914 351 6388 16727 14262 765 4447 2038 5159 8045 262 65814 5796 5134 7816 7982 11621 53249 5542 46127 999 4145 5369 10094 5203 1422 33601 436 807 13604 338 2259 688 7595 1550 13366 8978 850 244 7451 6366 24109 11713 159 11248 8730 723 8072 3422 1817 10117 7635 2319 101 1406 7836 978 70 1810 4117 3063 3674 2756 11207 60 31074 8330 14050 9914 4757 617 7876 61788 790 511 14342 37173 7846 1952 66909 11082 689 8619 95759 11140 17800 3363 1741 281 24841 9505 1690 655 3171 13658 3930 523 1762 1118
internal_value=0.0141654 0.0335816 0.00671712 0.0283433 0.0181445 0.00561806 0.0422926 0.0128403 0.0226525 0.0432042 0.00515736 0.029662 0.0180137 0.0164438 0.00931375 0.0237233 0.00482669 0.0308975 0.0296494 0.0273867 0.0058159 0.0062771 0.0118394 0.0170996 0.00313583 0.0275158 0.0237891 0.0117903 -0.0238496 0.0162112 0.00568495 0.00323403 0.010446 0.000778794 -0.00139911 -0.00759566 -0.0138892 0.00614397 0.0067369 0.00263819 0.0104192 0.00340653 0.0262447 0.0226758 0.00824785 0.00662233 0.00976715 0.00928698 0.0132919 0.017849 0.00105876 0.00775745 -0.000940733 0.0397213 0.0375136 0.00241708 -0.00214411 0.00474007 0.0118328 0.00181624 0.000492256 0.00626053 0.0251343 0.00327844 0.00648758 0.0018338 0.00744129 0.0124518 0.0379332 0.0264868 0.0239023 0.0244822 0.0284866 -0.0262278 -0.00396424 -3.43655e-05 0.035924 0.00303008 0.026389 0.027337 0.00575689 -0.0127983 -0.00336244 -0.00511623 0.00647575 0.0186134 0.003015 0.00525502 -0.00113476 0.00586192 0.0135514 0.0288361 0.0352884 0.00891296 0.00114339 -0.000719525 0.00905374 0.0167216 0.0197018 0.0468425 0.0418926 0.0204788 0.0322284 0.0312978 0.00893055 0.00418908 0.0288933 0.00493976 0.0177148 0.0177369 0.00494267 -0.000501749 -0.00209623 0.0321383 0.0242209 0.0049128 0.00805877 0.00873768 0.0102753 0.0202955 0.000434642 -0.00211475 0.0183345 0.0201451 0.00623239 -0.00529072
internal_weight=1.4682e+06 407064 1.06114e+06 254203 93102 968037 152861 58047 69557 145708 909990 237728 38748 44451 16475 7153 23545 196409 157342 83814 741397 632544 60860 37480 108853 6625 41319 15402 528 10113 571684 90180 22903 67277 48670 19201 13204 481504 398951 29469 22602 23380 31206 21849 216571 104630 111941 64046 25722 8283 13596 13019 18916 74446 40845 40584 31176 7119 22640 39254 33712 5997 14840 82553 25625 56928 17812 15961 40409 31102 19389 19230 30809 1073 25098 11494 39067 10361 22079 13026 3725 2828 9664 8814 18607 1880 6781 77677 6737 70940 16341 72246 37250 12958 16088 39116 10553 9595 8641 71262 9474 1301 73528 59186 63047 9798 72186 12459 1377 12764 182380 38854 27714 5683 2320 579 39447 36691 27186 2345 17359 21253 11568 1330 4933 2664
internal_count=1468203 407064 1061139 254203 93102 968037 152861 58047 69557 145708 909990 237728 38748 44451 16475 7153 23545 196409 157342 83814 741397 632544 60860 37480 108853 6625 41319 15402 528 10113 571684 90180 22903 67277 48670 19201 13204 481504 398951 29469 22602 23380 31206 21849 216571 104630 111941 64046 25722 8283 13596 13019 18916 74446 40845 40584 31176 7119 22640 39254 33712 5997 14840 82553 25625 56928 17812 15961 40409 31102 19389 19230 30809 1073 25098 11494 39067 10361 22079 13026 3725 2828 9664 8814 18607 1880 6781 77677 6737 70940 16341 72246 37250 12958 16088 39116 10553 9595 8641 71262 9474 1301 73528 59186 63047 9798 72186 12459 1377 12764 182380 38854 27714 5683 2320 579 39447 36691 27186 2345 17359 21253 11568 1330 4933 2664
is_linear=0
shrinkage=0.05


Tree=15
num_leaves=127
num_cat=0
split_feature=14 14 28 3 28 14 1 3 31 31 28 28 28 31 31 31 28 31 1 7 4 28 35 31 28 35 33 33 59 3 46 28 31 16 29 19 19 33 38 38 29 28 31 4 4 28 28 28 29 7 31 31 29 24 42 35 3 28 35 48 22 14 59 22 28 38 24 33 37 24 37 22 40 1 28 14 31 33 35 14 47 38 28 50 4 29 31 24 28 22 28 35 38 40 28 31 39 28 28 22 29 29 14 35 29 20 29 28 31 4 51 31 33 46 33 29 29 29 28 31 33 31 33 22 31 42
split_gain=79002.5 7745.89 5420.03 2226.65 1441.95 1335.26 955.271 854.826 760.376 734.58 714.027 678.753 623.23 522.467 464.035 433.825 509.416 769.131 428.292 416.189 403.015 399.93 445.466 393.292 379.713 374.851 346.372 320.115 290.401 369.957 434.599 376.225 385.833 324.151 262.346 249.596 226.247 225.321 223.553 217.145 406.61 211.703 191.503 190.397 188.626 176.515 175.69 171.957 150.451 148.529 146.624 136.995 131.888 128.116 127.86 127.028 287.213 133.51 138.027 126.708 125.176 123.664 118.017 116.123 114.939 113.413 111.472 109.926 108.718 395.808 110.612 104.732 104.622 104.559 103.23 101.775 101.263 98.9269 155.74 97.0873 97.0737 97.0312 95.8582 106.41 95.5941 109.87 95.3138 95.2147 94.9084 94.6907 108.821 101.391 94.6853 89.6407 88.844 87.2954 87.208 84.7836 84.0854 86.7941 82.8844 82.7306 81.9104 80.8986 93.8518 79.9528 79.7793 78.8446 78.6739 78.6187 97.3041 86.0289 80.4355 78.5381 78.3139 77.9726 75.2556 74.0987 74.0489 72.8843 72.3669 70.7697 68.0324 68.0131 67.1297 65.4928
threshold=4.5000000000000009 11.500000000000002 658.50000000000011 1.0000000180025095e-35 189.50000000000003 3.5000000000000004 2.5000000000000004 7.5000000000000009 918.50000000000011 412.00000000000006 375.50000000000006 769.00000000000011 24.500000000000004 1272.5000000000002 412.00000000000006 686.50000000000011 516.50000000000011 1318.5000000000002 1.0000000180025095e-35 1.0000000180025095e-35 30.500000000000004 516.50000000000011 2046.5000000000002 1367.5000000000002 470.50000000000006 1561.5000000000002 38813.500000000007 38813.500000000007 4864.5000000000009 1.5000000000000002 87.500000000000014 375.50000000000006 1352.5000000000002 0.61538365483284008 886.50000000000011 25001.836914062504 25001.836914062504 27332.500000000004 19.500000000000004 13.500000000000002 922.50000000000011 242.50000000000003 579.50000000000011 1.0000000180025095e-35 6.5000000000000009 878.50000000000011 839.50000000000011 208.00000000000003 660.50000000000011 1.0000000180025095e-35 1352.5000000000002 1.0000000180025095e-35 615.00000000000011 269034.40625000006 17.500000000000004 1873.5000000000002 1.0000000180025095e-35 189.50000000000003 2413.0000000000005 0.008575409650802614 49839.984375000007 2.5000000000000004 4912.5000000000009 68999.988281250015 86.500000000000014 13.500000000000002 32002.862304687504 11807.500000000002 22.500000000000004 69002.062500000015 27.500000000000004 68999.988281250015 4.5000000000000009 1.0000000180025095e-35 375.50000000000006 1.5000000000000002 1.0000000180025095e-35 12515.000000000002 1954.0000000000002 2.5000000000000004 0.39341542124748236 13.500000000000002 262.50000000000006 0.1737620681524277 2.5000000000000004 365.50000000000006 686.50000000000011 32002.862304687504 769.00000000000011 49839.984375000007 375.50000000000006 2266.0000000000005 14.500000000000002 35.500000000000007 658.50000000000011 412.00000000000006 21.500000000000004 242.50000000000003 108.50000000000001 198999.85937500003 480.50000000000006 543.50000000000011 8.5000000000000018 1257.0000000000002 886.50000000000011 39041.539062500007 590.50000000000011 540.00000000000011 1352.5000000000002 1.0000000180025095e-35 0.28958040475845342 412.00000000000006 4581.5000000000009 27.500000000000004 12037.500000000002 156.50000000000003 897.50000000000011 922.50000000000011 9.5000000000000018 1.0000000180025095e-35 13416.500000000002 1888.0000000000002 10167.500000000002 21635.373046875004 1.0000000180025095e-35 124.50000000000001
decision_type=2 2 2 2 2 2 2 2 2 2 2 2 2 2 2 2 2 2 2 2 2 2 2 2 2 2 2 2 2 2 2 2 2 2 2 2 2 2 2 2 2 2 2 2 2 2 2 2 2 2 2 2 2 2 2 2 2 2 2 2 2 2 2 2 2 2 2 2 2 2 2 2 2 2 2 2 2 2 2 2 2 2 2 2 2 2 2 2 2 2 2 2 2 2 2 2 2 2 2 2 2 2 2 2 2 2 2 2 2 2 2 2 2 2 2 2 2 2 2 2 2 2 2 2 2 2
left_child=2 4 5 25 18 12 9 14 11 27 23 42 123 86 26 24 28 35 59 34 81 22 36 72 76 103 51 -3 29 30 68 37 52 53 -11 67 82 64 73 40 94 63 119 93 -20 -42 61 -25 -37 -24 65 -6 -33 -30 -38 105 57 58 66 80 -59 -13 102 -39 -31 122 -57 -18 89 70 -70 96 -7 95 -35 -73 -14 -77 97 -44 118 -8 83 -16 85 -78 -12 -60 108 -17 -91 -92 -52 -19 -21 -9 -66 98 -79 120 -49 -86 -40 -4 -105 -32 -34 -15 -10 110 112 -112 -26 -61 -50 -65 -84 -97 -2 -5 -100 -45 -23 -1 -63 -89
right_child=1 6 3 8 7 10 20 38 88 19 13 46 15 107 21 16 17 43 44 39 -22 50 49 47 109 -27 -28 -29 33 31 55 32 106 74 -36 48 54 41 62 -41 45 -43 79 121 -46 -47 -48 100 114 -51 92 -53 -54 -55 -56 56 -58 60 87 113 -62 124 -64 115 71 -67 -68 -69 69 -71 -72 75 -74 -75 -76 77 84 78 -80 -81 -82 -83 116 -85 101 -87 -88 125 -90 90 91 -93 -94 -95 -96 117 -98 -99 99 -101 -102 -103 -104 104 -106 -107 -108 -109 -110 -111 111 -113 -114 -115 -116 -117 -118 -119 -120 -121 -122 -123 -124 -125 -126 -127
leaf_value=0 -0.0020733571137340067 0.025633089266183403 0 -0.0099350870489217247 -0.0033011080881043308 -2.9634449996988277e-06 0.038007576897102852 -0.002032352813282361 0.018082741868711779 0 0.016032051833547473 0.014182793430463579 0 0.016845109759960984 -0.0012701343855253738 0 0 0.018771129590373043 0.018019519597284119 0.034083776834952853 0.078847745072809339 0.013960290288994591 0.015463502875622943 0 0 0.018206200115244126 -0.0048679109907974437 -0.0027698690226662624 0.015593854157526755 0 0 0.019158764109903997 0.028785776255669183 0.029378700919340126 0.059197885129301492 0.031448982654385053 0.015361373325438271 0.027745267651609076 0.052412402561143129 0.046199702883680249 -0.0045531583071199942 0.019069426732881117 0.016056592705100275 0.017074177253754798 0.030077561017858634 0.027609505168763482 0.02761123811787888 0.021580318754297532 0.017356584509732553 0.024871628900219524 0.027446155626637155 0.014663111073532834 7.4285883195698268e-05 0 0.021544590866774044 5.4719369456828191e-05 0.017902922788098331 -0.00099370123825583893 -0.00098531434528392899 0.0086535697924503829 -0.0011266364404558481 -0.0049220064297986303 0.090904759203229921 0 0 0.029875960697249345 0 0.01705570682454563 0.053507081143905504 0 0 0 0.018124143160847157 0.039286316073605825 0.043356211918325969 0 0 -3.2574960001882633e-06 0 0.016056450542289567 -0.0021421264781519237 0.045821994529764459 0.015006056789361583 0.012892515632075883 0 0 0.016059242540384527 0 0.035591538771035762 0 0 0.019051445802319718 0.037977461297261532 -0.0046406682284637043 0.037267924488540216 0.039145681188778425 0.026063421377810987 -0.001067098907381085 0 -0.00079765135838810524 0.017055838643794199 -0.00085424750045969369 0.04942315979305692 -0.0014375686801970007 0.021175747442274052 0 0.016602036560735389 0.024994634462960311 0.027572460336077343 -0.00096908591907519438 0 -0.0008905640065158156 0 0.02861001372248774 0.017091873358292275 0 0.042655738211875738 -0.010389420964381727 4.2876523297422295e-05 0.016056450542289567 -0.00086216690028301484 0.025391352490656605 0.022244090916638991 0 0.0253310414347395 -0.0029081521099991355
leaf_weight=143721 211 308 11522 58 104 4213 20513 161 10781 1135 4018 6530 8686 9005 197 138680 9088 1270 2543 9462 55922 9287 3759 8197 3872 4302 303 355 10968 9643 11641 1854 1466 2236 834 1407 6134 2325 8609 25990 530 5885 8252 12800 3618 284 6048 3375 7387 25754 42982 2021 9706 5601 8586 599 6826 4755 213 1197 3021 29 3647 6659 4760 28609 1812 14961 1794 15240 604 3019 3636 30757 1491 4770 30504 1306 11132 9293 724 23356 2703 368 4117 33566 12858 916 8582 207145 11570 1930 9673 253 14307 7205 1794 6065 371 951 5688 3865 10682 2901 2295 13439 7765 7109 7220 24311 1288 942 3507 990 9634 12052 221 122 2687 7100 3517 5134 39926 54149 8507 88
leaf_count=143721 211 308 11522 58 104 4213 20513 161 10781 1135 4018 6530 8686 9005 197 138680 9088 1270 2543 9462 55922 9287 3759 8197 3872 4302 303 355 10968 9643 11641 1854 1466 2236 834 1407 6134 2325 8609 25990 530 5885 8252 12800 3618 284 6048 3375 7387 25754 42982 2021 9706 5601 8586 599 6826 4755 213 1197 3021 29 3647 6659 4760 28609 1812 14961 1794 15240 604 3019 3636 30757 1491 4770 30504 1306 11132 9293 724 23356 2703 368 4117 33566 12858 916 8582 207145 11570 1930 9673 253 14307 7205 1794 6065 371 951 5688 3865 10682 2901 2295 13439 7765 7109 7220 24311 1288 942 3507 990 9634 12052 221 122 2687 7100 3517 5134 39926 54149 8507 88
internal_value=0.0138789 0.0326147 0.00669971 0.0182011 0.0272574 0.00558992 0.041501 0.028096 0.0223604 0.0360895 0.012939 0.018457 0.00512075 0.0177749 0.0263656 0.00581043 0.006351 0.0106443 0.010317 0.0367495 0.0443862 0.0266614 0.0227441 0.00658506 0.0029932 0.00387462 0.00465179 -0.0162042 0.00585454 0.00562346 0.00626056 0.00280613 0.0087511 0.0117212 0.0141918 0.006873 0.0165931 0.00114136 0.0332043 0.0376276 0.0342571 0.00479345 0.0128302 0.0188772 0.0195006 -0.000485198 0.0250399 0.010805 0.0112516 0.0265389 0.0280942 0.0117853 0.0026639 0.00872377 0.0193066 0.00151685 -0.00165907 -0.00651476 0.00140432 0.000575821 -0.0102101 0.0221487 0.0371083 0.00244793 -0.000935913 0.0267147 0.00833437 0.0035176 0.00680556 0.0106386 0.0295213 -0.00218243 -0.00269394 0.0308626 0.0250449 -0.00339195 0.00485824 -0.00432892 -0.0056698 0.0156423 -0.00516137 0.0407974 0.00514316 -0.0137055 0.00547305 0.00611588 0.0116256 -0.0123203 0.0290878 0.00661739 0.00726096 0.00291072 0.0301328 0.00190073 0.0354471 0.0255599 0.00356189 -0.00956954 -0.0137093 -0.0167479 0.0155515 0.000312574 0.0355472 0.000487197 0.00566675 0.00382554 0.0163735 0.0242145 0.0270231 -0.0014459 0.00238264 -0.00676875 0.005149 0.0100796 0.00995206 0.00113809 0.00878732 0.0263604 -0.00106794 0.00593663 -0.0200599 0.0203186 0.0252584 0.00263832 0.026112 -0.00587093
internal_weight=1.46837e+06 406776 1.06159e+06 93420 253780 968170 152996 241810 72400 53205 58099 45817 910071 32990 180627 712201 597543 61934 11970 52542 99791 178199 47722 25109 114658 21020 2428 663 535609 515313 420273 95040 20791 20296 1969 42477 18209 74249 61183 50573 24583 26921 24703 19457 6161 814 21114 17260 18428 29513 130477 2125 11560 16569 14720 43310 18230 11404 3628 5809 7776 15066 22938 21036 47328 77822 2411 24049 376963 17638 2398 37685 7849 38245 3727 31131 80738 28112 23342 17545 3622 43869 3489 565 72052 64070 16876 1217 26583 359325 220645 13500 52655 1523 23769 7488 6554 12210 6145 4839 9063 7982 19291 16718 5196 25080 9231 16114 18001 33920 9609 2230 7379 2187 17021 18711 2924 7327 2898 7158 3888 17934 49213 197870 8536 1004
internal_count=1468366 406776 1061590 93420 253780 968170 152996 241810 72400 53205 58099 45817 910071 32990 180627 712201 597543 61934 11970 52542 99791 178199 47722 25109 114658 21020 2428 663 535609 515313 420273 95040 20791 20296 1969 42477 18209 74249 61183 50573 24583 26921 24703 19457 6161 814 21114 17260 18428 29513 130477 2125 11560 16569 14720 43310 18230 11404 3628 5809 7776 15066 22938 21036 47328 77822 2411 24049 376963 17638 2398 37685 7849 38245 3727 31131 80738 28112 23342 17545 3622 43869 3489 565 72052 64070 16876 1217 26583 359325 220645 13500 52655 1523 23769 7488 6554 12210 6145 4839 9063 7982 19291 16718 5196 25080 9231 16114 18001 33920 9609 2230 7379 2187 17021 18711 2924 7327 2898 7158 3888 17934 49213 197870 8536 1004
is_linear=0
shrinkage=0.05


Tree=16
num_leaves=127
num_cat=0
split_feature=14 3 28 15 25 14 14 25 15 15 35 28 4 33 46 25 29 35 25 15 33 26 13 25 33 28 33 23 15 27 36 27 29 36 13 15 35 14 50 30 26 25 28 38 35 25 30 30 26 25 4 25 30 25 33 25 2 35 33 25 29 25 45 46 35 27 4 27 35 25 38 36 14 33 33 4 25 27 47 28 27 46 15 35 35 25 25 26 30 19 23 4 26 36 33 21 26 33 14 25 35 28 35 33 28 29 33 30 30 26 33 28 25 30 33 29 28 30 37 29 36 33 47 25 44 35
split_gain=74139.4 8242.87 5082.37 2102.9 1984 1367.66 1334.89 1106.44 721.054 711.144 574.252 704.051 550.11 532.989 503.602 442.085 412.595 347.262 1085.64 926.684 544.088 490.513 438.896 593.691 543.746 433.571 329.851 312.565 290.798 288.482 265.379 258.203 247.663 236.668 215.074 212.804 205.701 202.939 198.1 196.658 270.528 196.046 189.344 188.429 186.986 206.154 178.929 176.87 168.928 166.277 160.291 155.602 155.214 153.268 150.085 149.395 146.868 144.871 353.068 690.185 132.957 132.77 131.247 127.017 120.367 118.052 155.12 271.267 117.24 117.13 116.112 115.83 112.116 107.298 105.499 104.183 103.325 102.923 101.107 121.342 100.727 99.5978 99.4247 497.225 202.415 142.636 99.1857 98.9231 97.0873 89.9742 89.9026 89.3537 88.4931 86.7889 173.092 86.5678 132.887 85.0022 84.9303 79.0821 916.553 184.395 217.882 103.427 89.88 81.9258 78.7786 78.7201 78.5803 77.3445 77.269 75.0864 75.048 74.0332 74.0237 304.641 276.611 109.876 124.225 108.161 73.7742 73.2694 73.2222 73.1499 72.7175 72.3048
threshold=4.5000000000000009 8.5000000000000018 658.50000000000011 70.500000000000014 69.500000000000014 18.500000000000004 3.5000000000000004 122.50000000000001 130.50000000000003 17.500000000000004 1561.5000000000002 769.00000000000011 11.500000000000002 16756.500000000004 243.50000000000003 839.50000000000011 922.50000000000011 1481.0000000000002 235.50000000000003 50.500000000000007 19041.000000000004 984.50000000000011 1.5000000000000002 83.500000000000014 22029.000000000004 86.500000000000014 19643.000000000004 0.89037621021270763 24.500000000000004 1716.5000000000002 0.27897742390632635 159.50000000000003 785.50000000000011 1.0000000180025095e-35 1.5000000000000002 26.500000000000004 1561.5000000000002 8.5000000000000018 0.23126164823770526 0.26664297282695776 1128.5000000000002 52.500000000000007 839.50000000000011 8.5000000000000018 2206.5000000000005 201.50000000000003 0.55949327349662792 0.86991125345230114 1483.5000000000002 201.50000000000003 38.500000000000007 69.500000000000014 0.47697626054286962 201.50000000000003 16756.500000000004 249.50000000000003 1.5000000000000002 1954.0000000000002 13416.500000000002 21.500000000000004 76.500000000000014 148.50000000000003 231.00000000000003 81.500000000000014 2154.0000000000005 510.50000000000006 2.5000000000000004 1716.5000000000002 1954.0000000000002 459.50000000000006 13.500000000000002 1.0000000180025095e-35 2.5000000000000004 11238.000000000002 21546.000000000004 1.0000000180025095e-35 159.50000000000003 686.50000000000011 0.99999928474426281 170.50000000000003 7146.0000000000009 243.50000000000003 74.500000000000014 1873.5000000000002 2206.5000000000005 159.50000000000003 3015.5000000000005 1690.5000000000002 0.20402827113866809 99003.859375000015 0.94468268752098095 1.0000000180025095e-35 609.00000000000011 0.27897742390632635 38813.500000000007 25999.990234375004 1039.5000000000002 11807.500000000002 1.5000000000000002 91.500000000000014 1873.5000000000002 148.50000000000003 2413.0000000000005 4581.5000000000009 148.50000000000003 699.00000000000011 22029.000000000004 0.68189269304275524 0.47697626054286962 404.50000000000006 24614.500000000004 403.50000000000006 148.50000000000003 0.26664297282695776 19643.000000000004 345.50000000000006 170.50000000000003 0.26047860085964208 11.500000000000002 480.50000000000006 1.0000000180025095e-35 27332.500000000004 0.12098342180252077 393.50000000000006 22.500000000000004 1873.5000000000002
decision_type=2 2 2 2 2 2 2 2 2 2 2 2 2 2 2 2 2 2 2 2 2 2 2 2 2 2 2 2 2 2 2 2 2 2 2 2 2 2 2 2 2 2 2 2 2 2 2 2 2 2 2 2 2 2 2 2 2 2 2 2 2 2 2 2 2 2 2 2 2 2 2 2 2 2 2 2 2 2 2 2 2 2 2 2 2 2 2 2 2 2 2 2 2 2 2 2 2 2 2 2 2 2 2 2 2 2 2 2 2 2 2 2 2 2 2 2 2 2 2 2 2 2 2 2 2 2
left_child=2 4 6 10 14 15 8 26 17 50 11 34 27 49 39 16 28 21 22 20 46 65 29 25 76 -24 -8 53 54 31 -11 41 80 -13 120 70 -5 107 113 40 -2 -19 72 44 45 -29 98 -22 60 -9 -7 -28 121 68 -3 87 75 58 -27 81 -10 63 -63 114 -41 -1 89 -68 -6 -56 88 -55 -35 -50 -34 -23 -25 -61 122 -80 -21 -60 84 85 -31 91 97 106 -14 -67 -51 -84 -86 94 -46 96 -77 -39 -20 104 103 102 -102 -101 -62 108 -15 -17 -103 -85 -90 -30 -54 -32 116 -116 -33 118 -117 -120 -4 -26 -59 -58 -48 -106
right_child=1 5 3 36 12 9 7 13 48 30 -12 33 35 55 -16 37 -18 18 19 32 47 56 23 24 52 57 51 43 111 82 38 61 74 42 -36 -37 -38 86 -40 64 -42 -43 -44 -45 93 -47 124 -49 73 90 -52 -53 112 71 69 -57 123 78 59 77 99 62 -64 -65 -66 66 67 -69 -70 -71 -72 -73 -74 -75 -76 95 -78 -79 79 -81 -82 -83 83 109 92 -87 -88 -89 110 -91 -92 -93 -94 -95 -96 -97 -98 -99 -100 100 101 105 -104 -105 125 -107 -108 -109 -110 -111 -112 -113 -114 -115 115 117 -118 -119 119 -121 -122 -123 -124 -125 -126 -127
leaf_value=0 -0.00092072875403763224 0.030868844908310392 -0.0054816167464996389 0 0.011492900335238662 0.045013509255020928 -2.9695976914550889e-06 0.018534823458250929 0 -0.0026313755715329495 0.025396172680930008 -0.0047589053735091506 0.0018667224807347423 0.015922519463369072 -0.0020158047130290095 0.064766047951093891 -0.0043255003917639949 0 0.017182813022470655 0 0.018949832978429518 0 0 -0.00096597848277197446 0.015903345872756863 0 0 0.014711749962819105 0 0 0 0 0.018033851846581555 0.015422897676959816 0.015253628015175089 0.027885516641279237 0.017366688179312747 0.035681448342325242 0.064327088912475683 -0.0019906965054067318 0.042578964993098746 0.023061769946415119 0.028308487181894583 0.027715570288902341 0.028887588280095175 0.020569581798352009 0.042939536829162295 0.046102766390545419 0 0.015257515478238512 0.081893454056351497 0.017207090671166016 0.021726012033264856 -0.0020931459381086166 0.035754922463215814 0.025332322106913899 0.016009471331248169 0 0.00012703422164198747 -0.00086216690028301484 0 0.020094641540700009 0.039787349654336279 0 0.02174123247767823 0 0 -0.00089780099140123913 0.013761361740386774 0.039391246846323794 0.038604338455677747 0.020710762462782129 0.024064489363002525 0 0.017418718811353741 6.504099797466306e-05 0.017010852070882165 -0.00084803952802658077 0 -0.0032032644359488078 -0.0010051439143740823 -0.0021467915280783995 0 5.3987215454069214e-05 0.017860573031732357 0 0.099048829193473312 -0.023035528782508783 0.027935600360428709 0 0.015256206942765478 6.0172054111431359e-05 0.017488998065242522 0.024964761053979236 -0.0055197594808639328 0.0051638532186331137 -0.0010536347239780411 0.045927086758181128 0.016535331575365183 0 5.1983400983986785e-05 -0.00098549662544840573 -0.00088124184591215982 0 0 -0.0009502845924369732 0.015897132662194554 0.079053438196286741 0.00020639225424055982 -0.00099418135700363674 0.034613248781436727 0.031049253927399573 0.04064550665003696 0.10160925887980682 0 0 0 0 0 0.052577603523970208 0.015253606296824498 0.017536603569766419 7.3734445928675275e-05 0.018723502710743082 0.02360805718396923 0
leaf_weight=42696 4826 9988 66 13696 1606 30328 5158 3707 103832 219 29620 107 294 3802 799 11474 650 95556 5933 6779 18406 5303 19234 10779 6061 2298 7476 9774 547 33356 526 62637 7757 7304 12816 3105 2523 7474 849 731 472 801 6536 56129 314 48018 626 834 4108 4302 39623 6090 977 74 18951 10626 4231 7907 452 2934 61655 1790 1291 7622 4452 38600 2867 4863 3780 20732 15541 19640 8237 3065 2103 1734 7948 2797 2197 951 1703 31 3065 780 3422 4170 10369 71 11777 9131 9140 2216 7049 33205 120 11611 18115 29465 18820 5472 460 4887 134 21245 13952 833 7742 785 465 6630 10002 650 941 86 99999 10855 28245 26209 473 740 12442 7570 6374 2887 1734 6400
leaf_count=42696 4826 9988 66 13696 1606 30328 5158 3707 103832 219 29620 107 294 3802 799 11474 650 95556 5933 6779 18406 5303 19234 10779 6061 2298 7476 9774 547 33356 526 62637 7757 7304 12816 3105 2523 7474 849 731 472 801 6536 56129 314 48018 626 834 4108 4302 39623 6090 977 74 18951 10626 4231 7907 452 2934 61655 1790 1291 7622 4452 38600 2867 4863 3780 20732 15541 19640 8237 3065 2103 1734 7948 2797 2197 951 1703 31 3065 780 3422 4170 10369 71 11777 9131 9140 2216 7049 33205 120 11611 18115 29465 18820 5472 460 4887 134 21245 13952 833 7742 785 465 6630 10002 650 941 86 99999 10855 28245 26209 473 740 12442 7570 6374 2887 1734 6400
internal_value=0.0135104 0.0316422 0.00654906 0.0176909 0.025228 0.0395288 0.0054743 0.0128212 0.0050049 0.0449162 0.0211323 0.0177253 0.0263083 0.0175779 0.00479118 0.0360547 0.0326622 0.00581555 0.00639318 0.0124707 0.0162351 0.00361519 0.00556777 0.00217549 0.00713748 -0.00158926 0.00281429 0.0250752 0.033168 0.0062468 0.0127641 0.00681952 0.0029574 0.0242288 0.0120279 0.0315367 0.00132529 0.0389887 0.0204606 0.00770864 0.000933353 0.00463323 0.0245886 0.0259528 0.0245523 0.0228266 0.0116713 0.0226659 0.00256015 0.0109536 0.0456883 0.00690655 0.0140487 0.0199161 0.0337549 0.0226853 -0.000779265 -0.00580719 -0.0111541 -0.0173468 0.0028071 0.00769777 0.0180114 0.00756354 0.0146331 0.00557978 0.00710128 0.000529747 0.0124385 0.0351345 0.0325754 0.0219586 0.0215844 -0.00499017 0.00834626 -0.00205219 0.00139878 -0.0221851 -0.00319552 -0.0113068 -0.00330637 0.0400435 0.00307383 0.00633678 0.0018184 0.0139396 0.040475 0.0187639 0.0302425 0.00816543 0.0135392 0.0193984 0.00788313 0.0275169 0.0052868 -0.00314509 -0.00515112 0.0392604 0.0104167 0.00397431 0.00192694 -0.0144923 0.0121108 0.00609329 0.0048105 -0.0170482 0.0191262 0.0332524 -0.0193186 -0.0033596 0.0306278 0.00880879 0.0273682 -0.00121712 0.00777474 0.00704601 0.00888343 0.00325247 0.00720039 0.0223766 0.00736283 0.012174 -0.0014071 0.00579438 0.0248273 0.00769184
internal_weight=1.46843e+06 407375 1.06106e+06 93347 224659 182716 967712 58114 909598 71631 77128 47508 213379 39390 11280 111085 51518 683090 541052 64695 46353 142038 476357 79451 34276 45175 18724 172660 50868 396906 1680 336218 18342 22184 25324 40719 16219 59567 1461 10481 5298 96357 22077 147560 91431 57792 27113 19240 226508 17149 69951 13566 15549 25100 49671 22241 43881 25941 8512 6214 219335 239861 3081 236780 5183 98157 55461 7730 5386 39683 37614 19714 15541 7173 9860 36763 18727 5731 17429 3148 8482 483 60688 16861 43827 9451 47308 11615 22073 47731 13442 5281 10471 33639 434 31460 19849 36939 24753 115503 33496 6779 594 26717 82007 6185 11544 12259 5352 7410 21779 1197 1918 612 229158 138276 90882 38277 12068 1213 12508 13631 14281 7118 2360 20352
internal_count=1468434 407375 1061059 93347 224659 182716 967712 58114 909598 71631 77128 47508 213379 39390 11280 111085 51518 683090 541052 64695 46353 142038 476357 79451 34276 45175 18724 172660 50868 396906 1680 336218 18342 22184 25324 40719 16219 59567 1461 10481 5298 96357 22077 147560 91431 57792 27113 19240 226508 17149 69951 13566 15549 25100 49671 22241 43881 25941 8512 6214 219335 239861 3081 236780 5183 98157 55461 7730 5386 39683 37614 19714 15541 7173 9860 36763 18727 5731 17429 3148 8482 483 60688 16861 43827 9451 47308 11615 22073 47731 13442 5281 10471 33639 434 31460 19849 36939 24753 115503 33496 6779 594 26717 82007 6185 11544 12259 5352 7410 21779 1197 1918 612 229158 138276 90882 38277 12068 1213 12508 13631 14281 7118 2360 20352
is_linear=0
shrinkage=0.05


Tree=17
num_leaves=127
num_cat=0
split_feature=4 4 25 3 12 34 23 29 4 26 2 26 30 32 1 25 27 25 4 25 33 34 33 25 29 33 25 29 26 18 25 32 32 34 25 3 25 32 27 59 27 32 35 25 25 25 25 3 34 26 12 30 32 25 29 3 35 46 29 36 33 33 25 32 4 30 59 4 21 26 30 30 33 32 48 32 27 29 25 32 26 29 30 4 25 35 46 32 29 29 50 32 33 27 29 23 26 4 17 35 4 26 4 25 25 26 32 4 34 25 1 25 34 29 29 32 30 34 12 26 45 3 59 23 25 26
split_gain=67525.5 8592.49 4472.3 4223.55 2195.98 1520.67 1263.29 1187.33 1158.91 587.551 564.521 532.434 450.818 416.939 412.909 412.753 357.659 315.244 308.997 459.093 270.453 266.189 389.751 283.757 259.421 427.451 249.055 335.507 242.534 241.129 236.075 223.258 214.196 208.69 436.16 269.831 543.588 630.236 304.361 235.627 205.572 185.859 267.131 518.31 307.611 230.969 212.826 182.526 180.2 178.486 170.28 168.889 168.031 168.864 167.86 167.398 160.063 154.086 153.696 148.263 223.883 147.857 144.564 142.076 141.815 140.636 159.801 138.724 138.613 131.29 120.139 119.963 117.724 117.698 117.263 116.443 114.917 113.714 118.98 113.423 377.195 228.759 143.954 181.115 273.374 372.255 125.575 112.369 134.762 109.365 108.572 105.982 187.97 103.751 100.862 120.28 100.4 104.994 97.1126 136.294 355.726 227.19 231.174 153.514 141.809 132.51 110.895 100.213 95.8994 93.1519 92.409 144.259 148.504 92.066 91.4057 91.3178 91.0109 90.8414 90.8153 90.3503 89.525 89.3235 88.9222 87.809 86.7041 96.7397
threshold=5.5000000000000009 12.500000000000002 266.50000000000006 1.0000000180025095e-35 2.5000000000000004 858.50000000000011 0.8631320893764497 891.50000000000011 29.500000000000004 27.500000000000004 1.0000000180025095e-35 984.50000000000011 0.20402827113866809 5972.5000000000009 1.0000000180025095e-35 393.50000000000006 4860.5000000000009 839.50000000000011 4.5000000000000009 91.500000000000014 17585.000000000004 1326.0000000000002 38813.500000000007 112.50000000000001 798.50000000000011 12969.000000000002 839.50000000000011 922.50000000000011 679.50000000000011 19002.398437500004 491.50000000000006 1.0000000180025095e-35 6724.0000000000009 1691.5000000000002 122.50000000000001 1.5000000000000002 148.50000000000003 6418.0000000000009 1716.5000000000002 4864.5000000000009 260.50000000000006 4131.5000000000009 1954.0000000000002 21.500000000000004 69.500000000000014 112.50000000000001 83.500000000000014 1.0000000180025095e-35 705.50000000000011 93.500000000000014 3.5000000000000004 0.19621697068214419 1.0000000180025095e-35 839.50000000000011 859.50000000000011 1.0000000180025095e-35 1561.5000000000002 407.00000000000006 866.50000000000011 0.27897742390632635 38813.500000000007 38813.500000000007 459.50000000000006 1.0000000180025095e-35 3.5000000000000004 0.26664297282695776 4752.5000000000009 2.5000000000000004 50149.964843750007 105.50000000000001 0.2767071425914765 0.68189269304275524 13416.500000000002 5972.5000000000009 0.16666664928197863 5972.5000000000009 918.50000000000011 345.50000000000006 60.500000000000007 6555.0000000000009 206.50000000000003 455.50000000000006 0.55949327349662792 1.0000000180025095e-35 91.500000000000014 1904.5000000000002 553.50000000000011 6189.0000000000009 844.50000000000011 785.50000000000011 0.19847045093774798 5832.0000000000009 38813.500000000007 1716.5000000000002 891.50000000000011 0.8631320893764497 351.50000000000006 6.5000000000000009 3.1799435615539555 1873.5000000000002 1.5000000000000002 984.50000000000011 2.5000000000000004 219.50000000000003 159.50000000000003 404.50000000000006 1.0000000180025095e-35 1.0000000180025095e-35 1237.0000000000002 393.50000000000006 1.0000000180025095e-35 21.500000000000004 1237.0000000000002 922.50000000000011 866.50000000000011 1.0000000180025095e-35 0.23494966328144076 705.50000000000011 8.5000000000000018 435.00000000000006 277.50000000000006 1.0000000180025095e-35 4864.5000000000009 0.90910267829895031 249.50000000000003 1690.5000000000002
decision_type=2 2 2 2 2 2 2 2 2 2 2 2 2 2 2 2 2 2 2 2 2 2 2 2 2 2 2 2 2 2 2 2 2 2 2 2 2 2 2 2 2 2 2 2 2 2 2 2 2 2 2 2 2 2 2 2 2 2 2 2 2 2 2 2 2 2 2 2 2 2 2 2 2 2 2 2 2 2 2 2 2 2 2 2 2 2 2 2 2 2 2 2 2 2 2 2 2 2 2 2 2 2 2 2 2 2 2 2 2 2 2 2 2 2 2 2 2 2 2 2 2 2 2 2 2 2
left_child=2 6 9 24 10 7 11 14 26 -1 28 16 -8 15 48 67 57 21 33 -20 -21 22 23 90 -4 -26 27 32 -3 59 -16 -13 61 35 74 38 41 56 39 40 -11 45 43 49 -45 64 69 89 -5 -43 72 -41 -9 117 91 -36 -38 73 70 60 -10 -6 -23 -60 76 66 -61 -7 -68 108 -30 -15 -19 -2 -35 -28 -37 -53 -79 81 110 121 83 84 86 -86 119 88 -49 -33 -14 92 -12 -78 95 -17 97 -75 99 101 103 102 106 105 -102 -101 -40 -107 -44 -34 116 -112 -113 124 -27 -83 -81 -54 -31 -82 -51 -42 123 -108 125 -25
right_child=1 4 3 5 8 13 12 52 29 18 54 31 17 71 30 94 -18 50 19 20 -22 62 -24 113 25 114 75 -29 58 118 -32 47 109 34 55 36 37 -39 98 51 79 42 46 44 -46 -47 -48 87 -50 120 -52 77 53 -55 -56 -57 -58 -59 63 65 -62 -63 -64 -65 -66 -67 68 -69 -70 -71 -72 -73 -74 96 -76 -77 93 78 -80 80 82 115 -84 -85 85 -87 -88 -89 -90 -91 -92 -93 -94 -95 -96 -97 -98 -99 -100 100 104 -103 -104 -105 -106 107 122 -109 -110 -111 111 112 -114 -115 -116 -117 -118 -119 -120 -121 -122 -123 -124 -125 -126 -127
leaf_value=0 -0.0012379601163280156 0 0 -0.0018004409871756257 0.028975558522834913 0.016229451501341301 -0.002115654502961722 -0.0060948225386916136 0.068415662587371043 0 0.037708213379257574 -0.0028944521230413523 -0.0051278986545182734 0.02247209602610252 0.014491027863752785 0.015110027332642384 -0.0019236528203454247 0.027914780043277368 1.5432494174120251e-07 0.014392956733215695 0.014494217761892927 0.024274866183125222 -0.0055554226056376867 0.01336491347440805 0 0.016961637170286703 0.037688438069699383 -0.0022694703332708567 -0.0022083850729276628 0.061451824602475641 0.015017538322615466 -0.0025891252585773707 0.034192223938967613 0 0.018325182193954931 0 -0.00078846648549191873 0.014457791587468056 0 0.03465735912322998 0 0 -3.0864988348240498e-06 -0.00077665657886753499 -0.00093450988095614195 -0.0011551157900447525 0.016235494726311542 0.012626042838478525 0.014490942338135469 7.1998806469142441e-05 0.039907702075594416 0 0.013112369947263927 0.023096563318321269 0.041857197118369216 0.020539441691996053 0.015281836360192841 -0.0015008081220388588 -0.0047692126493896359 0.052124676134786524 -0.0024998067929563016 -0.0028319090378419827 0.033983918123748756 0.050456845020660862 -0.0010307755929793629 0.067125568309571434 -0.020265205835828172 0.014429460077376749 0.061136181750379825 0 0.04497153350419647 0.040961907009943066 0.035692787524759018 0.00021119433364579073 0 0.045539407445271865 0 -0.00077969270787633775 0 0 0 0 0.02618299547339999 -0.00088159926670022283 0.00011285429416868414 -0.00099097160670089677 -0.0014874961266044204 0.025022336442610517 0.020010475373973425 0.01959337487652666 0.015486833101591125 0.040895434697431426 -0.0036983525251020931 0 0.02248319966616881 0.02295935062234386 0.01304204848326479 -0.0010887944288931295 0 5.4640005160571642e-05 0.015595705883278528 0 -0.00083492958817600453 0.00011308100683610739 0.016128928580142643 -0.00088942645215982035 0 -0.0011439703821897842 0 0.037598121420195862 0 5.4404135201940073e-05 -0.0010336785688368614 -0.0017995821770461524 0.017199978041541102 0 0 0.014341365384820863 0.077798781353533922 7.4285883195698282e-05 -0.00087493279605568646 0 0 0 0.022018476349441332 -0.024000032261135496
leaf_weight=196363 1882 1002 16712 9147 15394 8689 1506 83 186 108607 5089 136 737 29083 10064 5712 430 14236 7625 6138 12107 45137 198 12196 26751 5652 26032 529 1128 28829 7188 753 12709 58167 1530 7526 11030 11474 3299 532 64484 2643 619 6276 10587 3713 11443 4029 16253 1092 8406 3410 3956 8392 20253 5707 13814 223 60 1800 124 58 10813 2829 1593 9581 186 14101 84 16001 1749 2792 10514 834 8504 18814 3215 782 3566 22775 7435 1771 2169 20039 288 2311 172 6492 8334 1457 1473 8665 97 882 9183 15749 3232 1118 13161 652 5935 20561 5550 2351 6848 6216 39463 5652 6968 21265 1507 170 1633 358 3012 46800 17834 6040 29675 340 102 39154 1319 2631 65197 59
leaf_count=196363 1882 1002 16712 9147 15394 8689 1506 83 186 108607 5089 136 737 29083 10064 5712 430 14236 7625 6138 12107 45137 198 12196 26751 5652 26032 529 1128 28829 7188 753 12709 58167 1530 7526 11030 11474 3299 532 64484 2643 619 6276 10587 3713 11443 4029 16253 1092 8406 3410 3956 8392 20253 5707 13814 223 60 1800 124 58 10813 2829 1593 9581 186 14101 84 16001 1749 2792 10514 834 8504 18814 3215 782 3566 22775 7435 1771 2169 20039 288 2311 172 6492 8334 1457 1473 8665 97 882 9183 15749 3232 1118 13161 652 5935 20561 5550 2351 6848 6216 39463 5652 6968 21265 1507 170 1633 358 3012 46800 17834 6040 29675 340 102 39154 1319 2631 65197 59
internal_value=0.0131841 0.0305333 0.00656023 0.0133272 0.0376946 0.0176781 0.0231429 0.0116584 0.0402611 0.00500603 0.0273168 0.0134783 0.024779 0.0219911 0.00707222 0.019291 0.00223407 0.0250212 0.00571266 0.0110705 0.0153765 0.0239564 0.0221097 0.0222831 0.0011049 0.00352801 0.0366509 0.0342216 0.0141243 0.045118 0.0130416 0.017572 0.0346456 0.00549685 0.00799635 0.00517183 0.00293495 0.00792979 0.00570243 0.00644022 0.00664479 0.000438274 -0.000955391 -0.00545867 -0.00923288 0.00502655 0.00170548 0.0179845 0.00301751 0.0111269 0.0293941 -0.00188719 0.022248 0.0225687 0.0299347 0.019655 0.00345333 0.00484902 0.0180703 0.0386457 0.00449855 0.0297626 0.026604 0.0262175 0.00812229 0.0395538 0.0277257 0.0141945 -0.00812662 -0.00100877 0.00988669 0.0265174 0.0273047 0.00614129 0.00673073 0.0393567 0.0100399 -0.00375672 -0.00911778 0.00749488 0.00592639 0.00828495 0.00186526 0.000982341 0.00628621 -0.00778923 0.0108901 0.019578 0.0167794 0.00438668 0.00461291 0.0256907 0.0200334 0.0167789 0.023081 0.0212032 0.0100297 0.0010732 0.00345742 0.00398643 0.000997863 0.00512125 0.00687295 -0.0042596 0.00711447 -0.00646121 0.00801923 -0.00766719 0.00440814 0.0368662 0.00895499 0.000919912 -0.00862126 0.0227849 0.0131802 0.0111166 0.00960979 0.0181766 0.0464411 0.0118256 0.0271711 0.00695782 0.00869081 0.00909142 0.0229018 0.0190406
internal_weight=1.46898e+06 405888 1.0631e+06 198559 206138 146432 199750 61123 165266 864536 40872 28920 170830 85309 42652 53434 7719 169324 668173 25870 18245 136168 80218 80020 52127 35415 94801 49955 6768 70465 17252 21201 49426 642303 73908 568395 108978 36318 459417 345779 337489 72660 55731 20700 16863 16929 35031 21065 25400 3837 33156 8290 18471 18388 34104 7237 24844 7289 5766 11961 310 15452 55950 2889 13216 11651 2070 22790 270 23588 2877 31875 24750 7066 66671 44846 11623 7758 4348 228882 76673 152209 32754 30585 10546 2599 7947 18855 12363 2210 2210 13851 5186 4097 30644 21461 5184 1952 113638 100477 27654 72823 52262 14871 12783 12520 46712 11868 7587 33974 43919 3310 1803 77810 8664 48571 40609 9996 58504 7775 1194 103638 43413 42094 77452 12255
internal_count=1468983 405888 1063095 198559 206138 146432 199750 61123 165266 864536 40872 28920 170830 85309 42652 53434 7719 169324 668173 25870 18245 136168 80218 80020 52127 35415 94801 49955 6768 70465 17252 21201 49426 642303 73908 568395 108978 36318 459417 345779 337489 72660 55731 20700 16863 16929 35031 21065 25400 3837 33156 8290 18471 18388 34104 7237 24844 7289 5766 11961 310 15452 55950 2889 13216 11651 2070 22790 270 23588 2877 31875 24750 7066 66671 44846 11623 7758 4348 228882 76673 152209 32754 30585 10546 2599 7947 18855 12363 2210 2210 13851 5186 4097 30644 21461 5184 1952 113638 100477 27654 72823 52262 14871 12783 12520 46712 11868 7587 33974 43919 3310 1803 77810 8664 48571 40609 9996 58504 7775 1194 103638 43413 42094 77452 12255
is_linear=0
shrinkage=0.05


Tree=18
num_leaves=127
num_cat=0
split_feature=14 8 28 15 25 14 25 12 32 14 15 46 15 32 28 32 25 1 9 27 25 13 26 24 32 25 35 32 28 38 25 38 19 59 9 39 35 32 25 32 15 30 26 32 30 13 14 32 33 35 30 35 33 59 26 30 58 28 28 9 28 33 29 32 30 37 13 25 28 35 28 35 42 25 33 25 22 19 32 33 38 15 35 30 42 9 15 25 35 32 33 33 28 27 32 24 46 24 30 35 27 13 29 59 24 24 30 33 26 32 15 35 14 32 9 15 9 9 28 59 32 51 29 14 29 30
split_gain=64800.2 9152.6 3964.04 1875.82 1763.44 1342.91 1740.12 1302.83 1146.67 1083.71 625.479 566.503 562.484 449.516 561.675 443.189 751.599 335.487 328.499 292.523 739.15 564.807 384.331 316.245 315.539 339.729 694.353 300.559 421.74 291.993 266.322 259.187 242.64 238.957 237.298 234.632 229.172 280.865 224.032 220.182 216.177 196.374 285.02 239.279 175.545 174.226 172.11 166.682 200.253 160.81 159.003 157.266 151.281 150.852 149.685 142.3 131.892 131.083 122.776 113.676 109.739 109.406 107.992 322.973 107.315 140.895 106.666 106.023 104.965 103.341 225.284 102.572 101.843 100.691 100.611 100.424 99.6847 107.479 97.7443 135.415 95.0921 93.5723 92.6434 90.4618 90.3127 88.9493 84.3519 101.694 168.477 83.8442 83.4892 83.2576 83.0221 129.727 82.2325 80.1917 79.8519 89.2972 79.4133 78.8182 77.6853 80.7116 76.2372 77.8166 85.2902 75.9758 74.6436 74.1675 74.1653 378.984 245.9 430.83 164.934 154.432 152.46 149.115 161.923 127.297 94.5346 84.9381 87.1405 82.9659 73.9768 73.7404 71.3373 70.7828
threshold=4.5000000000000009 0.16964285820722583 658.50000000000011 74.500000000000014 76.500000000000014 2.5000000000000004 201.50000000000003 6.5000000000000009 5635.0000000000009 9.5000000000000018 17.500000000000004 243.50000000000003 155.50000000000003 3478.5000000000005 769.00000000000011 6724.0000000000009 76.500000000000014 1.0000000180025095e-35 0.22777777910232547 1716.5000000000002 148.50000000000003 1.5000000000000002 41.500000000000007 35700.718750000007 4131.5000000000009 21.500000000000004 1954.0000000000002 7022.0000000000009 496.50000000000006 13.500000000000002 661.50000000000011 7.5000000000000009 25001.836914062504 4864.5000000000009 0.37222222983837133 41.500000000000007 2924.0000000000005 9198.5000000000018 69.500000000000014 1.0000000180025095e-35 30.500000000000004 0.25106544792652136 1128.5000000000002 6724.0000000000009 0.19621697068214419 1.5000000000000002 8.5000000000000018 6555.0000000000009 38813.500000000007 1561.5000000000002 0.20402827113866809 2685.5000000000005 11514.500000000002 4981.5000000000009 1483.5000000000002 0.26664297282695776 324.50000000000006 677.50000000000011 86.500000000000014 0.72777777910232555 516.50000000000011 38813.500000000007 512.50000000000011 6418.0000000000009 0.23494966328144076 22.500000000000004 4.5000000000000009 393.50000000000006 839.50000000000011 1954.0000000000002 86.500000000000014 2046.5000000000002 242.50000000000003 459.50000000000006 11238.000000000002 83.500000000000014 384491.87500000006 647067.50000000012 5635.0000000000009 38813.500000000007 13.500000000000002 41.500000000000007 2685.5000000000005 0.55949327349662792 31.500000000000004 0.061111113056540496 74.500000000000014 91.500000000000014 1873.5000000000002 1.0000000180025095e-35 28295.000000000004 17096.500000000004 170.50000000000003 579.50000000000011 1.0000000180025095e-35 129005.79296875001 243.50000000000003 198019.23437500003 0.29166504740715032 2126.0000000000005 686.50000000000011 1.5000000000000002 68.500000000000014 4864.5000000000009 269034.40625000006 269034.40625000006 0.30213068425655371 11807.500000000002 984.50000000000011 3843.0000000000005 44.500000000000007 1873.5000000000002 1.5000000000000002 3119.5000000000005 0.027777778916060928 10.500000000000002 0.027777778916060928 1.0000000180025095e-35 516.50000000000011 4864.5000000000009 1.0000000180025095e-35 0.28958040475845342 141.50000000000003 2.5000000000000004 615.00000000000011 0.26664297282695776
decision_type=2 2 2 2 2 2 2 2 2 2 2 2 2 2 2 2 2 2 2 2 2 2 2 2 2 2 2 2 2 2 2 2 2 2 2 2 2 2 2 2 2 2 2 2 2 2 2 2 2 2 2 2 2 2 2 2 2 2 2 2 2 2 2 2 2 2 2 2 2 2 2 2 2 2 2 2 2 2 2 2 2 2 2 2 2 2 2 2 2 2 2 2 2 2 2 2 2 2 2 2 2 2 2 2 2 2 2 2 2 2 2 2 2 2 2 2 2 2 2 2 2 2 2 2 2 2
left_child=2 4 5 13 11 12 15 10 32 17 18 41 19 14 45 -7 58 50 73 20 21 22 -1 -22 -23 69 38 61 40 47 55 82 60 62 80 -25 -32 -38 -27 -16 -29 42 -2 -43 -35 94 -20 48 -11 -5 -6 -18 67 -15 102 -12 89 81 -17 125 -8 76 84 -64 65 -65 -33 -34 123 70 -26 -71 105 -3 -56 92 83 -78 79 -57 -9 -49 -19 108 -24 -45 -66 -88 -89 -52 -10 -37 -28 -94 -4 -85 97 100 -58 -75 101 -60 -14 -104 -105 -42 -107 -62 110 117 113 114 -111 115 119 121 -117 -110 -114 120 -112 -21 -103 -41 -119 -48
right_child=1 7 3 49 9 6 8 34 90 29 30 -13 54 53 39 16 51 31 46 27 23 24 33 35 25 26 75 28 -30 -31 36 66 52 44 -36 91 37 -39 -40 68 72 43 -44 85 -46 -47 59 57 -50 -51 56 -53 -54 -55 74 78 98 -59 96 -61 107 -63 63 64 86 -67 -68 -69 -70 71 -72 -73 -74 99 -76 -77 77 -79 -80 -81 -82 -83 -84 95 -86 -87 87 88 -90 -91 -92 -93 93 -95 -96 -97 -98 -99 -100 -101 -102 122 103 104 -106 106 -108 -109 109 112 111 -113 118 -115 -116 116 -118 124 -120 -121 -122 -123 -124 -125 -126 -127
leaf_value=0 -0.00092257040033827072 0.030120275170936312 -0.0051175138598158762 0 -0.0024382161647145866 0 -0.0029489961131199658 0.035469317626942547 0.015281654584294058 0.02289957040600972 0 -0.001818831836360288 0 0.020485625614966172 -0.0042587467382050118 0 0.015221595764874255 0.018725621090253865 0.079861990156561785 -0.00085903807452783205 0.040959354836431157 0 0 0.00073295552012720756 0 -0.00077125861359914234 0 0.016386920786277934 0.015654317805045545 0.033777241738611331 0.056196211050134885 0.025042842768545966 0.014682109191427394 0.040119475470748615 0.070783827549331976 0.026060925121280661 -0.0043842286964412714 0.077334044045182709 -0.00088575223016536535 0.01280895428395777 0.016135138600778583 -0.0026881155563512581 0.041082259587898295 0.020419989593055257 0 0.01377385820826533 0.038074711229142688 0.027609005459453096 -0.0034052775623303446 0.01633931788075044 -0.0029149817908606483 0.018679590662212763 0.013771997062358189 0.045493977988003087 0 0.022688747163552406 0.01810315313459698 0.031581406353134542 0 0.11009974348665318 0.014751844301106168 -0.006522158249579588 0 0 -0.00083751930336521175 0.064012246113811497 0.029535857859268475 0.017850795975615598 0.024246999987412587 -2.9321738930828471e-06 0.00011708257023643097 0 -0.00099066476927665782 0.032844718064155579 0 0.017826296232401406 -3.0086027055715679e-06 0.015631285154447668 0.03561469646202179 -0.0037868220450649318 0.044746041769569991 -0.013520747809998873 0.026409595695070998 0.0080468296602198338 0 0.018549558875328147 4.4079963335011143e-05 0.00012244395338696296 -0.00094203662835217806 0.01573080487764186 0.026788692794250536 0.032092481719648153 -0.0022299607729952893 -0.0010098870375170137 0.013766374588795635 0.02877929932435886 -0.003045618996941462 0.026286146820273082 0.021867518736819514 0.038516342201230819 0 0.02904657348837282 0 -0.00074070807248252093 0 -0.0018176536471272231 0.016796666048359759 0.014258780859651505 0 5.0257195718704119e-05 0 -0.00089374522561269871 0.014830744102079586 0 -0.00085584147479280184 0 -0.00083452500108567281 0.013532081346476071 0.015416749687570761 0 0 0 -0.0010880827040388014 0.018041311574960403 -0.00094585784500840269 0.041768872152859696
leaf_weight=160006 4289 9998 74 13218 832 37737 3363 9079 18361 12591 1262 838 78382 36950 106 12049 18000 54319 5865 1088 2318 7856 222249 2680 2490 3693 7070 7927 7531 20808 5668 25417 7389 581 40401 1345 203 211 2826 6144 10244 993 515 1625 7225 9625 6263 11650 92 2232 64 5762 13965 2363 2908 314 18475 8019 812 8254 4201 99 25241 1213 6508 347 23504 2987 5578 623 376 8216 117 19315 2255 3121 9835 2928 939 104 13251 88 8380 1432 5100 4651 1772 137 1191 17265 7212 1747 1169 2360 10345 765 102 3038 29377 9000 5535 302 83425 1025 632 1748 1398 4530 9296 15777 1342 5192 3715 19510 1087 4033 370 1758 8778 945 25967 500 3355 6512 27586 33461
leaf_count=160006 4289 9998 74 13218 832 37737 3363 9079 18361 12591 1262 838 78382 36950 106 12049 18000 54319 5865 1088 2318 7856 222249 2680 2490 3693 7070 7927 7531 20808 5668 25417 7389 581 40401 1345 203 211 2826 6144 10244 993 515 1625 7225 9625 6263 11650 92 2232 64 5762 13965 2363 2908 314 18475 8019 812 8254 4201 99 25241 1213 6508 347 23504 2987 5578 623 376 8216 117 19315 2255 3121 9835 2928 939 104 13251 88 8380 1432 5100 4651 1772 137 1191 17265 7212 1747 1169 2360 10345 765 102 3038 29377 9000 5535 302 83425 1025 632 1748 1398 4530 9296 15777 1342 5192 3715 19510 1087 4033 370 1758 8778 945 25967 500 3355 6512 27586 33461
internal_value=0.0129221 0.0298729 0.00641308 0.0162645 0.0237337 0.00546486 0.00983621 0.0390221 0.0162317 0.0247393 0.0355027 0.00575048 0.00467123 0.0194286 0.0155792 0.00526167 0.00840045 0.0228637 0.0367127 0.0053384 0.0059716 0.0057144 0.00623999 0.0209571 1.49497e-05 -0.00219274 -0.00611416 0.00356262 0.00820453 0.0309963 0.0226862 0.024535 0.010535 0.00738535 0.0446803 0.0146905 0.0284269 -0.00747404 -0.0195495 0.0219026 0.00462791 0.00851024 0.000665057 0.0136943 -0.00123557 0.00979316 0.0392315 0.02803 0.0235546 0.000352425 0.0200376 0.0147796 0.0134113 0.0231868 0.00209779 0.00935245 0.0203149 0.0309026 0.00238339 0.0402203 0.0047457 0.00261575 0.0076405 0.010169 0.00308871 0.0152522 0.0272632 0.00883714 0.0223205 0.00458732 0.012838 0.00191139 0.000780701 0.0331726 -0.00628402 0.000269313 0.00265246 -0.00156271 0.0205917 0.000466396 0.0405415 0.0275338 0.0224061 0.00306908 0.00723555 0.0173029 0.00111312 0.00790136 -0.00255628 0.0165759 0.0243477 0.0240759 -0.00205159 -0.00831515 0.00531188 0.0131287 -0.000958225 -0.000613015 0.0216687 0.0346969 -0.00289331 -0.00779687 0.00236257 0.00339901 -0.00732907 0.00118707 -0.00560853 0.00770178 0.00289494 0.00175003 0.00417088 0.00692075 0.00614943 0.000446843 0.0092701 0.00746858 0.0122062 -0.00146855 0.0104414 0.00997714 0.0104872 -0.005664 -0.0109636 0.0198003 -0.00308392 0.0391096
internal_weight=1.46828e+06 407380 1.0609e+06 93147 243792 967755 148700 163588 62008 230881 100857 12911 819055 77697 38384 86692 48955 177633 92156 650428 479460 471370 431570 8090 39800 31944 20239 170968 28965 53248 8701 111620 36435 271564 62731 5772 6082 414 6519 18340 21434 12073 4804 7269 7806 20044 53843 32440 12683 15450 66013 23762 24341 39313 168627 2619 65181 19757 25193 47978 12094 142003 263758 36409 11168 1560 48921 10376 18234 11705 2866 8839 13507 38313 5163 13720 141904 12763 1357 418 22330 11738 62699 129141 227349 6276 9608 3100 1328 17329 25573 3092 10599 3529 10419 2197 13144 13042 47852 28315 10004 4469 163464 85082 1657 13390 3146 8731 126944 66910 60034 34533 28270 25501 29341 5991 4403 38640 12493 28254 27309 1588 3657 12656 29344 39724
internal_count=1468282 407380 1060902 93147 243792 967755 148700 163588 62008 230881 100857 12911 819055 77697 38384 86692 48955 177633 92156 650428 479460 471370 431570 8090 39800 31944 20239 170968 28965 53248 8701 111620 36435 271564 62731 5772 6082 414 6519 18340 21434 12073 4804 7269 7806 20044 53843 32440 12683 15450 66013 23762 24341 39313 168627 2619 65181 19757 25193 47978 12094 142003 263758 36409 11168 1560 48921 10376 18234 11705 2866 8839 13507 38313 5163 13720 141904 12763 1357 418 22330 11738 62699 129141 227349 6276 9608 3100 1328 17329 25573 3092 10599 3529 10419 2197 13144 13042 47852 28315 10004 4469 163464 85082 1657 13390 3146 8731 126944 66910 60034 34533 28270 25501 29341 5991 4403 38640 12493 28254 27309 1588 3657 12656 29344 39724
is_linear=0
shrinkage=0.05


Tree=19
num_leaves=127
num_cat=0
split_feature=13 4 4 25 25 28 15 15 13 25 15 15 31 31 4 25 31 28 31 34 35 46 46 30 34 26 25 15 32 13 25 25 35 32 34 27 27 4 59 29 31 29 28 26 50 31 31 25 4 25 27 25 27 35 31 33 34 30 29 31 4 34 4 27 38 19 25 34 47 34 59 28 31 49 31 32 29 28 59 15 34 26 26 4 26 25 30 29 25 1 26 26 31 28 32 27 4 31 15 35 34 28 24 27 4 29 34 25 35 28 35 34 29 25 34 29 25 29 31 1 4 25 1 30 30 29
split_gain=60403.7 7013.64 6034.83 2067.9 1513.37 1209.42 1087.7 1014.41 802.767 677.221 675.44 664.685 653.546 638.159 576.533 465.599 425.747 590.621 401.639 321.792 306.074 290.33 265.566 245.873 242.579 733.847 721.624 727.789 429.46 427.496 404.359 480.898 439.461 869.257 422.696 386.794 244.548 237.384 234.759 234.025 239.022 228.281 226.24 225.484 215.036 212.405 207.247 194.429 189.652 184.98 182.984 181.63 180.707 173.196 172.097 164.341 161.139 160.35 156.447 154.746 150.437 133.555 133.196 310.644 132.927 126.087 118.819 118.424 113.799 113.793 113.002 112.917 111.57 110.975 109.653 107.591 388.068 289.525 176.084 161.323 159.122 152.79 154.526 117.12 142.154 297.549 110.038 104.681 104.267 103.764 102.713 111.734 101.566 157.883 119.246 109.203 106.016 101.54 101.052 310.486 210.316 97.9244 97.7075 98.5771 112.276 96.6743 119.775 95.9923 976.453 290.753 302.511 191.667 139.292 95.3569 94.7053 91.863 109.139 91.346 89.2677 88.9873 93.9144 92.5435 88.8913 88.1263 88.0678 221.032
threshold=3.5000000000000004 17.500000000000004 3.5000000000000004 159.50000000000003 393.50000000000006 658.50000000000011 74.500000000000014 17.500000000000004 13.500000000000002 69.500000000000014 116.50000000000001 50.500000000000007 412.00000000000006 1367.5000000000002 10.500000000000002 69.500000000000014 1116.0000000000002 658.50000000000011 731.50000000000011 1529.0000000000002 2924.0000000000005 243.50000000000003 243.50000000000003 0.26664297282695776 858.50000000000011 984.50000000000011 235.50000000000003 50.500000000000007 5972.5000000000009 1.5000000000000002 83.500000000000014 21.500000000000004 1954.0000000000002 4131.5000000000009 1237.0000000000002 1716.5000000000002 181.50000000000003 79.500000000000014 4981.5000000000009 785.50000000000011 1.0000000180025095e-35 785.50000000000011 769.00000000000011 1483.5000000000002 0.23371841758489612 1577.5000000000002 1318.5000000000002 839.50000000000011 5.5000000000000009 839.50000000000011 510.50000000000006 60.500000000000007 1575.5000000000002 1561.5000000000002 412.00000000000006 11238.000000000002 1498.0000000000002 0.86991125345230114 76.500000000000014 1.0000000180025095e-35 46.500000000000007 806.50000000000011 2.5000000000000004 1716.5000000000002 13.500000000000002 69015.746093750015 132.50000000000003 1613.5000000000002 0.40434999763965612 1165.5000000000002 4752.5000000000009 516.50000000000011 1.0000000180025095e-35 0.28571425378322607 993.00000000000011 6555.0000000000009 345.50000000000006 170.50000000000003 4864.5000000000009 74.500000000000014 1451.5000000000002 206.50000000000003 435.00000000000006 1.0000000180025095e-35 206.50000000000003 91.500000000000014 0.86991125345230114 922.50000000000011 839.50000000000011 1.0000000180025095e-35 206.50000000000003 119.50000000000001 967.00000000000011 353.50000000000006 9198.5000000000018 3204.0000000000005 2.5000000000000004 1116.0000000000002 74.500000000000014 1873.5000000000002 1237.0000000000002 170.50000000000003 455100.00000000006 1716.5000000000002 1.0000000180025095e-35 866.50000000000011 952.00000000000011 91.500000000000014 1873.5000000000002 96.500000000000014 2413.0000000000005 1120.0000000000002 725.50000000000011 18.500000000000004 1560.5000000000002 455.50000000000006 148.50000000000003 543.50000000000011 1095.5000000000002 1.0000000180025095e-35 1.0000000180025095e-35 393.50000000000006 1.0000000180025095e-35 0.32757042348384863 0.27033102512359625 922.50000000000011
decision_type=2 2 2 2 2 2 2 2 2 2 2 2 2 2 2 2 2 2 2 2 2 2 2 2 2 2 2 2 2 2 2 2 2 2 2 2 2 2 2 2 2 2 2 2 2 2 2 2 2 2 2 2 2 2 2 2 2 2 2 2 2 2 2 2 2 2 2 2 2 2 2 2 2 2 2 2 2 2 2 2 2 2 2 2 2 2 2 2 2 2 2 2 2 2 2 2 2 2 2 2 2 2 2 2 2 2 2 2 2 2 2 2 2 2 2 2 2 2 2 2 2 2 2 2 2 2
left_child=2 4 5 13 9 10 18 8 37 21 24 16 -9 68 38 22 17 54 42 20 115 48 -15 44 25 50 29 28 52 35 31 -31 33 -33 -32 36 51 64 45 69 -41 -29 -7 58 70 49 47 87 -2 123 -1 -26 -28 -8 -5 -45 -17 -30 -12 -19 124 -56 65 117 67 102 -36 -3 -4 -13 -14 -63 -44 -34 -66 77 86 -38 -79 81 83 122 114 -81 -85 -86 89 -16 -18 90 91 -77 95 98 -95 96 -37 -43 100 -100 -94 -75 -52 -104 -105 106 -42 -60 111 110 -110 -109 -111 -102 -83 -11 -117 -64 -50 120 -27 -121 -78 -6 125 -10
right_child=1 7 3 11 14 6 53 12 60 19 43 39 23 15 46 56 88 59 -20 -21 -22 -23 -24 -25 26 119 27 41 57 30 34 32 73 -35 66 92 75 -39 -40 40 105 97 72 55 -46 -47 -48 -49 118 -51 62 -53 -54 -55 61 -57 -58 -59 107 -61 -62 71 63 -65 74 -67 -68 -69 -70 -71 -72 -73 -74 101 -76 76 79 78 -80 80 -82 82 -84 84 85 -87 -88 -89 -90 -91 -92 -93 93 94 -96 -97 -98 -99 99 -101 113 -103 103 104 -106 -107 -108 108 109 112 -112 -113 -114 -115 -116 116 -118 -119 -120 121 -122 -123 -124 -125 -126 -127
leaf_value=0 -2.8211178068823343e-06 0.031437856223989029 0 -0.0069423872818023483 0.017666397378828715 0.013077936981855099 0 -0.0041650172616192081 0.041714665655607254 0.026203455711544588 0 -0.0033602376533187969 0 0 0.023919359292993794 0.01331758043785668 0.019037331882195682 -0.0044234654880421958 0.017335897713689274 0.025231724048103539 -0.0049386817375148898 -0.0026085418596254917 -0.0018351721316997216 0.051806565618637723 0 0 0.030460351060042835 -9.3100180983415991e-06 0.014983512377125301 0 4.8298924138598726e-05 0 0 -0.00075148018940152485 0.016158534900300999 0 0 0.10975978564609955 0.0541973707465504 -0.0021279003546412385 -0.0050121513998417572 0.015430525711841307 -0.0040480174514549985 0 0.046984046268214313 0.0305386873387288 0.032686957333899556 0.031267148501804252 -0.0018736125213573013 0.027907081777739068 0 0.021561052195121388 0.014737707016026459 0.015782688332797546 0.012326028856588168 -2.5128597859352059e-06 0.015913006396533192 0.041383464430557508 0 0.019628355706055003 0.080205168314854247 0.014044579859984696 0 -0.00079318310876720427 0.038536172842573796 0 0.014200209556281387 0.038599890360325489 -0.0009612730062482683 0.012781860858699985 -0.0041910317875803486 0.013014153754976811 0.012633273279087776 -3.7894108667969711e-06 0.042864731642934785 0 0 0 -0.00077969270787633775 0 0 -0.00083751930336521175 0.022673520450969788 0 9.047992474028604e-05 -0.0010188440855644261 0.026084211009221148 -0.0051273490542443267 0.041605209968945234 0 4.4079963335011143e-05 0 -0.001086105576711336 6.0338708625705929e-05 0.015799469849333947 -2.5128597859352059e-06 -0.00088108801230215271 0.01533083942152009 5.7163451405859789e-05 -0.00085034623607454455 -0.0019454149973474524 -0.0028813687062588292 0 0 1.5043013527857841e-07 0.020182213400229583 0.014874615770950839 0 4.1764205889611826e-05 -0.00089235156643938617 -0.00084751521311613354 6.7033723848718236e-05 0.016295727634596201 0.016731018604883657 0.022210168916348399 0.011019821412190007 0.016844076180163783 4.2712375022984686e-05 0.01870276217787966 -0.0012840099370475945 -0.0009038710098994273 0.015629258704074112 -0.00098199464039501819 0.024444311146018756 0.043263879074274758 -0.00030330805245838422
leaf_weight=40212 2865 19384 12772 1042 20852 11880 13004 438 2366 5590 111853 2122 828 13362 12975 8860 57426 97 21969 26939 172 478 367 3764 98628 4033 981 6396 13685 17239 15108 1860 15101 6390 6847 8614 63763 7577 2572 190 1538 3963 61 4836 1690 10507 29444 19335 566 15835 32731 689 20680 2132 9010 3703 9988 733 100005 38230 27872 7533 1585 3768 12702 12027 6463 9537 2010 1320 240 13359 8773 1455 30543 51253 4630 32217 1430 2575 4434 8287 5846 764 1108 491 1728 308 8500 8502 6235 10452 5757 21402 3660 2527 1032 4147 1979 3146 92 730 549 298 763 2889 2090 30437 428 6903 129 929 944 5588 4763 4102 38676 664 4286 6522 24831 2123 637 8663 21756 400
leaf_count=40212 2865 19384 12772 1042 20852 11880 13004 438 2366 5590 111853 2122 828 13362 12975 8860 57426 97 21969 26939 172 478 367 3764 98628 4033 981 6396 13685 17239 15108 1860 15101 6390 6847 8614 63763 7577 2572 190 1538 3963 61 4836 1690 10507 29444 19335 566 15835 32731 689 20680 2132 9010 3703 9988 733 100005 38230 27872 7533 1585 3768 12702 12027 6463 9537 2010 1320 240 13359 8773 1455 30543 51253 4630 32217 1430 2575 4434 8287 5846 764 1108 491 1728 308 8500 8502 6235 10452 5757 21402 3660 2527 1032 4147 1979 3146 92 730 549 298 763 2889 2090 30437 428 6903 129 929 944 5588 4763 4102 38676 664 4286 6522 24831 2123 637 8663 21756 400
internal_value=0.0125933 0.0309526 0.00699055 0.0150452 0.0250532 0.00532529 0.0123289 0.0396115 0.0405915 0.0198872 0.00486211 0.0180018 0.0210047 0.00597129 0.0286407 0.00988102 0.0189283 0.0161907 0.0164127 0.0213694 0.0189368 0.00623482 0.00287674 0.0249759 0.00576668 0.0038499 0.00628192 0.0119333 0.0157361 0.00562234 0.00208019 -0.000991114 -0.00534714 -0.0148416 0.0067033 0.0063185 0.00700088 0.037432 0.0250756 0.00566011 0.0110994 0.00247448 0.0114171 0.00272688 0.0136308 0.0243952 0.0319969 0.0292505 0.0085777 0.0229105 0.00623988 0.00495781 0.011285 0.000812296 0.011052 -0.00526344 0.0149827 0.0224229 0.00299806 0.0203393 0.0454001 0.0117482 0.00818735 0.00118745 0.0365476 0.00909559 0.0132001 0.0339214 -0.00264475 -0.00493739 -0.00392753 0.0139428 0.0174772 -0.000815395 0.0383036 0.00797118 0.0069119 0.00918585 0.0129386 0.00241225 0.0079806 0.000252244 -0.00184668 0.0141542 0.0221933 0.0306704 0.00884219 0.024591 0.0218046 0.00856001 0.00921172 0.00982974 0.00240617 0.00123114 0.00373452 0.00642359 0.00884762 0.00804491 -0.00255674 0.00327701 -0.00517133 -0.0113473 0.0106387 0.0226663 0.0315663 0.0127119 0.00727516 0.00411336 0.00203532 -0.0131002 0.0218004 0.00609081 -0.0155784 0.00165402 -0.00487314 0.0191737 0.0183855 0.015893 0.0146009 -0.00205004 -0.00338292 0.00239963 0.00778322 0.0205707 0.042541 0.0341257
internal_weight=1.46807e+06 343262 1.1248e+06 192705 204165 932099 57819 139097 132137 83674 874280 145346 6960 47359 120491 32577 135197 69271 42683 75479 48540 8195 13729 6522 614113 130106 484007 50585 36079 433422 71193 42775 25536 8250 28418 362229 308432 79743 58429 10149 6707 14506 20714 260167 2758 55857 62062 32618 7717 45350 92597 99317 21661 15136 30944 8539 18848 14418 251628 38327 52394 29902 52385 6017 72166 46368 13310 28921 14782 3442 1068 20892 8834 17286 43245 209115 111705 97410 33647 33535 9372 24163 18896 4938 2363 1599 78170 13283 65926 76442 67940 61705 53797 41624 25062 12173 9646 8110 16562 5125 11437 2185 34341 1610 1061 6517 3628 139775 39770 8404 557 31366 7847 5680 13050 48368 42778 2249 4852 37509 28864 8645 5267 29515 24522 2766
internal_count=1468066 343262 1124804 192705 204165 932099 57819 139097 132137 83674 874280 145346 6960 47359 120491 32577 135197 69271 42683 75479 48540 8195 13729 6522 614113 130106 484007 50585 36079 433422 71193 42775 25536 8250 28418 362229 308432 79743 58429 10149 6707 14506 20714 260167 2758 55857 62062 32618 7717 45350 92597 99317 21661 15136 30944 8539 18848 14418 251628 38327 52394 29902 52385 6017 72166 46368 13310 28921 14782 3442 1068 20892 8834 17286 43245 209115 111705 97410 33647 33535 9372 24163 18896 4938 2363 1599 78170 13283 65926 76442 67940 61705 53797 41624 25062 12173 9646 8110 16562 5125 11437 2185 34341 1610 1061 6517 3628 139775 39770 8404 557 31366 7847 5680 13050 48368 42778 2249 4852 37509 28864 8645 5267 29515 24522 2766
is_linear=0
shrinkage=0.05


Tree=20
num_leaves=127
num_cat=0
split_feature=3 14 14 2 25 28 15 25 15 32 31 25 4 25 31 28 31 25 29 31 35 25 32 26 23 3 27 25 32 28 46 32 23 15 32 14 46 31 31 33 27 23 32 35 14 28 22 33 25 35 28 25 14 32 31 30 29 25 35 28 35 28 29 25 18 31 30 25 51 32 25 26 31 59 30 4 27 27 21 22 15 32 31 28 25 25 59 30 29 27 33 35 27 29 59 14 29 29 23 30 14 32 29 32 31 28 27 33 15 59 30 30 32 26 30 15 35 28 25 4 15 35 30 25 59 33
split_gain=56216 6401.87 6280.2 1905.79 1745.65 1458.09 1123.61 1064 624.235 572.222 506.668 418.954 417.68 406.357 399.87 387.493 356.266 355.409 338.813 338.746 330.763 1020.94 708.974 682.441 386.557 332.232 477.261 405.906 473.935 362.132 326.233 323.615 234.573 230.291 229.83 228.473 217.464 215.032 212.886 239.039 212.339 206.405 205.751 256.659 399.212 204.321 201.057 199.98 196.088 194.917 188.879 175.579 170.118 167.134 166.901 158.779 147.074 181.103 1127.5 256.751 332.475 221.337 201.904 144.462 143.38 156.584 142.196 141.605 139.691 133.625 167.397 130.397 124.98 124.508 122.561 121.927 219.689 207.17 179.721 156.936 121.897 121.365 159.581 157.831 119.847 117.055 116.347 115.647 140.55 114.978 114.647 112.263 112.043 105.668 104.518 113.492 103.751 102.965 101.679 101.147 100.338 96.1531 94.23 100.631 93.232 178.591 93.2285 92.1347 90.9691 89.7902 109.725 130.611 99.5024 387.487 303.869 302.642 305.804 272.19 219.701 209.821 172.005 136.645 114.47 111.711 105.376 89.2293
threshold=4.5000000000000009 3.5000000000000004 10.500000000000002 8.5000000000000018 91.500000000000014 658.50000000000011 74.500000000000014 459.50000000000006 98.500000000000014 5832.0000000000009 412.00000000000006 1.5000000000000002 36.500000000000007 69.500000000000014 731.50000000000011 806.50000000000011 412.00000000000006 839.50000000000011 922.50000000000011 1367.5000000000002 1481.0000000000002 235.50000000000003 5972.5000000000009 1039.5000000000002 0.8631320893764497 1.5000000000000002 1716.5000000000002 83.500000000000014 8208.0000000000018 108.50000000000001 243.50000000000003 5515.5000000000009 0.95228004455566417 50.500000000000007 5515.5000000000009 2.5000000000000004 231.50000000000003 1.0000000180025095e-35 1888.0000000000002 38813.500000000007 181.50000000000003 0.94468268752098095 4131.5000000000009 1954.0000000000002 1.5000000000000002 769.00000000000011 52890.167968750007 27332.500000000004 60.500000000000007 1561.5000000000002 496.50000000000006 839.50000000000011 2.5000000000000004 7530.0000000000009 1318.5000000000002 0.28542986512184149 68.500000000000014 91.500000000000014 1873.5000000000002 108.50000000000001 2413.0000000000005 470.50000000000006 785.50000000000011 517.50000000000011 19002.398437500004 412.00000000000006 0.86991125345230114 459.50000000000006 0.28958040475845342 8711.0000000000018 159.50000000000003 1128.5000000000002 1.0000000180025095e-35 4912.5000000000009 0.86991125345230114 2.5000000000000004 1716.5000000000002 510.50000000000006 35699.990234375007 341099.76562500006 162.50000000000003 9198.5000000000018 967.00000000000011 375.50000000000006 393.50000000000006 122.50000000000001 4912.5000000000009 0.38379521667957311 238.50000000000003 1716.5000000000002 11807.500000000002 1849.5000000000002 686.50000000000011 922.50000000000011 4981.5000000000009 7.5000000000000009 238.50000000000003 785.50000000000011 0.93553286790847789 0.25106544792652136 5.5000000000000009 5515.5000000000009 897.50000000000011 5019.5000000000009 1190.0000000000002 516.50000000000011 10042.500000000002 38813.500000000007 12.500000000000002 4864.5000000000009 0.19621697068214419 0.47697626054286962 6555.0000000000009 206.50000000000003 0.47697626054286962 74.500000000000014 2340.5000000000005 170.50000000000003 91.500000000000014 1.0000000180025095e-35 13.500000000000002 2413.0000000000005 0.24130119383335116 21.500000000000004 1395.5000000000002 4581.5000000000009
decision_type=2 2 2 2 2 2 2 2 2 2 2 2 2 2 2 2 2 2 2 2 2 2 2 2 2 2 2 2 2 2 2 2 2 2 2 2 2 2 2 2 2 2 2 2 2 2 2 2 2 2 2 2 2 2 2 2 2 2 2 2 2 2 2 2 2 2 2 2 2 2 2 2 2 2 2 2 2 2 2 2 2 2 2 2 2 2 2 2 2 2 2 2 2 2 2 2 2 2 2 2 2 2 2 2 2 2 2 2 2 2 2 2 2 2 2 2 2 2 2 2 2 2 2 2 2 2
left_child=1 5 7 10 19 8 14 13 20 15 31 -12 -5 30 37 35 34 18 47 71 23 25 24 75 50 26 40 29 -29 -27 53 -4 55 74 72 -9 99 -7 39 52 48 -25 -31 44 -44 108 -20 -13 -22 -8 -23 93 -15 -2 -19 102 -10 96 61 60 -60 125 80 69 65 101 -26 -43 90 70 91 -3 -6 -53 -24 77 -77 -1 79 -79 -61 82 -28 -84 -49 -80 107 -45 -89 -81 -63 -34 -46 -17 95 -11 -58 -35 -54 -21 -101 -14 103 -18 105 -57 -92 -37 -39 112 -111 -112 117 120 115 121 118 -42 119 -117 123 -115 -122 -114 -116 -59
right_child=2 4 3 12 16 6 49 9 56 94 11 17 64 38 -16 51 32 54 46 36 21 22 33 41 66 27 81 28 -30 42 -32 -33 63 97 -36 86 -38 45 -40 -41 109 67 43 87 92 -47 -48 84 -50 -51 -52 73 98 -55 -56 104 57 58 59 62 -62 68 -64 -65 -66 -67 -68 -69 -70 -71 -72 -73 -74 -75 -76 76 -78 78 85 89 -82 -83 83 -85 -86 -87 -88 88 -90 -91 106 -93 -94 -95 -96 -97 -98 -99 -100 100 -102 -103 -104 -105 -106 -107 -108 -109 -110 110 111 -113 113 114 124 116 -118 -119 -120 -121 122 -123 -124 -125 -126 -127
leaf_value=0 -0.001099296810100189 -0.00035037797325969183 0.02000111960185269 0.03693922185249731 -0.0029199160805552364 -0.0040224614265322277 0 0.017289578514520201 0 0.036406860592029147 0 0.023826227323046491 0.075135885144943917 -0.0043327822911224763 0.017032570400928142 0.018097083990499734 0.0071803862572409399 0.031101322183914829 -0.006596010818639979 0 0 -0.0015295419208064748 0.014662118222391461 -0.00083721319215820759 0.013851340505954969 0 0 0.011490085353191805 0.014889365119013957 0 -0.0026176657959226532 -0.0041345680993129979 0.012032168861972756 0.015399536144680688 -0.0081483259927360146 0.024062079202608569 -0.0017117108434929144 0.012423846086390898 0.024420102839698019 -0.0054173538356387645 0 -0.0011647972246600624 8.6598308183432983e-05 0 -0.00068557887438483575 0.012756565660559408 0.053168842163415699 0.028539901865973501 0.02048299958536532 0.015001232433935488 0.014079192056909405 0.0316394184725175 0.012862860838097451 0.019717125362549777 0.038667101702352949 0.012150057674649247 0 0 4.4714094121992663e-05 -0.00085829457336603565 -0.00080513945246032687 0 0.016534628777919336 0.022081453485836337 0.069488220458467628 0.069777804332617099 0.036509364698861048 0.015411244920316869 0 0.019810076961572744 0.012852918706087433 0.032358296938707974 0.0077602568415958808 0.067850357354484456 0.041219336148133369 0 -0.00075352395332884401 0 0 0 -0.00090145298186986825 0.015149361684967928 -0.00096846129354794691 0.013996089538661591 0.033490047796912413 0 0.052425188989792752 0 -0.0021370014896770835 1.4290862851464946e-07 0 0.012986771625187445 -0.00068628524299765739 -0.012176963018476289 0.063403309050570816 0.035149722434612472 0 0.014473881083581917 0.01840707483567788 0.016462370277812156 0.012792364457293435 -0.0031224272965639996 0.019375107154355309 0.011766553554774593 0.017699989382226573 0.013323779042967294 -0.00085265969823798476 -0.013032208683166345 0.012423890987339989 0.047347421124060152 -0.00074070807248252093 0.026092382422901291 0 -0.00079564333819695109 -0.0012547456384680595 0 -0.0013656460322239172 0 -0.00084524973502177712 8.5955928503271745e-05 0 0.022615086954649522 0 -0.00098199464039501819 0.026207905475739524 0
leaf_weight=34594 1504 5327 490 27461 160 151 13106 2699 108018 14117 671 26203 74 983 26582 2494 4656 22451 698 6327 83888 4007 16766 18848 16414 28253 11721 28109 10808 1835 481 293 3407 2398 223 30407 437 3954 24280 140 57164 12831 552 10084 2326 10428 379 11268 601 2209 13857 18845 4570 3555 18577 2450 90310 4300 475 7336 150 8887 1014 28320 41588 6602 548 3023 3607 15610 46510 213 1994 2373 786 4486 5521 26210 8097 756 3744 6333 15775 15923 13844 6862 3159 3008 1889 1232 2935 4469 3055 309 1750 16375 50416 2685 32948 8382 2135 78 2176 7271 16057 12010 349 46 9512 289 3606 1021 4119 12304 699 632 2116 28700 737 1364 38748 8485 22493 3210 2964 28258
leaf_count=34594 1504 5327 490 27461 160 151 13106 2699 108018 14117 671 26203 74 983 26582 2494 4656 22451 698 6327 83888 4007 16766 18848 16414 28253 11721 28109 10808 1835 481 293 3407 2398 223 30407 437 3954 24280 140 57164 12831 552 10084 2326 10428 379 11268 601 2209 13857 18845 4570 3555 18577 2450 90310 4300 475 7336 150 8887 1014 28320 41588 6602 548 3023 3607 15610 46510 213 1994 2373 786 4486 5521 26210 8097 756 3744 6333 15775 15923 13844 6862 3159 3008 1889 1232 2935 4469 3055 309 1750 16375 50416 2685 32948 8382 2135 78 2176 7271 16057 12010 349 46 9512 289 3606 1021 4119 12304 699 632 2116 28700 737 1364 38748 8485 22493 3210 2964 28258
internal_value=0.0122596 0.00697431 0.0303694 0.0370521 0.0159804 0.00541078 0.0125882 0.0232865 0.00488636 0.0267817 0.0323291 0.0326624 0.0429632 0.0185601 0.016178 0.0239076 0.0179994 0.0329452 0.0302153 0.00312408 0.00583703 0.00643977 0.0126841 0.00352233 0.00820635 0.00557057 0.00631912 0.00288254 0.00672828 -5.18606e-05 0.00557661 -0.00771932 0.0183186 0.0195734 -0.00119684 0.0206478 0.00657337 0.0115053 0.0197032 0.0173971 0.00713954 -0.00241325 -0.00474722 -0.00615589 -0.0149576 0.0118814 0.00245567 0.0307979 0.00505621 0.000721184 0.00307292 0.0288349 0.0176344 0.00931885 0.036431 0.0153114 0.00306746 0.00386456 0.00159028 -0.0116553 0.0195889 0.00507581 -0.0132705 0.0196834 0.0457613 0.0389978 0.0136124 0.00179102 0.000215172 0.0184638 0.0172929 -0.00763434 0.00380437 0.0303889 0.0222876 0.00586949 0.000674021 0.00653811 0.00884895 0.0111992 -0.015225 0.0018149 0.000871621 -0.000971509 0.0339874 0.00441838 0.0217718 -0.0026697 -0.00897368 0.0247447 0.00277666 0.0105503 -0.0191123 0.0170686 0.0321597 0.0314768 0.00485123 0.0101995 0.0181724 0.0074771 0.0104825 -0.011144 0.0109228 0.00917616 0.0173393 0.0144256 -0.00520538 0.0208237 0.00781184 0.00807255 0.00140253 -0.000463573 0.00825098 0.0071609 0.00234786 0.000423003 0.0116712 0.00949343 0.0227196 0.0313336 0.0092175 -0.00220043 0.0100838 0.00197773 0.0158186 0.00743118
internal_weight=1.46832e+06 1.13661e+06 331712 170677 168134 968473 65942 161035 902531 92574 94874 94091 75803 68461 50627 60332 145313 93420 52392 22821 592732 470272 57461 122460 34826 412811 322892 89919 38917 51002 5540 783 142936 22635 2377 36311 17281 24045 62921 38641 273140 34702 22749 20914 5933 23894 1077 51315 84489 15315 17864 24021 38501 5059 41028 44620 309799 201781 61055 12719 625 48336 12094 98316 48342 6754 16962 15854 15778 69996 54386 5540 2154 21218 17552 87758 10007 77751 43157 28198 11080 49752 43419 31698 25112 14959 33612 14981 4897 1988 12171 7876 5381 2803 32242 30492 140726 5083 37518 16844 10517 152 14103 11927 30517 14460 3284 30453 13466 188651 4916 4627 183735 97871 29301 25638 4849 85864 2733 1996 68570 20789 61241 7329 3663 32558
internal_count=1468319 1136607 331712 170677 168134 968473 65942 161035 902531 92574 94874 94091 75803 68461 50627 60332 145313 93420 52392 22821 592732 470272 57461 122460 34826 412811 322892 89919 38917 51002 5540 783 142936 22635 2377 36311 17281 24045 62921 38641 273140 34702 22749 20914 5933 23894 1077 51315 84489 15315 17864 24021 38501 5059 41028 44620 309799 201781 61055 12719 625 48336 12094 98316 48342 6754 16962 15854 15778 69996 54386 5540 2154 21218 17552 87758 10007 77751 43157 28198 11080 49752 43419 31698 25112 14959 33612 14981 4897 1988 12171 7876 5381 2803 32242 30492 140726 5083 37518 16844 10517 152 14103 11927 30517 14460 3284 30453 13466 188651 4916 4627 183735 97871 29301 25638 4849 85864 2733 1996 68570 20789 61241 7329 3663 32558
is_linear=0
shrinkage=0.05


Tree=21
num_leaves=127
num_cat=0
split_feature=13 4 14 25 4 15 4 15 28 31 25 25 31 38 31 38 34 25 30 31 14 26 31 3 25 31 27 27 30 25 29 31 25 30 29 42 29 31 33 25 34 14 14 25 25 32 25 13 25 25 34 4 28 33 26 25 31 34 34 59 25 25 27 34 31 31 27 34 38 27 32 48 28 27 26 28 23 26 29 33 34 14 28 28 34 27 24 33 23 30 25 25 34 33 28 38 29 34 25 29 13 27 25 32 27 26 33 31 19 28 4 24 15 25 25 34 15 15 29 25 28 28 30 26 33 26
split_gain=52815.5 7604.04 5188.41 2596.34 1577.88 1010.6 874.138 772.887 733.907 660.048 642.785 622.388 531.109 431.107 423.513 389.785 344.8 548.497 296.781 277.082 240.972 237.953 224.228 220.361 598.105 423.008 354.337 270.145 212.884 206.425 195.038 192.759 289.525 186.878 176.976 175.733 235.472 172.729 162.43 154.785 151.145 149.99 147.362 144.622 142.356 176.136 258.547 456.406 197.324 144.256 141.326 205.268 198.67 140.432 139.158 220.136 139.098 138.882 138.672 134.752 134.708 133.44 131.433 126.571 123.732 118.611 161.499 116.917 110.382 109.872 109.096 106.84 105.989 105.168 104.771 104.324 133.918 104.186 103.574 101.69 99.492 99.3512 97.6096 95.7848 93.6391 93.0354 92.72 92.1839 90.577 89.2423 95.346 87.9172 490.172 86.7499 86.6374 86.5321 161.828 85.0129 93.7294 82.5754 81.3414 125.244 112.73 107.42 80.9456 80.8409 706.126 636.049 317.282 209.728 201.573 202.5 148.196 172.791 140.91 215.606 131.529 129.627 108.597 94.1215 86.8171 82.707 80.5624 78.9511 78.7458 77.2938
threshold=3.5000000000000004 18.500000000000004 2.5000000000000004 159.50000000000003 9.5000000000000018 17.500000000000004 42.500000000000007 98.500000000000014 694.50000000000011 1028.0000000000002 327.50000000000006 60.500000000000007 412.00000000000006 13.500000000000002 1.0000000180025095e-35 13.500000000000002 1306.0000000000002 76.500000000000014 0.26664297282695776 686.50000000000011 21.500000000000004 1128.5000000000002 412.00000000000006 1.5000000000000002 266.50000000000006 895.50000000000011 1716.5000000000002 181.50000000000003 0.10344827547669412 491.50000000000006 141.50000000000003 1556.5000000000002 112.50000000000001 0.32757042348384863 922.50000000000011 28.500000000000004 104.50000000000001 1.0000000180025095e-35 22029.000000000004 839.50000000000011 1776.5000000000002 15.500000000000002 4.5000000000000009 60.500000000000007 21.500000000000004 4131.5000000000009 112.50000000000001 1.5000000000000002 83.500000000000014 83.500000000000014 1399.5000000000002 1.0000000180025095e-35 496.50000000000006 38813.500000000007 119.50000000000001 8.5000000000000018 895.50000000000011 705.50000000000011 1137.5000000000002 4981.5000000000009 69.500000000000014 266.50000000000006 1575.5000000000002 1137.5000000000002 943.50000000000011 1290.5000000000002 8394.5000000000018 1725.5000000000002 13.500000000000002 804.00000000000011 5515.5000000000009 0.016341030597686771 470.50000000000006 5170.5000000000009 1128.5000000000002 658.50000000000011 0.89037621021270763 1128.5000000000002 798.50000000000011 11238.000000000002 788.50000000000011 3.5000000000000004 769.00000000000011 733.50000000000011 1237.0000000000002 3428.0000000000005 239013.75000000003 38813.500000000007 0.97110781073570263 0.29423262178897863 839.50000000000011 91.500000000000014 1165.5000000000002 4581.5000000000009 86.500000000000014 13.500000000000002 924.50000000000011 1108.0000000000002 393.50000000000006 699.00000000000011 1.5000000000000002 1716.5000000000002 83.500000000000014 5372.5000000000009 1716.5000000000002 1039.5000000000002 12515.000000000002 967.00000000000011 25001.836914062504 516.50000000000011 2.5000000000000004 385199.50000000006 74.500000000000014 159.50000000000003 148.50000000000003 1137.5000000000002 17.500000000000004 47.500000000000007 844.50000000000011 18.500000000000004 375.50000000000006 658.50000000000011 0.25588317215442663 984.50000000000011 38813.500000000007 1690.5000000000002
decision_type=2 2 2 2 2 2 2 2 2 2 2 2 2 2 2 2 2 2 2 2 2 2 2 2 2 2 2 2 2 2 2 2 2 2 2 2 2 2 2 2 2 2 2 2 2 2 2 2 2 2 2 2 2 2 2 2 2 2 2 2 2 2 2 2 2 2 2 2 2 2 2 2 2 2 2 2 2 2 2 2 2 2 2 2 2 2 2 2 2 2 2 2 2 2 2 2 2 2 2 2 2 2 2 2 2 2 2 2 2 2 2 2 2 2 2 2 2 2 2 2 2 2 2 2 2 2
left_child=2 4 7 16 11 6 20 8 23 10 42 30 -7 18 -12 33 54 62 28 37 64 -14 70 26 31 -26 27 43 -6 -29 -2 44 94 88 -30 36 -9 -10 -24 67 81 -8 80 -1 -25 48 47 49 -46 84 51 63 122 57 -4 -56 -15 83 60 89 -49 -40 -18 -28 -3 72 86 -11 -66 -34 -20 -32 73 -37 -64 76 -59 85 -68 -75 -5 -19 -39 -16 -47 87 -67 100 -13 90 -17 -38 93 -93 -33 96 -22 -35 125 -94 101 -57 -102 -104 -27 107 116 108 110 117 111 -53 113 119 115 120 -107 -108 -118 -109 -114 -111 -52 -113 -44 -99
right_child=1 5 3 9 13 12 41 35 19 39 14 15 21 56 53 59 17 40 22 -21 95 -23 38 24 25 104 50 29 34 -31 71 32 69 97 -36 65 91 82 61 -41 -42 -43 124 -45 45 46 -48 58 -50 -51 52 105 -54 -55 55 77 -58 75 -60 -61 -62 -63 74 -65 68 66 78 -69 -70 -71 -72 -73 -74 79 -76 -77 -78 -79 -80 -81 -82 -83 -84 -85 -86 -87 -88 -89 -90 -91 -92 92 99 -95 -96 -97 -98 98 -100 -101 102 -103 103 -105 -106 106 109 112 -110 121 -112 123 114 -115 -116 -117 118 -119 -120 -121 -122 -123 -124 -125 -126 -127
leaf_value=0 0.021457735356753934 0.030315221198646027 0 -0.00071584775566240183 -0.0019875207665205506 -0.0037500379935725978 0.087974207718324912 0 0 0.015296436238357232 -0.0026136640994621901 0.011530084783044426 0 0.026071485343544566 0.011451104433170572 0.014879151109709327 0 0.013542277246662538 0.0060888817494591718 0.017254602184216632 0.032089976795932749 0.046964101383590195 0.02131314026125641 0 0.01192345354488929 0.031934529938527904 4.1860659607910381e-05 0 0.019503196779490375 0.031934529938527904 -0.0017296496416688446 0 0.040656056135504853 0.017440890792250658 -0.0087344978508395784 0 0 0.011772254127269356 0.023339930842559083 0.036571781124293656 0.01863368990089714 0.069015092687223306 0.0090196734755603868 0.018512714620039682 0 8.6598308183432983e-05 0.010601749885823096 -0.00063941036948053512 0 -0.00052777877361178316 -0.0028732061335773494 0 0.013479315482014059 -0.015619897107998321 -0.0009754675281528068 0 0.031177436991729698 0.012394630077262455 -0.00067446697668211764 0.04941794430678248 -0.00083634409434600859 0.027765411616467839 -0.0011183022345701043 -0.00071132683065630727 0.031373623587031912 0 -0.0010041472079454746 0.024556486330974632 0.037027183166025789 0.012979011674213165 -0.0046537876262031539 4.2655997317039348e-05 0 0 0.056115992521532848 0.017923171370822239 0.01352331262631053 0.036353426919326207 0.01372067629362142 1.2564298929676029e-07 0.012299860471294072 0.012012563207150339 0.012166886361248406 0.012007516604455532 0 -0.0054091958682760269 -0.00065090004270157301 -0.0044231128467177886 0.015537901831924633 0.024881478418343386 0.02778579843757947 0 -0.00081272182900849529 0 0 0.038673711815327319 -0.022440738823133796 0.021683898285006782 0.029506583795003018 0.012597081532085939 -0.00064918541564934593 -0.00064571621120956195 -0.00052834096227214074 0.013529182570097751 0.013994480313643337 0.011517953615147611 0.017286131407222446 -0.0010405406846042318 0 0.014043329356033458 -0.00071213346150261693 1.3576319708891699e-07 0.00010272834351296415 0.014173843728139707 -0.00064565796095850505 -0.00075067528893432299 -0.00092791860046972062 -0.0025474325141865307 -0.00074690293013895048 -0.0010467162375261943 -0.00052063321289203847 0.011255775922092752 0.015749674668480085 0.00010371155765928625 -0.0046239313089884463 0.011327378792066568
leaf_weight=96241 2039 11063 5483 6123 303 400 8955 154040 567 76225 308 9685 780 13376 5195 3943 25761 7219 236 15714 6871 5239 24825 8222 9876 777 5436 216356 9193 719 1141 10029 563 9322 484 8852 91050 5930 8737 9797 5123 37420 4811 694 5074 1078 8910 2669 10476 576 1281 15353 3130 80 314 4279 29393 4628 3674 1638 2015 23237 1390 995 20982 2998 574 6746 25374 6089 134 2268 17527 726 80 31707 8810 256 162 763 11841 8080 6904 7675 316 589 2847 217 40125 15329 1896 6228 5809 27377 12305 13673 134 9954 4160 1296 6726 4144 7519 5475 9686 6122 2773 145 7536 12373 815 1189 869 8558 1972 781 13711 2647 7496 9735 154 1713 7691 272 57 601
leaf_count=96241 2039 11063 5483 6123 303 400 8955 154040 567 76225 308 9685 780 13376 5195 3943 25761 7219 236 15714 6871 5239 24825 8222 9876 777 5436 216356 9193 719 1141 10029 563 9322 484 8852 91050 5930 8737 9797 5123 37420 4811 694 5074 1078 8910 2669 10476 576 1281 15353 3130 80 314 4279 29393 4628 3674 1638 2015 23237 1390 995 20982 2998 574 6746 25374 6089 134 2268 17527 726 80 31707 8810 256 162 763 11841 8080 6904 7675 316 589 2847 217 40125 15329 1896 6228 5809 27377 12305 13673 134 9954 4160 1296 6726 4144 7519 5475 9686 6122 2773 145 7536 12373 815 1189 869 8558 1972 781 13711 2647 7496 9735 154 1713 7691 272 57 601
internal_value=0.0119946 0.0291734 0.00675887 0.0130046 0.0233231 0.0386496 0.0396474 0.00491302 0.00605309 0.0164707 0.0131796 0.0188474 0.019301 0.0274804 0.0159605 0.0197743 0.005708 0.00847573 0.0249809 0.0137779 0.0364181 0.0230093 0.0263699 0.0056198 0.00340493 0.0109761 0.00609901 0.00696234 0.0170234 0.00794239 0.00240359 0.00126597 0.00441746 0.0180094 0.0183159 0.00296143 0.00336807 0.0084952 0.0266227 0.0193525 0.0146701 0.0450855 0.0060658 0.00476757 -0.000857822 -0.00225638 -0.00545506 -0.0108389 0.00170063 0.0108091 0.00369451 0.00308058 0.00879971 0.0162706 0.00193974 0.00058081 0.0314046 0.016362 -0.015942 0.0254886 -0.0216466 0.0289795 0.00383 0.0117235 0.0347505 -0.000412057 -0.00644953 0.0186504 0.0358851 0.0135739 -0.0124156 -0.00491185 0.00101352 0.005028 -0.0107102 0.0176685 0.0139748 0.00102876 -0.0285219 0.0173225 0.00397432 0.0121801 0.00968864 0.0117789 0.0195072 0.000747692 -0.00366889 0.00115638 0.0162617 0.0244186 0.0191545 0.00491989 0.00298808 0.00551092 0.00169002 0.041048 0.0365227 0.0216309 0.0239988 -0.00894358 0.00140692 0.00551994 -0.000349643 0.00236992 0.0179818 0.00249055 0.00101729 0.00394678 0.00938979 0.00828433 0.0130605 0.0142378 -0.00221909 -0.00406739 0.00680464 0.0169032 -0.00416937 -7.28769e-05 -0.00603312 -0.00857228 0.0320057 0.0115003 0.00501499 0.0320272 0.0137826 0.0214915
internal_weight=1.46802e+06 342910 1.12511e+06 256658 212019 130891 124472 868456 548207 174003 81235 102101 6419 109918 58403 96653 82655 47653 67149 29115 78097 6019 57169 519092 92335 20339 426757 314010 9980 217075 5448 71996 28986 73847 9677 320249 285800 13401 56799 92768 20422 46375 22832 96935 43010 34788 19238 10328 15550 1970 112747 100645 12102 58095 35002 29519 42769 58015 8358 22806 4684 31974 27231 6431 57419 34449 6581 82971 46356 6652 370 3409 27868 10341 1470 45145 13438 29205 736 1489 17964 15299 12834 12870 1394 28949 5845 28360 49810 21168 5839 131760 40710 33605 22334 20678 7005 24037 14715 7105 28143 8423 19720 12994 10463 94214 46835 47379 25165 19506 17629 16814 22214 18438 3776 1804 27329 5420 21207 9880 1023 14086 8972 1461 4868 10555
internal_count=1468024 342910 1125114 256658 212019 130891 124472 868456 548207 174003 81235 102101 6419 109918 58403 96653 82655 47653 67149 29115 78097 6019 57169 519092 92335 20339 426757 314010 9980 217075 5448 71996 28986 73847 9677 320249 285800 13401 56799 92768 20422 46375 22832 96935 43010 34788 19238 10328 15550 1970 112747 100645 12102 58095 35002 29519 42769 58015 8358 22806 4684 31974 27231 6431 57419 34449 6581 82971 46356 6652 370 3409 27868 10341 1470 45145 13438 29205 736 1489 17964 15299 12834 12870 1394 28949 5845 28360 49810 21168 5839 131760 40710 33605 22334 20678 7005 24037 14715 7105 28143 8423 19720 12994 10463 94214 46835 47379 25165 19506 17629 16814 22214 18438 3776 1804 27329 5420 21207 9880 1023 14086 8972 1461 4868 10555
is_linear=0
shrinkage=0.05


Tree=22
num_leaves=127
num_cat=0
split_feature=4 14 14 25 15 38 15 4 15 25 34 25 15 26 31 34 25 25 31 3 31 31 33 25 34 30 25 31 26 34 38 29 34 26 29 45 59 25 31 38 29 29 59 25 29 30 33 31 31 33 34 29 25 25 30 29 59 34 29 31 4 14 29 22 26 32 12 59 32 25 35 29 30 34 14 14 30 32 26 30 15 34 25 22 29 1 25 30 34 25 4 25 35 29 35 34 29 29 14 31 33 26 32 25 29 14 13 35 32 25 25 26 29 29 25 13 33 35 26 33 1 39 29 34 29 3
split_gain=49752.1 6579.8 4932.73 2373.28 1523.81 835.301 770.308 688.629 687.577 690.773 574.65 468.181 440.913 437.717 390.433 355.552 624.728 344.528 340.935 320.321 319.078 318.789 314.311 309.234 459.022 307.36 292.024 270.242 253.852 242.766 232.452 225.247 224.232 211.487 189.661 186.561 185.227 178.751 175.852 172.133 218.185 164.916 159.603 156.52 218.904 153.721 150.806 150.654 149.812 146.893 146.878 141.382 138.228 136.809 132.149 133.739 130.031 127.179 125.771 134.617 124.981 122.906 122.479 295.668 121.796 114.537 109.7 105.226 103.442 114.005 103.21 136.755 102.778 100.69 99.9291 99.581 96.4132 95.5081 499.289 260.235 306.263 427.73 200.148 203.667 159.151 124.915 147.311 142.804 116.783 94.7079 94.437 94.2975 1038.3 273.76 308.441 245.037 158.119 124.979 91.7493 90.0065 96.4402 89.4796 89.1436 89.0566 104.186 112.461 87.972 99.9939 214.004 293.47 158.655 107.317 87.1758 85.853 85.5079 114.891 96.9371 99.4077 124.503 84.4051 84.2581 82.9328 89.2116 82.4245 82.3687 80.3352
threshold=8.5000000000000018 2.5000000000000004 16.500000000000004 159.50000000000003 22.500000000000004 13.500000000000002 17.500000000000004 40.500000000000007 98.500000000000014 459.50000000000006 858.50000000000011 327.50000000000006 12.500000000000002 679.50000000000011 1290.5000000000002 1399.5000000000002 69.500000000000014 3015.5000000000005 412.00000000000006 1.5000000000000002 412.00000000000006 993.00000000000011 38813.500000000007 148.50000000000003 1188.0000000000002 0.55949327349662792 327.50000000000006 1.0000000180025095e-35 517.50000000000011 880.00000000000011 13.500000000000002 844.50000000000011 1306.0000000000002 53.500000000000007 238.50000000000003 1049.0000000000002 727.50000000000011 159.50000000000003 1.0000000180025095e-35 13.500000000000002 924.50000000000011 116.50000000000001 4752.5000000000009 286.50000000000006 76.500000000000014 0.47697626054286962 27332.500000000004 1830.0000000000002 1367.5000000000002 38813.500000000007 1776.5000000000002 881.50000000000011 1675.0000000000002 15.500000000000002 0.3341579288244248 886.50000000000011 4981.5000000000009 1613.5000000000002 897.50000000000011 1.0000000180025095e-35 10.500000000000002 4.5000000000000009 785.50000000000011 68999.988281250015 351.50000000000006 4131.5000000000009 2.5000000000000004 4864.5000000000009 3843.0000000000005 249.50000000000003 1822.5000000000002 785.50000000000011 0.33786812424659735 1725.5000000000002 6.5000000000000009 7.5000000000000009 0.27947758138179785 6555.0000000000009 206.50000000000003 0.55949327349662792 74.500000000000014 1451.5000000000002 91.500000000000014 49839.984375000007 455.50000000000006 1.0000000180025095e-35 52.500000000000007 0.55949327349662792 1560.5000000000002 83.500000000000014 61.500000000000007 91.500000000000014 1873.5000000000002 128.50000000000003 2413.0000000000005 1120.0000000000002 699.00000000000011 116.50000000000001 2.5000000000000004 656.50000000000011 38813.500000000007 4181.0000000000009 6555.0000000000009 201.50000000000003 820.50000000000011 4.5000000000000009 1.5000000000000002 1954.0000000000002 4131.5000000000009 21.500000000000004 45.500000000000007 470.50000000000006 238.50000000000003 886.50000000000011 21.500000000000004 3.5000000000000004 38813.500000000007 1954.0000000000002 517.50000000000011 4581.5000000000009 1.0000000180025095e-35 19.500000000000004 214.50000000000003 1188.0000000000002 844.50000000000011 1.5000000000000002
decision_type=2 2 2 2 2 2 2 2 2 2 2 2 2 2 2 2 2 2 2 2 2 2 2 2 2 2 2 2 2 2 2 2 2 2 2 2 2 2 2 2 2 2 2 2 2 2 2 2 2 2 2 2 2 2 2 2 2 2 2 2 2 2 2 2 2 2 2 2 2 2 2 2 2 2 2 2 2 2 2 2 2 2 2 2 2 2 2 2 2 2 2 2 2 2 2 2 2 2 2 2 2 2 2 2 2 2 2 2 2 2 2 2 2 2 2 2 2 2 2 2 2 2 2 2 2 2
left_child=1 8 4 15 5 14 7 39 9 19 11 61 56 51 22 62 41 21 -8 28 -12 49 60 34 68 30 50 -13 33 58 47 48 89 -1 -21 42 -27 -34 -33 40 57 53 113 44 -10 106 -28 103 76 75 -16 -6 120 -17 55 -32 -11 -4 72 -60 -2 -5 114 -64 65 -47 -19 77 -25 -70 -45 -72 -14 -18 -23 -7 101 84 85 80 88 82 83 -82 -35 87 -87 -79 -80 -30 -9 112 95 94 -94 119 102 -97 -62 100 -40 -15 -95 104 105 123 -36 108 111 -110 -111 -108 -46 -20 115 -3 117 125 -119 -93 124 122 -69 -22 -29 -116
right_child=2 3 6 10 13 17 18 90 43 12 20 27 29 31 26 16 73 66 35 23 25 74 -24 24 -26 36 46 52 32 -31 54 38 37 67 45 -37 -38 -39 99 -41 -42 -43 -44 70 91 64 -48 -49 -50 -51 -52 -53 -54 -55 -56 -57 -58 -59 59 -61 98 -63 63 -65 -66 -67 -68 121 69 -71 71 -73 -74 -75 -76 -77 -78 78 79 -81 81 -83 -84 -85 -86 86 -88 -89 -90 -91 -92 92 93 96 -96 97 -98 -99 -100 -101 -102 -103 -104 -105 -106 -107 107 -109 109 110 -112 -113 -114 -115 116 -117 -118 118 -120 -121 -122 -123 -124 -125 -126 -127
leaf_value=0 0.015903956287143268 0 0.024482423786878416 0.01110716387531868 -0.00085415730164036538 0.025935462281000712 -0.0027823055188716059 0.043778375864144882 0 0.0153130554664775 -0.010230517638866704 -0.0021198675193942131 -2.093032980395519e-06 -0.00092349201641387941 0.018594522408694393 0 0.012148565136416524 0.076177845305018949 0 0 0.016564039422661058 0.037930824591988488 -0.0045886610060995106 -0.00041195486223185164 0.012791856859422017 -0.0023799435784975149 0.024119781494230552 0.010330825474921514 -0.001723007795806868 0.01522841091282311 0.01630662133645212 -0.0040936749914418386 0.015291910545310717 0 0 0.051088216465827951 0.038068536214429585 0.013813518026838584 0.018574424712920902 0.03386141209254552 -0.020761017164695663 0 -0.0059998847264488425 0 0 0 0.030822393919034338 0.017979767830084547 0.023735026780911786 -0.0071183021571099379 0.025797319692761129 -0.0015702101895897639 0.033859020625124039 0.02879104158580098 0.027234695377448472 0.023418342659278512 0.031594093375789001 0.033257358040590455 0 0.011562809499205696 -0.0012635974048942707 0.0073843750569139782 0.018195168423652788 -0.002114322995950811 -0.0010699771095836589 -0.0014023355229093647 0.076424278081607483 0.025257861259476266 0.012795928880404601 0.011960173129764891 -0.00094926906733707416 0.013178387400726103 0.012233543963227542 0.017941408035827791 0.031596918013378647 0.024419617093694501 0.015878696314117063 0 -0.00075586117128710346 0.024143881914625437 3.4156171589457971e-05 -0.0013269554375624835 -0.00072513245598105594 8.1658132078108145e-05 0 0 0.0175870788890377 0 0.02091435822802825 0 0.087675155538419869 0 4.2478389415893028e-05 -0.00080192464824167537 -0.00076488247983731066 -3.3516861924359119e-06 0.013366759443154561 7.4285883195698282e-05 0.0225458830095993 0.027325292252824641 -0.0087624247126858439 -0.0058360104228926167 -0.00075850481540024473 0.012607667610316984 -0.0084571521550508549 0.01091539932657206 0 0 6.1189511971604081e-05 -0.00060847258584485785 -0.00067414273461995446 -0.00062916067300681946 0 0.045290393020726821 0 -0.0013737428687479274 -0.0041137077682365684 5.4404135201940073e-05 0.012210926691283269 0 0.013113651027874918 3.7035403624126052e-05 -0.0007036726688583948 0.01223622497012892 0.011059034670785846 0
leaf_weight=127164 10888 5802 10769 10247 1829 5653 253 16542 120946 10825 182 243 8969 1013 15879 3827 14738 4348 670 25394 4955 3787 174 11766 7743 396 23422 3989 229 11398 11626 97 6694 73062 5456 1092 4829 9876 1647 28563 217 19346 228 22695 77383 314 19122 28777 3748 65 9390 201 2190 2834 6674 8210 2228 7446 362 4851 422 3547 627 766 1263 1265 9554 632 5062 5033 1752 851 3749 8909 39148 19225 2626 37783 11983 2376 812 2388 658 1312 30682 7303 724 3804 6236 87849 22146 5845 470 2881 150 51 1570 1168 22335 8541 64 363 5601 84588 873 3812 3315 10310 552 920 4628 1940 50453 222 6356 413 235 8515 4872 29059 21231 3635 1663 2496 16130 19440
leaf_count=127164 10888 5802 10769 10247 1829 5653 253 16542 120946 10825 182 243 8969 1013 15879 3827 14738 4348 670 25394 4955 3787 174 11766 7743 396 23422 3989 229 11398 11626 97 6694 73062 5456 1092 4829 9876 1647 28563 217 19346 228 22695 77383 314 19122 28777 3748 65 9390 201 2190 2834 6674 8210 2228 7446 362 4851 422 3547 627 766 1263 1265 9554 632 5062 5033 1752 851 3749 8909 39148 19225 2626 37783 11983 2376 812 2388 658 1312 30682 7303 724 3804 6236 87849 22146 5845 470 2881 150 51 1570 1168 22335 8541 64 363 5601 84588 873 3812 3315 10310 552 920 4628 1940 50453 222 6356 413 235 8515 4872 29059 21231 3635 1663 2496 16130 19440
internal_value=0.0117075 0.00712538 0.0301929 0.0133543 0.0259139 0.0273471 0.0400734 0.0408662 0.0048812 0.00596361 0.0162801 0.0120056 0.0120934 0.0128543 0.02432 0.00684779 0.00979869 0.031109 0.0125127 0.0054459 0.0178435 0.0296398 0.0199309 0.00264762 0.00677254 0.0179202 0.0265088 0.0145363 0.0060162 0.00869086 0.0175102 0.0153237 0.00388488 0.00673056 0.000441587 0.0188034 0.0298454 0.00922113 0.020151 0.0367984 0.0330291 0.00445052 0.00445942 0.00304541 0.00336848 -0.0022526 0.029038 0.0166114 0.00887666 0.025143 0.0222503 -0.00915965 0.0148299 0.0112361 0.0217651 0.0197163 0.0197382 0.0336229 0.00506355 0.0116044 0.0202777 0.00397235 0.00373186 -0.0108714 -0.0133159 -0.022573 0.0382816 0.00780935 0.00306686 0.00678002 -0.000729106 -0.010159 0.00238204 0.0156804 0.0322521 0.0253394 0.00214762 0.0080263 0.00667154 0.00102445 -0.000576978 0.0101632 0.0234877 0.0309519 0.00901058 0.00960402 0.00389244 0.0107063 -0.00362504 0.00288091 0.0458072 0.00450089 0.00258029 -0.011122 0.0211176 0.00662858 -0.0131112 0.0286646 0.0223862 0.0207855 0.0103121 -0.00857132 -0.0158092 0.0156662 0.011659 0.0129489 -0.00109306 -0.00252226 -0.00575909 -0.0121301 -0.01559 0.00163555 0.00520389 0.0140063 0.00417778 0.00962897 0.00331815 0.00351031 0.00700637 0.00585877 0.0141812 0.00125546 -0.00618492 0.00937378 0.0118616 0.0016958
internal_weight=1.46845e+06 1.17676e+06 291689 311675 203541 183412 88148 85683 865083 544208 214995 57577 42382 20129 101632 96680 49654 81780 2465 501826 157418 67878 33819 84961 29604 157236 67813 43783 416865 29329 152011 18099 104648 312217 55357 2212 5225 16570 10349 46995 18432 26007 1120 320875 295577 29963 42544 125501 7750 24943 25269 2030 43540 6661 26510 19836 13053 18215 17931 5213 33645 13794 47026 1393 2842 1579 13902 185053 21861 10095 25298 2603 12718 23647 42935 24878 4002 179123 75379 25765 23389 5170 2782 2124 103744 49614 8027 41587 18219 88078 38688 174631 46795 10672 620 36123 10052 1219 22757 10252 1711 1376 8482 96724 12136 11263 27121 21665 11355 6100 5548 5255 127836 892 45633 6215 39418 39183 13387 34904 41350 5930 2295 7451 20119 25796
internal_count=1468447 1176758 291689 311675 203541 183412 88148 85683 865083 544208 214995 57577 42382 20129 101632 96680 49654 81780 2465 501826 157418 67878 33819 84961 29604 157236 67813 43783 416865 29329 152011 18099 104648 312217 55357 2212 5225 16570 10349 46995 18432 26007 1120 320875 295577 29963 42544 125501 7750 24943 25269 2030 43540 6661 26510 19836 13053 18215 17931 5213 33645 13794 47026 1393 2842 1579 13902 185053 21861 10095 25298 2603 12718 23647 42935 24878 4002 179123 75379 25765 23389 5170 2782 2124 103744 49614 8027 41587 18219 88078 38688 174631 46795 10672 620 36123 10052 1219 22757 10252 1711 1376 8482 96724 12136 11263 27121 21665 11355 6100 5548 5255 127836 892 45633 6215 39418 39183 13387 34904 41350 5930 2295 7451 20119 25796
is_linear=0
shrinkage=0.05


Tree=23
num_leaves=127
num_cat=0
split_feature=4 14 4 25 1 23 4 4 25 32 31 12 30 25 34 25 8 27 25 37 26 25 34 14 30 31 31 31 31 31 59 27 59 24 14 34 33 25 29 26 25 31 59 32 34 25 31 25 32 29 25 34 29 29 34 31 25 29 27 34 32 25 29 25 14 25 25 34 29 31 26 23 30 25 25 27 14 29 25 14 29 31 29 25 31 0 29 59 29 30 26 31 33 21 24 29 4 4 29 29 34 34 29 33 32 19 29 34 25 25 32 4 33 14 8 8 23 34 4 34 31 29 30 25 14 33
split_gain=46914.6 5703.29 5114.12 2305.01 1137.55 1118.29 785.719 627.398 587.108 584.186 534.889 467.343 404.55 401.735 358.142 594.415 336.923 366.647 324.987 324.068 311.138 284.914 379.497 282.58 280.306 257.715 254.699 238.168 235.969 234.415 230.329 229.348 213.048 205.521 182.898 179.762 178.659 177.349 174.911 294.962 172.955 184.532 170.03 160.225 159.599 178.019 158.719 157.865 156.632 153.081 248.317 593.491 253.261 153.211 188.481 149.418 149.261 149.159 149.048 147.825 239.401 183.441 147.487 146.353 192.502 239.907 201.014 164.015 141.998 142.368 140.287 137.959 136.616 132.546 131.307 130.466 128.673 127.44 126.805 123.637 121.762 116.864 113.583 111.837 109.812 108.418 105.452 103.005 102.551 98.4506 97.2759 720.136 419.796 233.109 209.572 129.991 125.982 112.457 111.373 96.9398 96.5809 96.2165 93.0438 92.475 92.2609 91.3281 149.705 90.8617 90.0493 141.133 177.041 266.233 143.544 141.242 118.102 95.3485 88.2414 88.1299 88.1194 86.6597 85.6195 85.2954 176.325 94.9329 83.1468 82.054
threshold=8.5000000000000018 2.5000000000000004 21.500000000000004 159.50000000000003 1.5000000000000002 0.8631320893764497 50.500000000000007 1.0000000180025095e-35 459.50000000000006 3478.5000000000005 412.00000000000006 2.5000000000000004 0.47697626054286962 327.50000000000006 1399.5000000000002 69.500000000000014 0.026785715483129028 1716.5000000000002 517.50000000000011 62.500000000000007 679.50000000000011 201.50000000000003 1083.5000000000002 21.500000000000004 0.26664297282695776 412.00000000000006 752.50000000000011 686.50000000000011 1.0000000180025095e-35 412.00000000000006 4981.5000000000009 181.50000000000003 4752.5000000000009 49502.748046875007 7.5000000000000009 840.00000000000011 23378.500000000004 393.50000000000006 785.50000000000011 1128.5000000000002 327.50000000000006 1888.0000000000002 4981.5000000000009 6189.0000000000009 1326.0000000000002 219.50000000000003 943.50000000000011 1675.0000000000002 5515.5000000000009 68.500000000000014 91.500000000000014 1165.5000000000002 785.50000000000011 128.50000000000003 1468.5000000000002 1352.5000000000002 60.500000000000007 886.50000000000011 5595.0000000000009 1237.0000000000002 4131.5000000000009 122.50000000000001 116.50000000000001 21.500000000000004 1.5000000000000002 83.500000000000014 83.500000000000014 1137.5000000000002 886.50000000000011 1.0000000180025095e-35 105.50000000000001 0.93553286790847789 0.19621697068214419 839.50000000000011 112.50000000000001 6597.5000000000009 4.5000000000000009 922.50000000000011 21.500000000000004 15.500000000000002 881.50000000000011 1028.0000000000002 844.50000000000011 201.50000000000003 1228.5000000000002 1.0000000180025095e-35 141.50000000000003 4864.5000000000009 859.50000000000011 0.68189269304275524 984.50000000000011 967.00000000000011 13416.500000000002 23999.990234375004 385199.50000000006 785.50000000000011 2.5000000000000004 2.5000000000000004 844.50000000000011 512.50000000000011 1725.5000000000002 1592.5000000000002 916.50000000000011 38813.500000000007 3119.5000000000005 25001.836914062504 785.50000000000011 1725.5000000000002 21.500000000000004 60.500000000000007 4131.5000000000009 3.5000000000000004 38813.500000000007 4.5000000000000009 0.026785715483129028 0.026785715483129028 0.9758281707763673 705.50000000000011 2.5000000000000004 858.50000000000011 1.0000000180025095e-35 238.50000000000003 0.55949327349662792 91.500000000000014 4.5000000000000009 4581.5000000000009
decision_type=2 2 2 2 2 2 2 2 2 2 2 2 2 2 2 2 2 2 2 2 2 2 2 2 2 2 2 2 2 2 2 2 2 2 2 2 2 2 2 2 2 2 2 2 2 2 2 2 2 2 2 2 2 2 2 2 2 2 2 2 2 2 2 2 2 2 2 2 2 2 2 2 2 2 2 2 2 2 2 2 2 2 2 2 2 2 2 2 2 2 2 2 2 2 2 2 2 2 2 2 2 2 2 2 2 2 2 2 2 2 2 2 2 2 2 2 2 2 2 2 2 2 2 2 2 2
left_child=1 7 5 14 10 20 23 49 16 13 48 29 27 76 38 62 17 31 25 26 80 59 119 81 32 -11 103 68 -15 35 55 56 57 -34 -26 -7 71 72 108 -40 100 73 -21 102 90 -46 82 -30 -4 -1 86 58 53 54 -53 -20 -9 -12 125 60 74 121 78 70 66 67 -65 -66 -10 -70 84 83 -31 77 -18 -55 -5 -42 -16 -8 -2 -6 -22 -27 85 -62 -51 -33 -48 -89 91 93 98 94 96 116 -19 -96 -92 -38 -28 -74 -39 -13 118 106 -29 -17 124 110 111 115 113 -111 -113 -110 -94 -100 -76 -23 -84 -61 -123 -124 -3 -52
right_child=2 3 4 9 6 11 79 8 12 18 24 19 -14 28 15 107 21 44 30 42 46 22 -24 -25 34 36 40 105 47 37 -32 87 33 -35 -36 -37 99 43 39 -41 41 -43 -44 -45 45 -47 88 -49 -50 50 51 52 -54 75 -56 -57 -58 -59 -60 61 63 -63 -64 64 65 -67 -68 -69 69 -71 -72 -73 101 -75 104 -77 -78 -79 -80 -81 -82 -83 120 -85 -86 -87 -88 89 -90 -91 92 -93 95 -95 97 -97 -98 -99 117 -101 -102 -103 -104 -105 -106 -107 -108 -109 109 112 -112 114 -114 -115 -116 -117 -118 -119 -120 -121 -122 122 123 -125 -126 -127
leaf_value=0 -0.00091896633789426184 0 0.020665462373658534 0.0087054282810134116 0.031312438933667419 0.010756504214047719 0.085262061568252612 0 1.0465164901977596e-07 -0.009437062278470288 0 0.016255111250136334 0.02548842460467475 -0.0018912237736984185 0 0.011473132431977673 0 0 0.017642392587540252 0.027646081991241744 -0.0034543032017554155 -0.0012507935726942365 0.011633895562227745 0.034607349560213656 0.070284582622214417 0.01000522575161902 0.017388940171240954 -0.0027664672872581781 0.010718216244418047 -0.0044490906360490539 0.046012726141936314 0 -0.010541453866425238 0.040638546733743841 0.039419831689715169 -0.0052687920579028895 0.02803531602547309 0.020781370646371446 -0.0018909466616994662 0.028020049905334243 0.01985309920086311 0.02828929388091056 0.067444801212562314 0.026630460644025328 0.013304167742697246 0.012041379291627748 0.018064873730352066 0.032260151591214516 -0.0036318587703838786 0 0 3.3960661924823045e-05 0.014468236531612813 -0.00072493235629605567 -0.00072663835584544506 0.023959475045070924 0.017653859930643185 0.04151845068968562 0 0 0 0.013060359077402032 0 8.2268392774261336e-05 -0.00058592674104169921 -0.0013964239188956292 -0.00050138983493119404 -0.00055927101187695782 -0.00078693551130986489 0.01056433723664197 0.00010797949558268934 0.011532860659294771 0.015439721523186584 0.026998824321710215 0.00012687836226231696 -0.00085999490194290653 0.0072165789365633004 -0.0085402854850201836 0.027441224748383716 0.072169953466045281 -0.0014161204745746486 0.034062493891835119 -0.0035523531394330253 0.0099945677226079312 0 7.1998806469142441e-05 0 -1.8517701812063026e-06 0.023841650139382442 0.025489954381360244 -0.00077280560290728226 -0.00093104142132206238 -0.001669861666235564 0 1.2897503723447114e-07 0.013051468963089979 -0.00063744900884763085 -0.00076480206385991982 -0.0010079514967220764 0.015835145989856591 0.023906652498001509 0.022650883804941999 0.02480062961293358 -0.0045677896391901748 -0.001367979607494671 0.014859954312149232 0.012163358847161448 0.017048653714328118 0 4.4418287554994011e-05 -2.7202067600970037e-06 4.285898371763883e-05 -0.0056182428521118766 0.0099686084467573086 -0.0011787296273058137 3.2459270782467299e-05 0.014622905545212297 0.011451269298903749 -0.00070156024817545767 0.011828033957359126 0.016086428391056624 0 -0.0020345603619725157 0.016040374790331317 -0.00079692905392205371 0
leaf_weight=111687 1479 5586 331 9337 8929 616 6699 86958 7922 155 1712 7239 6541 228 4662 14778 10129 13702 27149 24841 1547 7819 7274 25834 3878 3610 10810 1378 37394 477 1984 194027 375 144 10085 226 3980 20554 1061 326 23068 16358 1777 13654 9384 4569 4445 2117 292 74558 7769 376 1314 10373 160 12917 682 2730 18455 14770 1471 4439 19352 960 3728 6269 1298 1741 273 6719 547 56896 11096 12963 1720 554 3184 264 1962 28804 175 26948 65 19853 1558 255 87026 4782 3718 687 18055 18024 4376 6695 1159 9200 659 73 3112 36061 6925 6167 3893 52 2969 9313 8864 8932 393 24003 5829 269 139 7363 878 655 2210 6238 507 6124 2737 10376 710 131 618 41896
leaf_count=111687 1479 5586 331 9337 8929 616 6699 86958 7922 155 1712 7239 6541 228 4662 14778 10129 13702 27149 24841 1547 7819 7274 25834 3878 3610 10810 1378 37394 477 1984 194027 375 144 10085 226 3980 20554 1061 326 23068 16358 1777 13654 9384 4569 4445 2117 292 74558 7769 376 1314 10373 160 12917 682 2730 18455 14770 1471 4439 19352 960 3728 6269 1298 1741 273 6719 547 56896 11096 12963 1720 554 3184 264 1962 28804 175 26948 65 19853 1558 255 87026 4782 3718 687 18055 18024 4376 6695 1159 9200 659 73 3112 36061 6925 6167 3893 52 2969 9313 8864 8932 393 24003 5829 269 139 7363 878 655 2210 6238 507 6124 2737 10376 710 131 618 41896
internal_value=0.0113674 0.00691476 0.0293091 0.0127135 0.0374148 0.0239054 0.0396279 0.00482433 0.00594634 0.0155998 0.0264078 0.0250906 0.0116836 0.0110006 0.0063074 0.00926909 0.00544507 0.00607408 0.0170778 0.0270769 0.0104365 0.00259207 0.00760919 0.0362179 0.0279086 0.0157575 0.025445 0.00951998 0.0134614 0.0214358 0.0208631 0.0069735 0.0176967 -0.0126084 0.0315363 -0.00474409 0.0158405 0.0218306 0.00318431 -0.0143068 0.0263666 0.0278055 0.031839 0.0237538 0.00342405 0.00837412 0.0131309 0.0137542 -0.0191703 0.00320736 0.00391286 0.00165142 -0.008237 -0.0106206 0.0154729 0.0200393 0.00484133 0.0212388 0.00350623 0.00091769 -0.00139192 0.00343439 0.00404391 -0.00533149 -0.00770179 -0.0102738 0.00566627 -0.0179271 0.00476026 0.00995338 0.00332672 0.0144806 0.0176997 0.0258174 0.00319052 -0.0119011 0.00319021 0.0235639 0.0104837 0.045555 -0.00994196 0.0333456 0.00541376 0.0112536 -0.000577023 0.00810787 0.00504502 0.00791015 0.0172416 0.00114187 0.00259685 0.00436333 0.000947996 0.010373 0.0137237 0.00744294 0.0120252 0.0335159 -0.00279309 0.0185695 0.0220943 0.0184292 0.0213295 0.0165469 -0.00327072 0.0131498 0.00989006 0.0149934 0.00371492 0.00283576 -0.00308383 0.00901781 0.00434358 0.00456847 -0.00762357 0.027235 0.00207938 0.00163581 0.00442055 0.00277879 0.0114182 0.00182956 -0.00145715 -0.0234752 0.00931561 0.00493193
internal_weight=1.46814e+06 1.17624e+06 291907 311671 116761 175146 97214 864565 510397 214865 19547 160980 41010 52260 96806 49686 469387 384592 162605 104297 14166 84795 21217 61711 18924 120555 77679 34469 39739 56683 42050 287136 4961 519 13963 842 120400 55841 47120 1387 70388 52653 26618 38101 97456 13953 12512 39511 623 354168 242481 80897 12777 11463 536 40066 87640 4442 68120 63578 33152 30426 25976 17827 13996 11738 2258 5469 14914 6992 3831 80359 17740 36295 15325 10927 12521 23332 6624 35503 1654 35877 4349 23463 3284 1726 161584 199496 8163 5469 83503 40312 43191 22288 15593 15786 14361 1232 27405 40041 17735 17263 24447 7291 5196 19555 10242 23710 45733 39529 8024 2195 31505 31366 1147 1048 6586 9350 2227 13943 2802 25987 11217 841 6204 49665
internal_count=1468143 1176236 291907 311671 116761 175146 97214 864565 510397 214865 19547 160980 41010 52260 96806 49686 469387 384592 162605 104297 14166 84795 21217 61711 18924 120555 77679 34469 39739 56683 42050 287136 4961 519 13963 842 120400 55841 47120 1387 70388 52653 26618 38101 97456 13953 12512 39511 623 354168 242481 80897 12777 11463 536 40066 87640 4442 68120 63578 33152 30426 25976 17827 13996 11738 2258 5469 14914 6992 3831 80359 17740 36295 15325 10927 12521 23332 6624 35503 1654 35877 4349 23463 3284 1726 161584 199496 8163 5469 83503 40312 43191 22288 15593 15786 14361 1232 27405 40041 17735 17263 24447 7291 5196 19555 10242 23710 45733 39529 8024 2195 31505 31366 1147 1048 6586 9350 2227 13943 2802 25987 11217 841 6204 49665
is_linear=0
shrinkage=0.05


Tree=24
num_leaves=127
num_cat=0
split_feature=4 14 4 25 12 1 22 4 34 28 28 38 31 34 25 25 28 31 31 34 3 25 26 32 33 30 30 59 14 30 31 12 23 31 33 34 28 31 34 25 29 26 28 29 25 35 24 29 28 34 46 26 32 26 28 42 29 29 25 24 34 14 33 25 25 14 35 25 25 25 28 28 23 14 32 25 29 31 0 28 25 30 25 33 14 25 31 46 31 2 59 30 22 59 23 38 38 29 28 33 25 20 29 37 22 25 33 25 31 29 25 42 28 59 34 31 31 25 30 14 28 34 28 25 31 32
split_gain=44031.3 6153.03 4317.49 2324.38 1160.95 972.84 631.705 613.255 599.914 546.46 460.607 458.569 406.281 385.338 516.998 370.671 366.227 353.696 287.244 286.602 272.403 456.726 314.705 738.217 302.875 239.957 234.912 226.64 225.054 216.215 208.293 206.204 203.176 202.905 199.638 197.88 187.598 182.555 181.019 309.519 169.88 332.706 165.824 164.202 240.35 661.622 472.499 306.568 256.661 267.965 162.545 156.229 146.184 164.803 145.694 141.264 137.025 133.139 151.807 129.691 125.44 123.387 121.986 120.069 188.649 273.64 261.735 247.984 230.941 177.291 134.48 116.787 114.979 113.711 111.84 111.129 109.144 108.572 115.687 107.406 107.171 107.139 106.55 114.741 112.059 187.2 105.577 105.484 184.906 229.847 157.709 140.734 113.09 103.124 103.099 98.9609 98.3465 120.006 97.2194 96.9326 96.6104 96.3814 95.863 93.0295 124.135 93.8308 92.6348 92.2094 91.9451 91.3109 91.0984 90.4126 88.7795 88.1978 86.7868 86.7316 86.5726 84.5518 84.3824 83.8849 83.7959 106.487 82.1765 80.6498 79.8566 77.3194
threshold=9.5000000000000018 2.5000000000000004 25.500000000000004 159.50000000000003 1.5000000000000002 1.5000000000000002 24666.662109375004 52.500000000000007 858.50000000000011 658.50000000000011 658.50000000000011 13.500000000000002 412.00000000000006 1399.5000000000002 69.500000000000014 517.50000000000011 403.50000000000006 1958.5000000000002 412.00000000000006 727.00000000000011 1.5000000000000002 266.50000000000006 1039.5000000000002 4131.5000000000009 12515.000000000002 0.26664297282695776 0.26047860085964208 4752.5000000000009 20.500000000000004 0.68189269304275524 943.50000000000011 2.5000000000000004 0.96551769971847545 656.50000000000011 38813.500000000007 1529.0000000000002 898.50000000000011 1.0000000180025095e-35 1237.0000000000002 102.50000000000001 785.50000000000011 1128.5000000000002 86.500000000000014 68.500000000000014 91.500000000000014 1873.5000000000002 25004.414062500004 725.50000000000011 470.50000000000006 1120.0000000000002 243.50000000000003 27.500000000000004 4131.5000000000009 517.50000000000011 711.50000000000011 31.500000000000004 922.50000000000011 116.50000000000001 21.500000000000004 49502.748046875007 840.00000000000011 15.500000000000002 38813.500000000007 148.50000000000003 21.500000000000004 1.5000000000000002 1954.0000000000002 69.500000000000014 45.500000000000007 83.500000000000014 86.500000000000014 96.500000000000014 0.9758281707763673 7.5000000000000009 6189.0000000000009 174.50000000000003 881.50000000000011 1228.5000000000002 1.0000000180025095e-35 108.50000000000001 393.50000000000006 0.32757042348384863 21.500000000000004 38813.500000000007 4.5000000000000009 60.500000000000007 1352.5000000000002 47.500000000000007 967.00000000000011 1.0000000180025095e-35 4793.5000000000009 0.47697626054286962 445914.67187500006 4912.5000000000009 0.80950129032135021 13.500000000000002 13.500000000000002 922.50000000000011 516.50000000000011 38813.500000000007 839.50000000000011 1145045.1250000002 886.50000000000011 22.500000000000004 68999.988281250015 235.50000000000003 27332.500000000004 1399.5000000000002 1.0000000180025095e-35 365.50000000000006 249.50000000000003 9.5000000000000018 516.50000000000011 4981.5000000000009 1776.5000000000002 1028.0000000000002 752.50000000000011 1675.0000000000002 0.38379521667957311 5.5000000000000009 555.50000000000011 1120.0000000000002 746.50000000000011 1399.5000000000002 2905.0000000000005 2195.0000000000005
decision_type=2 2 2 2 2 2 2 2 2 2 2 2 2 2 2 2 2 2 2 2 2 2 2 2 2 2 2 2 2 2 2 2 2 2 2 2 2 2 2 2 2 2 2 2 2 2 2 2 2 2 2 2 2 2 2 2 2 2 2 2 2 2 2 2 2 2 2 2 2 2 2 2 2 2 2 2 2 2 2 2 2 2 2 2 2 2 2 2 2 2 2 2 2 2 2 2 2 2 2 2 2 2 2 2 2 2 2 2 2 2 2 2 2 2 2 2 2 2 2 2 2 2 2 2 2 2
left_child=1 6 4 13 16 12 43 28 10 20 32 17 60 40 50 18 26 34 -10 122 22 38 51 94 -23 27 76 102 115 30 99 86 98 62 56 72 37 -12 52 42 82 111 -40 -1 71 48 75 55 49 125 57 -8 53 -22 117 -48 80 58 -15 -29 -4 -9 108 64 70 69 67 -67 -68 -66 77 -45 120 -27 -25 -47 -2 78 -54 -51 -6 -74 -3 84 -84 -86 -17 103 89 90 92 -90 -89 -33 112 -39 97 -30 -5 -13 106 -59 -14 105 -105 -53 -32 -58 -18 -41 -19 -42 -24 -21 -16 -7 -82 -35 -34 -88 121 -20 -11 -99 -112 -46
right_child=2 3 5 8 11 7 9 61 15 19 36 29 25 14 114 31 33 110 35 113 21 24 23 74 -26 73 -28 59 96 -31 100 93 118 54 -36 -37 -38 95 39 109 41 -43 -44 44 45 46 47 -49 -50 79 -52 87 63 -55 -56 -57 107 101 -60 -61 -62 -63 -64 -65 65 66 68 -69 -70 -71 -72 -73 81 -75 -76 -77 -78 -79 -80 -81 116 -83 83 -85 85 -87 119 88 91 -91 -92 -93 -94 -95 -96 -97 -98 123 -100 -101 -102 -103 -104 104 -106 -107 -108 -109 -110 -111 124 -113 -114 -115 -116 -117 -118 -119 -120 -121 -122 -123 -124 -125 -126 -127
leaf_value=0 -0.00099124726916452878 0 0.024988032395414257 -0.002952363531772625 0.016909065339394659 0.031750958504844697 0 0.081727915001344617 -0.0089124408503780013 0.0020265475004198675 -0.0019337706900072792 0.023147318632716931 0 0 0.010997396389999074 0.016307363266517789 -0.0037113735848980953 0.020887094669570113 0.0096059777913719401 0.010765526687043871 0 0.011804979365867873 -0.00083809974897137084 0.01269641229961993 0.013607541792133289 0.070910486687718918 0.021702044955286867 -0.010102805015814323 0.029313505827611358 0.067235222268066261 0.021611873432734852 0.023011241296371596 0.0096834157966275928 0.019729384826562578 -0.003209697659714069 0.01869973849092359 0.031909066910583872 0.0094661688444865836 0 0.027716109351054997 -0.002080783217766597 0.028604261940939093 0 0 0 -0.00079006332761869446 -0.00073570734080260862 0.012031422093282645 0 -3.1841018828141164e-06 -0.002297788268860125 0 0 -0.00069183743249245455 0.024500189374302286 -0.00075384198938882943 -0.0072387359684830989 0 0.026637763301994091 0.045765462345223766 -0.0029830673316532507 0.070694378431957319 -0.0058171492179904215 0.011576294608685499 7.8154973135548256e-05 -0.00055050544986060912 0.00016363771675484884 -0.00084672759009570247 -0.0020804712938281653 -0.00047632034318463432 0.00010276999134689474 0 0.011178595601495256 0.044012088190800373 0.011869383797319794 0.0002810425078844249 -0.0015811147963840232 0 6.8398866145685317e-05 7.2336704178910095e-05 0.016661889233059324 0.016820678343304828 1.3601033800485018e-07 -0.0036271102372191465 -0.0014939413584515644 0.0094992525324948465 0.021932711709151027 0 0 0 -3.2114141605197225e-06 0.022867656691297845 1.2252628537274757e-07 0.044986632378078067 0.006572370105498832 0.015618548901027641 0.03479674301045798 -0.027408288732793808 0.008108634423116573 -0.0079293748638594192 0.029992152803834063 0.01682423694130444 0.04080146236213418 0.03465735912322998 0 0.027724250986053845 0.028791455557899349 0.01487988395618421 0.014245107589338796 0.010824899846392079 0.023614510616296321 0.010125262133365858 -0.00078900813113163659 0.031764715418795435 0.016833872971696261 0.035315299176866037 0.020920387954141712 0.010510127543735374 0.024860110657731971 0.022384754115450808 0.010266521357612218 0.010266854175072332 0.0097921454128899309 0.018488999963534682 0.030287243022768473 0
leaf_weight=112081 1896 6247 248 2827 12837 5111 49476 6308 176 5333 189 19583 1217 4763 16778 21824 67 9074 8161 21161 10087 6748 3159 11219 7617 2750 2970 284 8428 1703 10671 12846 13734 9806 119 22849 1731 20509 11138 1635 893 358 12964 113381 5143 1423 8242 2674 36522 46 221 229153 1478 8169 9195 2719 594 16809 2086 81 247 27349 111 5178 930 3619 393 4397 851 733 501 49512 50869 6788 7052 3136 156 1571 265 1461 4658 17328 30809 263 1260 7825 6405 11732 29942 7267 832 2110 1937 1424 8006 16017 20318 186 5807 43 23933 2612 2187 1328 4320 771 6288 606 2808 6353 14578 208 10959 1326 8216 13342 29914 1176 1211 4560 19931 9273 5827 315 7744 32076
leaf_count=112081 1896 6247 248 2827 12837 5111 49476 6308 176 5333 189 19583 1217 4763 16778 21824 67 9074 8161 21161 10087 6748 3159 11219 7617 2750 2970 284 8428 1703 10671 12846 13734 9806 119 22849 1731 20509 11138 1635 893 358 12964 113381 5143 1423 8242 2674 36522 46 221 229153 1478 8169 9195 2719 594 16809 2086 81 247 27349 111 5178 930 3619 393 4397 851 733 501 49512 50869 6788 7052 3136 156 1571 265 1461 4658 17328 30809 263 1260 7825 6405 11732 29942 7267 832 2110 1937 1424 8006 16017 20318 186 5807 43 23933 2612 2187 1328 4320 771 6288 606 2808 6353 14578 208 10959 1326 8216 13342 29914 1176 1211 4560 19931 9273 5827 315 7744 32076
internal_value=0.0111176 0.007049 0.0295394 0.012781 0.024778 0.038072 0.00481815 0.0401544 0.0154657 0.00598025 0.0112381 0.0266138 0.0257964 0.0063584 0.00936086 0.0169585 0.0155062 0.0241125 0.0155688 0.0121331 0.00553395 0.00296885 0.0061063 0.00193452 0.0110925 0.0274511 0.00326457 0.0167666 0.0365072 0.0298347 0.0293399 0.0207557 0.0057358 0.0181601 0.0214454 0.0156563 0.0146125 0.0138538 0.00130789 0.00407587 0.00312861 -0.0136694 0.00124865 0.00324876 0.00394677 0.0019252 -0.006631 -0.0112903 0.00399405 0.00682989 0.00449377 0.00660359 -0.00101894 0.00221269 0.0199605 -0.0149935 0.0216039 0.00485324 0.0108474 -0.0206656 -0.018673 0.0453231 0.00599277 -0.00398145 -0.0062827 -0.00962593 -0.0129799 -0.0162916 0.00835544 0.00904636 0.00328825 0.00510639 0.0147429 0.0316725 0.00937245 0.00730298 -0.00974368 -0.000360581 0.00822959 0.0274998 0.0220263 0.0159647 0.0036569 0.00271172 0.00292888 0.00780894 0.0185716 0.00704751 0.00505006 0.0086064 0.0122436 0.00263462 0.0135302 0.0257738 -0.00420785 0.0141076 0.0392362 0.0348574 -0.000370044 0.0251041 0.0313727 0.00273903 0.0207823 0.00750384 0.0138445 0.00734806 0.0284829 0.00491209 0.00798059 0.0126056 0.0282518 -0.0272864 -0.00677818 0.0153842 0.0145192 0.0321813 0.0234754 0.0160712 0.00926357 0.0225757 0.0125129 0.00998015 0.00558194 0.0110657 0.0299701 0.00599276
internal_weight=1.46866e+06 1.20297e+06 265689 337019 170530 95159 865953 81357 237671 497537 62025 142345 13802 99348 51485 175646 28185 80124 128587 33647 463890 84627 379263 40395 14365 13307 5022 3769 47700 62221 60518 47059 23579 23163 48728 128411 38446 36715 70262 32090 47863 1459 24102 368416 256335 93442 18194 13635 75248 38726 26491 338868 38172 18256 20177 10961 48609 26270 6849 365 495 33657 2986 19916 14738 10923 9260 8016 1244 1663 3815 162893 105562 9538 18271 4559 2052 3314 1743 1507 47409 68197 46404 40157 39894 9085 32789 289392 53820 21768 14501 32052 13669 14270 22124 36526 29247 8929 8634 19626 40892 19421 3404 235572 5648 229924 16959 1200 2875 7988 31396 1101 14118 22487 24994 18453 34572 10982 14945 10965 37365 17434 11160 501 22322 37219
internal_count=1468661 1202972 265689 337019 170530 95159 865953 81357 237671 497537 62025 142345 13802 99348 51485 175646 28185 80124 128587 33647 463890 84627 379263 40395 14365 13307 5022 3769 47700 62221 60518 47059 23579 23163 48728 128411 38446 36715 70262 32090 47863 1459 24102 368416 256335 93442 18194 13635 75248 38726 26491 338868 38172 18256 20177 10961 48609 26270 6849 365 495 33657 2986 19916 14738 10923 9260 8016 1244 1663 3815 162893 105562 9538 18271 4559 2052 3314 1743 1507 47409 68197 46404 40157 39894 9085 32789 289392 53820 21768 14501 32052 13669 14270 22124 36526 29247 8929 8634 19626 40892 19421 3404 235572 5648 229924 16959 1200 2875 7988 31396 1101 14118 22487 24994 18453 34572 10982 14945 10965 37365 17434 11160 501 22322 37219
is_linear=0
shrinkage=0.05


Tree=25
num_leaves=127
num_cat=0
split_feature=4 4 14 25 15 1 4 15 13 34 25 59 31 31 15 25 34 25 3 27 25 13 31 31 38 33 31 25 27 31 34 25 38 31 34 4 33 23 28 34 27 29 29 31 25 25 28 25 34 28 13 29 32 27 29 28 29 26 28 31 28 29 25 13 25 35 25 25 35 28 25 46 59 32 25 27 28 31 15 25 28 25 35 34 28 35 29 29 25 14 33 33 35 13 29 25 29 28 25 31 25 27 33 59 4 34 28 45 31 26 31 33 14 35 38 29 28 13 15 25 25 28 34 27 31 59
split_gain=41706.3 5307.54 4473.85 2015.37 1238.92 951.775 680.206 572.532 564.312 495.639 452.362 418.181 401.377 392.625 381.66 356.983 337.979 558.658 312.53 404.101 300.805 283.795 273.423 269.553 253.709 248.908 244.172 234.847 220.918 220.515 192.875 296.402 192.601 189.046 187.671 187.596 177.359 177.164 203.926 174.098 171.95 202.549 171.356 163.712 162.12 159.156 156.468 154.338 152.738 185.115 149.131 148.12 145.69 159.941 143.884 142.713 136.475 277.53 132.794 130.15 162.199 139.862 130.011 192.932 313.846 274.818 292.323 232.339 223.352 250.833 152.956 128.991 126.304 124.994 121.648 119.498 116.22 112.84 239.067 112.101 111.417 110.736 1068.69 240.999 234.092 322.982 242.449 118.759 107.036 105.2 102.958 102.954 100.624 100.568 99.6753 222.775 95.7236 95.4984 94.1634 94.1209 92.8798 92.6875 92.3309 103.763 92.2845 92.0952 91.5974 91.2412 90.5468 90.1252 99.3553 88.7259 88.3827 87.8522 85.4805 131.985 85.4529 84.9701 84.8123 84.4892 83.9693 80.9789 216.624 101.292 80.3367 78.685
threshold=8.5000000000000018 25.500000000000004 2.5000000000000004 159.50000000000003 17.500000000000004 1.5000000000000002 58.500000000000007 98.500000000000014 7.5000000000000009 727.00000000000011 459.50000000000006 4981.5000000000009 412.00000000000006 412.00000000000006 39.500000000000007 839.50000000000011 1306.0000000000002 69.500000000000014 1.5000000000000002 1716.5000000000002 266.50000000000006 13.500000000000002 1228.5000000000002 686.50000000000011 13.500000000000002 38813.500000000007 1.0000000180025095e-35 393.50000000000006 181.50000000000003 1028.0000000000002 1237.0000000000002 102.50000000000001 7.5000000000000009 1.0000000180025095e-35 840.00000000000011 1.0000000180025095e-35 18392.500000000004 0.95939502120018016 540.00000000000011 1725.5000000000002 5595.0000000000009 76.500000000000014 116.50000000000001 1830.0000000000002 8.5000000000000018 60.500000000000007 746.50000000000011 491.50000000000006 1399.5000000000002 403.50000000000006 3.5000000000000004 886.50000000000011 4131.5000000000009 1716.5000000000002 543.50000000000011 86.500000000000014 785.50000000000011 1128.5000000000002 711.50000000000011 1290.5000000000002 470.50000000000006 785.50000000000011 148.50000000000003 1.5000000000000002 21.500000000000004 1954.0000000000002 69.500000000000014 45.500000000000007 1954.0000000000002 77.500000000000014 83.500000000000014 243.50000000000003 4912.5000000000009 5515.5000000000009 21.500000000000004 3950.0000000000005 429.50000000000006 1228.5000000000002 10.500000000000002 21.500000000000004 694.50000000000011 91.500000000000014 1873.5000000000002 1120.0000000000002 108.50000000000001 2413.0000000000005 725.50000000000011 116.50000000000001 21.500000000000004 16.500000000000004 23795.000000000004 4581.5000000000009 2175.0000000000005 3.5000000000000004 922.50000000000011 1005.5000000000001 922.50000000000011 96.500000000000014 60.500000000000007 1830.0000000000002 839.50000000000011 804.00000000000011 11238.000000000002 4864.5000000000009 4.5000000000000009 1776.5000000000002 17.500000000000004 623.50000000000011 1.0000000180025095e-35 679.50000000000011 1290.5000000000002 38813.500000000007 5.5000000000000009 1973.5000000000002 13.500000000000002 924.50000000000011 898.50000000000011 3.5000000000000004 22.500000000000004 148.50000000000003 459.50000000000006 607.50000000000011 858.50000000000011 5170.5000000000009 1095.5000000000002 4864.5000000000009
decision_type=2 2 2 2 2 2 2 2 2 2 2 2 2 2 2 2 2 2 2 2 2 2 2 2 2 2 2 2 2 2 2 2 2 2 2 2 2 2 2 2 2 2 2 2 2 2 2 2 2 2 2 2 2 2 2 2 2 2 2 2 2 2 2 2 2 2 2 2 2 2 2 2 2 2 2 2 2 2 2 2 2 2 2 2 2 2 2 2 2 2 2 2 2 2 2 2 2 2 2 2 2 2 2 2 2 2 2 2 2 2 2 2 2 2 2 2 2 2 2 2 2 2 2 2 2 2
left_child=2 4 7 16 8 13 21 10 32 26 18 23 34 73 44 22 56 42 19 28 30 90 25 33 39 37 -5 -28 45 -22 52 55 43 35 108 -12 -34 38 -11 96 41 -9 88 120 -14 -1 109 54 121 -50 -17 98 53 -20 -24 -32 74 -58 113 60 102 -61 63 70 68 66 -66 -67 69 77 79 106 99 -3 93 -49 -25 78 -65 -54 -35 97 83 91 85 -84 92 -85 -18 -8 -7 -83 -86 -4 -48 -96 -10 -43 -16 100 -26 -33 -42 -104 -56 -19 -44 125 -6 -15 -111 112 -76 -46 115 -23 -29 -77 -78 -109 -2 123 -123 -21 -60 -30
right_child=1 5 3 9 12 6 89 40 24 15 11 -13 14 46 51 50 17 105 20 48 29 114 47 76 72 -27 27 116 107 -31 31 101 36 80 -36 -37 -38 -39 -40 -41 59 81 71 -45 58 -47 94 75 49 -51 -52 -53 62 -55 104 -57 57 -59 124 61 -62 -63 -64 64 65 67 -68 -69 -70 -71 -72 -73 -74 -75 111 117 118 -79 -80 -81 -82 82 84 87 86 -87 -88 -89 -90 -91 -92 -93 -94 -95 95 -97 -98 -99 -100 -101 -102 -103 103 -105 -106 -107 -108 119 -110 110 -112 -113 -114 -115 -116 -117 -118 -119 -120 -121 -122 122 -124 -125 -126 -127
leaf_value=0 0.013522343600438084 0.021480429511658031 0 -0.002267270936970957 -0.0034477744350554333 0.03096987795400126 0.078888515201291393 0 0.019631234795035216 0.0081428897151442758 0 0.027485582881315584 -0.0016361920490302535 0 -0.00093826133591285311 0.019943282452259015 0 0.010534637452728299 0 0 0.01058949681457403 0.028994638856331623 0.023505407278529122 -0.0017967895665625712 0.019221800900170796 -0.0097534777189189469 0.0016750626627061338 0.0092136474056730699 0 0.010554823219544325 0 0.032666400300883379 0.020931041574463558 -0.00081024389714755881 -0.0049819720418462863 -0.00095232207470848605 0.025173184978289517 0.010641200365608684 0.0091623174964630526 0.026942164722119511 0 0 -0.00072195773100889433 0.020177595946108941 0.012889154681286489 0.017118796188084002 0.044869579130897563 0.038333133442420411 0.012498890127317664 0.011875122277918938 0.025217209944855323 0.025335977509324092 0 -0.00063479506370153521 0.0094638204117440429 0 -0.001608315029543328 0.026523258434489595 0.018092375362097967 -0.00092324217487523442 0 0.010592925672860312 0.010983973256773159 7.1998806469142441e-05 -0.00053790936942291927 0.00015851530651568655 -0.00080865051564975971 -0.0019879563794918133 -2.9480125055247076e-06 9.3652610369413165e-05 -0.00045250432602540264 -0.0024798030329543047 0.055059050228052214 -0.0029944178518562011 1.2920982110460769e-07 0.01675474848903389 0.015438911252450014 0 0 7.6761197070352759e-05 0.0096819847003679575 0 6.1113433572614669e-05 -3.0248967886734105e-06 -0.00070261602405893311 -0.0007288318496294216 0.013099658749358149 6.1642237707313269e-05 0.024565228876074371 0.073011846694194069 0.032963993277964322 0 -0.0006611285119331251 -0.0010175508956557643 -0.013985296003483631 0.039589723528657084 0.0057621138026980549 0 0.0028040255155588724 0.030079623822064635 0.02455842354568101 0.010862607007053819 1.1936083983192228e-07 -0.00077956706488704105 0.013614728705131121 0.016177467717745714 0 0 0.01591086913779732 0.031742434796135248 0.047273007944644931 -0.0034398399830038451 0.0082987043649029712 0.019812222083993379 0.035078370487120737 -0.028065181966394681 0.02746212891664588 0.019134482506579089 0.011110005117602796 0.029602855005451789 0.018816157733782864 3.9767626627514865e-05 0.010998712742434569 -0.00082017578601096251 0.024884322006273704 3.5276221951980062e-05
leaf_weight=96297 13221 266 4858 279 84 13882 6311 120871 24603 7351 257 3344 297 604 588 12405 5075 20801 10690 74114 7771 7746 6765 876 5169 169 7055 15933 205097 5199 11115 685 32262 4816 416 408 25320 55307 19705 8058 699 84246 272 18275 6179 717 5753 906 6067 5465 8635 1034 648 8088 23810 12973 961 317 5561 848 14829 462 5451 317 3572 369 4176 826 476 624 1102 237 2391 240 29873 8333 10260 877 890 1105 10902 7583 474 48 5154 154 1666 1260 2041 22990 10386 33656 4241 336 178 1074 781 43683 3399 6656 16824 7663 544 64 41522 7644 21247 5529 459 2219 3493 240 2845 7810 19871 119 774 6066 11664 272 11974 7179 5603 5710 5418 5293
leaf_count=96297 13221 266 4858 279 84 13882 6311 120871 24603 7351 257 3344 297 604 588 12405 5075 20801 10690 74114 7771 7746 6765 876 5169 169 7055 15933 205097 5199 11115 685 32262 4816 416 408 25320 55307 19705 8058 699 84246 272 18275 6179 717 5753 906 6067 5465 8635 1034 648 8088 23810 12973 961 317 5561 848 14829 462 5451 317 3572 369 4176 826 476 624 1102 237 2391 240 29873 8333 10260 877 890 1105 10902 7583 474 48 5154 154 1666 1260 2041 22990 10386 33656 4241 336 178 1074 781 43683 3399 6656 16824 7663 544 64 41522 7644 21247 5529 459 2219 3493 240 2845 7810 19871 119 774 6066 11664 272 11974 7179 5603 5710 5418 5293
internal_value=0.0107658 0.0276829 0.00656917 0.0117044 0.022995 0.0373795 0.0394421 0.00471826 0.0247187 0.0144011 0.00570518 0.0106566 0.0138628 0.0252508 0.0148713 0.0152528 0.00571123 0.0081624 0.00528567 0.00584746 0.0025148 0.0360086 0.0144921 0.00920792 0.0283737 0.0124278 0.00763463 0.00818088 0.00674461 0.00952151 0.00124632 0.00409867 0.0223864 0.00431512 -0.0179804 -0.0217937 0.0242835 0.0125523 0.00923618 0.0253511 0.0030415 0.00331939 0.00326249 0.0198733 0.0173736 0.00476214 0.026893 0.0164412 0.00314914 0.00857563 0.021397 0.00227938 -0.00111308 0.00206597 0.0154728 0.00128466 0.00214798 -0.013923 0.0178105 -0.00178521 -0.000554347 -0.0169415 -0.00403487 -0.00644069 -0.00919387 -0.0139935 -0.0174359 0.00832148 0.00428536 0.009839 0.00525201 0.00105924 0.0316299 -0.0179708 0.00268648 0.0210025 0.0127234 0.00150904 0.0114282 0.0144287 0.00542018 0.00437238 0.00247888 0.00615776 -0.0109114 0.0187789 -0.0125978 0.0272877 0.00999775 0.0455357 0.0320583 0.00548739 -0.0157151 0.00979862 0.0320402 0.0192437 0.0233175 0.00517509 -0.002093 0.0307076 0.0291294 0.0122178 0.01633 0.0305789 0.0147538 0.0131357 0.00146358 0.00763419 0.00137175 0.0211832 0.0231255 0.00156547 0.00178785 0.0145789 0.0394646 0.0350466 0.011411 0.0198933 0.013437 0.00144714 0.0172591 0.00247333 0.00616839 0.00188157 0.0219276 0.00780476
internal_weight=1.46864e+06 291911 1.17673e+06 311762 196779 95132 81305 864969 165534 215015 544487 42527 31245 13827 30286 190974 96747 57317 501960 417343 84617 52004 169934 39183 64482 82532 24041 23762 313205 12970 71647 32436 101052 16383 959 665 57582 82363 27056 33442 320482 303036 28872 43470 25265 97014 13321 87402 104138 11532 21040 5021 39211 18778 72097 24088 39430 1278 24968 17446 16136 1310 20433 14982 12127 8943 7748 1195 3184 2708 2855 21756 31040 506 38152 15305 22800 2084 1207 1753 15718 182165 54236 42547 11689 628 11061 1308 7116 29301 24268 41239 9395 5194 7005 1252 25384 127929 3987 28649 21993 8348 1307 608 65332 28445 21519 216191 543 6316 5712 32958 32718 13989 27736 7865 16707 14399 21924 5801 25195 92606 12782 79824 10979 210390
internal_count=1468642 291911 1176731 311762 196779 95132 81305 864969 165534 215015 544487 42527 31245 13827 30286 190974 96747 57317 501960 417343 84617 52004 169934 39183 64482 82532 24041 23762 313205 12970 71647 32436 101052 16383 959 665 57582 82363 27056 33442 320482 303036 28872 43470 25265 97014 13321 87402 104138 11532 21040 5021 39211 18778 72097 24088 39430 1278 24968 17446 16136 1310 20433 14982 12127 8943 7748 1195 3184 2708 2855 21756 31040 506 38152 15305 22800 2084 1207 1753 15718 182165 54236 42547 11689 628 11061 1308 7116 29301 24268 41239 9395 5194 7005 1252 25384 127929 3987 28649 21993 8348 1307 608 65332 28445 21519 216191 543 6316 5712 32958 32718 13989 27736 7865 16707 14399 21924 5801 25195 92606 12782 79824 10979 210390
is_linear=0
shrinkage=0.05


Tree=26
num_leaves=127
num_cat=0
split_feature=9 9 9 25 12 6 9 25 34 23 38 15 9 38 31 31 28 27 31 13 31 27 47 8 25 34 27 32 35 25 13 25 25 25 28 34 34 31 33 28 35 28 15 12 28 34 27 25 28 25 27 29 29 31 28 25 13 26 25 35 34 28 35 29 23 25 15 28 32 31 25 28 29 32 29 24 21 21 26 21 22 25 28 27 31 15 13 33 32 31 25 28 33 50 28 31 33 9 27 9 35 28 33 29 45 25 29 25 28 9 51 47 33 6 34 25 51 27 32 31 33 38 51 25 29 47
split_gain=39091.1 4674.8 4620.61 1325.54 1193.65 784.303 738.638 667.9 703.313 585.298 536.616 527.106 486.923 381.826 373.751 330.429 322.337 308.168 285.807 269.344 257.827 234.231 250.216 225.722 350.669 630.915 310.557 246.967 527.339 501.493 369.295 417.882 285.912 233.614 226.977 221.758 220.303 219.334 248.761 209.242 230.174 199.377 237.539 190.1 184.863 184.532 183.841 176.527 162.694 162.01 159.187 207.61 157.464 151.365 149.869 149.309 147.782 146.28 144.67 1094.62 273.833 225.562 322.574 248.029 139.618 138.114 135.679 134.24 131.99 129.108 126.927 122.803 119.168 116.565 133.661 115.92 130.633 115.91 113.867 113.007 112.418 112.399 242.112 163.133 112.396 218.604 129.471 107.769 107.484 113.28 105.61 104.698 104.119 101.131 99.6243 105.389 95.8242 95.5661 137.158 95.3258 95.3249 94.1681 93.9829 93.3573 91.3229 103.003 89.1634 88.8696 87.9978 109.218 86.1487 85.4826 84.775 84.3218 84.0136 96.5072 83.7654 82.3223 82.1934 81.8942 81.3924 81.0466 119.221 117.424 114.585 80.8058
threshold=0.10555555671453477 0.038888890296220786 0.35000000894069677 91.500000000000014 2.5000000000000004 0.10714286193251611 1.0000000180025095e-35 327.50000000000006 771.50000000000011 0.96551769971847545 13.500000000000002 30.500000000000004 0.77222222089767467 8.5000000000000018 1.0000000180025095e-35 1958.5000000000002 711.50000000000011 4860.5000000000009 412.00000000000006 12.500000000000002 412.00000000000006 2036.5000000000002 0.40434999763965612 0.026785715483129028 148.50000000000003 1120.0000000000002 1716.5000000000002 4131.5000000000009 1954.0000000000002 21.500000000000004 1.5000000000000002 69.500000000000014 83.500000000000014 112.50000000000001 77.500000000000014 1108.0000000000002 1083.5000000000002 656.50000000000011 38813.500000000007 658.50000000000011 1849.5000000000002 607.50000000000011 44.500000000000007 2.5000000000000004 403.50000000000006 1399.5000000000002 181.50000000000003 60.500000000000007 711.50000000000011 839.50000000000011 5595.0000000000009 76.500000000000014 922.50000000000011 538.50000000000011 516.50000000000011 3015.5000000000005 1.5000000000000002 1128.5000000000002 91.500000000000014 1873.5000000000002 1120.0000000000002 108.50000000000001 2413.0000000000005 765.50000000000011 0.92387348413467418 159.50000000000003 162.50000000000003 470.50000000000006 5515.5000000000009 412.00000000000006 370.00000000000006 878.50000000000011 116.50000000000001 6189.0000000000009 785.50000000000011 75002.597656250015 194999.92187500003 23999.990234375004 119.50000000000001 830200.50000000012 35999.994140625007 83.500000000000014 148.50000000000003 579.50000000000011 1228.5000000000002 10.500000000000002 1.5000000000000002 11807.500000000002 5515.5000000000009 1.0000000180025095e-35 1675.0000000000002 540.00000000000011 27332.500000000004 0.23126164823770526 470.50000000000006 1290.5000000000002 38813.500000000007 0.027777778916060928 1716.5000000000002 0.20555555820465091 2266.0000000000005 96.500000000000014 4581.5000000000009 265.00000000000006 623.50000000000011 148.50000000000003 881.50000000000011 266.50000000000006 658.50000000000011 0.016666667070239786 0.19999997317790988 0.69085898995399486 21058.000000000004 1.0000000180025095e-35 705.50000000000011 1112.5000000000002 0.14646916091442111 4569.5000000000009 5635.0000000000009 538.50000000000011 14403.000000000002 13.500000000000002 0.14646916091442111 2132.5000000000005 924.50000000000011 0.99999928474426281
decision_type=2 2 2 2 2 2 2 2 2 2 2 2 2 2 2 2 2 2 2 2 2 2 2 2 2 2 2 2 2 2 2 2 2 2 2 2 2 2 2 2 2 2 2 2 2 2 2 2 2 2 2 2 2 2 2 2 2 2 2 2 2 2 2 2 2 2 2 2 2 2 2 2 2 2 2 2 2 2 2 2 2 2 2 2 2 2 2 2 2 2 2 2 2 2 2 2 2 2 2 2 2 2 2 2 2 2 2 2 2 2 2 2 2 2 2 2 2 2 2 2 2 2 2 2 2 2
left_child=1 6 4 21 11 18 50 23 14 20 15 37 19 36 108 52 77 80 68 -7 88 75 57 26 27 87 46 33 29 34 32 -32 -31 78 84 55 65 38 -2 40 54 42 -19 -15 106 110 47 -8 100 93 51 -1 64 -38 -22 114 -36 117 101 60 102 62 -61 66 -6 -11 112 -47 -4 -46 103 119 -62 94 -75 -3 -77 -16 -25 -57 -10 82 -30 116 85 86 -29 -26 89 -5 -45 -89 -83 -20 95 -52 99 -80 -99 -66 -39 -53 -60 -55 -48 -106 125 -17 109 -9 -28 -42 -63 -86 -12 -116 -84 -23 -78 -37 -41 124 123 -123 -21 -13
right_child=2 3 5 9 10 12 7 8 17 13 35 44 -14 43 16 107 -18 41 49 121 39 22 -24 24 25 -27 45 28 81 30 31 -33 -34 -35 56 71 53 48 -40 120 111 -43 -44 90 69 67 104 -49 -50 -51 73 58 -54 70 -56 79 -58 -59 59 61 72 63 -64 -65 96 -67 -68 -69 -70 -71 -72 -73 -74 74 -76 76 118 -79 97 -81 -82 92 83 -85 113 -87 -88 91 -90 -91 -92 -93 -94 -95 -96 -97 -98 98 -100 -101 -102 -103 -104 -105 105 -107 -108 -109 -110 -111 -112 -113 -114 -115 115 -117 -118 -119 -120 -121 -122 122 -124 -125 -126 -127
leaf_value=0 0.015535223232068719 0.0097487366699233972 0.041238592829130179 -0.0020766563291681936 0.009895158351341915 0.039349350392517503 0 0.00053471758447910279 0.027137739424632702 0.0077879815678298719 0.015275412307605974 -0.00018767131427721977 0.079934417201414448 0.015073980491232984 -0.00094543531020412389 0.018965321143551497 0.0092638147232989108 0.01063813659399199 0 0.029401456846491193 -0.00020923254592935538 -0.00051046323473648997 -0.001254014781501138 0 -0.00063568902624036279 0.0095290023776435223 0 -3.7894108667969711e-06 0 7.2923137216835123e-05 -0.00053370928636600529 -0.00085040661045751489 -0.00042987910972413254 -0.00096262939535808167 -1.542445155616962e-05 -0.005089130277730558 -0.0062422617189728073 0.017207976843068459 -0.004313090191694454 0.01009889234456608 0.010538477091225622 0.010013750688829898 -0.0027998822308025269 0.019866134381585954 -0.0045007951194867765 0.011777546509555134 0 0.016615316697002881 0.022751703932191614 0.058107537205694337 0 0 0.0031950137158565763 0.036687069713285052 0.0077904363989596409 0.045073600371157423 8.8969979850942512e-05 0.028260518861603065 0 5.3184782644243329e-05 -2.8736519492397402e-06 -0.00066964314328117809 -0.00069239025714795059 0.013290694303125372 0.017425132958752611 0.0087979121430616838 -0.0006706086255024073 0.0099250382440808447 -0.0029872308747134505 0.018375709077700787 0.0176614013203036 0.031911310405605797 7.9497374353657924e-05 -0.0011436810419141914 0.0092944755388623176 0 -0.0010431449259559187 0.010083916260283233 0 0.0054480566684129489 0.01711975050399361 0.011343062721804209 3.3723348834105884e-05 -0.00086296652110522609 0 0 6.8398866145685317e-05 0.010330924549882117 -0.007590092506291563 0.00099474716498481057 0.041648633726153038 0.009788271011958366 0.012233927395699158 0.031594036231130787 0 -0.0010346489368547719 -0.0022209799121611861 3.0823046235388462e-05 -0.00077161535083757125 0.021443058763280787 0.020873749825886991 0 0 0.012003160382999582 0 0.031304190724384839 -0.0012949248497666993 0.024082069130460217 -0.0012537385100976405 -0.0010310203706264222 0 0.003152941845890567 -0.00063842247650762419 -3.7894108667969711e-06 0.018672905893854796 0.023474899017134877 -0.002056839166639872 -0.0043538019034637873 0.01729333831791174 0.026652766811463849 0.014690275616677517 0.027839657383542507 0.035722974235328664 -0.0088146338371129403 -0.0260213518420465 -0.019551494274881502
leaf_weight=125477 5246 6945 207 264 2896 11965 88115 80 1704 4090 2498 2089 23456 40300 7601 8089 12466 6961 883 7094 9272 1765 928 4321 11165 13200 21779 54 24502 939 4878 7109 883 2947 95 38 100 15076 223 13677 22693 31487 3645 18055 226 8662 203080 709 21666 7218 1426 98878 1225 1051 11050 3277 821 380 7716 468 51 2631 161 1340 25870 38984 3339 2824 191 5179 14724 5427 1424 718 462 17516 932 6381 5471 247 8552 4821 509 6384 928 1300 416 7344 149 1253 1637 3354 4912 1112 16997 141 57 2178 417 9917 11273 48791 38230 44892 5334 281 118 21041 437 73 56497 2257 5779 509 10864 13432 1915 361 5255 25956 11947 238 20962 233 110 149
leaf_count=125477 5246 6945 207 264 2896 11965 88115 80 1704 4090 2498 2089 23456 40300 7601 8089 12466 6961 883 7094 9272 1765 928 4321 11165 13200 21779 54 24502 939 4878 7109 883 2947 95 38 100 15076 223 13677 22693 31487 3645 18055 226 8662 203080 709 21666 7218 1426 98878 1225 1051 11050 3277 821 380 7716 468 51 2631 161 1340 25870 38984 3339 2824 191 5179 14724 5427 1424 718 462 17516 932 6381 5471 247 8552 4821 509 6384 928 1300 416 7344 149 1253 1637 3354 4912 1112 16997 141 57 2178 417 9917 11273 48791 38230 44892 5334 281 118 21041 437 73 56497 2257 5779 509 10864 13432 1915 361 5255 25956 11947 238 20962 233 110 149
internal_value=0.010478 0.00664278 0.0278327 0.0124299 0.0237496 0.0384788 0.00496341 0.00606497 0.0103247 0.0137589 0.0264464 0.0179883 0.0404772 0.0154147 0.00377597 0.0234191 0.00465421 0.0137069 0.0251579 0.037163 0.0100203 0.00321122 -0.00917125 0.0053868 0.00340296 0.00754197 0.00595729 0.00150107 7.45386e-05 -0.00712939 -0.0116984 -0.0148864 0.00927227 0.00717323 0.00817225 0.0298343 0.0135798 0.0197553 0.0102659 0.0104772 0.00843334 0.011813 0.00588294 0.0185907 0.00581039 0.00337943 0.00673501 0.00482971 0.020836 0.0269502 0.00316484 0.00342251 0.0204665 0.015519 0.00448256 0.0267825 0.0301223 -0.000955668 0.00438846 0.00234294 0.00594134 -0.0100958 0.0191464 -0.0115016 0.0210246 0.010844 -0.0138262 0.00929776 -0.016315 0.0109054 0.0156204 0.0327788 0.0271473 -0.00119757 -0.016435 0.00459882 0.002934 -0.000557499 0.0101836 0.0364618 0.0214794 0.00307587 0.00169453 -0.0054149 0.00190047 0.0103356 0.0395554 0.00233018 -0.0094202 -0.00543471 0.022618 0.00591647 0.00780276 0.0143326 -0.000228667 0.011834 0.0218779 0.0136925 0.0215965 0.0219812 0.0181959 0.00523532 0.0052604 0.0143252 0.00754591 0.00125465 -0.00587624 0.0274697 -0.0355787 -0.0029066 0.00251092 0.0116511 -0.0104392 -0.00848584 0.0255092 0.0264073 -0.0164577 -0.0060651 0.00917958 0.0313492 0.0140881 0.0397961 0.04134 0.0164402 0.0352015 -0.00363925
internal_weight=1.46829e+06 1.20255e+06 265748 270477 192079 73669 932069 578040 79387 236395 130834 61245 64058 163833 27038 69095 26448 52349 9611 40602 72562 34082 3434 498653 111372 35063 387281 76309 60975 17932 13809 11987 1822 15334 4123 61739 103841 53484 5469 70896 45272 42093 10606 59992 7761 89762 297519 88824 48015 9213 354029 334285 39965 60767 20322 30318 916 2506 208808 61139 47421 13718 629 13089 38740 43074 11749 11486 398 5405 60667 31421 1475 19744 1180 30648 23703 13982 12387 3524 10256 43043 33310 8808 3207 1770 470 21863 1666 1517 19692 10698 9733 1995 18564 1567 35844 8066 2595 35787 26349 147669 45946 45943 208695 5615 2356 29130 590 153 78276 24950 8410 1437 26794 24296 2424 2126 6187 25994 25624 28637 21433 471 7204 2238
internal_count=1468294 1202546 265748 270477 192079 73669 932069 578040 79387 236395 130834 61245 64058 163833 27038 69095 26448 52349 9611 40602 72562 34082 3434 498653 111372 35063 387281 76309 60975 17932 13809 11987 1822 15334 4123 61739 103841 53484 5469 70896 45272 42093 10606 59992 7761 89762 297519 88824 48015 9213 354029 334285 39965 60767 20322 30318 916 2506 208808 61139 47421 13718 629 13089 38740 43074 11749 11486 398 5405 60667 31421 1475 19744 1180 30648 23703 13982 12387 3524 10256 43043 33310 8808 3207 1770 470 21863 1666 1517 19692 10698 9733 1995 18564 1567 35844 8066 2595 35787 26349 147669 45946 45943 208695 5615 2356 29130 590 153 78276 24950 8410 1437 26794 24296 2424 2126 6187 25994 25624 28637 21433 471 7204 2238
is_linear=0
shrinkage=0.05


Tree=27
num_leaves=127
num_cat=0
split_feature=4 4 14 25 12 1 22 4 38 1 2 38 31 28 31 25 32 31 46 30 31 14 20 31 30 33 31 34 35 25 28 27 27 34 13 25 25 35 32 25 31 27 32 30 32 20 29 27 35 29 28 35 25 28 4 34 30 30 31 25 29 30 29 34 59 28 28 33 34 14 25 34 33 25 29 23 4 29 27 28 34 29 26 28 29 31 25 28 25 4 26 33 28 32 36 32 14 27 26 27 25 28 34 47 30 59 28 30 25 59 47 13 22 1 31 30 25 33 23 29 28 30 34 25 29 25
split_gain=36801.9 4705.05 4054.05 2139.97 1210.04 802.349 547.792 539.916 532.63 500.061 444.575 399.552 371.539 366.491 419.179 330.124 505.637 301.558 296.174 261.46 258.187 257.45 245.972 237.232 229.665 228.076 215.817 208.327 207.712 214.773 195.4 193.052 202.193 191.945 186.428 306.577 186.843 218.046 604.575 267.427 184.574 180.161 293.657 177.263 176.924 157.908 152.855 261.711 328.39 396.509 275.925 227.648 152.228 151.571 145.95 141.779 140.312 137.992 137.083 132.554 131.462 150.413 127.897 123.6 123.145 121.634 119.4 116.394 115.86 115.192 112.502 111.629 108.652 107.18 106.811 104.514 104.061 101.93 127.143 101.31 100.874 108.114 99.3436 97.537 96.617 95.7954 95.7537 94.1279 93.3452 91.9503 91.4126 91.107 96.8308 91.0417 88.8328 104.546 88.3974 88.2201 87.8586 87.8216 84.1679 151.825 133.123 107.894 83.0085 84.8446 82.4233 81.5305 80.871 82.1095 111.024 81.5866 80.7139 80.2836 128.611 80.1583 106.166 80.1327 78.6971 78.6829 77.9276 77.5461 76.6153 75.9254 74.1209 73.9238
threshold=9.5000000000000018 31.500000000000004 2.5000000000000004 159.50000000000003 2.5000000000000004 1.5000000000000002 24666.662109375004 65.500000000000014 13.500000000000002 1.0000000180025095e-35 1.0000000180025095e-35 7.5000000000000009 656.50000000000011 658.50000000000011 1.0000000180025095e-35 69.500000000000014 6724.0000000000009 1888.0000000000002 243.50000000000003 0.68189269304275524 412.00000000000006 26.500000000000004 160303.84375000003 1028.0000000000002 0.68189269304275524 38813.500000000007 1.0000000180025095e-35 771.50000000000011 2086.5000000000005 201.50000000000003 403.50000000000006 1716.5000000000002 260.50000000000006 1004.5000000000001 1.5000000000000002 159.50000000000003 21.500000000000004 1954.0000000000002 4131.5000000000009 69.500000000000014 412.00000000000006 3428.0000000000005 5181.0000000000009 0.26664297282695776 3750.5000000000005 556577.50000000012 68.500000000000014 1716.5000000000002 1873.5000000000002 785.50000000000011 148.50000000000003 2413.0000000000005 235.50000000000003 470.50000000000006 1.0000000180025095e-35 840.00000000000011 0.86991125345230114 0.29166504740715032 412.00000000000006 30.500000000000004 141.50000000000003 0.40163776278495794 922.50000000000011 840.00000000000011 4752.5000000000009 711.50000000000011 658.50000000000011 38813.500000000007 1326.0000000000002 4.5000000000000009 839.50000000000011 1649.0000000000002 23795.000000000004 112.50000000000001 881.50000000000011 0.92387348413467418 2.5000000000000004 345.50000000000006 159.50000000000003 9.5000000000000018 1120.0000000000002 191.50000000000003 119.50000000000001 769.00000000000011 455.50000000000006 1958.5000000000002 459.50000000000006 733.50000000000011 188.50000000000003 16.500000000000004 1128.5000000000002 14672.000000000002 516.50000000000011 7022.0000000000009 0.38176687061786657 3478.5000000000005 16.500000000000004 6597.5000000000009 1690.5000000000002 27559.500000000004 83.500000000000014 170.50000000000003 1237.0000000000002 1.9999985694885256 0.32757042348384863 4752.5000000000009 127.50000000000001 0.43456299602985388 370.00000000000006 4864.5000000000009 0.14186786115169528 1.5000000000000002 46537.583984375007 1.0000000180025095e-35 1556.5000000000002 0.47697626054286962 2132.5000000000005 27332.500000000004 0.80950129032135021 859.50000000000011 403.50000000000006 0.26373033225536352 1560.5000000000002 1399.5000000000002 116.50000000000001 122.50000000000001
decision_type=2 2 2 2 2 2 2 2 2 2 2 2 2 2 2 2 2 2 2 2 2 2 2 2 2 2 2 2 2 2 2 2 2 2 2 2 2 2 2 2 2 2 2 2 2 2 2 2 2 2 2 2 2 2 2 2 2 2 2 2 2 2 2 2 2 2 2 2 2 2 2 2 2 2 2 2 2 2 2 2 2 2 2 2 2 2 2 2 2 2 2 2 2 2 2 2 2 2 2 2 2 2 2 2 2 2 2 2 2 2 2 2 2 2 2 2 2 2 2 2 2 2 2 2 2 2
left_child=2 4 6 15 10 20 46 21 17 12 30 33 25 22 -15 18 67 62 60 23 63 72 28 99 94 26 -5 83 31 56 74 32 -8 -11 41 36 -36 38 73 -40 55 98 118 64 -37 -20 -1 52 53 50 51 -50 124 80 97 -12 77 87 -32 -58 82 79 75 -3 120 68 -28 69 121 -17 85 104 -7 76 -2 -6 -38 78 107 -62 -49 -82 -4 -16 -18 -25 -19 -14 -44 -77 -81 92 -59 -67 95 -13 -9 -52 -24 -10 101 102 -39 -103 105 -35 -53 -30 109 111 -111 -34 -66 114 -104 -45 -117 -102 -43 -60 -22 -42 -84 -64 -48 -79
right_child=1 5 3 9 8 7 13 96 19 11 40 24 57 14 27 16 84 86 45 -21 43 -23 34 70 -26 -27 66 -29 29 -31 58 -33 108 71 35 44 37 100 39 -41 65 42 88 115 -46 -47 47 48 49 -51 54 106 -54 -55 -56 -57 59 91 119 -61 61 -63 123 -65 112 93 -68 -69 -70 -71 -72 -73 -74 -75 -76 89 -78 125 -80 90 81 -83 122 -85 -86 -87 -88 -89 -90 -91 -92 -93 -94 -95 -96 -97 -98 -99 -100 -101 117 103 113 -105 -106 -107 -108 -109 -110 110 -112 -113 -114 -115 -116 116 -118 -119 -120 -121 -122 -123 -124 -125 -126 -127
leaf_value=0 -0.00073858246839022645 0.03987014482385591 0 -0.002246164047235235 0.0095835220604539428 0.030895801660053318 0 0.073071911039600659 0.017990337189629158 0.0083081545537249564 0.013114880464305249 0.011851673467080796 0.0078686959001393556 -0.0011910515845927584 0.0085087369083148463 1.2797049942857304e-05 0.015565488317739691 0.019530403324279789 0.00015725822262364282 0.062371423329406483 0 0.032917746524487958 0 0.018605992204285066 0.039800483034579795 -0.0084791433467429657 0.0030609853804410229 0.010497448180394532 0 0.013901575378286521 -0.0043841650607151289 0 0 0.0094819663985667695 0 0.00022607910859048856 0 0.00014753006559132205 -0.00046953325420613716 -0.00089797831359361235 0.0073768248983281832 -0.00086181230536893901 -0.0044289488205907909 0.055517305756765056 0.0099138651250284798 -0.0012288190370553613 0 0 6.6119078742688051e-05 0.011145145197422941 -0.00060267730319840543 -0.00067150383796962885 0.024738459301886687 0 0.011544291505459901 -0.0041616234731338114 0.028511264050827767 0.0076942062235940689 0.012970293748087095 0.023084669312068037 -0.0013871537274880398 -0.0010336785688368614 -0.0076989985231767869 -0.002149051557540606 -0.011961315162255855 0.01943899999760941 0.0081235688005974038 -0.0051485235254957185 0.019311907990424176 0.009078478270259361 0.026345078797780332 0.018737439311892572 0.033153720892976024 -0.0011495286621877551 -0.0012301786072783643 0.016072120244781919 -1.5411523117694232e-06 0 0 0 -2.7299693517777529e-06 5.0000107861632456e-05 2.928189392361904e-05 0.010174911190656272 0.0087861579699036029 0.025278129898631665 0.024225835361935899 0.014238993347251339 0.010843361316565048 0.019714723046267837 0.025577225710050711 0.012389351149130949 0.0096621727595284507 0.025099749075224626 0.026599839741603487 0.016734513175745546 0.072746973562435716 -0.0007259731563670366 -0.00073064157270099164 0.024937097657603664 0.007875459946379712 -0.0019190666583444136 3.3723348834105884e-05 -0.0015248397107618648 0.014789518540321376 0.019648259799051642 0.047163364723134329 -0.0011915353032777691 0.022485955661599111 0.027251134128574689 -0.00067016025800401382 0 0.044577406357856744 -0.0010543593552046955 0 0.08696859376020126 -0.058965724832047164 0.013216159057314755 0.0092338670353531941 0.021376383077026596 0.039818110343186094 0.017582524554135722 0.024507902578251192 0.012197819013779433 0 0.013983772220633246
leaf_weight=111994 2489 194 9700 281 2750 11988 40430 5412 14338 24956 590 13138 27578 407 8113 17609 10283 18231 350 1975 576 17564 156979 8416 2461 214 7084 19039 16808 4847 268 48423 61413 25714 12882 4592 3734 452 3298 3817 2597 9095 458 6171 8391 846 60590 28875 675 2794 8362 209 527 36400 1341 228 1575 3108 3142 2366 186 2122 540 192 169 18334 10253 123 13086 5185 24182 6938 9329 1654 139 21761 605 11922 34684 27707 52 1047 770 6079 22473 6461 12073 5329 6095 12921 401 38722 17756 5786 3460 35368 19961 622 98 6744 2046 2422 413 692 13468 1998 63 1422 675 535 1699 2451 47 2913 2795 144 121 1975 4996 3591 2016 10916 1933 649 115043 4439
leaf_count=111994 2489 194 9700 281 2750 11988 40430 5412 14338 24956 590 13138 27578 407 8113 17609 10283 18231 350 1975 576 17564 156979 8416 2461 214 7084 19039 16808 4847 268 48423 61413 25714 12882 4592 3734 452 3298 3817 2597 9095 458 6171 8391 846 60590 28875 675 2794 8362 209 527 36400 1341 228 1575 3108 3142 2366 186 2122 540 192 169 18334 10253 123 13086 5185 24182 6938 9329 1654 139 21761 605 11922 34684 27707 52 1047 770 6079 22473 6461 12073 5329 6095 12921 401 38722 17756 5786 3460 35368 19961 622 98 6744 2046 2422 413 692 13468 1998 63 1422 675 535 1699 2451 47 2913 2795 144 121 1975 4996 3591 2016 10916 1933 649 115043 4439
internal_value=0.0101763 0.0270041 0.00645681 0.0111054 0.0228818 0.0377279 0.00464572 0.0397452 0.0255923 0.0136831 0.0170747 0.0158159 0.0112182 0.0057277 0.0107674 0.00495591 0.00751431 0.0225657 0.00171975 0.0289505 0.0242671 0.0360418 0.00536241 0.0283624 0.0190593 0.00460938 0.00523297 0.0113853 0.00650542 0.00861028 0.00721199 0.00544957 0.00663316 0.0134 0.00420306 0.00159061 -0.000590582 -0.00296818 -0.0075789 -0.017434 0.0189173 0.00497743 0.000585882 0.0259403 0.00826035 -0.02282 0.00318465 0.00385734 0.00149422 -0.00544536 -0.00962509 0.0162021 0.00493639 0.00296494 -0.0119946 -0.0046388 0.00793534 0.0124922 0.011576 0.0171132 0.00240535 0.000636012 0.0196355 -0.0157861 0.0154535 0.0192974 0.00593784 0.0018172 0.0169647 0.00207927 0.0306701 0.0152457 0.032347 0.00412057 -0.00441193 0.0201483 0.00824941 0.00741313 0.00847969 0.0015991 0.005598 0.0204667 0.00674388 0.00679921 0.0115 0.0272462 0.0262999 0.00989285 0.0093307 0.0208925 0.00184271 0.0139277 0.0112631 0.0218695 0.0183523 0.0177997 0.04542 -0.0142914 0.00555457 0.0240865 0.00144039 -0.0010834 0.00322451 -0.0101779 0.0142568 0.012691 -0.0223999 0.00509844 0.00832289 0.00814691 -0.00127344 0.00847651 -0.0208006 0.0012898 0.00674698 0.0305146 0.00356469 0.00752157 -0.00348057 0.0129725 0.0184773 0.0137159 0.0152214 0.00348583 0.00485583 0.00396336
internal_weight=1.46993e+06 266091 1.20384e+06 337514 192207 73884 866323 64254 131041 237826 61166 127501 110325 497729 33638 99688 55673 68925 44015 62116 9630 38881 464091 60141 54427 17832 17618 33231 233689 78063 9629 155626 107203 73074 230402 52681 39698 26816 13108 7115 51537 177721 20644 9244 12983 1196 368594 256600 80440 14066 11272 947 176160 66374 10325 818 73216 92493 7001 3941 42819 30416 38621 386 2808 50719 17337 22917 26599 22794 39059 48118 21317 5993 2628 37432 4339 69275 52914 28294 29974 1099 12403 14192 32756 14877 30304 32907 6553 34682 28108 59586 20864 24120 51966 48506 25373 8984 157077 21082 13708 9687 6573 3114 41180 27712 272 18230 66773 66098 2234 63864 216 6121 3208 6436 265 4021 14091 6733 2592 13513 2703 1189 175633 16361
internal_count=1469928 266091 1203837 337514 192207 73884 866323 64254 131041 237826 61166 127501 110325 497729 33638 99688 55673 68925 44015 62116 9630 38881 464091 60141 54427 17832 17618 33231 233689 78063 9629 155626 107203 73074 230402 52681 39698 26816 13108 7115 51537 177721 20644 9244 12983 1196 368594 256600 80440 14066 11272 947 176160 66374 10325 818 73216 92493 7001 3941 42819 30416 38621 386 2808 50719 17337 22917 26599 22794 39059 48118 21317 5993 2628 37432 4339 69275 52914 28294 29974 1099 12403 14192 32756 14877 30304 32907 6553 34682 28108 59586 20864 24120 51966 48506 25373 8984 157077 21082 13708 9687 6573 3114 41180 27712 272 18230 66773 66098 2234 63864 216 6121 3208 6436 265 4021 14091 6733 2592 13513 2703 1189 175633 16361
is_linear=0
shrinkage=0.05


Tree=28
num_leaves=127
num_cat=0
split_feature=8 14 4 25 12 1 31 22 25 4 15 38 25 32 25 25 31 8 27 33 25 33 31 4 31 15 31 14 59 32 27 34 25 37 34 27 32 30 30 32 29 27 35 29 29 35 15 25 31 38 31 25 59 23 34 14 32 29 30 20 32 13 25 25 35 25 35 25 25 25 25 25 29 25 33 19 29 23 45 29 25 14 34 59 19 50 27 29 30 25 29 25 25 59 50 59 29 34 30 27 33 4 30 8 15 27 27 4 14 59 25 29 25 30 43 30 27 34 29 29 25 27 37 13 16 30
split_gain=34292.5 4285.55 4258.92 2058.45 966.893 626.578 607.557 552.665 478.696 417.473 405.026 375.797 364.983 289.767 456.813 284.321 366.687 312.456 335.08 281.971 275.025 267.821 267.487 251.27 249.831 241.56 228.031 221.89 219.207 217.467 204.465 204.064 264.671 198.756 194.578 192.984 192.075 174.199 168.714 166.562 155.428 250.376 291.523 375.337 209.09 312.456 177.608 155.427 147.05 140.024 153.084 131.504 130.489 135.5 126.335 125.903 124.94 129.951 119.861 121.966 119.608 139.883 221.693 406.647 329.321 229.543 208.454 138.991 132.27 125.456 127.28 113.02 112.574 110.64 120.396 108.817 105.375 110.22 104.965 98.9732 98.4992 94.0763 93.8186 93.759 92.9195 92.0091 91.4144 90.417 145.576 98.8495 90.3253 88.8028 87.8406 87.0211 125.132 86.8102 86.7052 86.4292 86.2367 96.7238 85.0962 79.713 79.2249 79.1823 78.3463 78.242 87.1035 77.9637 84.5779 76.9515 76.3174 75.9868 75.7965 74.9317 74.8729 100.474 74.2547 81.8277 91.2123 74.0739 72.4239 72.1565 72.0209 71.9093 69.6854 67.7033
threshold=0.11607142910361291 2.5000000000000004 36.500000000000007 159.50000000000003 4.5000000000000009 1.5000000000000002 656.50000000000011 24666.662109375004 491.50000000000006 74.500000000000014 17.500000000000004 13.500000000000002 1.5000000000000002 6555.0000000000009 76.500000000000014 459.50000000000006 1.0000000180025095e-35 0.026785715483129028 1716.5000000000002 27332.500000000004 266.50000000000006 38813.500000000007 1.0000000180025095e-35 18.500000000000004 412.00000000000006 15.500000000000002 412.00000000000006 27.500000000000004 4912.5000000000009 5972.5000000000009 7146.0000000000009 1237.0000000000002 122.50000000000001 44.500000000000007 1725.5000000000002 181.50000000000003 3843.0000000000005 0.26664297282695776 0.26664297282695776 5515.5000000000009 68.500000000000014 1716.5000000000002 1873.5000000000002 785.50000000000011 128.50000000000003 2413.0000000000005 172.50000000000003 60.500000000000007 1888.0000000000002 7.5000000000000009 1318.5000000000002 370.00000000000006 4752.5000000000009 0.97110781073570263 1399.5000000000002 6.5000000000000009 3572.5000000000005 866.50000000000011 0.47697626054286962 1403306.6875000002 4131.5000000000009 1.5000000000000002 112.50000000000001 21.500000000000004 1954.0000000000002 45.500000000000007 1954.0000000000002 69.500000000000014 112.50000000000001 83.500000000000014 21.500000000000004 159.50000000000003 116.50000000000001 21.500000000000004 38813.500000000007 1047031.4687500001 922.50000000000011 0.92387348413467418 623.50000000000011 455.50000000000006 18.500000000000004 5.5000000000000009 840.00000000000011 4981.5000000000009 486144.84375000006 0.23371841758489612 12028.500000000002 238.50000000000003 0.55949327349662792 91.500000000000014 638.50000000000011 327.50000000000006 21.500000000000004 4752.5000000000009 0.23371841758489612 4981.5000000000009 886.50000000000011 1776.5000000000002 0.38379521667957311 510.50000000000006 28295.000000000004 2.5000000000000004 0.27420888841152197 0.24107142537832263 74.500000000000014 9142.0000000000018 2036.5000000000002 5.5000000000000009 7.5000000000000009 4981.5000000000009 148.50000000000003 785.50000000000011 1005.5000000000001 0.33786812424659735 267.50000000000006 0.2767071425914765 5595.0000000000009 1120.0000000000002 191.50000000000003 116.50000000000001 1399.5000000000002 2903.0000000000005 118.50000000000001 2.5000000000000004 1.3333240747451784 0.55949327349662792
decision_type=2 2 2 2 2 2 2 2 2 2 2 2 2 2 2 2 2 2 2 2 2 2 2 2 2 2 2 2 2 2 2 2 2 2 2 2 2 2 2 2 2 2 2 2 2 2 2 2 2 2 2 2 2 2 2 2 2 2 2 2 2 2 2 2 2 2 2 2 2 2 2 2 2 2 2 2 2 2 2 2 2 2 2 2 2 2 2 2 2 2 2 2 2 2 2 2 2 2 2 2 2 2 2 2 2 2 2 2 2 2 2 2 2 2 2 2 2 2 2 2 2 2 2 2 2 2
left_child=1 7 4 12 10 24 21 40 19 27 23 34 30 73 72 17 -17 18 35 52 31 22 -5 49 82 95 39 -7 48 55 -3 60 87 91 76 47 -22 93 85 -12 -1 51 116 44 45 -44 104 -9 86 100 -51 119 53 102 -20 83 57 113 -54 -60 68 69 63 66 67 -66 80 -65 101 70 -62 -56 92 -14 75 111 77 -6 -37 -16 -63 -39 -4 112 98 -26 -13 -33 -89 -90 -55 -24 -15 96 -95 -18 -28 -21 105 -100 -2 -19 -8 -79 -46 106 -74 -92 -109 -31 -80 -75 122 -27 -58 -116 117 -43 -119 -42 -78 -108 -10 -25 -118 -48
right_child=2 3 5 6 11 9 8 15 29 -11 26 28 13 14 79 16 25 20 54 97 36 -23 33 123 38 56 37 -29 -30 109 -32 32 -34 -35 -36 78 -38 81 -40 -41 41 42 43 -45 46 -47 125 -49 -50 50 -52 -53 58 90 71 -57 114 -59 59 -61 61 62 -64 64 65 -67 -68 -69 -70 -71 -72 -73 84 74 -76 -77 120 103 110 -81 -82 -83 -84 -85 -86 -87 -88 88 89 -91 107 -93 -94 94 -96 -97 -98 -99 99 -101 -102 -103 -104 -105 -106 -107 121 108 -110 -111 -112 -113 -114 -115 115 -117 124 118 -120 -121 -122 -123 -124 -125 -126 -127
leaf_value=0 0.014077349682849663 0 0.050630610441115713 -0.0022819307779085858 0.0081174925819354933 0.034472596691274733 0.0047384586892794209 0 0.011013190116359213 0.075651948126448154 0.011573186325490432 0.017841057968124741 0 0 0.014619253073777472 -0.00082002044689742442 0.011581529414426387 0 0 0.012850771597400999 0.0094522804106726074 -0.0067419228251168516 0.0027628710327517294 0.038797012603338732 0 -0.0020175248112763154 4.6312689133372315e-05 0.033275741598791479 0.051440608519308345 0.019409249648452587 -0.0011205952876563307 0 0.0094153283458283249 0.013078727022072906 0.024748860883343517 0 0.0091323667198700727 0.024006888977225707 0.05957395128951129 -0.003889322140088235 0 0 5.5023358676190411e-05 0.010636179866348737 0.011554899726088978 -0.00063417078875545232 -0.00060382092642094585 0.014250667146682564 0.027629402604577871 0.017831579983200226 0.02161440286630948 0.023501536336792351 0.015886891044151537 0.014919991970576259 0.011449094854967477 0.015426692817371102 0.015615951662188213 0.0083268763827988451 0.029993633466812289 -0.02714632451431407 0 0 0.0094932639013044773 -0.00046085177392316624 0.00014321303791033611 -0.0017508248727476569 -2.8006118802484723e-06 -0.00060940389548486389 -0.00062977103232759318 -0.00040838515423792591 6.9276980355993372e-05 0.010174253932843505 0 1.227493300493773e-07 -0.0032505781251322497 0.021525558059714785 -0.017120878033326192 0.016967018792409767 0 0.0082181732955472937 6.4978922838401047e-05 0.01998191230544635 -0.0028945774510765097 0.036270158581066775 0.017864241718479133 0.041814817970923991 0.02225298695765511 0 -0.001734037052624676 0.014277429917405556 0.0076106426889482326 0.0070760329020215507 0.021768386335952378 -0.011758016585126011 0.037066932178337966 0.024710153494889055 0.02010893944085046 0.018719884012276606 -0.0006487968708568816 -0.0032174332875246751 0.018188202519863479 0 0.0077073078143791831 0.020822266189037677 -0.00057612925400022709 0.045003546969825045 -0.0011227126836886963 0.009768061233929726 0.01102663348419204 0.037877555401365892 0.028651902683744825 -0.0055126420086444965 0.019837098847737961 0.0096164523556396663 -0.0033319813315497715 0.011352250554085197 0 -2.5934708841888651e-06 4.728790020033462e-05 0 0.011888464596916571 -0.00077058245294247651 0.021697107439001058 0.024060854576077029 0.017209106389869278 0.00063567748004321391
leaf_weight=112175 17972 1016 149 335 1455 15328 7034 86554 25375 21478 370 4701 5043 4801 9618 399 11782 8597 82337 22440 5608 281 6855 918 611 3272 2146 16659 3527 24074 647 14715 6096 10667 8980 192991 6418 4346 4712 279 60282 42224 444 2863 1183 138 2014 693 9269 22360 16785 530 7412 8066 4370 18911 3482 7944 116 164 659 2215 5799 3520 372 582 479 2453 8036 2248 1134 5892 20627 27445 285 1107 374 13608 5057 21939 507 8508 169 1150 2756 1635 21559 10250 717 135 30940 18320 2239 323 114 1817 1089 9506 1360 596 10586 1452 28191 8768 7403 139 332 19849 7829 921 254 527 7881 1784 900 5575 22285 50 1282 115149 524 462 1807 24868 531 54
leaf_count=112175 17972 1016 149 335 1455 15328 7034 86554 25375 21478 370 4701 5043 4801 9618 399 11782 8597 82337 22440 5608 281 6855 918 611 3272 2146 16659 3527 24074 647 14715 6096 10667 8980 192991 6418 4346 4712 279 60282 42224 444 2863 1183 138 2014 693 9269 22360 16785 530 7412 8066 4370 18911 3482 7944 116 164 659 2215 5799 3520 372 582 479 2453 8036 2248 1134 5892 20627 27445 285 1107 374 13608 5057 21939 507 8508 169 1150 2756 1635 21559 10250 717 135 30940 18320 2239 323 114 1817 1089 9506 1360 596 10586 1452 28191 8768 7403 139 332 19849 7829 921 254 527 7881 1784 900 5575 22285 50 1282 115149 524 462 1807 24868 531 54
internal_value=0.00997566 0.0065646 0.0270856 0.0111571 0.0232855 0.0385611 0.0135245 0.0046598 0.0145083 0.0404347 0.0203417 0.0277626 0.00510303 0.00549221 0.00745956 0.00574768 0.00996737 0.00540878 0.00601549 0.01276 0.00261056 0.00754277 0.00792062 0.0216383 0.0247928 0.0104879 0.0132835 0.0368131 0.0311013 0.0175969 -0.0181258 0.0014099 0.00435855 0.00833643 0.023894 0.00686308 0.00959538 0.0144254 0.0267738 -0.0157834 0.00319268 0.00387177 0.00156137 -0.00496805 -0.00908634 0.020091 -0.0106809 0.00490326 0.0299204 0.0200382 0.0219809 0.00492833 0.011555 0.0110809 0.00340171 0.0158423 0.00735916 0.00413035 0.0178358 -0.0142628 -0.00106286 -0.0037307 -0.00583879 -0.0103025 -0.0171132 0.0101614 0.00443441 -0.0214704 0.00188249 0.00457672 0.0144415 0.00863322 0.0033755 0.00178292 0.000607715 0.000924891 0.0216039 0.0222375 0.00772531 0.0117706 0.0097884 0.0171692 -0.0185319 0.0141149 0.00187062 0.0154913 0.0280081 0.00214567 -0.00126057 -0.0211184 0.0124062 0.00591239 0.00899064 0.00481877 -0.0161176 0.0157691 0.00764891 0.0168939 0.000852395 -0.00919943 0.0173749 0.00570648 0.00857187 0.0231048 -0.00751156 0.0017646 0.00152163 0.0117233 0.00979457 0.021466 0.000789855 0.000316208 0.0136538 -0.00213504 0.0115742 0.00839292 0.00294845 0.00415889 0.0163614 0.00485316 0.00478232 -0.0147274 0.0124014 0.0258393 0.000637488 -0.0238359
internal_weight=1.46894e+06 1.22476e+06 244170 359063 183429 60741 258124 865702 221666 53465 110664 72765 100939 99276 64869 497095 36955 460140 378148 141547 81992 36458 36177 93489 7276 36556 17175 31987 39056 80119 1663 69966 31913 35842 33709 285549 12026 16526 6958 649 368607 256432 80471 14099 11236 582 10654 87247 35529 67703 39145 175961 109601 101909 92599 55124 22957 13000 7692 280 38053 19968 15927 10128 6927 954 3201 5973 18085 4041 1793 10262 33312 34407 29364 29079 24729 23831 198302 31557 2722 12854 318 36213 26272 2246 26260 25817 11102 852 66684 25175 7040 3672 437 13599 3235 31946 23516 1956 28558 10049 35225 22376 8586 21560 21421 58618 27678 24995 5311 27972 35063 5056 9957 6475 66372 43556 1332 175431 898 794 27182 25786 22816 2068
internal_count=1468935 1224765 244170 359063 183429 60741 258124 865702 221666 53465 110664 72765 100939 99276 64869 497095 36955 460140 378148 141547 81992 36458 36177 93489 7276 36556 17175 31987 39056 80119 1663 69966 31913 35842 33709 285549 12026 16526 6958 649 368607 256432 80471 14099 11236 582 10654 87247 35529 67703 39145 175961 109601 101909 92599 55124 22957 13000 7692 280 38053 19968 15927 10128 6927 954 3201 5973 18085 4041 1793 10262 33312 34407 29364 29079 24729 23831 198302 31557 2722 12854 318 36213 26272 2246 26260 25817 11102 852 66684 25175 7040 3672 437 13599 3235 31946 23516 1956 28558 10049 35225 22376 8586 21560 21421 58618 27678 24995 5311 27972 35063 5056 9957 6475 66372 43556 1332 175431 898 794 27182 25786 22816 2068
is_linear=0
shrinkage=0.05


Tree=29
num_leaves=127
num_cat=0
split_feature=3 4 14 25 12 4 25 34 1 25 38 15 32 4 31 59 34 25 34 25 3 25 33 25 1 31 38 59 13 31 38 29 32 25 31 34 25 25 13 34 25 20 29 23 29 34 32 30 31 29 25 34 29 30 22 29 34 33 46 29 25 59 30 3 25 33 34 31 15 32 15 25 29 25 48 34 30 11 14 34 23 46 37 50 29 25 34 31 29 25 25 25 22 30 20 59 22 4 31 29 25 3 25 30 59 25 25 34 31 15 4 34 25 25 30 25 23 15 30 1 29 37 33 14 34 31
split_gain=31959.7 4397.74 3781.81 1118.66 983.647 779.803 630.123 631.739 555.998 543.03 436.65 412.383 365.947 362.287 339.726 320.44 282.781 262.899 258.934 657.623 378.329 263.123 306.457 258.387 254.627 243.644 235.908 218.319 210.898 210.767 208.032 207.579 206.609 255.534 205.044 199.493 199.254 313.405 321.693 330.126 197.521 196.143 189.489 179.189 273.122 175.422 170.605 169.138 150.176 149.217 282.166 628.617 239.456 144.403 143.688 143.026 175.476 139.915 139.556 136.946 132.123 141.092 128.083 125.507 125.325 118.991 117.237 116.326 115.439 113.698 139.874 209.124 113.604 113.254 113.138 110.14 108.024 107.675 115.424 102.992 102.298 101.881 111.069 100.809 99.5486 98.778 98.3842 97.9275 97.1776 95.8163 95.2047 91.7867 90.7167 89.7288 89.5918 89.2881 115.317 89.1618 87.5568 87.1772 85.3323 82.6329 81.8811 80.8382 80.3635 80.11 78.7631 179.584 152.05 237.357 250.409 77.8788 163.416 152.336 77.4587 76.6668 76.6348 75.8927 75.5917 74.6316 73.5126 73.0516 72.7099 72.2999 71.2546 107.604
threshold=6.5000000000000009 38.500000000000007 3.5000000000000004 69.500000000000014 4.5000000000000009 1.0000000180025095e-35 327.50000000000006 788.50000000000011 3.5000000000000004 393.50000000000006 13.500000000000002 17.500000000000004 5832.0000000000009 74.500000000000014 1.0000000180025095e-35 4981.5000000000009 1529.0000000000002 1.5000000000000002 1326.0000000000002 132.50000000000003 1.5000000000000002 201.50000000000003 11514.500000000002 148.50000000000003 1.0000000180025095e-35 412.00000000000006 13.500000000000002 4912.5000000000009 16.500000000000004 412.00000000000006 13.500000000000002 881.50000000000011 4131.5000000000009 112.50000000000001 412.00000000000006 1725.5000000000002 21.500000000000004 112.50000000000001 1.5000000000000002 1137.5000000000002 69.500000000000014 221187.95312500003 345.50000000000006 0.8631320893764497 785.50000000000011 1071.5000000000002 5515.5000000000009 0.26664297282695776 1888.0000000000002 68.500000000000014 91.500000000000014 1165.5000000000002 785.50000000000011 0.26664297282695776 62099.982421875007 128.50000000000003 1529.0000000000002 22029.000000000004 117.50000000000001 811.50000000000011 10.500000000000002 4864.5000000000009 0.26664297282695776 1.0000000180025095e-35 83.500000000000014 17891.500000000004 840.00000000000011 1.0000000180025095e-35 172.50000000000003 6555.0000000000009 74.500000000000014 45.500000000000007 922.50000000000011 327.50000000000006 0.049201563000679023 840.00000000000011 0.33786812424659735 0.54784328101940649 2.5000000000000004 1725.5000000000002 0.92387348413467418 184.50000000000003 118.50000000000001 0.23371841758489612 679.50000000000011 249.50000000000003 1165.5000000000002 859.50000000000011 141.50000000000003 1112.5000000000002 839.50000000000011 201.50000000000003 275223.06250000006 0.20402827113866809 1145045.1250000002 4752.5000000000009 56490.015625000007 12.500000000000002 656.50000000000011 886.50000000000011 69.500000000000014 14.500000000000002 1399.5000000000002 0.43456299602985388 4981.5000000000009 1005.5000000000001 219.50000000000003 858.50000000000011 967.00000000000011 36.500000000000007 2.5000000000000004 1974.5000000000002 21.500000000000004 21.500000000000004 0.26047860085964208 15.500000000000002 0.93553286790847789 22.500000000000004 0.25588317215442663 1.0000000180025095e-35 747.50000000000011 4.5000000000000009 40624.500000000007 17.500000000000004 1237.0000000000002 1228.5000000000002
decision_type=2 2 2 2 2 2 2 2 2 2 2 2 2 2 2 2 2 2 2 2 2 2 2 2 2 2 2 2 2 2 2 2 2 2 2 2 2 2 2 2 2 2 2 2 2 2 2 2 2 2 2 2 2 2 2 2 2 2 2 2 2 2 2 2 2 2 2 2 2 2 2 2 2 2 2 2 2 2 2 2 2 2 2 2 2 2 2 2 2 2 2 2 2 2 2 2 2 2 2 2 2 2 2 2 2 2 2 2 2 2 2 2 2 2 2 2 2 2 2 2 2 2 2 2 2 2
left_child=2 4 5 17 11 49 18 14 34 16 35 26 30 28 -8 43 29 92 20 41 23 32 -23 59 31 46 57 48 -10 66 98 76 33 77 75 72 115 38 64 40 -40 42 100 44 63 -28 -13 95 89 -1 88 73 55 83 -19 56 -53 103 94 60 -7 69 -31 118 86 106 -5 -32 114 -62 71 -71 80 -52 -43 -3 -16 78 -22 -21 -6 -69 90 -36 -75 -59 -38 -46 -51 -12 -83 -67 -4 -18 -56 99 -97 -49 -11 -27 -20 -82 -74 -2 -14 -26 108 -108 109 -25 -111 112 -76 -113 -57 124 -91 -96 -9 -73 121 -45 -87 -15 125 -34
right_child=1 8 3 9 10 6 7 15 13 12 27 25 104 123 24 -17 93 54 19 79 21 22 -24 65 105 47 45 -29 -30 62 67 -33 36 -35 53 -37 37 -39 39 -41 -42 74 -44 120 87 -47 -48 97 -50 50 51 52 -54 -55 58 68 -58 85 -60 -61 61 -63 -64 -65 -66 91 -68 81 -70 70 -72 119 102 84 111 -77 -78 -79 -80 -81 101 82 -84 -85 -86 122 -88 -89 -90 116 -92 -93 -94 -95 117 96 -98 -99 -100 -101 -102 -103 -104 -105 -106 -107 107 -109 -110 110 -112 113 -114 -115 -116 -117 -118 -119 -120 -121 -122 -123 -124 -125 -126 -127
leaf_value=0 0.013491707067217685 0.058560211773853003 -0.00084073766792195986 -0.0026672045510038296 0.0074808764735245399 0 -0.0010264440272230726 -0.0046714667539076429 0.034907510660784215 0.0055921802148220434 0.017073550945155707 0.011359225956574383 0.017093083962812745 0.068467658285713842 -0.0014912402009218445 0.025556406652081406 -0.01206060022042723 0.016755057999560008 0 0.0086604815421762859 0 -0.0020851404705610147 0.0080123012085153884 0 0.0076676910505293575 4.3997054676703695e-05 0.019061917333195424 0.048480765656013655 0.032620790244118257 0.0052995601951093766 -0.0023502274175382825 0.0076942290441515404 0 -0.00063769429077806087 0 0.023590745390812858 6.58131313381937e-05 0.0092757004857963211 -0.00046031129470491036 -0.00042254138666982991 -0.00073925448164287571 0 0 0.028730262566624178 0.007645565291506104 0.023370707338646213 -0.0038120587321991578 0.013975563350530185 0.026422729275952253 0 0 6.4384707525738225e-06 0.010706011233886967 0.044119944662142467 0 -0.00057121962320033745 -0.00074223761785473263 0.014039501838974755 -0.0017153532104273541 -0.0011086709092670529 0 -3.5229927697449904e-06 0.0081362702495030147 0.0093781085863052817 -0.00038796589652602962 0.012882052372584184 -0.0045490155143117356 0.046309896347520502 -0.00057880281247833093 0 0 -0.00071806811272274833 -0.016767495411406791 0 0 -0.0014951320848670168 0.0097692540878529747 -1.464094696180952e-06 2.8677805618490236e-05 0.017124450172009788 0.016130990306121952 0.0089851864414846831 0.02097411516100274 0.037031443221946785 0 0.018234008668510805 0 0.0098822477158747538 0 0.010794784183500794 0.015508744619641452 0.012106323875999006 0 0.013042302866017192 0.016555378405618982 -0.010446014389416986 0.035087502842212868 0.024325934632840742 0.011241484804102135 0.019443733372203811 0.021226932866947879 0.020357586968595933 0.011830977863300618 0.034592716631617899 0.03805150934086482 0.023869101241601368 -0.00065104326158107637 0.011244038266922203 -0.00090793815507191869 1.1639997110411021e-07 -0.00072674089413550459 -0.0011915353032777691 -3.6060777899595921e-06 0.023892087641969616 -0.00057093294296930378 3.6364696571672494e-05 0.023053684866285385 -0.00060420104853719028 -0.0028389950122972561 0.00025877318001988079 0.009320207813411141 0.016482699338614164 0.023593082087048602 0.074579874222983386 0 0
leaf_weight=111728 22591 181 786 667 1512 55715 711 416 10274 8772 10130 372 33724 4663 10696 3570 419 3747 71330 19922 9304 8550 13454 6559 8758 2161 20795 3698 14431 16588 123 9944 1665 8403 735 9264 957 11934 3884 6474 3590 51292 18172 1226 6896 20649 301 5227 9917 74501 45766 423 1295 8163 10797 769 133 7549 690 303 119329 3860 73302 3496 665 4980 362 744 2660 8085 2998 6091 388 2874 7320 157 3287 1326 2594 4637 15313 11121 7079 2259 19465 16611 529 12944 87254 794 13970 6202 319 30818 2497 329 125 7705 31322 1092 2653 7751 533 1792 767 2524 13265 11648 6912 7734 1205 2376 7427 1592 7415 1944 16480 1112 2267 1523 26971 5327 4338 16058 880 1581
leaf_count=111728 22591 181 786 667 1512 55715 711 416 10274 8772 10130 372 33724 4663 10696 3570 419 3747 71330 19922 9304 8550 13454 6559 8758 2161 20795 3698 14431 16588 123 9944 1665 8403 735 9264 957 11934 3884 6474 3590 51292 18172 1226 6896 20649 301 5227 9917 74501 45766 423 1295 8163 10797 769 133 7549 690 303 119329 3860 73302 3496 665 4980 362 744 2660 8085 2998 6091 388 2874 7320 157 3287 1326 2594 4637 15313 11121 7079 2259 19465 16611 529 12944 87254 794 13970 6202 319 30818 2497 329 125 7705 31322 1092 2653 7751 533 1792 767 2524 13265 11648 6912 7734 1205 2376 7427 1592 7415 1944 16480 1112 2267 1523 26971 5327 4338 16058 880 1581
internal_value=0.00975079 0.0262609 0.00645474 0.0119443 0.0225641 0.00504752 0.00611697 0.00977294 0.0384329 0.0129303 0.0269608 0.0195795 0.01552 0.0409191 0.00447925 0.0127857 0.0106486 0.000586271 0.00542185 0.00691323 0.00458844 0.00153273 0.00616226 0.0055148 0.0051704 0.0124852 0.0208815 0.0304552 0.0368282 0.00923838 0.0135174 0.00225038 -0.000295083 0.00352775 0.0286074 0.0228372 -0.00271955 -0.00449808 -0.00904988 -0.0118256 -0.0189849 0.0057584 0.0072741 0.0119131 0.00879911 0.0237065 -0.0170034 0.0136783 0.0293063 0.00317626 0.00387271 0.00145971 -0.00875495 0.0297698 0.00197659 -0.0110696 0.0136576 0.0186673 -0.000198396 0.00637781 0.00642934 0.00723957 0.00949598 -0.000379505 0.00894659 0.00259541 -0.0132592 0.0164556 -0.012338 0.00750325 0.00387734 0.00198706 0.0205531 0.00336384 0.00376312 -0.00974564 -0.00167667 0.00786027 0.00936662 0.0145382 0.0211993 0.0166371 0.0162137 0.0203717 0.000445184 0.0210468 0.0170211 0.011658 0.00507802 0.0273972 0.0146524 0.00723433 -0.0231156 0.0147531 0.000853458 0.00426074 -0.0165052 0.0163775 0.0110963 0.00716086 0.0083978 0.0220254 0.00330583 0.0158858 0.0197658 0.0113627 0.00149916 -0.000435313 0.00364992 0.00640046 0.0117008 0.00043521 0.00210855 -0.00578236 -0.00939566 0.00549332 0.0296626 0.00767366 -0.0085144 -0.0039591 0.0143298 0.0190818 0.0228146 0.0457961 0.00163472 -0.00178522
internal_weight=1.46824e+06 244338 1.22391e+06 249726 187417 974180 619897 99033 56921 229778 75780 111637 107622 45426 35920 63113 122156 19948 520864 186721 334143 77734 22004 256409 35209 17312 94325 41019 24705 90919 73131 23927 55730 21627 11495 34761 34103 28033 16099 13948 7474 162162 92155 59543 26019 41444 673 16639 37321 354283 242555 80800 12695 11157 18843 11400 556 52881 15096 197904 197601 141886 89890 6179 2151 58505 1029 33037 10844 138026 18697 15699 25497 68105 70007 338 13983 13224 11898 24559 24576 32914 32170 2994 22339 28498 1486 19840 161755 27404 25091 11182 1105 31237 14406 3707 454 12932 40094 3253 73983 23064 921 24383 34491 11282 47323 24913 22410 15498 8939 18715 14747 3968 8184 6070 17274 3609 2683 7614 33524 6553 20949 20721 4126 3246
internal_count=1468244 244338 1223906 249726 187417 974180 619897 99033 56921 229778 75780 111637 107622 45426 35920 63113 122156 19948 520864 186721 334143 77734 22004 256409 35209 17312 94325 41019 24705 90919 73131 23927 55730 21627 11495 34761 34103 28033 16099 13948 7474 162162 92155 59543 26019 41444 673 16639 37321 354283 242555 80800 12695 11157 18843 11400 556 52881 15096 197904 197601 141886 89890 6179 2151 58505 1029 33037 10844 138026 18697 15699 25497 68105 70007 338 13983 13224 11898 24559 24576 32914 32170 2994 22339 28498 1486 19840 161755 27404 25091 11182 1105 31237 14406 3707 454 12932 40094 3253 73983 23064 921 24383 34491 11282 47323 24913 22410 15498 8939 18715 14747 3968 8184 6070 17274 3609 2683 7614 33524 6553 20949 20721 4126 3246
is_linear=0
shrinkage=0.05


Tree=30
num_leaves=127
num_cat=0
split_feature=3 4 13 25 12 22 28 32 4 12 35 25 38 38 12 26 3 35 25 32 46 25 30 32 13 32 25 32 30 32 32 28 32 22 20 30 25 33 32 25 33 35 15 28 25 35 15 28 35 28 28 15 28 30 15 33 33 28 25 28 25 25 13 33 28 25 15 25 26 22 20 30 25 4 28 33 32 32 28 26 26 30 32 26 15 25 25 35 35 28 25 1 26 28 33 25 59 59 47 33 25 25 25 14 20 28 15 28 30 59 42 30 39 4 1 13 25 26 26 15 30 51 32 30 30 28
split_gain=29792.5 4391.11 3493.01 1109.05 1006.05 738.17 712.747 581.345 556.125 475.68 453.881 683.002 439.497 430.778 355.74 353.362 321.445 328.357 298.214 287.692 269.173 249.764 245.81 233.228 232.794 290.349 264.739 223.717 214.032 210.131 210.061 227.052 204.541 198.492 189.601 181.56 180.546 167.225 165.466 164.69 159.028 155.829 151.926 150.808 161.279 430.962 697.763 230.413 434.865 243.244 209.725 148.481 142.114 137.729 136.493 133.383 137.218 131.389 128.61 121.12 120.407 138.047 405.026 137.612 120.176 113.615 112.05 149.836 125.753 164.769 138.91 110.406 106.699 106.503 106.17 106.092 104.702 104.513 108.759 104.389 142.473 184.641 195.388 237.409 160.717 191.163 170.676 366.334 122.042 103.871 103.733 104.328 118.084 100.675 99.5496 97.3544 96.0228 95.9823 95.7094 95.6216 94.8811 94.5815 93.5909 93.3259 93.0093 92.2528 102.065 92.1757 90.4165 90.0579 89.1206 88.5432 114.922 88.5086 86.7361 84.5492 84.3682 89.0466 83.6772 83.2434 83.1992 83.0593 83.016 82.5083 81.6199 81.5135
threshold=6.5000000000000009 40.500000000000007 2.5000000000000004 122.50000000000001 4.5000000000000009 24666.662109375004 658.50000000000011 1.0000000180025095e-35 111.50000000000001 8.5000000000000018 1726.5000000000002 159.50000000000003 13.500000000000002 13.500000000000002 1.5000000000000002 609.00000000000011 1.5000000000000002 1954.0000000000002 839.50000000000011 7022.0000000000009 81.500000000000014 83.500000000000014 0.68189269304275524 8208.0000000000018 1.5000000000000002 4131.5000000000009 21.500000000000004 12499.500000000002 0.10344827547669412 5972.5000000000009 4131.5000000000009 516.50000000000011 6555.0000000000009 68999.988281250015 1044112.8750000001 0.26664297282695776 327.50000000000006 38813.500000000007 8493.5000000000018 76.500000000000014 38813.500000000007 1366.0000000000002 50.500000000000007 15.500000000000002 91.500000000000014 1873.5000000000002 78.500000000000014 148.50000000000003 2413.0000000000005 496.50000000000006 470.50000000000006 98.500000000000014 148.50000000000003 0.55949327349662792 162.50000000000003 11807.500000000002 38813.500000000007 96.500000000000014 327.50000000000006 170.50000000000003 21.500000000000004 69.500000000000014 1.5000000000000002 13416.500000000002 711.50000000000011 1112.5000000000002 50.500000000000007 459.50000000000006 1039.5000000000002 445914.67187500006 1403306.6875000002 0.86991125345230114 112.50000000000001 3.5000000000000004 77.500000000000014 38813.500000000007 8493.5000000000018 4545.5000000000009 898.50000000000011 27.500000000000004 206.50000000000003 0.55949327349662792 6555.0000000000009 470.50000000000006 74.500000000000014 91.500000000000014 91.500000000000014 2313.5000000000005 2413.0000000000005 898.50000000000011 60.500000000000007 1.0000000180025095e-35 93.500000000000014 450.00000000000006 4581.5000000000009 148.50000000000003 4981.5000000000009 4864.5000000000009 0.69085898995399486 13843.500000000002 69.500000000000014 235.50000000000003 517.50000000000011 37.500000000000007 1990782.8750000002 86.500000000000014 10.500000000000002 262.50000000000006 0.26664297282695776 1543.5000000000002 31.500000000000004 0.47697626054286962 180.00000000000003 2.5000000000000004 1.5000000000000002 1.5000000000000002 249.50000000000003 556.50000000000011 4181.0000000000009 98.500000000000014 0.26373033225536352 0.19563730061054233 5635.0000000000009 0.10344827547669412 0.47697626054286962 516.50000000000011
decision_type=2 2 2 2 2 2 2 2 2 2 2 2 2 2 2 2 2 2 2 2 2 2 2 2 2 2 2 2 2 2 2 2 2 2 2 2 2 2 2 2 2 2 2 2 2 2 2 2 2 2 2 2 2 2 2 2 2 2 2 2 2 2 2 2 2 2 2 2 2 2 2 2 2 2 2 2 2 2 2 2 2 2 2 2 2 2 2 2 2 2 2 2 2 2 2 2 2 2 2 2 2 2 2 2 2 2 2 2 2 2 2 2 2 2 2 2 2 2 2 2 2 2 2 2 2 2
left_child=2 4 5 28 14 43 10 -8 9 35 15 16 27 19 64 24 20 60 23 55 79 52 38 37 59 72 105 104 -4 75 66 -32 40 -30 100 114 98 108 65 -28 42 89 101 -1 57 50 96 48 -48 54 51 99 -19 -54 110 -5 102 -45 -25 -7 74 62 -62 -64 120 -14 67 -17 69 93 -71 -34 73 -26 -18 -20 -23 78 -15 -12 90 82 83 -82 85 88 87 -86 -84 -9 91 92 -81 95 -53 -68 -47 107 -21 116 -35 -13 -57 -11 -6 106 -27 -96 118 -67 -49 -37 -113 -61 -3 -76 117 -46 -16 -52 -2 -100 -66 -117 -56 -44
right_child=1 8 3 13 12 6 7 41 -10 103 11 32 22 77 18 30 17 21 29 36 -22 76 -24 58 25 26 39 -29 33 -31 31 -33 71 34 -36 111 -38 -39 -40 -41 -42 -43 125 44 45 46 47 49 -50 -51 119 94 53 -55 124 56 -58 -59 -60 113 61 -63 63 -65 122 109 68 -69 -70 70 -72 -73 -74 -75 115 -77 -78 -79 -80 80 81 -83 84 -85 86 -87 -88 -89 -90 -91 -92 -93 -94 -95 97 -97 -98 -99 121 -101 -102 -103 -104 -105 -106 -107 -108 -109 -110 -111 -112 112 -114 -115 -116 123 -118 -119 -120 -121 -122 -123 -124 -125 -126 -127
leaf_value=0 4.1797201942868508e-05 0.004283317372839596 -0.0007971166650470109 0.0067772044602710749 0.0144739182141858 0 -0.0010784231381560201 0.0072667852017456406 0.087397644036704025 0.030171871589831856 0 0.0098822014295701175 0.016286594552818896 0.012400783293164781 0.0096091067461690719 0 0 0 0.019069472074295653 0.011351256493323903 0 0.0085780372248900338 0.054534468129488083 0.014813824454458413 0 5.7959039207659667e-05 -0.00043468327271309077 0.023206199332336207 0.016142532121039617 0.026345986036776039 5.7163451405859789e-05 0.0085857821091418884 0.0098259343547542483 0 0.010407043050088579 0.039349980406249346 0.016282411348324834 -0.002809483463587753 0.025430900288344216 -0.0010823490359010051 -0.0088688190225235993 0.010099151008047633 -0.0012713000679588724 0 0 0.0094454829723184669 6.1583560995395506e-05 -0.00056665278090457609 -0.00083428907577573475 0.0078980539813767511 0.00013872549889183696 0 -0.00069506737489783365 -0.0014918089587443401 -0.00056230852609029467 0.0082973000682035006 -0.0039378992896128371 0 0.020039868370693083 0 6.0008502179702111e-05 -0.00045470350418730458 0 -0.00043729572996966483 0.017881474065878668 0.019290832253800627 0 0.010267531059657409 -0.00066280860474879106 1.1655312896082612e-07 -0.00073481647715242652 0.030176106558362094 -0.0010996323521835097 -0.0010642434921705204 -1.0045927353366733e-05 -0.0043450983951198417 0.0094814338615147858 0.018095595890813127 0.024863531609312706 0 0 0.023858708136014165 -0.00068668870332362522 0 7.7575225474202746e-05 0.013052816258015715 -0.000947637260091342 -0.00071366888963484505 0.018404734440120786 0.035340244555277359 0.01095091964003095 0 0 0.00010083667538841136 0 -5.819998555205511e-09 0.023549236165925913 0 -0.027578534154665175 4.3471859126708838e-05 0.0048581863867227792 0.0087267312582680837 0.013055980753879821 0.038946516879632069 0.018312165199628083 0.00010238068838310183 0 0 0.01423687415806249 0.026613132666640473 -0.00056294442369379967 0.081281454884524484 -0.0097957961935675811 0 0.02563748957244907 -0.00024759341685338568 7.2336704178910095e-05 -2.093032980395519e-06 -0.0077057024619505326 0 0.017872024703026301 0.0078117047542105248 0.026058731286651638 7.9643770431231571e-05 0.00048384390304151756 0.0098546445010255727
leaf_weight=90593 2670 1530 1034 27092 18783 73615 657 24340 14198 10230 36928 9053 10964 20077 5041 44051 2094 25102 24318 27665 10680 6921 2366 9742 8172 256 2101 9160 6106 12904 13457 11029 36658 11254 7874 16837 18103 138 10489 2308 131 40730 3949 134737 1146 5896 575 6974 218 2270 14722 4288 7944 1593 3258 43733 170 49844 13407 33959 524 6500 302 2836 4966 11538 1109 5405 10794 550 177 777 1614 1005 81 53 7728 20675 1837 66704 12075 3894 8707 6504 1240 11198 1542 1221 6730 566 1076 17079 34647 2451 6306 3418 294 1195 328 2434 8794 14595 13778 7835 7567 170 822 20996 28296 7687 1903 252 350 3394 2107 34 847 2289 512 26350 8354 1127 2322 547 329 3100
leaf_count=90593 2670 1530 1034 27092 18783 73615 657 24340 14198 10230 36928 9053 10964 20077 5041 44051 2094 25102 24318 27665 10680 6921 2366 9742 8172 256 2101 9160 6106 12904 13457 11029 36658 11254 7874 16837 18103 138 10489 2308 131 40730 3949 134737 1146 5896 575 6974 218 2270 14722 4288 7944 1593 3258 43733 170 49844 13407 33959 524 6500 302 2836 4966 11538 1109 5405 10794 550 177 777 1614 1005 81 53 7728 20675 1837 66704 12075 3894 8707 6504 1240 11198 1542 1221 6730 566 1076 17079 34647 2451 6306 3418 294 1195 328 2434 8794 14595 13778 7835 7567 170 822 20996 28296 7687 1903 252 350 3394 2107 34 847 2289 512 26350 8354 1127 2322 547 329 3100
internal_value=0.00941496 0.025345 0.00623123 0.0121065 0.0218073 0.00501686 0.00605532 0.0109626 0.0380311 0.0349555 0.00548513 0.00660175 0.0261513 0.0137363 0.01878 0.00370397 0.0055169 0.00234294 0.0200172 0.0123253 0.00641342 0.00420274 0.0295486 0.017747 0.00541136 -0.00013953 -0.00931484 0.022033 0.00399135 0.0234968 0.00135054 0.00532118 0.0110901 0.00467246 0.00288642 0.0298511 0.0154531 0.01511 0.0286369 -0.01507 0.00807364 0.0114311 0.00830844 0.0032648 0.00382644 0.00223379 -0.00401734 -0.00967631 0.0165742 -0.0110896 0.00391874 0.00651995 0.0018879 -0.00330761 -0.0138313 0.0105829 0.0119423 0.00470901 0.0216183 0.00623418 -0.00475263 -0.00726671 -0.015031 -0.0218269 0.0124014 0.0267562 -8.01264e-05 0.00116154 -0.0033999 0.00147889 0.0241301 0.013574 0.00467005 0.0067554 0.00451544 0.0207641 0.00967602 0.018109 0.015702 0.00680806 0.00732427 0.00516926 0.00433985 0.0083855 0.00188638 0.000482258 0.0112275 0.0193999 -0.00312526 0.00831503 0.00828196 0.00814147 0.00875072 -0.000880612 0.0079074 -0.0053003 0.0101767 0.00897618 0.0130149 -0.000252379 0.000304019 0.0102289 0.012075 0.0409101 0.0196923 0.0110127 0.00560709 0.00958333 0.0153341 0.0290737 -0.010504 0.031971 0.0131124 0.00855337 0.0196846 0.021968 -0.00475117 -0.00823702 0.0094983 0.0014169 0.00910687 0.000511992 0.0173838 0.028644 -0.0220638 0.00186478
internal_weight=1.46857e+06 244616 1.22396e+06 209647 191277 1.01431e+06 636844 66293 53339 39141 570551 350694 78554 174585 112723 219857 282431 62206 94411 131996 220225 49288 43044 57136 127416 16448 5657 35510 35062 37275 92441 24486 68263 34028 27922 21076 47223 33987 40678 4409 30828 65636 30697 377464 286871 102290 21717 15527 793 14734 80573 39501 34639 9537 12464 84773 57681 184581 23149 110968 12918 10162 3662 3138 18312 30189 67955 49456 18499 7705 727 37435 10791 9177 2756 24371 14649 42589 21914 209545 172617 53111 49217 18579 30638 26635 4003 2461 15437 24906 119506 118430 101351 6978 32785 4527 6190 28497 29120 6716 20048 23648 57511 18065 26350 1248 1078 27302 33849 19225 8877 17439 602 37353 3637 662 4282 3435 5553 41072 11024 1455 7288 581 3587 7049
internal_count=1468571 244616 1223955 209647 191277 1014308 636844 66293 53339 39141 570551 350694 78554 174585 112723 219857 282431 62206 94411 131996 220225 49288 43044 57136 127416 16448 5657 35510 35062 37275 92441 24486 68263 34028 27922 21076 47223 33987 40678 4409 30828 65636 30697 377464 286871 102290 21717 15527 793 14734 80573 39501 34639 9537 12464 84773 57681 184581 23149 110968 12918 10162 3662 3138 18312 30189 67955 49456 18499 7705 727 37435 10791 9177 2756 24371 14649 42589 21914 209545 172617 53111 49217 18579 30638 26635 4003 2461 15437 24906 119506 118430 101351 6978 32785 4527 6190 28497 29120 6716 20048 23648 57511 18065 26350 1248 1078 27302 33849 19225 8877 17439 602 37353 3637 662 4282 3435 5553 41072 11024 1455 7288 581 3587 7049
is_linear=0
shrinkage=0.05


Tree=31
num_leaves=127
num_cat=0
split_feature=4 2 13 25 23 4 4 4 28 34 25 25 31 25 30 12 8 34 25 27 31 37 15 29 32 34 25 34 25 30 30 34 27 29 32 25 25 35 34 29 29 31 32 25 46 25 25 24 24 25 34 25 29 4 31 27 25 34 25 35 31 30 25 4 12 28 27 25 28 35 15 29 25 29 31 4 27 23 25 31 29 28 32 25 23 30 34 28 31 4 28 25 35 32 25 25 25 35 29 27 21 40 4 35 25 40 38 28 30 32 31 15 42 30 25 4 6 32 31 31 28 29 27 27 31 28
split_gain=27778.3 4376.47 3034.47 1271.78 1023.37 890.223 819.002 688.127 672.545 511.855 562.71 510.263 486.726 459.352 447.668 367.108 361.166 560.142 480.457 426.927 334.545 299.365 259.767 252.667 250.336 242.043 227.92 226.35 208.885 203.051 199.046 197.856 195.41 202.347 189.254 182.775 172.23 1064.34 248.958 236.59 171.998 165.244 164.136 160.899 153.207 152.924 148.645 183.315 197.251 147.5 175.219 144.265 168.271 143.353 141.638 141.176 190.119 132.43 152.336 131.322 128.238 120.769 120.569 119.644 118.561 116.543 125.269 114.872 112.996 233.495 131.034 110.659 108.806 151.998 109.869 108.438 126.336 108.224 135.263 107.516 205.635 182.122 106.441 171.48 105.879 100.552 99.6182 95.7582 94.1102 105.892 93.9469 92.6247 144.957 176.192 198.53 160.428 154.048 112.381 92.3689 91.9716 90.7401 154.135 90.6653 88.06 86.4926 86.2038 85.99 84.106 124.356 127.007 90.5406 162.711 83.3769 82.6929 82.4974 81.0549 81.0157 79.8235 78.9345 77.7737 77.6123 77.4988 76.733 76.1188 76.0389 120.557
threshold=10.500000000000002 12.500000000000002 2.5000000000000004 132.50000000000003 0.90910267829895031 19.500000000000004 65.500000000000014 1.0000000180025095e-35 658.50000000000011 880.00000000000011 235.50000000000003 148.50000000000003 1.0000000180025095e-35 8.5000000000000018 0.47697626054286962 8.5000000000000018 0.026785715483129028 1237.0000000000002 83.500000000000014 1716.5000000000002 412.00000000000006 27.500000000000004 59.500000000000007 844.50000000000011 6724.0000000000009 1326.0000000000002 148.50000000000003 840.00000000000011 839.50000000000011 0.86991125345230114 0.28277708590030676 727.00000000000011 5995.0000000000009 76.500000000000014 7530.0000000000009 3015.5000000000005 91.500000000000014 1873.5000000000002 1120.0000000000002 765.50000000000011 785.50000000000011 1958.5000000000002 5972.5000000000009 52.500000000000007 144.50000000000003 201.50000000000003 1112.5000000000002 455100.00000000006 655020.00000000012 8.5000000000000018 1376.5000000000002 839.50000000000011 922.50000000000011 111.50000000000001 1.0000000180025095e-35 181.50000000000003 60.500000000000007 705.50000000000011 935.50000000000011 2924.0000000000005 807.00000000000011 0.33786812424659735 327.50000000000006 38.500000000000007 11.500000000000002 148.50000000000003 579.50000000000011 286.50000000000006 148.50000000000003 2413.0000000000005 162.50000000000003 141.50000000000003 839.50000000000011 922.50000000000011 993.00000000000011 2.5000000000000004 510.50000000000006 0.94468268752098095 327.50000000000006 1290.5000000000002 785.50000000000011 540.00000000000011 5972.5000000000009 3015.5000000000005 0.95228004455566417 0.28924794495105749 1860.0000000000002 127.50000000000001 1068.5000000000002 4.5000000000000009 96.500000000000014 21.500000000000004 1954.0000000000002 4131.5000000000009 69.500000000000014 45.500000000000007 83.500000000000014 1954.0000000000002 820.50000000000011 579.50000000000011 119199.96484375001 62.500000000000007 1.5000000000000002 1025.0000000000002 266.50000000000006 8.5000000000000018 26.500000000000004 77.500000000000014 0.10344827547669412 4131.5000000000009 1228.5000000000002 10.500000000000002 177.00000000000003 0.47697626054286962 15.500000000000002 5.5000000000000009 1.0000000180025095e-35 3478.5000000000005 967.00000000000011 412.00000000000006 496.50000000000006 922.50000000000011 5170.5000000000009 8394.5000000000018 967.00000000000011 470.50000000000006
decision_type=2 2 2 2 2 2 2 2 2 2 2 2 2 2 2 2 2 2 2 2 2 2 2 2 2 2 2 2 2 2 2 2 2 2 2 2 2 2 2 2 2 2 2 2 2 2 2 2 2 2 2 2 2 2 2 2 2 2 2 2 2 2 2 2 2 2 2 2 2 2 2 2 2 2 2 2 2 2 2 2 2 2 2 2 2 2 2 2 2 2 2 2 2 2 2 2 2 2 2 2 2 2 2 2 2 2 2 2 2 2 2 2 2 2 2 2 2 2 2 2 2 2 2 2 2 2
left_child=2 4 7 24 13 28 15 32 9 11 16 75 -10 63 21 82 19 26 65 55 27 25 29 85 105 62 91 -7 30 88 121 -14 33 -1 35 72 90 38 103 68 123 59 106 44 71 -40 47 100 -49 118 124 52 -36 64 -25 56 -11 -23 61 -32 -20 -59 98 -2 -8 -19 -67 -27 69 -39 -70 114 73 -22 -74 76 -9 122 -79 81 -81 -34 83 -3 -17 112 -62 -45 119 -90 -35 97 93 96 -95 -94 -93 107 -5 -89 101 -16 -57 -38 -43 -4 -30 110 -109 -110 111 -18 -15 -72 -26 -100 -112 -64 -21 -12 -78 -6 -13 -24 -51 -126
right_child=1 6 3 14 5 20 53 8 12 10 22 77 31 23 46 84 17 18 60 49 34 57 40 54 43 67 -28 -29 42 -31 41 -33 79 36 51 -37 37 39 45 -41 -42 104 -44 87 -46 -47 -48 48 -50 50 -52 -53 -54 -55 -56 102 -58 58 -60 -61 86 -63 117 -65 -66 66 -68 -69 70 -71 113 -73 74 -75 -76 -77 120 78 -80 80 -82 -83 -84 -85 -86 -87 -88 99 89 -91 -92 92 95 94 -96 -97 -98 -99 115 -101 -102 -103 -104 -105 -106 -107 -108 108 109 -111 116 -113 -114 -115 -116 -117 -118 -119 -120 -121 -122 -123 -124 -125 125 -127
leaf_value=0 -0.00032334430358996733 0.020682420095158832 -0.00022234747916457639 0.0065967138805238081 0.011125602228162168 0.020113943829660925 0.042517093909186024 0 -0.00098525462474929469 0 -0.011162824649621109 -5.5289986274452354e-09 0.0069063828891716417 -0.0005589871124695075 0.019306771500530156 0.015055318539366881 5.7959039207659667e-05 0 -0.0079552097935138011 6.0172054111431359e-05 0.015279406636044435 0.0073037053787666124 -0.0018324296757756512 -0.0047939964687109156 0 0.0094377754489052036 0.0068722055750092496 -0.0032028801071640732 0.014222201032473958 0.023280659856266969 0.014018599571621266 0.0089339615053087192 0 0 0.020045200640314034 0.038227956983953537 0 4.106732005368877e-05 8.3349585626686892e-05 0.010523272344911761 0.0097405559247808124 0.015488621973772466 0.023761225413982942 0.025766579051653263 -0.0030674214203166 1.3506349235792973e-05 0.037134405786076422 -0.03175122996332113 0.01503276830065664 1.310669092937716e-07 0.0087529340094290083 0.027262020058719229 -0.010180733350533952 0.083834237310970713 0.01767682900881834 0 0.012865308305462642 0.010648823401617203 0.018664100392410548 -0.0040746902821676024 0.007713154535636136 0.017009496408092396 0.0064244867478371326 -0.00021416586864197982 0.039397572820955795 -0.0013582084833502546 7.7901694800152998e-05 0.015026532187154485 -0.00053745023081038814 -0.00055109448270314093 -0.00053238717451073155 -1.8182348285836247e-06 0.016353372081057544 -0.0070490002260128817 0.02056905955141447 0 0 0 0.0091379637482074394 -0.0009934021196089536 0.0097194539431401748 0 0.031712945949445404 0.048789359842722022 0.029678593951854283 0.013870385095601269 0.014440023313654283 -0.0030923423336211339 0.0084482650675523126 0.010536032585598036 0 0 0.00015164912614090039 -0.00038447705452142891 -0.00066864269503380525 -0.0010792694359756762 -0.00048543746764052555 -2.6605812862360487e-06 0.0047196932410548068 0.0079221382592544135 0.026834184754662805 -0.021292537066569635 0 0 0.019606133192995236 0.010146561982737371 0.019382074709194716 -0.00070869474408772194 -1.4338902809245119e-06 6.2598442795540115e-05 0 0 -0.015528968087822538 0.00040711350572219981 0.018297152808344295 -0.00097256142094316882 -3.5999403234571228e-06 0.01023767099887116 -0.00094196157930791712 0.008010418293144533 -0.00076982677266879823 -0.01022840501149283 -0.0014653885268997532 -0.0069266665241335375 -0.00088448935025595924 0.011932892098404084
leaf_weight=125526 576 4662 9956 17141 18247 358 7366 35424 621 74400 61 23543 18051 2854 4280 992 621 24276 91 97 7944 6381 3070 86 1740 16528 11173 286 12622 1208 27548 50800 1838 98761 16309 4960 8367 493 1083 1489 5006 5099 10866 1040 227 434 2141 220 476 9285 12362 13253 211 13557 9609 117848 596 35012 13102 91 19085 8449 12026 348 5168 1892 7176 14584 8420 169 3091 5490 8576 453 15969 6946 30885 16645 8832 774 577 14398 8235 3254 14065 3477 3108 882 27571 10270 48899 1810 608 5209 8855 1954 1585 752 4581 15638 3619 310 56346 39566 13579 2387 12148 79 232 821 860 1904 252 355 2576 5107 391 30190 464 16678 91 431 8395 592 22291 4852
leaf_count=125526 576 4662 9956 17141 18247 358 7366 35424 621 74400 61 23543 18051 2854 4280 992 621 24276 91 97 7944 6381 3070 86 1740 16528 11173 286 12622 1208 27548 50800 1838 98761 16309 4960 8367 493 1083 1489 5006 5099 10866 1040 227 434 2141 220 476 9285 12362 13253 211 13557 9609 117848 596 35012 13102 91 19085 8449 12026 348 5168 1892 7176 14584 8420 169 3091 5490 8576 453 15969 6946 30885 16645 8832 774 577 14398 8235 3254 14065 3477 3108 882 27571 10270 48899 1810 608 5209 8855 1954 1585 752 4581 15638 3619 310 56346 39566 13579 2387 12148 79 232 821 860 1904 252 355 2576 5107 391 30190 464 16678 91 431 8395 592 22291 4852
internal_value=0.00910366 0.0245287 0.00603573 0.011443 0.0208093 0.0219923 0.0366122 0.00488953 0.00584882 0.00529756 0.00608918 0.00254009 0.0105005 0.00919045 0.0132884 0.0311456 0.00537563 0.00264532 0.00581262 0.0062214 0.0263974 0.0126286 0.0104179 0.0111374 0.0033953 0.0109303 -0.00213531 -0.00946282 0.0190015 0.0116691 0.0173143 0.0108981 0.00311383 0.00338225 0.0267387 0.0243943 0.00432746 0.00214907 0.00559645 -0.0100124 0.00236442 0.0190717 0.0220786 0.006043 0.000991219 0.0255389 0.0230303 0.0201845 -0.0044462 0.0019725 0.00226573 0.029723 0.0266037 0.0431505 0.0162706 0.00706286 0.00524887 0.015331 0.0161014 0.0166158 0.0114968 0.0146762 0.00928009 -0.0251001 0.0392924 0.0020137 -0.00282253 0.0145922 -0.0122521 0.00784625 -0.0133738 0.00193196 0.0230463 0.0181307 0.0247277 0.00530355 0.00592537 -0.000990071 0.00144031 -0.00202393 -0.0155762 -0.000895843 0.0259081 0.0217651 0.0367631 0.00357658 0.0117399 0.00892905 0.0112201 0.0126012 0.00526374 -0.00472896 -0.00632558 -0.00795545 -0.0104233 0.00477928 0.0022665 0.000917828 0.00665863 0.00800207 0.0222735 0.017602 0.00784381 0.00496515 0.0227055 -0.00252327 0.0198302 0.00367658 0.0156302 0.0201738 9.13641e-05 0.00554235 -0.0029603 -0.0215882 0.00792266 0.00275544 -0.0109064 0.0109459 -0.0235163 0.00809751 0.00825782 0.0129561 -0.00292895 -0.00586958 0.000520066 -0.000815861
internal_weight=1.46749e+06 243451 1.22404e+06 214083 186152 168950 57299 1.00995e+06 655712 586240 455479 130761 69472 17202 174147 31208 391023 92482 55628 298541 68319 163101 64456 16278 39936 100157 36854 644 100631 55788 64995 68851 354240 336653 67675 37902 211127 63467 49450 14017 8668 46317 35636 27593 10033 1517 11046 8905 696 49351 48790 29773 16520 26091 9695 249190 74996 62944 56563 27639 22284 43461 69045 924 12534 33344 9068 31112 12528 662 11866 9806 32942 8397 24545 73346 66400 57415 25477 17587 1351 16236 16151 7916 15057 6583 22193 17560 54580 37841 147660 25681 20021 17459 14064 2562 3395 5660 26829 16520 8209 4590 174194 47933 18678 12343 24770 4908 1132 1053 3776 2525 3106 3446 4316 9688 1251 42216 561 16739 30976 18678 31938 3662 36428 27143
internal_count=1467486 243451 1224035 214083 186152 168950 57299 1009952 655712 586240 455479 130761 69472 17202 174147 31208 391023 92482 55628 298541 68319 163101 64456 16278 39936 100157 36854 644 100631 55788 64995 68851 354240 336653 67675 37902 211127 63467 49450 14017 8668 46317 35636 27593 10033 1517 11046 8905 696 49351 48790 29773 16520 26091 9695 249190 74996 62944 56563 27639 22284 43461 69045 924 12534 33344 9068 31112 12528 662 11866 9806 32942 8397 24545 73346 66400 57415 25477 17587 1351 16236 16151 7916 15057 6583 22193 17560 54580 37841 147660 25681 20021 17459 14064 2562 3395 5660 26829 16520 8209 4590 174194 47933 18678 12343 24770 4908 1132 1053 3776 2525 3106 3446 4316 9688 1251 42216 561 16739 30976 18678 31938 3662 36428 27143
is_linear=0
shrinkage=0.05


Tree=32
num_leaves=127
num_cat=0
split_feature=3 4 14 25 4 25 4 31 25 4 59 31 14 33 23 33 33 38 34 25 3 26 30 26 34 31 34 25 34 38 25 46 30 34 26 34 26 29 25 35 34 29 25 31 25 59 37 25 29 25 29 25 26 30 29 35 32 26 46 43 25 35 1 31 34 1 31 33 25 25 29 25 31 25 25 25 31 37 51 29 26 29 29 25 24 32 30 29 25 26 59 30 23 50 34 20 29 29 29 30 14 59 33 25 37 30 31 1 25 34 31 29 29 42 59 33 1 31 44 30 32 30 29 33 30 43
split_gain=25431 4470.43 2668.85 1437.37 983.365 904.866 578.596 540.445 481.958 399.03 398.317 346.124 336.353 317.242 312.785 307.768 288.517 279.599 268.287 362.43 458.468 409.917 318.407 268.482 245.47 234.377 231.057 312.1 224.884 216.069 203.356 192.984 191.489 182.194 171.012 161.027 160.184 196.666 183.734 1068.8 265.155 253.254 158.103 238.685 156.543 155.144 153.798 147.851 143.828 139.246 136.833 134.13 131.776 130.428 127.23 208.704 127.27 126.769 126.27 125.427 124.181 211.207 122.696 120.808 120.619 124.843 119.606 135.348 116.008 115.175 112.579 106.49 105.583 105.53 180.494 105.245 102.516 100.892 143.543 121.42 99.0938 93.8148 92.7077 92.2312 100.986 89.7677 87.6492 86.4511 100.257 97.3158 86.2738 85.7181 84.5327 93.7109 83.7947 83.7366 83.2456 82.1825 82.1395 185.488 79.756 79.4981 79.4336 79.3329 78.1329 89.0117 90.3745 77.6025 77.0234 76.6434 76.2488 154.79 145.347 115.899 77.4354 78.6211 75.9626 111.339 73.3895 73.0363 72.6245 72.2205 71.6878 106.075 70.551 73.5381
threshold=6.5000000000000009 42.500000000000007 2.5000000000000004 122.50000000000001 18.500000000000004 8.5000000000000018 93.500000000000014 731.50000000000011 491.50000000000006 1.0000000180025095e-35 4981.5000000000009 1888.0000000000002 33.500000000000007 38813.500000000007 0.93553286790847789 38813.500000000007 27332.500000000004 13.500000000000002 705.50000000000011 327.50000000000006 1.5000000000000002 517.50000000000011 0.47697626054286962 1039.5000000000002 1399.5000000000002 1.0000000180025095e-35 1237.0000000000002 112.50000000000001 1306.0000000000002 19.500000000000004 69.500000000000014 243.50000000000003 0.28542986512184149 1237.0000000000002 27.500000000000004 1108.0000000000002 1819.0000000000002 76.500000000000014 91.500000000000014 1873.5000000000002 1120.0000000000002 725.50000000000011 517.50000000000011 1.0000000180025095e-35 839.50000000000011 4912.5000000000009 62.500000000000007 249.50000000000003 922.50000000000011 839.50000000000011 922.50000000000011 201.50000000000003 884.00000000000011 0.28542986512184149 191.50000000000003 2413.0000000000005 5972.5000000000009 4181.0000000000009 81.500000000000014 369.50000000000006 201.50000000000003 1414.5000000000002 1.5000000000000002 918.50000000000011 880.00000000000011 1.0000000180025095e-35 895.50000000000011 38813.500000000007 1112.5000000000002 159.50000000000003 853.50000000000011 935.50000000000011 630.50000000000011 1.5000000000000002 21.500000000000004 83.500000000000014 3277.5000000000005 227.50000000000003 0.16666666418313983 866.50000000000011 13015.500000000002 455.50000000000006 866.50000000000011 327.50000000000006 32002.862304687504 12499.500000000002 0.27947758138179785 116.50000000000001 15.500000000000002 23.500000000000004 4981.5000000000009 0.36300858855247503 0.92387348413467418 0.21311487257480624 1896.5000000000002 3662556.6250000005 902.50000000000011 238.50000000000003 238.50000000000003 0.55949327349662792 4.5000000000000009 4864.5000000000009 4581.5000000000009 1005.5000000000001 6.5000000000000009 0.29646599292755133 686.50000000000011 1.0000000180025095e-35 83.500000000000014 1725.5000000000002 1290.5000000000002 785.50000000000011 660.50000000000011 68.500000000000014 4864.5000000000009 11238.000000000002 6.5000000000000009 412.00000000000006 602.50000000000011 0.38379521667957311 5972.5000000000009 0.40163776278495794 785.50000000000011 12515.000000000002 0.28277708590030676 267.50000000000006
decision_type=2 2 2 2 2 2 2 2 2 2 2 2 2 2 2 2 2 2 2 2 2 2 2 2 2 2 2 2 2 2 2 2 2 2 2 2 2 2 2 2 2 2 2 2 2 2 2 2 2 2 2 2 2 2 2 2 2 2 2 2 2 2 2 2 2 2 2 2 2 2 2 2 2 2 2 2 2 2 2 2 2 2 2 2 2 2 2 2 2 2 2 2 2 2 2 2 2 2 2 2 2 2 2 2 2 2 2 2 2 2 2 2 2 2 2 2 2 2 2 2 2 2 2 2 2 2
left_child=2 4 9 24 10 -3 12 15 16 36 14 13 66 17 -2 25 53 50 23 20 21 34 64 -11 73 -5 60 98 108 51 31 87 49 71 -20 68 37 -1 97 40 102 54 -25 -44 48 63 59 -37 76 57 92 -27 -42 -9 55 -41 -56 -16 101 -12 61 -22 -14 86 65 70 67 80 -34 -30 -21 90 -49 82 -75 -76 -13 -68 -79 -80 -7 -32 -4 -55 -85 103 -19 88 -26 -89 -10 -86 93 -6 -18 -61 -73 -39 -28 -100 -83 -36 -40 -74 105 106 -103 -45 -23 -29 112 113 114 -112 115 -38 117 -8 -31 -88 -77 -91 -110 -124 125 -66
right_child=1 5 3 7 11 6 116 8 33 18 46 44 62 -15 32 -17 94 45 19 22 26 28 -24 42 30 29 27 109 69 118 81 -33 35 -35 58 47 110 38 39 41 52 -43 43 107 -46 -47 -48 72 -50 -51 -52 -53 -54 83 56 -57 -58 -59 -60 95 -62 -63 -64 -65 124 -67 77 -69 -70 -71 -72 96 85 74 75 120 -78 78 79 -81 -82 100 -84 84 91 -87 119 89 -90 121 -92 -93 -94 -95 -96 -97 -98 -99 99 -101 -102 104 -104 -105 -106 -107 -108 -109 122 -111 111 -113 -114 -115 -116 -117 -118 -119 -120 -121 -122 -123 123 -125 -126 -127
leaf_value=0 0.0084940989483251357 -0.0002034575752098808 0 -0.0021134903518536725 0.00028151869709221568 0.015842840656830014 -0.0090694428862342445 0.0057163537558632023 0.010401443061986183 0 0.037666836187448774 0.017321662722688865 -0.00094393250533784121 -0.0029675408797848954 0.0098000295524005247 -0.005812251890636241 0.010206913583786231 0.0075847897845965134 0 -0.0013777192688109983 0 -0.0026628598285966076 0.018805432653151467 -0.00065240407194809764 0 -0.00075229623675238002 0 0.0073699200575449049 0.01090000739755019 0.010245400070593861 0.014627887107025582 -0.0017979252624032835 0.011769239005068433 0.017587648964566382 0 0.012823434524684447 0 0 0 4.709171679153755e-05 7.2807050135149297e-05 0.0092197715751950356 -0.0007359269810670899 0.0018232803236586826 0.026226680869365106 0.043182950109872081 0.043964964736950767 -0.0054544482471355488 -0.019531389533389551 0.018981779770175563 -0.0019649569815243461 0.0060031693571828805 2.5841124594348174e-05 0.0065662330939618048 -0.00057617150427259135 -0.00052353975856798388 -0.00049402606767195371 -0.013633137480374632 0 0.009927382209176756 0.0075783613878650461 0 0.03116793015122632 0.019348255418623207 0.0082243406096524554 0.007627580420719599 0.032254275093409834 -0.0044824469892335963 0.017295106563535095 0.0091226700313596764 0.0068042027256680687 0.015125655150630453 0.015701998916410876 0 -2.6035948965500954e-06 -2.8801653493505077e-06 0.023156398351165522 -0.018677346272808794 -0.02132319255419355 0.027004333216634969 0.044215944568354482 0.0082661036415362776 -0.00078256418253407002 0.0033296643444714058 0.0096033287825294366 0.023007116183857368 0.018863394832540094 -0.00057487718326577192 0.020887738834664705 0 0.034902082516938909 0.021367193369797168 0.016218177566628744 0.0011865845998681292 0.016658088247405646 -0.046660939599056359 0.01834478099488368 0 0 -0.001375228321428706 0.0013756683727738223 0.00010618120878688588 0 0.023417223249468589 8.0938717509381259e-05 0.0038451840230287041 -0.00067016025800401382 0.0078973462982607056 0 0.01842797944027617 1.8998349281282551e-06 0.010577057023601242 0 -0.00099181620747689522 -0.00053501421188542999 1.1339279784032617e-07 0.073478359315107114 0.062705113031964799 0.02272715860412218 0.011766150998285553 0.0092749883806911345 -0.0014089421704573044 0 0.011199627199244803 0.0092086947021286555 -0.0017658180785854389
leaf_weight=125618 10384 307 396 353 524 1393 78 33980 35903 25063 1559 12326 171 203 16043 347 31594 1534 47234 5917 6195 156 6435 11593 3913 4407 14795 7058 6312 9689 6189 259 19060 18019 211597 7375 556 89591 8290 488 1060 2261 375 5322 12237 3059 2085 122 128 4286 893 38046 443 48911 2338 152 8587 480 7139 856 9047 23813 10740 24047 2490 5661 15001 64 11814 7887 8809 7738 23481 6159 14881 7549 6089 221 208 1556 2787 6323 517 2758 26905 5477 7903 292 3067 17940 748 1967 14033 1366 7873 61 8920 58567 9515 758 4112 77 39231 5430 2318 1256 895 2477 39923 1520 269 596 15233 580 158 600 14883 2737 1665 1266 5606 1556 8352 8417 20311 1909
leaf_count=125618 10384 307 396 353 524 1393 78 33980 35903 25063 1559 12326 171 203 16043 347 31594 1534 47234 5917 6195 156 6435 11593 3913 4407 14795 7058 6312 9689 6189 259 19060 18019 211597 7375 556 89591 8290 488 1060 2261 375 5322 12237 3059 2085 122 128 4286 893 38046 443 48911 2338 152 8587 480 7139 856 9047 23813 10740 24047 2490 5661 15001 64 11814 7887 8809 7738 23481 6159 14881 7549 6089 221 208 1556 2787 6323 517 2758 26905 5477 7903 292 3067 17940 748 1967 14033 1366 7873 61 8920 58567 9515 758 4112 77 39231 5430 2318 1256 895 2477 39923 1520 269 596 15233 580 158 600 14883 2737 1665 1266 5606 1556 8352 8417 20311 1909
internal_value=0.00885543 0.0235854 0.00591542 0.00954243 0.0201474 0.0368941 0.0374213 0.0112219 0.0123027 0.00441228 0.0169864 0.0241542 0.0334228 0.0217716 0.0163517 0.00675407 0.0107287 0.0220035 0.0053071 0.00566266 0.00517072 0.00593813 0.00961721 0.00161264 0.0035754 0.00705492 0.00156524 0.00460217 0.00255809 0.00732143 0.00607877 0.00340196 0.0172654 0.0157006 0.00682582 0.0184753 0.00312377 0.00336945 0.00430194 0.00203651 0.00549923 -0.0102411 -0.00274421 0.00258071 0.0283981 0.0243895 0.0314497 0.0204952 0.0254998 0.0130349 0.0166385 0.00568262 0.0261759 0.00945804 -0.0132333 0.00842837 -0.0145028 0.010951 0.00740406 0.0230181 -0.00105095 -0.00259913 0.0405592 0.0234386 0.00813234 0.00528496 0.0297547 0.0222415 0.0157347 0.00818679 0.00285853 0.0142311 0.0218688 0.000462714 0.000910803 -0.000791658 0.0258671 0.0316315 0.0210292 0.0257894 0.0233475 0.0104303 -0.0163126 0.0105542 0.0126587 0.0220336 0.0190174 0.00381779 0.00860231 0.00212982 0.0127239 0.0135319 0.0177067 0.00777472 0.0144157 0.00833606 0.0175467 0.00526293 0.00178494 -0.00164945 0.00753658 0.00762016 0.00484511 0.0209209 0.00107675 -0.00560792 -0.0169684 0.004455 0.00115211 0.0128344 -0.00147259 -0.012487 -0.000510361 -0.0261983 0.015444 0.0199334 0.0446825 0.0371372 0.0134484 0.0208685 0.00246634 0.00255923 0.00124876 0.00399216 0.0104813 0.00473847
internal_weight=1.46809e+06 244267 1.22383e+06 358582 194121 50146 49839 279823 225316 865244 108513 85608 32141 54828 103952 54507 153988 54625 510626 465796 414264 341563 51532 44830 78759 54160 72701 33646 71047 53807 43651 27027 93568 71328 270516 72759 354618 336626 211008 62850 49024 13826 19767 8174 30780 37809 4561 41885 18543 20809 16816 42453 1503 114521 11565 640 10925 16523 223282 2476 39055 30008 10911 34750 45097 20387 21230 4244 30874 14199 14726 53309 34510 35108 34195 28036 18415 16986 1985 1764 4180 16624 913 80541 31630 34388 10703 26768 6980 19788 36651 28872 15923 1890 39467 917 16658 148158 25068 10273 10435 216143 47521 28911 4546 2228 972 7799 56848 8578 17992 1445 16547 849 1314 1156 17698 2815 11354 9169 13155 19496 56692 16769 24710 4399
internal_count=1468093 244267 1223826 358582 194121 50146 49839 279823 225316 865244 108513 85608 32141 54828 103952 54507 153988 54625 510626 465796 414264 341563 51532 44830 78759 54160 72701 33646 71047 53807 43651 27027 93568 71328 270516 72759 354618 336626 211008 62850 49024 13826 19767 8174 30780 37809 4561 41885 18543 20809 16816 42453 1503 114521 11565 640 10925 16523 223282 2476 39055 30008 10911 34750 45097 20387 21230 4244 30874 14199 14726 53309 34510 35108 34195 28036 18415 16986 1985 1764 4180 16624 913 80541 31630 34388 10703 26768 6980 19788 36651 28872 15923 1890 39467 917 16658 148158 25068 10273 10435 216143 47521 28911 4546 2228 972 7799 56848 8578 17992 1445 16547 849 1314 1156 17698 2815 11354 9169 13155 19496 56692 16769 24710 4399
is_linear=0
shrinkage=0.05


Tree=33
num_leaves=127
num_cat=0
split_feature=4 2 13 4 23 40 22 4 28 31 12 33 28 27 26 30 26 31 46 33 35 3 27 35 28 26 31 31 13 27 29 33 28 28 27 29 27 35 29 28 42 35 15 26 30 31 30 4 31 26 59 31 59 37 28 31 22 13 26 31 15 31 26 41 21 26 26 30 30 23 40 59 21 33 59 31 47 37 29 29 14 33 33 31 15 27 29 35 59 31 24 29 48 4 59 28 15 26 35 33 26 4 27 37 26 30 28 14 33 22 47 26 30 41 24 28 41 22 27 33 15 30 35 26 4 22
split_gain=23482.5 3648.8 3585.43 806.835 768.958 754.032 622.057 553.5 506.735 467.494 418.284 415.032 489.128 488.959 368.219 354.636 319.706 284.433 278.536 262.124 237.681 218.85 485.182 473.114 348.402 330.004 203.126 185.249 161.871 161.834 150.73 148.761 186.446 142.589 142.239 139.963 244.932 416.554 428.131 202.023 190.545 138.644 133.627 141.057 152.444 133.457 132.709 126.512 124.554 122.221 144.752 118.762 112.81 133.352 128.724 111.863 110.092 109.339 139.947 107.828 105.837 105.464 104.646 104.065 130.034 103.618 301.486 103.164 101.961 101.121 98.1829 97.9669 97.0877 95.165 95.0604 187.757 92.7258 91.8382 91.0063 90.5563 90.5501 89.6039 89.5654 89.4136 104.937 108.282 89.1593 90.4513 135.67 136.39 121.406 88.8173 88.1032 86.8826 86.1634 86.0019 254.464 171.296 236.615 85.6339 84.4911 82.9971 82.2607 83.2372 81.167 81.1156 80.3894 80.2263 90.0389 79.9786 97.7611 106.026 79.2632 129.541 107.991 78.7409 78.6164 123.547 78.5641 229.896 183.78 185.322 132.71 114.648 78.5391 78.4612
threshold=12.500000000000002 13.500000000000002 2.5000000000000004 85.500000000000014 0.92387348413467418 20.500000000000004 21635.373046875004 19.500000000000004 658.50000000000011 1.0000000180025095e-35 9.5000000000000018 12969.000000000002 516.50000000000011 2036.5000000000002 27.500000000000004 0.68189269304275524 679.50000000000011 656.50000000000011 243.50000000000003 38813.500000000007 2086.5000000000005 1.5000000000000002 1716.5000000000002 1954.0000000000002 375.50000000000006 351.50000000000006 1290.5000000000002 579.50000000000011 15.500000000000002 27559.500000000004 844.50000000000011 22029.000000000004 127.50000000000001 148.50000000000003 159.50000000000003 68.500000000000014 1423.5000000000002 1873.5000000000002 785.50000000000011 470.50000000000006 31.500000000000004 1954.0000000000002 110.50000000000001 470.50000000000006 0.28924794495105749 1577.5000000000002 0.29423262178897863 36.500000000000007 807.00000000000011 1951.0000000000002 4981.5000000000009 1830.0000000000002 4042.5000000000005 227.50000000000003 779.50000000000011 656.50000000000011 74415.476562500015 1.5000000000000002 404.50000000000006 485.50000000000006 98.500000000000014 1028.0000000000002 884.00000000000011 36.500000000000007 104299.92578125001 119.50000000000001 351.50000000000006 0.30936250090599066 0.25588317215442663 0.97110781073570263 3.5000000000000004 4912.5000000000009 668999.90625000012 13416.500000000002 4864.5000000000009 686.50000000000011 1.137960731983185 69.500000000000014 571.50000000000011 638.50000000000011 3.5000000000000004 38813.500000000007 27332.500000000004 967.00000000000011 74.500000000000014 2903.0000000000005 396.50000000000006 1025.0000000000002 4864.5000000000009 686.50000000000011 269034.40625000006 128.50000000000003 0.041666666045784957 1.5000000000000002 4912.5000000000009 403.50000000000006 74.500000000000014 730.00000000000011 1873.5000000000002 38813.500000000007 105.50000000000001 159.50000000000003 510.50000000000006 26.500000000000004 609.00000000000011 0.47697626054286962 898.50000000000011 3.5000000000000004 19041.000000000004 76895.582031250015 0.84689703583717357 3484.0000000000005 0.43456299602985388 336.50000000000006 89001.324218750015 733.50000000000011 36.500000000000007 96991.312500000015 686.50000000000011 20491.000000000004 74.500000000000014 0.47697626054286962 2313.5000000000005 206.50000000000003 2.5000000000000004 64791.507812500007
decision_type=2 2 2 2 2 2 2 2 2 2 2 2 2 2 2 2 2 2 2 2 2 2 2 2 2 2 2 2 2 2 2 2 2 2 2 2 2 2 2 2 2 2 2 2 2 2 2 2 2 2 2 2 2 2 2 2 2 2 2 2 2 2 2 2 2 2 2 2 2 2 2 2 2 2 2 2 2 2 2 2 2 2 2 2 2 2 2 2 2 2 2 2 2 2 2 2 2 2 2 2 2 2 2 2 2 2 2 2 2 2 2 2 2 2 2 2 2 2 2 2 2 2 2 2 2 2
left_child=2 4 6 10 14 16 35 46 11 -10 52 13 21 102 47 26 18 19 41 -9 69 22 34 24 57 33 29 -11 45 81 67 83 -33 -25 70 -1 71 39 40 60 42 -4 -39 44 -44 77 115 -2 -27 50 -28 99 53 61 -55 -22 -43 58 100 -32 -38 -3 -61 64 -51 -59 73 -16 -34 -18 -13 74 -17 -67 91 -76 -35 -19 -57 -71 -15 116 104 84 85 124 -62 -88 -89 -90 -91 -37 -72 118 109 96 -85 98 -98 106 -23 -5 -8 -104 -50 -78 -48 108 -14 -29 -111 -112 -65 -114 -115 -6 117 -7 -36 -120 121 123 -122 -121 -24 -12
right_child=1 3 5 101 7 15 8 17 9 27 125 12 107 80 30 72 20 28 -20 -21 55 23 31 25 -26 48 49 94 -30 -31 59 32 68 76 93 36 37 38 -40 -41 -42 56 43 -45 -46 -47 51 -49 82 63 -52 -53 -54 54 -56 78 -58 65 -60 62 86 -63 -64 112 -66 66 -68 -69 -70 79 92 -73 -74 -75 75 -77 105 -79 -80 -81 -82 -83 -84 95 -86 -87 87 88 89 90 -92 -93 -94 -95 -96 -97 97 -99 -100 -101 -102 -103 103 -105 -106 -107 -108 -109 -110 110 111 -113 113 114 -116 -117 -118 -119 119 120 122 -123 -124 -125 -126 -127
leaf_value=0 -4.5140669627596436e-06 0.025886195265138159 9.6834836773043073e-06 0.046984261148372841 0.010629912697416134 0.012331439428122365 0 0.015189798298609409 -0.00089919554445847547 0.0055564894132710046 0.023635398480577743 0 0.0075554860498193016 0 -0.00077121431330604224 0.035287106059815478 0.0044582531584564543 0.015271711224168661 -0.0016912458843354454 -0.0028465230339692689 -0.0030349620199579173 0 5.7156898060395099e-05 0 0.0077062919356350769 -0.0073986769070915059 0.011544225191958907 0.0088925511019341385 0.021352427409550758 0.022425965676783722 -0.0036620779698228858 -0.0016073538667899089 -0.0018971839662793853 -0.00074255994963980587 0 0 0 0.00012400943712645476 0.0082692138809213889 0 -0.0004318016520692327 0.012863786737146395 6.3690859104911825e-05 -0.00046114637923230117 -0.00054223154284990826 0.020388367783606351 0.014529610510974945 -0.00019328469644938677 0.0070385836985206287 0.016663186750014238 -0.029925413522327318 0.018680847202105621 0.045203087733007678 -0.015436321943897924 0.018012171860148474 0.02000994735416476 0.0024771248509092847 0 -0.0009423861594024792 -0.0016377199383998773 0 0.027422104546276894 0.016749311853936934 0.014949096779536576 -0.054079133086846101 1.6287480000941318e-07 -0.0008113418716620722 0.017703162151227105 0.0088679686536577342 0.015125984005842944 0 0 0.010742490565954466 -0.00035664456675471356 3.7035403624126052e-05 -0.0007036726688583948 -2.5192902927408059e-05 0.020369648134637625 0.010299891140105578 0.006667259320535618 0.0054032088016308325 -0.0095504993824136672 0.0087441584859237146 -0.00090360388707098373 -2.8840891417424849e-06 -0.0010735016348943905 0 0 0 -0.00074265730425221172 0 0 0.019041311746554376 0 0.022468301602726864 0.0086579620289414655 0.00018836846491621703 -0.0011622720331416606 -0.0007621972712250338 -0.0041947753211193529 7.9232354905773555e-05 0.091674144214655015 0 0 0.0066922180559604531 -0.0013180393209196771 0.019135229798290711 0.0060826985360198649 0.0074086000960348177 0.0066748750358847919 -0.029176020120682808 0.003636300561170952 0.031370144019344896 -0.037358494195448635 0.016425193308399779 0.014338477406786343 0.010094624887876434 -0.041960812275870445 0 0 3.1991598889913958e-05 0.021183054885785875 0 -0.0006478302719204297 -0.00063336361907174641 0.030323757226252315
leaf_weight=111884 246 3039 10930 10023 12972 197 50008 3956 634 13354 4272 57404 16246 63231 3291 2773 14047 15137 617 235 121 584 1922 25175 9304 106 14025 24565 11120 3149 351 334 2840 6443 82119 68055 5749 4807 3917 37592 4355 7399 1018 4558 400 28146 25667 346 6178 161 218 13711 5773 611 1573 4428 25205 3802 1617 71 6052 8021 8671 20982 141 291 7952 1868 16002 4688 1169 1988 459 4613 179 813 504 13466 34251 42491 7355 71 13751 11020 743 1383 4078 20606 297 737 196 92843 1059 54833 2514 10994 1024 590 570 65 1131 8608 39567 3986 8221 793 2817 11861 13698 26370 211 451 1626 189 823 11913 59498 159 16486 1579 1950 1196 1620 11356 505 10197
leaf_count=111884 246 3039 10930 10023 12972 197 50008 3956 634 13354 4272 57404 16246 63231 3291 2773 14047 15137 617 235 121 584 1922 25175 9304 106 14025 24565 11120 3149 351 334 2840 6443 82119 68055 5749 4807 3917 37592 4355 7399 1018 4558 400 28146 25667 346 6178 161 218 13711 5773 611 1573 4428 25205 3802 1617 71 6052 8021 8671 20982 141 291 7952 1868 16002 4688 1169 1988 459 4613 179 813 504 13466 34251 42491 7355 71 13751 11020 743 1383 4078 20606 297 737 196 92843 1059 54833 2514 10994 1024 590 570 65 1131 8608 39567 3986 8221 793 2817 11861 13698 26370 211 451 1626 189 823 11913 59498 159 16486 1579 1950 1196 1620 11356 505 10197
internal_value=0.00863541 0.0242804 0.00607954 0.0357166 0.0204113 0.0114597 0.00475936 0.0215649 0.00569911 0.00977759 0.0310754 0.00521616 0.00606506 0.00309079 0.0095927 0.0146944 0.00911584 0.0246086 0.00557166 0.0119646 0.0106802 0.00548455 0.00617817 0.00334764 -0.00187734 0.0058499 0.0141738 0.0101793 0.0253892 0.0124313 0.011198 0.00160024 0.00501119 0.00244705 0.0071289 0.00312624 0.00376624 0.00173687 -0.0048672 0.00340798 -0.00867976 0.00604457 -0.00511402 -0.0101061 0.00366335 0.0243078 0.0182984 -0.0290407 0.00981363 0.0170534 0.0133851 0.0200046 0.0261998 0.0236554 0.0123598 0.0137421 0.00767833 -0.00559752 0.00266949 0.0150713 0.00599349 0.0258854 0.0161626 0.0192372 -0.00991394 -0.00725143 -0.00939593 0.00436995 0.00566789 0.00873966 0.00502573 0.00493474 0.031 -0.0191462 0.00479921 -0.010629 -0.00348768 0.0219013 0.0138924 0.00984853 -5.09307e-05 0.0118505 0.0100175 -0.000674583 0.00575322 0.00910606 0.00711676 0.00839292 0.00966954 -0.00645882 -0.0158557 0.00489437 0.0153247 0.0078617 0.0114809 -0.00188424 -0.00460425 0.0109862 0.0195063 0.0181668 0.0126203 0.0440578 0.00546108 0.0070499 0.00726052 -0.015685 0.0182978 0.0111911 0.0125699 0.0110403 0.009163 -0.0098097 0.0196102 0.0277833 0.0137289 0.0154006 0.0119172 -0.0114996 0.00863536 0.00662077 0.00266339 0.000102257 0.0127994 -0.00163856 0.0154691 0.037483
internal_weight=1.46815e+06 206166 1.26199e+06 52117 154049 248648 1.01334e+06 139205 643214 68099 33486 575115 410968 164147 14844 104471 144177 72060 44151 4191 100026 369163 278698 90465 29294 61171 101239 67465 67869 63074 14252 47927 19176 32915 230771 370124 258240 94362 19055 75307 15138 43534 10783 5976 1418 56749 67145 592 28256 38165 14243 42260 19017 13244 2184 38800 32604 19990 3332 9093 37715 11060 8742 23922 302 16658 12856 5159 18842 61226 59632 163878 3232 4904 161890 992 7740 28603 38679 47179 70586 59925 28150 28751 4553 3810 31966 25914 21836 1230 933 160898 2228 171139 54111 24198 13204 2184 1594 28549 1715 18631 93561 43553 14399 1297 28484 41805 29944 51597 27032 662 23620 2638 1012 24885 59854 356 116306 34187 17701 14131 3570 12935 2427 14469
internal_count=1468152 206166 1261986 52117 154049 248648 1013338 139205 643214 68099 33486 575115 410968 164147 14844 104471 144177 72060 44151 4191 100026 369163 278698 90465 29294 61171 101239 67465 67869 63074 14252 47927 19176 32915 230771 370124 258240 94362 19055 75307 15138 43534 10783 5976 1418 56749 67145 592 28256 38165 14243 42260 19017 13244 2184 38800 32604 19990 3332 9093 37715 11060 8742 23922 302 16658 12856 5159 18842 61226 59632 163878 3232 4904 161890 992 7740 28603 38679 47179 70586 59925 28150 28751 4553 3810 31966 25914 21836 1230 933 160898 2228 171139 54111 24198 13204 2184 1594 28549 1715 18631 93561 43553 14399 1297 28484 41805 29944 51597 27032 662 23620 2638 1012 24885 59854 356 116306 34187 17701 14131 3570 12935 2427 14469
is_linear=0
shrinkage=0.05


Tree=34
num_leaves=127
num_cat=0
split_feature=3 4 3 25 26 12 15 28 4 31 32 34 25 27 3 25 27 25 31 35 34 12 25 25 25 34 46 30 34 25 13 35 25 32 25 34 25 27 27 25 35 34 28 35 28 30 25 13 32 25 34 26 45 15 26 25 35 30 31 27 25 4 26 28 31 35 15 13 28 13 25 13 13 28 28 21 28 34 26 32 4 28 34 31 31 30 27 32 15 35 26 34 26 25 39 28 15 38 28 24 30 34 4 26 59 23 59 59 14 59 51 46 28 59 35 34 31 15 13 32 32 26 34 30 13 14
split_gain=22061 3418.07 3200.81 965.676 812.117 694.794 629.41 665.151 472.587 420.337 414.052 368.161 622.471 458.503 384.202 587.658 475.202 345.433 345.338 343.268 339.287 311.914 311.75 291.338 281.6 275.702 256.538 249.593 246.526 213.325 238.985 242.209 248.195 292.867 237.483 208.507 207.615 205.631 206.246 193.256 1011.51 254.616 248.803 431.145 266.487 187.74 172.253 192.95 171.213 165.334 174.139 164.709 146.997 145.676 144.59 164.6 142.291 141 140.91 137.953 205.575 136.232 135.969 134.784 134.405 133.983 131.73 130.732 130.435 127.633 187.563 126.236 123.043 121.865 118.171 118.016 116.968 114.196 105.851 190.584 194.419 149.341 150.295 104.846 103.956 102.577 102.362 488.12 115.411 154.916 151.229 148.566 215.906 250.768 100.741 99.7954 98.2239 97.5431 96.9026 96.582 95.1141 94.9784 94.9137 94.8943 94.2156 95.0509 94.1055 92.8764 92.7478 91.1409 89.8173 89.3414 87.158 85.2142 83.897 83.6292 83.3768 125.261 88.2845 103.126 80.9044 80.6202 78.9865 78.3326 78.0664 76.1606
threshold=8.5000000000000018 48.500000000000007 3.5000000000000004 327.50000000000006 13.500000000000002 6.5000000000000009 86.500000000000014 658.50000000000011 111.50000000000001 1.0000000180025095e-35 6724.0000000000009 952.00000000000011 201.50000000000003 2036.5000000000002 1.5000000000000002 112.50000000000001 1716.5000000000002 60.500000000000007 1068.5000000000002 2924.0000000000005 1237.0000000000002 10.500000000000002 3015.5000000000005 839.50000000000011 839.50000000000011 1776.5000000000002 117.50000000000001 0.86991125345230114 1237.0000000000002 21.500000000000004 1.5000000000000002 1954.0000000000002 69.500000000000014 4131.5000000000009 45.500000000000007 727.00000000000011 3015.5000000000005 5595.0000000000009 121.50000000000001 91.500000000000014 1873.5000000000002 1120.0000000000002 148.50000000000003 2413.0000000000005 496.50000000000006 0.26664297282695776 76.500000000000014 2.5000000000000004 8493.5000000000018 8.5000000000000018 1399.5000000000002 4181.0000000000009 9.5000000000000018 162.50000000000003 1483.5000000000002 249.50000000000003 1954.0000000000002 0.26664297282695776 2669.0000000000005 159.50000000000003 52.500000000000007 6.5000000000000009 351.50000000000006 148.50000000000003 579.50000000000011 2924.0000000000005 59.500000000000007 2.5000000000000004 77.500000000000014 1.5000000000000002 286.50000000000006 1.5000000000000002 2.5000000000000004 898.50000000000011 496.50000000000006 67499.996093750015 148.50000000000003 705.50000000000011 1039.5000000000002 3119.5000000000005 2.5000000000000004 516.50000000000011 753.00000000000011 412.00000000000006 1888.0000000000002 0.43456299602985388 686.50000000000011 6555.0000000000009 74.500000000000014 2413.0000000000005 206.50000000000003 1451.5000000000002 206.50000000000003 91.500000000000014 37.500000000000007 878.50000000000011 11.500000000000002 13.500000000000002 96.500000000000014 198019.23437500003 0.10344827547669412 2219.0000000000005 1.5000000000000002 351.50000000000006 4912.5000000000009 0.90910267829895031 4793.5000000000009 4981.5000000000009 3.5000000000000004 4912.5000000000009 0.31126213073730474 196.50000000000003 898.50000000000011 3952.5000000000005 1025.0000000000002 1592.5000000000002 1228.5000000000002 10.500000000000002 1.5000000000000002 4131.5000000000009 8493.5000000000018 884.00000000000011 952.00000000000011 0.68189269304275524 1.5000000000000002 3.5000000000000004
decision_type=2 2 2 2 2 2 2 2 2 2 2 2 2 2 2 2 2 2 2 2 2 2 2 2 2 2 2 2 2 2 2 2 2 2 2 2 2 2 2 2 2 2 2 2 2 2 2 2 2 2 2 2 2 2 2 2 2 2 2 2 2 2 2 2 2 2 2 2 2 2 2 2 2 2 2 2 2 2 2 2 2 2 2 2 2 2 2 2 2 2 2 2 2 2 2 2 2 2 2 2 2 2 2 2 2 2 2 2 2 2 2 2 2 2 2 2 2 2 2 2 2 2 2 2 2 2
left_child=2 5 6 17 -3 18 7 11 21 -9 24 13 14 -1 16 20 59 26 19 36 29 57 48 45 64 54 61 66 108 56 62 32 33 -32 -33 112 67 38 -8 98 41 114 43 -42 53 51 47 76 75 -18 -51 100 101 -44 65 -56 68 -6 -47 60 -13 99 -31 -43 -5 94 83 -2 72 78 -71 -70 116 77 -68 -7 -22 -26 79 80 96 -80 -83 -14 -25 -78 102 -88 89 90 -89 92 -90 -94 -19 106 -15 -50 -40 113 -20 123 -61 -92 105 -69 -37 115 -17 122 -24 -73 -11 -4 -41 -12 117 118 -16 -120 -48 -65 -66 -49 -58 -85
right_child=1 4 3 10 8 22 37 9 -10 35 107 12 27 69 15 28 49 25 23 -21 46 -23 110 84 73 -27 -28 -29 -30 30 31 34 -34 -35 -36 95 -38 -39 39 40 42 63 44 -45 -46 58 120 52 97 50 -52 -53 -54 -55 55 -57 124 -59 -60 86 -62 -63 -64 121 109 -67 74 104 71 70 -72 111 -74 -75 -76 -77 85 -79 81 -81 -82 82 -84 125 -86 -87 87 88 91 -91 103 -93 93 -95 -96 -97 -98 -99 -100 -101 -102 -103 -104 -105 -106 -107 -108 -109 -110 -111 -112 -113 -114 -115 -116 -117 -118 -119 119 -121 -122 -123 -124 -125 -126 -127
leaf_value=0 0.0025869149013042604 -0.00018362046162691744 -0.0011358623576683761 0.0021999869284441975 0.021644377978327824 0.011211849221067317 0 -0.0011257565569642561 0.07178118073456341 0.0053705984509795582 0.013321065538975241 0 -0.009225215526901618 0 -8.3161271124237307e-06 0.00544765872312831 -0.00084693007254209242 0.0051515339491479328 -0.00066561120768681347 -0.0034871692815564635 0 0.030419101495786485 0.042082294315519866 0.01890730721627424 0.0074478949499140641 0.013600381617852264 -0.002251851712003523 0.024486041822569922 0.0064662461243246323 7.5560968618409454e-05 0 0.00014704669000218458 -0.00049628409409026135 -0.00038994366175287002 -0.00197623317838324 0.0070868679193923263 0.031994057994092516 0 0 0 7.568651370682604e-05 -4.4311710314864795e-06 -0.00049628328374662833 -0.00079257462198694794 0.0084934442761299463 0.013758781187402298 0.005822418945332814 -0.00012385624254546425 0.017764117579826832 -2.8643982484844436e-06 0.0075831078604410773 -0.011263992275103208 -6.9361195602094989e-05 -0.00046505791645233969 -0.02936304604248581 0.00029288053993714868 2.8735400605300495e-07 0.034006815248063184 0.018656255156885661 0 0.015447978447793713 0.0089025054652293496 -0.00026528098376854867 7.0511804315093995e-05 0.0070295089578979401 -0.0038411652492055803 -0.0022499762999482606 4.4480125237467702e-05 -1.7359521857321687e-05 -0.00043812277168516173 0.0066699585945591226 7.5780605911813056e-05 1.0633199774363604e-05 0.020964628836122826 0.0084664424707609903 0.016607318049076027 -0.00055436234179942262 0.014359004044800883 -0.0008153857884961647 -5.2525486960729741e-09 -0.00061061839217466986 -0.00063225729995585996 0.0079839431782821445 0.0072312647746599241 0.024935890250221217 -0.0010501837151521696 0 0 0 0.008559087617620564 -0.0006478302719204297 0 7.4416882326260652e-05 -0.00091788637187169015 0.0086030678269280736 0.020643514324244112 1.0502876603223564e-07 0.022199108278010395 0 0.016574503011717812 0.012621268634669997 0.029401838263082521 0 -0.00061996275456142251 0.030388899381671632 0.011949663814769319 0.018504326225556634 0.030055425109982395 0.0079010364858531617 0.024131225177951909 0.013231641089183434 -0.00019238356435652182 0.026582322861898544 0.012168461164062169 0 0.018088662946429673 0 0 -2.8979519603829837e-06 5.9183018917635083e-05 0.0090008044323334254 3.9676171947482346e-05 0.010186972395272838 0.01432479275894144 -2.6741609165783887e-06 0.0069617848917970133
leaf_weight=91401 1871 270 3449 4869 2721 6070 142081 527 14177 19894 26518 55913 100 1096 60 9038 512 28526 224 266 23500 10089 3343 23477 4415 11423 878 1432 17934 1060 526 627 5545 4900 1433 58101 5084 20887 93851 7995 576 63 9286 207 1493 25938 4313 2154 7621 24786 9690 606 4792 3295 212 4046 88 14732 11265 76345 676 3067 690 1173 19546 165 3076 1657 124 15064 12946 843 291 3692 5440 12327 5922 26636 7059 11902 1469 10490 14369 44145 9189 1427 24344 1986 364 11387 5972 1634 984 396 24032 1315 6246 7240 52586 1147 6550 329 30865 7322 1937 23211 5004 1159 4368 1686 322 110 500 706 41076 10862 1218 1435 57 338 6530 406 31405 421 733 27511
leaf_count=91401 1871 270 3449 4869 2721 6070 142081 527 14177 19894 26518 55913 100 1096 60 9038 512 28526 224 266 23500 10089 3343 23477 4415 11423 878 1432 17934 1060 526 627 5545 4900 1433 58101 5084 20887 93851 7995 576 63 9286 207 1493 25938 4313 2154 7621 24786 9690 606 4792 3295 212 4046 88 14732 11265 76345 676 3067 690 1173 19546 165 3076 1657 124 15064 12946 843 291 3692 5440 12327 5922 26636 7059 11902 1469 10490 14369 44145 9189 1427 24344 1986 364 11387 5972 1634 984 396 24032 1315 6246 7240 52586 1147 6550 329 30865 7322 1937 23211 5004 1159 4368 1686 322 110 500 706 41076 10862 1218 1435 57 338 6530 406 31405 421 733 27511
internal_value=0.00834284 0.0242295 0.00597583 0.0116434 0.0368225 0.0206615 0.00486974 0.00576255 0.037382 0.00989611 0.0142658 0.00518208 0.00595542 0.0032236 0.00504742 0.00243681 0.00608685 0.00722649 0.0186892 0.0144917 -0.000127328 0.033563 0.0266052 0.020538 0.0124472 0.00845264 -0.00184328 0.00988928 0.00812043 -0.00560785 -0.0086932 -0.0110232 -0.0139772 -0.02158 0.00470608 0.0101728 0.0149376 0.00321953 0.00350392 0.00449181 0.0022357 0.00559707 -0.00923767 0.0181905 -0.0107641 0.0179091 0.00210061 0.000534309 0.0250795 0.00067723 0.00109627 0.0106225 -0.00654812 -0.0131344 0.00703119 -0.00183063 0.0030007 0.029516 0.0193544 0.0069543 0.00482946 0.000853736 0.00865379 0.024965 0.0102997 0.00774698 0.00952006 0.0132862 0.00651125 0.000475502 0.00320224 0.0216739 0.00170486 0.0160016 0.00363958 0.0218537 0.00230136 0.01498 -0.000975564 0.00180779 0.00738217 -0.00278196 -0.000959206 0.0102179 0.0241258 -0.00320379 0.00769834 0.00593124 0.00166733 0.000564178 -0.00272544 0.0103742 0.0205235 0.0295595 0.00788832 0.0115677 0.0107047 0.0290722 0.00550199 -0.00399747 0.0128571 -0.0154247 0.00859476 -0.0046483 0.0141781 0.0133502 0.0112835 0.0186186 0.0029908 0.0110349 0.0404477 0.0278512 0.00576613 -0.00754374 0.00494884 0.018186 -0.00120492 0.00536744 0.0282246 0.0368135 0.00766801 0.0278291 0.0106562 -0.0186575 -0.0161308 0.0102894
internal_weight=1.46667e+06 190187 1.27648e+06 208439 41989 148198 1.06804e+06 693069 41719 85341 130788 607728 435686 172042 353982 100806 253176 77651 111275 34026 69466 27542 36923 77249 92249 68404 9247 81704 31340 20078 14781 13031 10971 5426 2060 84814 33760 374975 354088 212007 65570 50713 14857 783 14074 44583 49388 38545 33258 34988 34476 7380 7696 12581 56981 4258 5297 17453 37203 218188 56589 8369 1750 1642 57506 52723 80272 28676 4476 80641 28010 1077 3399 34743 8516 18397 30849 31051 52631 20713 8811 31918 24859 71756 32666 7349 161599 54389 30045 26667 15280 3378 1744 1380 52558 64420 7342 14861 146437 5302 6774 2904 107210 13294 26805 24868 63105 38539 13406 52637 3665 953 20394 4155 49071 37380 3108 1890 455 395 10843 1579 50951 2575 821 71656
internal_count=1466670 190187 1276483 208439 41989 148198 1068044 693069 41719 85341 130788 607728 435686 172042 353982 100806 253176 77651 111275 34026 69466 27542 36923 77249 92249 68404 9247 81704 31340 20078 14781 13031 10971 5426 2060 84814 33760 374975 354088 212007 65570 50713 14857 783 14074 44583 49388 38545 33258 34988 34476 7380 7696 12581 56981 4258 5297 17453 37203 218188 56589 8369 1750 1642 57506 52723 80272 28676 4476 80641 28010 1077 3399 34743 8516 18397 30849 31051 52631 20713 8811 31918 24859 71756 32666 7349 161599 54389 30045 26667 15280 3378 1744 1380 52558 64420 7342 14861 146437 5302 6774 2904 107210 13294 26805 24868 63105 38539 13406 52637 3665 953 20394 4155 49071 37380 3108 1890 455 395 10843 1579 50951 2575 821 71656
is_linear=0
shrinkage=0.05


Tree=35
num_leaves=127
num_cat=0
split_feature=2 4 3 25 3 4 22 28 25 34 34 34 27 25 3 25 27 34 33 25 31 25 14 31 4 31 46 59 15 29 30 30 13 23 31 25 34 34 23 25 34 29 25 35 24 29 28 34 34 14 25 14 21 15 27 31 29 29 24 27 25 27 33 25 15 34 25 59 35 13 25 33 28 33 31 25 29 35 26 25 14 28 31 28 35 30 29 34 26 15 28 25 21 15 35 28 28 31 0 31 25 15 1 31 25 4 37 15 28 4 59 26 21 46 22 28 30 25 31 25 14 27 47 25 23 33
split_gain=20599 3782.84 2971.05 864.261 640.578 567.188 556.542 598.329 485.427 426.773 422.574 357.093 655.955 471.198 376.505 552.478 381.443 369.07 349.641 288.435 325.288 287.793 271.211 265.222 264.787 259.272 225.607 212.78 207.674 198.994 311.749 173.142 167.888 166.227 155.326 158.181 175.555 154.257 149.655 158.158 149.899 145.646 248.26 578.956 567.856 315.098 292.962 221.991 141.673 139.128 138.901 135.106 130.548 124.527 123.428 123.271 123.171 118.991 118.246 116.44 177.353 158.21 508.804 121.327 142.215 194.671 220.689 115.86 113.908 271.59 283.084 157.311 128.44 111.408 110.79 131.832 194.695 110.308 106.38 104.531 104.395 121.009 103.66 101.659 101.022 100.802 129.981 100.478 99.6585 97.7782 97.407 97.3937 96.8182 96.4424 159.037 217.923 107.088 93.6049 92.5799 92.3782 90.0203 89.2033 88.9493 112.578 88.8266 87.2805 87.0922 86.3726 115.682 147.49 85.7264 85.5426 85.5365 83.5951 82.9069 83.3351 81.2744 80.6577 80.5278 80.4426 80.3976 95.4387 80.1501 79.5657 79.2159 78.6668
threshold=4.5000000000000009 44.500000000000007 3.5000000000000004 69.500000000000014 13.500000000000002 93.500000000000014 21635.373046875004 607.50000000000011 839.50000000000011 1326.0000000000002 705.50000000000011 952.00000000000011 2036.5000000000002 201.50000000000003 1.5000000000000002 83.500000000000014 1716.5000000000002 1237.0000000000002 38813.500000000007 3015.5000000000005 1272.5000000000002 249.50000000000003 33.500000000000007 1.0000000180025095e-35 40.500000000000007 943.50000000000011 243.50000000000003 4981.5000000000009 59.500000000000007 214.50000000000003 0.55949327349662792 0.86991125345230114 3.5000000000000004 0.95228004455566417 967.00000000000011 8.5000000000000018 1306.0000000000002 705.50000000000011 0.93553286790847789 839.50000000000011 1451.5000000000002 68.500000000000014 91.500000000000014 1873.5000000000002 32002.862304687504 785.50000000000011 470.50000000000006 1120.0000000000002 952.00000000000011 5.5000000000000009 327.50000000000006 3.5000000000000004 264999.89062500006 162.50000000000003 22738.000000000004 807.00000000000011 798.50000000000011 455.50000000000006 25004.414062500004 159.50000000000003 52.500000000000007 686.50000000000011 20491.000000000004 45.500000000000007 74.500000000000014 1451.5000000000002 91.500000000000014 4147.5000000000009 1954.0000000000002 1.5000000000000002 21.500000000000004 13416.500000000002 77.500000000000014 38813.500000000007 2905.0000000000005 839.50000000000011 922.50000000000011 2413.0000000000005 206.50000000000003 21.500000000000004 2.5000000000000004 516.50000000000011 2905.0000000000005 96.500000000000014 1873.5000000000002 0.26664297282695776 922.50000000000011 1725.5000000000002 1690.5000000000002 98.500000000000014 733.50000000000011 1675.0000000000002 340604.65625000006 74.500000000000014 1873.5000000000002 375.50000000000006 353.50000000000006 1352.5000000000002 1.0000000180025095e-35 993.00000000000011 52.500000000000007 11.500000000000002 9.5000000000000018 485.50000000000006 148.50000000000003 1.5000000000000002 12.500000000000002 74.500000000000014 375.50000000000006 2.5000000000000004 4513.5000000000009 1483.5000000000002 194999.92187500003 196.50000000000003 218999.84375000003 711.50000000000011 0.47697626054286962 91.500000000000014 412.00000000000006 266.50000000000006 3.5000000000000004 295.50000000000006 0.43503487110137945 83.500000000000014 0.97110781073570263 4581.5000000000009
decision_type=2 2 2 2 2 2 2 2 2 2 2 2 2 2 2 2 2 2 2 2 2 2 2 2 2 2 2 2 2 2 2 2 2 2 2 2 2 2 2 2 2 2 2 2 2 2 2 2 2 2 2 2 2 2 2 2 2 2 2 2 2 2 2 2 2 2 2 2 2 2 2 2 2 2 2 2 2 2 2 2 2 2 2 2 2 2 2 2 2 2 2 2 2 2 2 2 2 2 2 2 2 2 2 2 2 2 2 2 2 2 2 2 2 2 2 2 2 2 2 2 2 2 2 2 2 2
left_child=2 4 6 24 27 22 41 11 9 18 23 12 120 14 16 29 59 51 48 20 101 57 85 -9 26 73 49 32 31 -16 68 118 -2 -22 84 -36 93 -14 -34 40 92 -1 83 46 -45 53 47 89 124 112 111 -17 -29 -46 -21 -19 -30 -11 -49 60 -13 105 -63 77 87 66 78 -32 69 79 72 -72 -71 -10 75 76 -35 -64 -66 -31 -39 -82 -23 -43 107 86 -3 -65 -59 -44 -25 97 123 96 95 104 -37 -12 -24 -41 -73 -6 103 -7 -95 -61 -27 108 109 -18 -57 -50 -4 -74 115 -108 -55 122 -15 -42 121 -8 -38 -40 -5 -91
right_child=1 5 3 8 19 102 7 10 25 21 91 13 37 28 15 17 34 55 -20 54 33 82 98 90 -26 106 -28 52 56 30 67 -33 38 74 35 36 117 80 39 99 119 42 43 44 45 -47 -48 58 50 -51 -52 -53 -54 116 -56 110 -58 88 -60 61 -62 62 63 64 65 -67 -68 -69 -70 70 71 100 113 -75 -76 -77 -78 -79 -80 -81 81 -83 -84 -85 -86 -87 -88 -89 -90 125 -92 -93 -94 94 -96 -97 -98 -99 -100 -101 -102 -103 -104 -105 -106 -107 114 -109 -110 -111 -112 -113 -114 -115 -116 -117 -118 -119 -120 -121 -122 -123 -124 -125 -126 -127
leaf_value=0 0.014372274137049008 0.024089177459204025 -0.0010089643313146435 0.0018049095634306679 0.01327412674321482 -0.011469250568334165 0 -0.00079789561356282887 0.011695381128297195 0.013997144675146213 0.006031934911331316 0 -5.2525486960729741e-09 -0.0098330113293194667 0 -0.00053352017231313653 5.4442273069799565e-05 -0.0059954384467773457 -0.0038180003833679158 0.052440714547055615 0.011547154282752926 0.012010360486399519 0.016836829078431738 -0.00038861408746422566 -0.00017443943854557158 0.01066131144438638 -0.0019339975693874831 0.030601746276868371 -0.0021196103764701229 -1.8182348285836247e-06 -0.00080650634027739526 0.025290615607682788 0.0065128197773371256 0.01514520687592601 -0.00080733680236186745 -0.00081064216745490875 -0.0021814801609874698 -4.9899212612693251e-09 -0.0040097133803465778 0.01376231162727949 0.011605676401790201 0 0 0.00012150813471366551 -0.00044350588973626005 0.0080003400655613705 0 -4.2096124799121549e-06 0.0061035494320388463 0.0045309147257425802 0.0096994899021753886 0.0074746388973996776 -0.027663346051915391 -0.00044848060170482953 0.032424280853676719 0.0059862586218145724 0.0084664576511380187 0.0067461586490840837 6.5641107412637125e-05 0 0.013060641133598037 0 0 0 -1.5995799444956981e-06 0 -0.00081878632448866061 0.024055257710712947 0 0 1.6287480000941318e-07 -0.00035887767931973096 7.3076190121282734e-05 -0.0067288659122497711 0.021716492461430044 0.019278181309896437 -0.023287433205665675 -0.00042795438088102824 6.997562008417958e-05 9.7555253604902253e-05 -0.00023707422712073475 0.0066117851864988314 0.017821618737530211 0 -0.0012128415327907051 0.029436223122405836 -0.0055349407148042934 0.020062182738434953 -0.034123464742580545 0 0.0055237573328913662 0.029832501153280483 0.016479469153533367 0.00017909326158283042 -0.00083041084662466508 -0.00059814658904454158 -0.00091560268707186257 0.010259956026180607 0.026682528369767502 0.018116079258121233 -0.00035559417188097612 0.0092991123714531772 0.065097467529911898 0.04981128622842193 0.00025874932921629025 0 0.026374266924025017 -2.5831215448015372e-06 5.1584100499506577e-05 -0.00042828574909622226 0.01366066585216625 -0.0033783351983006807 0.017483336086434948 -0.00041819152899123585 0.012720408988576633 0.021406007322601207 -0.00013675668740673752 0.0073734533471957022 0.0072785665043179348 0.01613479468957776 -0.00070525718440817627 0 -0.0041961467443601451 0.0096368791916961911 0.0058030021340674427 0
leaf_weight=112017 7466 1662 4550 7664 14985 117 34376 756 23062 7017 68674 59153 15736 74 27012 12356 1274 97 391 1236 3864 29761 491 9415 318 2830 667 3278 4529 153 1735 1103 4298 10120 449 6177 1241 32354 370 9968 5427 113533 5493 7042 8113 1406 37790 295 19177 4213 38524 5384 140 3104 5540 23015 2750 17495 1231 81617 706 23790 2887 19222 94 1647 613 135 19951 530 676 1898 586 71 7954 17459 218 2278 1366 683 8314 7563 6863 49681 587 15020 510 4282 95 4310 10698 2241 4084 747 1067 587 9221 20059 10114 13373 2698 2230 14117 3131 233 31490 3267 545 1370 360 2487 1765 1142 110 6040 11830 356 11763 54537 11521 1893 59106 104 18689 24889 27074
leaf_count=112017 7466 1662 4550 7664 14985 117 34376 756 23062 7017 68674 59153 15736 74 27012 12356 1274 97 391 1236 3864 29761 491 9415 318 2830 667 3278 4529 153 1735 1103 4298 10120 449 6177 1241 32354 370 9968 5427 113533 5493 7042 8113 1406 37790 295 19177 4213 38524 5384 140 3104 5540 23015 2750 17495 1231 81617 706 23790 2887 19222 94 1647 613 135 19951 530 676 1898 586 71 7954 17459 218 2278 1366 683 8314 7563 6863 49681 587 15020 510 4282 95 4310 10698 2241 4084 747 1067 587 9221 20059 10114 13373 2698 2230 14117 3131 233 31490 3267 545 1370 360 2487 1765 1142 110 6040 11830 356 11763 54537 11521 1893 59106 104 18689 24889 27074
internal_value=0.00806252 0.023547 0.00579859 0.0112117 0.0195436 0.0361541 0.00472794 0.00555948 0.0119559 0.0105945 0.0089111 0.00492056 0.00290033 0.00567377 0.00498344 0.00236111 0.00596857 0.00660247 0.00844924 0.0232744 0.0221114 0.0138319 0.0317244 0.00249388 -0.0025064 0.0163969 -0.00115351 0.016525 0.00966685 -0.000911477 -0.00377618 0.0107046 0.0159702 0.0246054 0.00116291 -2.99154e-05 0.000394829 -0.00101685 0.0167547 0.0173665 0.0154609 0.00316411 0.00381472 0.0018001 -0.00576617 -0.0119689 0.00378834 0.0068639 0.00864978 0.000741537 0.0101015 0.00105946 0.0287279 -0.0146845 0.0330271 0.0104435 0.00172343 0.00964945 0.0255521 0.00671777 0.00482207 0.00738805 0.00521893 0.00114066 0.00247373 0.0115575 0.0217524 -0.0235255 -0.00242238 -0.00775078 -0.0112025 -0.0162355 0.0104355 0.0126202 0.0256704 0.0241804 0.0197033 -0.00588469 0.0323231 0.0190707 0.00038554 0.00370628 0.0166419 0.00500229 0.0102742 0.0278439 0.0177685 0.00103578 0.00745277 0.00609037 0.00358697 0.0103831 0.0128438 -0.00280583 0.00603432 0.0161732 -0.00431839 0.010123 0.0380143 0.0206393 -0.0195481 0.016372 0.0432445 0.0357732 0.030604 0.00846538 0.0200418 0.0134527 0.0167754 0.0257604 0.0106577 0.00682334 -0.00435604 0.0245583 0.021145 0.0231266 -0.022628 0.00479818 0.0103083 0.0190343 0.0055276 0.0057342 -0.00679875 0.011346 0.00599774 0.00716748
internal_weight=1.46901e+06 187382 1.28163e+06 211631 142220 45162 1.07e+06 698554 200741 153641 111843 586711 159342 427369 364376 99506 264870 43339 92410 63606 56830 61231 27797 20869 10890 47100 10572 78614 62993 56167 29155 55714 75196 39615 35725 31589 31140 63967 67730 63432 40091 371445 259428 96214 20021 12979 76193 38403 92019 9905 59466 17740 3418 11573 6776 25599 7279 24607 1526 229145 59859 169286 56179 32389 27224 3720 2073 1870 27285 7334 6498 5272 1226 23133 35751 27797 10338 5165 1460 836 48231 15877 36624 163214 4136 17192 2172 23504 17590 36877 20113 90974 23143 18032 2634 1567 15398 88733 10605 23341 4596 17215 17365 3248 980 113107 23967 3549 3004 1634 25502 20942 5692 696 21137 15097 3460 13108 54611 16948 95375 93482 1345 19059 32553 31384
internal_count=1469012 187382 1281630 211631 142220 45162 1069999 698554 200741 153641 111843 586711 159342 427369 364376 99506 264870 43339 92410 63606 56830 61231 27797 20869 10890 47100 10572 78614 62993 56167 29155 55714 75196 39615 35725 31589 31140 63967 67730 63432 40091 371445 259428 96214 20021 12979 76193 38403 92019 9905 59466 17740 3418 11573 6776 25599 7279 24607 1526 229145 59859 169286 56179 32389 27224 3720 2073 1870 27285 7334 6498 5272 1226 23133 35751 27797 10338 5165 1460 836 48231 15877 36624 163214 4136 17192 2172 23504 17590 36877 20113 90974 23143 18032 2634 1567 15398 88733 10605 23341 4596 17215 17365 3248 980 113107 23967 3549 3004 1634 25502 20942 5692 696 21137 15097 3460 13108 54611 16948 95375 93482 1345 19059 32553 31384
is_linear=0
shrinkage=0.05


Tree=36
num_leaves=127
num_cat=0
split_feature=7 9 9 25 8 25 15 9 31 59 28 34 38 15 25 31 34 38 14 34 32 27 59 34 25 8 25 27 15 28 31 27 59 32 27 15 25 35 29 29 27 35 32 25 25 13 25 9 32 39 28 13 35 32 46 20 23 20 14 29 34 31 9 26 29 38 31 31 22 26 34 35 26 15 29 27 28 13 25 28 27 25 40 27 39 25 40 38 25 15 46 28 44 25 25 22 9 37 25 25 1 25 26 1 33 34 31 43 21 29 13 14 35 29 25 29 39 28 25 38 21 31 15 13 25 29
split_gain=19140.4 3740.78 2624.92 1012.29 721.683 679.052 930.13 470.547 417.629 366.126 328.746 326.228 288.577 286.179 258.646 334.129 255.575 243.065 232.509 222.541 202.823 201.75 189.244 180.066 238.388 213.76 677.6 560.792 205.498 183.271 203.018 175.099 179.82 175.762 422.147 295.111 323.313 403.738 198.316 173.579 172.454 159.835 255.684 386.295 321.731 789.639 187.565 163.901 157.139 151.111 148.942 162.206 144.364 144.054 141.944 138.891 138.685 137.255 135.886 130.895 216.071 129.674 128.235 126.421 122.307 120.478 119.47 118.832 117.273 190.713 456.891 167.914 116.551 159.937 114.025 110.754 108.576 107.554 252.949 172.058 110.01 106.391 252.354 101.971 108.747 99.8636 99.848 243.332 123.33 99.0008 98.8906 104.626 97.7996 97.2741 96.8255 96.5574 95.2232 94.8181 93.8461 92.7055 92.6299 96.3754 135.9 88.1487 86.5328 86.1945 85.799 85.5273 91.8316 83.9314 83.3531 82.5907 81.3647 79.9175 79.0833 78.6773 78.1998 77.9933 77.7287 77.0369 76.6023 76.4028 160.484 92.5377 76.3914 76.2305
threshold=0.16071429103612903 0.56111112236976635 0.083333335816860213 6.5000000000000009 0.27678571641445165 327.50000000000006 50.500000000000007 1.1388888955116274 412.00000000000006 4981.5000000000009 20.500000000000004 727.00000000000011 11.500000000000002 39.500000000000007 3015.5000000000005 1272.5000000000002 705.50000000000011 13.500000000000002 36.500000000000007 840.00000000000011 6724.0000000000009 4256.5000000000009 4981.5000000000009 1691.5000000000002 83.500000000000014 0.026785715483129028 132.50000000000003 1716.5000000000002 110.50000000000001 516.50000000000011 1028.0000000000002 260.50000000000006 4864.5000000000009 6555.0000000000009 686.50000000000011 74.500000000000014 91.500000000000014 1904.5000000000002 455.50000000000006 886.50000000000011 2036.5000000000002 1954.0000000000002 4131.5000000000009 21.500000000000004 69.500000000000014 1.5000000000000002 83.500000000000014 0.038888890296220786 6555.0000000000009 19.500000000000004 77.500000000000014 1.5000000000000002 2086.5000000000005 8208.0000000000018 58.500000000000007 39041.539062500007 0.93553286790847789 221187.95312500003 3.5000000000000004 831.50000000000011 705.50000000000011 777.50000000000011 0.038888890296220786 435.00000000000006 590.50000000000011 13.500000000000002 1.0000000180025095e-35 1.0000000180025095e-35 33611.158203125007 206.50000000000003 1451.5000000000002 2313.5000000000005 206.50000000000003 28.500000000000004 191.50000000000003 22738.000000000004 733.50000000000011 2.5000000000000004 52.500000000000007 170.50000000000003 579.50000000000011 3015.5000000000005 195.50000000000003 5595.0000000000009 43.500000000000007 1112.5000000000002 25.500000000000004 4.5000000000000009 1005.5000000000001 70.500000000000014 184.50000000000003 898.50000000000011 227.50000000000003 249.50000000000003 132.50000000000003 319005.34375000006 0.061111113056540496 22.500000000000004 60.500000000000007 112.50000000000001 1.0000000180025095e-35 21.500000000000004 206.50000000000003 1.5000000000000002 10650.000000000002 1613.5000000000002 656.50000000000011 4.5000000000000009 96783.972656250015 85.500000000000014 12.500000000000002 1.5000000000000002 2924.0000000000005 886.50000000000011 517.50000000000011 922.50000000000011 37.500000000000007 898.50000000000011 91.500000000000014 13.500000000000002 15302.920898437502 1228.5000000000002 10.500000000000002 1.5000000000000002 3015.5000000000005 922.50000000000011
decision_type=2 2 2 2 2 2 2 2 2 2 2 2 2 2 2 2 2 2 2 2 2 2 2 2 2 2 2 2 2 2 2 2 2 2 2 2 2 2 2 2 2 2 2 2 2 2 2 2 2 2 2 2 2 2 2 2 2 2 2 2 2 2 2 2 2 2 2 2 2 2 2 2 2 2 2 2 2 2 2 2 2 2 2 2 2 2 2 2 2 2 2 2 2 2 2 2 2 2 2 2 2 2 2 2 2 2 2 2 2 2 2 2 2 2 2 2 2 2 2 2 2 2 2 2 2 2
left_child=2 4 5 64 12 10 9 18 19 11 -1 67 20 17 15 103 40 52 81 66 98 76 53 25 57 27 41 31 74 112 -31 -18 33 38 -35 94 63 -38 89 118 -12 42 47 50 45 -45 77 99 90 -34 121 -52 -10 85 -51 -42 -17 72 -46 83 -61 -28 -53 68 -4 86 -5 -7 92 71 -71 -70 -25 -74 -26 -16 -13 79 109 100 -81 82 -3 -8 116 -14 88 -88 -23 -33 -19 104 97 -54 -36 -84 111 -37 -2 -27 101 -43 -103 -6 -92 119 -48 108 -59 -79 -9 -63 -29 -62 -22 -95 -85 -69 -15 125 -83 122 123 -44 -20 -58
right_child=1 7 3 8 14 6 59 110 13 -11 16 21 22 39 75 56 23 48 124 -21 114 65 -24 24 28 26 61 29 -30 30 -32 32 49 34 35 36 37 -39 -40 -41 55 46 43 44 58 -47 106 -49 -50 54 51 62 93 -55 -56 -57 105 107 -60 60 113 96 -64 -65 -66 -67 -68 117 69 70 -72 -73 73 -75 -76 -77 -78 78 -80 80 -82 120 95 84 -86 -87 87 -89 -90 -91 91 -93 -94 115 -96 -97 -98 -99 -100 -101 -102 102 -104 -105 -106 -107 -108 -109 -110 -111 -112 -113 -114 -115 -116 -117 -118 -119 -120 -121 -122 -123 -124 -125 -126 -127
leaf_value=0 -0.0030764169480233822 0.025083653984567134 -0.00082783820294045861 -0.0041831694596984915 0.0073099982805370448 -0.0057139367585398388 0 0.052638332868146613 0.0083851424302877064 0.020604214929221112 0 0.018368624164306336 0.011190825190947351 -0.0017041716021353086 0.053033098764763656 0.010397927346630566 0 0.035019088494205215 0.023205546419488934 -0.0046218979078028952 0.012002987295790203 0.0061720930806637101 0.031364796208551204 0 0.036461111257147898 0 0.001538853224369763 0 -0.001871171295704791 0.00012049926799476874 0.0072455174803754633 0 -0.00063665224510381314 0 -0.00040655666183697685 0 8.6885030205316864e-05 -0.00047375937130590879 0 0.021032112207454847 0 0 -7.9003207568025433e-06 7.7055696451288608e-05 -0.00062231727879526536 -0.00038306469885471793 -0.0059222897791332378 -0.0010054246060789162 0.017062715792872697 7.6891781633912196e-05 -1.8554224728601754e-05 6.8976301803327526e-05 0.0083205700678346765 0.018327674898350698 0 -4.988810866808134e-09 0.015896633590882104 0 0.0084397591464746517 0 0.0062053912450690946 -0.0009005840926760545 -0.00013497390586939218 7.064145197672142e-05 -0.00023305810616362405 0.010312637670384418 0.0073716096635798702 0.004130163628590938 -1.5196009472709131e-06 6.8598103251787921e-05 -0.0012249242212026171 2.1397719044051414e-05 0.022608901886440713 -0.0013408601916823537 0.010048453787225811 0.0324269585086185 -0.00026549923646529416 0.019074710207283043 0.008646897440073964 -0.001101135919629222 -0.000898222548522632 0.01131395346053028 -0.0091085022378141877 0 0 0.016512636554718931 -0.018455574966226785 0.0051539699785885075 0.025000855262749186 0 0.0076784041253169961 0.015889709601113269 -0.0028539281021260719 0.012409729129144243 0.01768128596088548 0.014866829802339256 0.0042743002822247193 3.2545002135078655e-05 0.0093964992082555942 -0.0009594044193629187 0 2.1127069333491496e-05 -0.00053755433676836058 0.013390365944065997 0.012047020357211636 0.020670490976298164 0.0060517267919031701 0 0 -0.00012029727102393033 0.067962869451233157 0.0050708258594485637 -0.0044757425954961936 0.010951294153790854 0.016526230121281661 -0.014237681735152259 0.087705682314929534 0.019736819227823957 0.00042920334617609231 0.018153166964031197 0.042865841533510231 0 0 5.8005573466626837e-05 0.039141861043373673 -0.002705739034003739
leaf_weight=168953 304 7815 427 146 2214 155 5528 4936 43967 5892 32998 6531 17254 612 1068 2337 123823 726 5827 599 19091 54023 2595 36817 560 9512 13868 92095 968 14730 11609 46229 2358 42143 18495 7623 364 3125 41991 1785 10201 4614 48 818 7885 6073 67 3199 14305 2001 118 849 15473 8949 2729 14443 6421 6554 3291 13501 9718 2431 224 497 885 30856 1361 26003 489 1177 616 312 1761 3274 20027 6207 699 410 3252 940 4506 442 679 2616 9503 17645 1005 20775 1235 46095 7511 3207 79 27637 1158 354 16839 944 19007 1591 5710 3397 1221 11719 21472 12194 14296 16922 5737 3601 10580 50365 89 4684 8580 135 280 634 4482 13309 5443 1351 1248 402 2301 342
leaf_count=168953 304 7815 427 146 2214 155 5528 4936 43967 5892 32998 6531 17254 612 1068 2337 123823 726 5827 599 19091 54023 2595 36817 560 9512 13868 92095 968 14730 11609 46229 2358 42143 18495 7623 364 3125 41991 1785 10201 4614 48 818 7885 6073 67 3199 14305 2001 118 849 15473 8949 2729 14443 6421 6554 3291 13501 9718 2431 224 497 885 30856 1361 26003 489 1177 616 312 1761 3274 20027 6207 699 410 3252 940 4506 442 679 2616 9503 17645 1005 20775 1235 46095 7511 3207 79 27637 1158 354 16839 944 19007 1591 5710 3397 1221 11719 21472 12194 14296 16922 5737 3601 10580 50365 89 4684 8580 135 280 634 4482 13309 5443 1351 1248 402 2301 342
internal_value=0.00785975 0.0227748 0.00567443 0.0120161 0.0191944 0.00486629 0.00756305 0.0366975 0.0124161 0.00949268 0.00431201 0.00898556 0.0165068 0.0127455 0.0236932 0.022375 0.00474863 0.0132545 0.0321352 -0.00968378 0.0137434 0.0101421 0.019302 0.00500665 0.00706375 0.00470077 0.00313919 0.00525021 0.0116699 0.00228601 0.00596433 0.00627672 0.00712828 0.00739101 0.00548667 0.00141761 0.00664287 -0.0067195 0.008483 0.0027976 0.00154566 -0.000191992 -0.00260714 -0.00595304 -0.00914065 -0.017638 0.00191233 0.00261116 0.0161442 -0.000704702 0.00762836 0.0226219 0.0116898 0.0185252 0.00444917 -0.00161885 0.0250077 0.00566656 -0.00390073 0.00133962 0.00348151 0.00627576 0.0287438 0.0106155 -0.0317011 0.00960011 0.000560679 0.00401592 0.00952349 0.0188485 0.0279098 -0.00142928 0.00750249 0.000366428 0.0127286 0.0324868 0.0182287 -0.000495279 -0.00572001 0.00136575 -0.00624208 0.0283881 0.02492 -0.00199391 -0.00451202 0.0170734 0.00854246 0.00567468 0.0096727 0.00718713 0.0142421 0.0138302 0.006725 0.0137413 -0.00263037 0.00168909 0.00715508 0.0072364 0.00981016 0.0054845 0.00413898 0.00723508 0.0123417 0.015836 0.0128815 0.0258598 0.00654768 0.00303614 -0.000137905 -0.0141221 0.0434191 0.00819937 0.00123497 0.00774158 0.0164881 0.0155118 0.00396913 0.00427017 -0.00190318 0.0238438 0.033601 0.00176937 0.00883046 0.0344257 0.0389261 0.0194948
internal_weight=1.46809e+06 187613 1.28048e+06 144730 149236 1.13575e+06 193638 38377 143418 147808 942112 141916 93425 141312 55811 48536 773159 134433 22861 2106 46982 115124 46443 715517 92620 622897 162126 460771 21555 118523 26339 342248 218425 211337 77022 34879 15226 3489 134315 6879 57642 78623 36609 22307 18067 6891 42014 14302 47221 7088 4240 1191 87212 43848 4730 24644 34603 71065 11176 45830 27903 83503 1073 11737 1312 107894 1507 26792 11240 2594 1793 801 41852 5035 20587 7275 7230 27651 7263 20388 5446 14733 8848 17927 12399 34899 77038 21780 55258 92324 32916 32190 8646 43245 19653 1033 69635 8567 19311 11103 14942 9232 4618 13933 28983 32266 14363 29213 12291 4011 15516 52796 92184 14402 27671 27772 2896 26637 5094 20072 5885 3049 1698 450 8128 6763
internal_count=1468093 187613 1280480 144730 149236 1135750 193638 38377 143418 147808 942112 141916 93425 141312 55811 48536 773159 134433 22861 2106 46982 115124 46443 715517 92620 622897 162126 460771 21555 118523 26339 342248 218425 211337 77022 34879 15226 3489 134315 6879 57642 78623 36609 22307 18067 6891 42014 14302 47221 7088 4240 1191 87212 43848 4730 24644 34603 71065 11176 45830 27903 83503 1073 11737 1312 107894 1507 26792 11240 2594 1793 801 41852 5035 20587 7275 7230 27651 7263 20388 5446 14733 8848 17927 12399 34899 77038 21780 55258 92324 32916 32190 8646 43245 19653 1033 69635 8567 19311 11103 14942 9232 4618 13933 28983 32266 14363 29213 12291 4011 15516 52796 92184 14402 27671 27772 2896 26637 5094 20072 5885 3049 1698 450 8128 6763
is_linear=0
shrinkage=0.05


Tree=37
num_leaves=127
num_cat=0
split_feature=3 2 3 26 4 12 26 22 28 31 33 38 34 27 38 34 30 12 29 20 28 27 3 26 34 27 29 31 59 32 28 32 30 31 27 26 59 28 31 4 33 33 31 31 26 59 33 33 29 27 35 24 29 28 26 59 31 29 51 24 28 31 26 31 30 34 59 46 28 32 15 42 13 35 26 34 15 29 47 31 22 47 26 59 34 59 59 20 30 26 30 34 15 47 27 51 29 28 34 30 22 59 30 19 31 13 29 29 47 30 24 31 43 51 59 21 59 34 4 43 46 22 47 30 29 26
split_gain=17721.4 3501.59 2153.82 891.114 663.732 592.874 541.577 508.961 479.297 394.71 407.291 357.494 355.111 346.926 310.075 274.286 270.085 268.301 249.764 231.649 297.286 261.928 224.337 465.781 372.559 354.012 249.01 219.037 206.917 192.665 177.278 170.272 206.5 169.41 163.247 162.158 159.929 159.401 157.22 147.392 137.898 137.196 130.534 127.845 127.293 125.47 123.961 123.49 161.303 146.229 385.876 399.059 224.68 196.683 134.501 128.3 152.016 127.719 122.843 122.28 120.126 116.755 114.327 113.786 113.17 117.069 112.514 110.17 109.621 119.606 109.389 108.992 108.444 168.657 176.198 162.121 104.684 100.416 134.617 99.451 98.161 108.425 119.276 97.7692 95.8202 94.2815 93.4728 91.2567 91.0379 90.4191 89.0905 88.7292 87.2486 86.7131 86.0995 84.1895 115.522 90.7552 83.9557 83.2606 114.731 108.952 130.387 83.2305 82.1827 80.0504 79.4074 78.7446 78.5787 78.0254 91.3392 76.6695 109.134 87.5164 76.3224 75.9033 74.8677 74.6065 74.0452 81.0105 97.7239 74.0343 73.3778 72.7008 72.6113 85.5934
threshold=8.5000000000000018 16.500000000000004 3.5000000000000004 1.0000000180025095e-35 85.500000000000014 7.5000000000000009 679.50000000000011 21635.373046875004 658.50000000000011 826.50000000000011 38813.500000000007 13.500000000000002 705.50000000000011 2036.5000000000002 11.500000000000002 1326.0000000000002 0.16023079305887225 10.500000000000002 922.50000000000011 150022.50000000003 516.50000000000011 1716.5000000000002 1.5000000000000002 351.50000000000006 1237.0000000000002 1716.5000000000002 214.50000000000003 538.50000000000011 4912.5000000000009 6555.0000000000009 470.50000000000006 4131.5000000000009 0.55949327349662792 967.00000000000011 207.50000000000003 13015.500000000002 4981.5000000000009 375.50000000000006 1577.5000000000002 159.50000000000003 27332.500000000004 12515.000000000002 1352.5000000000002 2905.0000000000005 13015.500000000002 4042.5000000000005 38813.500000000007 4581.5000000000009 68.500000000000014 1423.5000000000002 1873.5000000000002 32002.862304687504 785.50000000000011 470.50000000000006 435.00000000000006 4864.5000000000009 686.50000000000011 396.50000000000006 0.29411762952804571 269034.40625000006 898.50000000000011 1.0000000180025095e-35 6145.5000000000009 807.00000000000011 0.25588317215442663 1376.5000000000002 4147.5000000000009 553.50000000000011 878.50000000000011 7022.0000000000009 98.500000000000014 31.500000000000004 1.5000000000000002 1954.0000000000002 119.50000000000001 1205.0000000000002 110.50000000000001 897.50000000000011 0.34456291794776922 3277.5000000000005 76895.582031250015 0.84689703583717357 3484.0000000000005 1705.5000000000002 1120.0000000000002 2767.5000000000005 4793.5000000000009 1749902.5625000002 0.10344827547669412 13015.500000000002 0.10344827547669412 858.50000000000011 82.500000000000014 0.50463598966598522 11083.000000000002 0.28958040475845342 765.50000000000011 516.50000000000011 1326.0000000000002 0.32234837114810949 35999.994140625007 4864.5000000000009 0.19621697068214419 647067.50000000012 686.50000000000011 26.500000000000004 615.00000000000011 156.50000000000003 0.25566028058528906 0.43456299602985388 28188.943359375004 967.00000000000011 10.500000000000002 0.34330357611179357 4981.5000000000009 368999.73437500006 4981.5000000000009 727.00000000000011 4.5000000000000009 2.5000000000000004 81.500000000000014 384491.87500000006 0.84689703583717357 0.23494966328144076 543.50000000000011 1586.5000000000002
decision_type=2 2 2 2 2 2 2 2 2 2 2 2 2 2 2 2 2 2 2 2 2 2 2 2 2 2 2 2 2 2 2 2 2 2 2 2 2 2 2 2 2 2 2 2 2 2 2 2 2 2 2 2 2 2 2 2 2 2 2 2 2 2 2 2 2 2 2 2 2 2 2 2 2 2 2 2 2 2 2 2 2 2 2 2 2 2 2 2 2 2 2 2 2 2 2 2 2 2 2 2 2 2 2 2 2 2 2 2 2 2 2 2 2 2 2 2 2 2 2 2 2 2 2 2 2 2
left_child=2 3 7 -2 17 9 16 47 12 10 44 18 13 -9 15 46 -4 45 43 21 22 34 25 26 37 118 116 61 38 30 123 -28 72 -18 -14 40 42 -25 89 105 87 -32 60 88 -5 98 117 -1 -49 107 53 -52 54 55 -53 57 -57 -51 91 -58 -16 92 -20 -26 77 -66 -34 85 69 80 -59 -56 75 74 -74 -33 -55 78 111 124 86 -82 -83 -36 -72 103 -29 -7 -11 -13 -65 -22 -10 -38 -40 97 -97 -78 -3 101 -101 -85 -103 -35 -104 -6 -39 -50 -91 115 -111 -27 -113 -114 -109 -90 -24 -8 119 -21 -121 -80 -112 -23 -17 -126
right_child=1 4 6 5 39 35 14 8 27 11 -12 28 19 -15 36 79 33 -19 62 20 58 29 23 24 63 64 31 68 -30 -31 41 32 66 67 83 -37 93 106 94 -41 -42 -43 -44 -45 -46 -47 -48 48 49 50 51 52 -54 76 71 56 59 70 -60 -61 -62 -63 -64 90 65 -67 -68 -69 -70 -71 84 -73 73 -75 -76 -77 95 -79 121 -81 81 82 -84 99 -86 -87 -88 -89 109 108 -92 -93 -94 -95 -96 96 -98 -99 -100 100 -102 102 104 -105 -106 -107 -108 114 -110 110 122 112 113 -115 -116 -117 -118 -119 -120 120 -122 -123 -124 -125 125 -127
leaf_value=0 -0.00015406456131011179 0.021602910510602369 -0.0014945093182548717 0.0093446250605814466 0.039546861678940393 0.0090466386546039727 0.0026107778319006125 0 -0.0012478192316374894 -0.0044626575643347925 -0.004268194932476827 0.012548840137527629 0 -9.9919190195407011e-09 0.0093646574599964734 0.017857259976175783 -0.0012116830940728019 0.025442076731660903 -0.014871178018681494 0 0.004489823681169164 6.3680604613977171e-05 0 -0.00020554187697652507 -0.0060582947566769352 5.1212349786711506e-10 0 0.0065026517363940724 0.032812030581512282 0.0075338579725408757 0.0024513716704217649 6.4087611819763673e-05 -0.00068371781450180294 0.00096160395881044196 0 0.02759286447527276 0.028523067113623693 0.010686006949718866 0.013763671543203649 0.07701143816156536 0.018176049855620848 0.0074187784667179603 0.013630733311022769 0.016646514643109189 0.022577210331361244 0.042883230643191619 -0.0033861408492338292 0 0 0 7.7378227603455197e-05 5.196111371476866e-05 0.0070279847265400132 7.3448198189320728e-05 -0.00037645115091099131 2.6750710594271501e-05 -0.00070552443903960113 0 0.0082166804334202464 0 0.015865888145977527 0.0039298786579003318 0.0085566316294088517 -0.0013476853839085171 0 0.0065139508197091661 0.022022345745360591 -0.0051528266691099403 0.017695965320255882 0.012730637030771997 0 -0.00039622848944631869 0 -8.7604957717659527e-07 -0.00029065044223401323 0 0 0.040632590076883246 -0.0026772191746582256 0.015278293059121956 0.0049685052516209227 -0.02772082618847559 0.001883110341724617 0 3.4687736045424441e-05 0.0099428665663064686 0.022674778315122879 0.014974720659472342 0.010871147057646158 0.001999782613486423 0.0059282148126779989 0.0048932539464886272 3.6753132196651228e-05 -0.00045744141927072659 0.019409239776817657 -0.00085206076958976331 -0.00084603580619002487 0 0.024455692818466136 0.023323247258640906 0 0.035300032381732911 0.00013270476060273225 0.011874199933711452 -0.00060481963284862239 0.033397929528911428 0.0044056695850957671 0 0.031004320943303344 0.040912588099149626 0.022793527002483497 -0.0007742259343697076 -0.00075440936010444251 0.028866611553304423 0.016357352390935699 0.016592816791271846 0.03193224006530726 0.0069733175447900479 -0.00038608222005047388 0 0 0.018842666756922245 -0.02531803688239348 -4.740425198205859e-09 0.0070356450599004805 0.010672158056308874
leaf_weight=24490 538 5259 1411 16916 6294 2846 6266 20561 376 77 351 24337 52644 19479 38059 3520 2991 8629 586 56836 9844 1717 28333 17935 110 2004 3745 28268 3684 13427 12215 675 1602 9551 38202 2823 2667 2711 5920 8618 10006 11046 19937 10365 4809 4247 203 109607 80594 6273 6963 1588 1446 13376 6666 428 980 4559 12850 229 3115 11593 427 67 28205 7770 131 126 1856 7487 19833 2968 1254 15182 3534 1203 2031 165 1354 5316 31222 268 516 46890 801 11842 1514 7572 34068 369 30660 35252 300 290 14361 764 1731 6528 3687 2212 18484 238 83 1956 877 3343 14809 78748 3640 808 1578 521 3418 234 437 3654 395 68019 2204 69750 6327 229 165 16810 17286 16064
leaf_count=24490 538 5259 1411 16916 6294 2846 6266 20561 376 77 351 24337 52644 19479 38059 3520 2991 8629 586 56836 9844 1717 28333 17935 110 2004 3745 28268 3684 13427 12215 675 1602 9551 38202 2823 2667 2711 5920 8618 10006 11046 19937 10365 4809 4247 203 109607 80594 6273 6963 1588 1446 13376 6666 428 980 4559 12850 229 3115 11593 427 67 28205 7770 131 126 1856 7487 19833 2968 1254 15182 3534 1203 2031 165 1354 5316 31222 268 516 46890 801 11842 1514 7572 34068 369 30660 35252 300 290 14361 764 1731 6528 3687 2212 18484 238 83 1956 877 3343 14809 78748 3640 808 1578 521 3418 234 437 3654 395 68019 2204 69750 6327 229 165 16810 17286 16064
internal_value=0.00759472 0.0218429 0.00547546 0.0183328 0.0349712 0.0185642 0.0101225 0.00456826 0.00536407 0.0172116 0.0111385 0.0185002 0.0048811 0.000328296 0.011123 0.0095882 0.00363542 0.029085 0.0155524 0.0051986 0.00442194 0.00649745 0.00379126 0.00214102 0.00497789 0.00491906 -0.00121392 0.00892079 0.0214151 0.00352884 0.00185448 -0.00463092 -0.00620391 0.00477195 0.00752424 0.0259019 0.0139179 0.00148202 0.0205491 0.0420072 0.0243484 0.00476095 0.0133682 0.0160434 0.012002 0.0245996 0.00776359 0.00307203 0.00331451 0.00404821 0.0022607 -0.0037922 -0.00907753 0.00432612 -0.011468 0.00683758 -0.00680777 0.00754765 0.0077019 -0.0158754 0.0117597 0.00275041 -0.00902675 0.00899712 0.00101811 0.00220972 -0.0228175 0.00619997 0.00998501 0.00966357 0.00913722 -0.0136904 -0.00488578 -0.00596617 -0.0141486 0.00659976 0.000922837 -0.00439048 -0.00521192 0.0128098 0.00894015 0.00701726 -0.0113442 0.00864594 0.010686 0.00645185 0.0110064 0.0203199 0.0147706 0.0181434 0.00917903 0.00647273 -0.0174456 0.0252765 0.0239112 -0.00267729 -0.0107591 -0.000320711 0.0212377 0.00977253 0.0124248 0.00863093 -0.00625574 0.00322801 -0.0144725 0.0377546 0.00487412 0.00491144 0.0251041 0.0148746 0.0233409 -0.00187709 -0.00573794 -0.00268202 0.00603137 0.0143018 0.00203616 0.00787029 0.00618645 0.00633719 0.00740426 -0.0182206 0.0168923 -0.0017944 0.0118875 0.0111662
internal_weight=1.46723e+06 189977 1.27725e+06 149900 40077 149362 208619 1.06863e+06 697594 126115 22076 104039 614194 40040 180742 116674 27877 21822 51728 574154 359309 214845 301363 122346 66292 179017 56054 83400 52311 55215 41788 27326 23581 26466 159630 23247 64068 35455 48627 18255 20424 23261 61111 50715 21725 13193 74488 371040 346550 236943 77164 19631 12668 57533 11222 33103 1637 31466 57946 1209 41174 12269 1013 30837 43900 35975 1733 23475 71131 69275 25193 9634 21848 19970 4788 1878 24430 7925 7760 42186 61788 32006 784 106986 20634 23349 29782 10418 40350 28346 30727 45096 676 2957 20281 11054 2495 8559 8946 68784 20696 48088 1198 11507 960 9637 17520 159779 4009 40273 2551 6177 4173 3652 79185 37722 28728 74285 135117 132913 76077 1583 1743 18527 36870 33350
internal_count=1467230 189977 1277253 149900 40077 149362 208619 1068634 697594 126115 22076 104039 614194 40040 180742 116674 27877 21822 51728 574154 359309 214845 301363 122346 66292 179017 56054 83400 52311 55215 41788 27326 23581 26466 159630 23247 64068 35455 48627 18255 20424 23261 61111 50715 21725 13193 74488 371040 346550 236943 77164 19631 12668 57533 11222 33103 1637 31466 57946 1209 41174 12269 1013 30837 43900 35975 1733 23475 71131 69275 25193 9634 21848 19970 4788 1878 24430 7925 7760 42186 61788 32006 784 106986 20634 23349 29782 10418 40350 28346 30727 45096 676 2957 20281 11054 2495 8559 8946 68784 20696 48088 1198 11507 960 9637 17520 159779 4009 40273 2551 6177 4173 3652 79185 37722 28728 74285 135117 132913 76077 1583 1743 18527 36870 33350
is_linear=0
shrinkage=0.05


Tree=38
num_leaves=127
num_cat=0
split_feature=2 4 4 25 22 25 25 4 31 30 31 38 25 3 27 25 28 31 15 13 34 34 34 51 27 25 31 28 25 33 30 13 25 34 34 34 59 29 34 25 31 29 59 4 14 29 23 37 22 59 23 28 29 23 33 29 25 34 24 29 28 15 13 34 25 38 59 28 22 33 50 25 22 14 33 25 13 51 28 59 47 31 59 15 29 50 59 25 30 38 27 37 22 31 15 46 29 27 47 33 47 39 34 25 33 27 33 31 34 28 26 22 28 26 27 34 30 27 33 34 22 37 28 30 59 59
split_gain=16402.8 3064.72 2770.62 951.313 661.66 613.075 543.193 501.646 476.581 412.957 401.285 346.562 296.848 270.966 724.781 584.344 390.269 327.265 268.157 268.138 260.55 226.609 216.169 212.859 211.718 209.537 202.833 183.569 182.786 178.765 176.943 171.11 175.06 169.015 163.36 211.372 160.089 151.23 150.385 139.715 139.042 133.006 176.358 124.94 136.821 123.86 166.935 126.358 128.773 125.4 122.303 121.711 121.351 118.952 116.35 150.263 189.753 212.368 518.857 253.209 169.938 177.395 111.016 124.117 109.798 253.607 107.613 106.696 101.538 99.8755 99.4768 98.9693 98.791 95.7768 102.529 115.429 123.505 94.9721 94.5873 124.3 192.073 106.056 92.8675 121.854 135.164 104.455 92.6977 91.7216 90.4129 88.5299 88.2253 87.6345 87.1165 86.143 85.4217 85.1676 84.9265 84.7216 81.508 80.848 80.8136 80.5051 80.4027 363.33 150.826 96.3331 91.8632 79.9082 79.6957 121.829 105.013 195.016 118.186 98.55 128.28 92.4981 79.4627 78.921 78.9049 78.3613 78.2171 77.3015 103.414 76.2877 75.536 139.195
threshold=5.5000000000000009 52.500000000000007 7.5000000000000009 6.5000000000000009 24666.662109375004 327.50000000000006 3015.5000000000005 138.50000000000003 1577.5000000000002 0.34869723021984106 412.00000000000006 19.500000000000004 839.50000000000011 1.5000000000000002 1716.5000000000002 69.500000000000014 86.500000000000014 1830.0000000000002 22.500000000000004 23.500000000000004 727.00000000000011 1237.0000000000002 840.00000000000011 0.31126213073730474 181.50000000000003 91.500000000000014 1830.0000000000002 913.50000000000011 148.50000000000003 16756.500000000004 0.26664297282695776 2.5000000000000004 1112.5000000000002 788.50000000000011 935.00000000000011 1691.5000000000002 4042.5000000000005 922.50000000000011 1237.0000000000002 327.50000000000006 2905.0000000000005 660.50000000000011 4042.5000000000005 3.5000000000000004 2.5000000000000004 785.50000000000011 0.96551769971847545 118.50000000000001 76895.582031250015 4793.5000000000009 0.99280533194541942 470.50000000000006 590.50000000000011 0.9758281707763673 4581.5000000000009 68.500000000000014 91.500000000000014 1165.5000000000002 28188.943359375004 765.50000000000011 470.50000000000006 98.500000000000014 1.5000000000000002 1237.0000000000002 3015.5000000000005 74.500000000000014 4147.5000000000009 677.50000000000011 68999.988281250015 38813.500000000007 0.24999999254941943 60.500000000000007 319005.34375000006 3.5000000000000004 10650.000000000002 112.50000000000001 2.5000000000000004 0.49999982118606573 96.500000000000014 4864.5000000000009 0.14186786115169528 686.50000000000011 4864.5000000000009 98.500000000000014 427.50000000000006 0.26383294165134435 4864.5000000000009 60.500000000000007 0.68189269304275524 8.5000000000000018 2036.5000000000002 10.500000000000002 218999.84375000003 1.0000000180025095e-35 162.50000000000003 87.500000000000014 916.50000000000011 4860.5000000000009 0.39341542124748236 27332.500000000004 0.20172388106584552 76.500000000000014 1137.5000000000002 21.500000000000004 13416.500000000002 1028.0000000000002 13416.500000000002 1028.0000000000002 705.50000000000011 555.50000000000011 1039.5000000000002 384491.87500000006 470.50000000000006 884.00000000000011 2036.5000000000002 858.50000000000011 0.18749999254941943 686.50000000000011 21058.000000000004 1896.5000000000002 253025.47656250003 69.500000000000014 746.50000000000011 0.26047860085964208 2767.5000000000005 2640.5000000000005
decision_type=2 2 2 2 2 2 2 2 2 2 2 2 2 2 2 2 2 2 2 2 2 2 2 2 2 2 2 2 2 2 2 2 2 2 2 2 2 2 2 2 2 2 2 2 2 2 2 2 2 2 2 2 2 2 2 2 2 2 2 2 2 2 2 2 2 2 2 2 2 2 2 2 2 2 2 2 2 2 2 2 2 2 2 2 2 2 2 2 2 2 2 2 2 2 2 2 2 2 2 2 2 2 2 2 2 2 2 2 2 2 2 2 2 2 2 2 2 2 2 2 2 2 2 2 2 2
left_child=2 6 4 52 54 13 8 19 31 20 22 18 37 14 24 16 -15 28 29 64 67 108 93 27 71 90 53 -8 69 -12 41 -2 96 -30 43 62 50 40 92 116 -10 98 87 44 -18 46 97 48 49 89 -34 -27 -4 -11 -1 -56 78 60 -59 94 82 95 63 -36 65 -3 119 -7 91 73 -44 -6 -67 74 75 76 -17 -66 -57 -80 -81 -82 83 -58 -85 -84 101 -43 -88 -47 -23 -64 121 -5 123 -62 -33 -22 -20 -41 -35 -26 103 105 -105 106 -70 -52 110 -110 111 112 113 114 -16 -111 -31 -37 -76 -19 -40 -13 -123 -60 125 -55
right_child=1 7 3 10 5 9 23 -9 12 26 11 38 -14 15 21 17 34 66 30 -21 45 25 -24 -25 86 51 -28 -29 33 39 -32 32 36 100 35 117 -38 -39 120 99 -42 42 70 -45 -46 47 -48 -49 -50 -51 107 -53 -54 124 55 56 57 58 59 -61 61 -63 68 -65 77 72 -68 -69 102 -71 -72 -73 -74 -75 118 -77 -78 -79 79 80 81 -83 85 84 -86 -87 88 -89 -90 -91 -92 -93 -94 -95 -96 -97 -98 -99 -100 -101 -102 -103 -104 104 -106 -107 -108 -109 109 115 -112 -113 -114 -115 -116 -117 -118 -119 -120 -121 -122 122 -124 -125 -126 -127
leaf_value=0 0.0067599173167517072 0.023447935473884886 -0.00067171585277260191 -0.0039116200251316929 0 -0.00048455826146260391 0.031425948195560209 0.067513850681892848 0.011777905717640692 0.006738444435354235 0.0074181032978501427 0.010722038598357287 0.018521422577468423 0 0 1.0277093848826254e-05 0 0.0048883085995056648 -0.0012748550349655748 0.026808606322185336 0.01725112273098332 0.013735894509224767 -0.0040164457955664595 0.019256393893177549 0 0.0066205729414008235 0.02143396971513889 0.038418928606573449 -0.00040868433347902562 -0.010137896350727323 0.0094377887556386219 0.010729899739160765 0.0085419634929016948 0.0056497744565565224 5.9761716117769738e-05 -6.3124580995962929e-05 0.023918455117127563 -0.026932732664292858 0.022361472006084116 0.010092118288037683 0.016776318069970153 0.03565776530805443 -0.016269377222825093 -0.00086674572205708809 3.8605245695383168e-05 0.0052866307216854012 0.0076838225392877298 0.015592764618717517 0.0043053650489810139 0.021620444594984616 0.011758204955665531 0.0056906631342200425 -0.00021370197278993723 0.010080369243374529 0 0 0 0.0030837493126472382 -0.00058449738416795744 0.0069553745005506212 2.915894177345698e-05 0 -0.00034926159221753853 -1.0563534666745748e-06 0.040208562526846903 -0.0090059474340259179 0.014506228546865264 0.0037100567431516381 -4.998879233932657e-06 -0.0054568682477148835 0.0097511965051514261 0.0096553171045175145 0.012309824922550228 0.0052180156912282616 -0.00042082656172781944 -0.0005213631948115361 -0.00020370812348084893 0.013978071877014654 0 3.276231870562392e-05 3.5183633442919745e-05 -0.00063646637306273958 -0.00032672671033977149 0 0 3.481325588885578e-05 -3.3468431312577408e-06 0.0056240123141455441 0.022049815154296618 0.010534732046749908 -0.0026678761426561187 0.046205789190814944 0.0090776768146408563 0.0048656047980331412 -0.00035957530593589847 0.0065877992759482808 0.0023981111900837626 -0.0027012755229457596 -0.0045271617587142416 0.013729050239891662 0.0036470045245934283 0 -5.3163876332467617e-05 0 -0.00030412870623249075 -0.00047045478259874902 9.7794166194305164e-05 0.014831656214367618 0 -0.00012549460383695044 -0.00055724205913058227 1.1639997110411021e-07 7.3991183305429378e-05 0.00010152335234932797 -4.2397743724906921e-09 0.0075022341258133372 0.0080637131108271809 0.018657721477725819 0.0067748000684308869 0.011037657145121929 0.012281514746742384 0.017524247411880484 0.020530949317696934 -0.00036650306069032132 0.014359440619809934 -0.027253761272904443
leaf_weight=24801 2527 8199 433 136 87953 8212 4565 10637 18590 9752 33441 7261 20984 30348 1262 2216 3373 27697 875 8276 793 696 655 2257 200197 15082 3496 3835 10738 563 12216 23427 6401 20407 927 5176 4258 205 5029 30706 11039 364 575 1086 678 27520 7590 5038 41912 2294 7635 6229 920 5064 109674 111765 6680 8588 659 1415 8175 14393 1210 1040 7313 701 4746 17878 70 105 276 718 418 10479 12602 2104 394 743 45330 676 202 1390 1045 7582 21084 771 5199 3275 694 9353 895 313 14207 1577 2869 8493 2278 5722 724 18356 35627 6655 12590 710 3338 134 327 8409 51486 3977 4253 532 1290 583 2707 6876 28699 2765 5615 6344 5306 1624 6790 6364 14364 272
leaf_count=24801 2527 8199 433 136 87953 8212 4565 10637 18590 9752 33441 7261 20984 30348 1262 2216 3373 27697 875 8276 793 696 655 2257 200197 15082 3496 3835 10738 563 12216 23427 6401 20407 927 5176 4258 205 5029 30706 11039 364 575 1086 678 27520 7590 5038 41912 2294 7635 6229 920 5064 109674 111765 6680 8588 659 1415 8175 14393 1210 1040 7313 701 4746 17878 70 105 276 718 418 10479 12602 2104 394 743 45330 676 202 1390 1045 7582 21084 771 5199 3275 694 9353 895 313 14207 1577 2869 8493 2278 5722 724 18356 35627 6655 12590 710 3338 134 327 8409 51486 3977 4253 532 1290 583 2707 6876 28699 2765 5615 6344 5306 1624 6790 6364 14364 272
internal_value=0.00742316 0.0229352 0.00562281 0.0115 0.00472702 0.00558053 0.0189803 0.0356227 0.0178959 0.00833853 0.0118273 0.0121116 0.021386 0.00484899 0.00560857 0.0033636 -0.000586642 0.00518389 0.0108572 0.0318359 0.00703808 0.00182172 -0.00861239 0.0297403 0.00681299 0.00616079 0.0133238 0.0334038 0.0036754 0.011776 0.0052469 0.0146672 0.01528 0.00518772 -0.00428742 -0.00576204 0.0181157 0.0181804 0.0161684 0.0130828 0.0184766 -0.00171536 0.0026937 0.00392147 0.00795957 0.00819675 0.00385286 0.00890816 0.00843059 0.0104921 0.0164288 0.0074677 -0.0302601 0.0119718 0.00302939 0.00325935 0.0039421 0.00208011 -0.00246518 -0.00950244 0.00340566 0.000675926 -0.00842704 0.00286971 0.0283062 0.0246075 0.00908408 0.002587 -0.00961609 0.000662239 -0.0177946 0.00476023 0.00227415 0.000815472 -0.000994065 0.00557795 0.012603 0.0325834 0.00497163 0.0068384 -0.00458313 -0.0140663 0.00568711 0.00625373 0.00767091 -0.00533836 0.00766854 0.00748674 0.00148394 0.00978613 -0.0113412 0.00275425 0.0143696 0.000726753 -0.0123326 0.00418734 0.0123339 -0.00201762 -0.0140986 0.0147139 0.00628894 0.00784471 -0.0107137 -0.0163886 -0.0214903 0.0224911 0.0348653 0.0187605 0.000459734 0.00114206 -0.00354236 0.000516936 -0.00212167 -0.00590826 -0.00872868 0.00595636 0.0103477 0.00117049 -0.002695 0.00810036 0.0213684 0.0169406 0.0202036 -0.00936125 0.0142078 0.00912558
internal_weight=1.46836e+06 152697 1.31567e+06 174008 1.14166e+06 759703 116410 36287 105753 159260 172655 170287 50818 600443 397284 203159 64085 139074 130070 25650 126312 95868 2368 10657 301416 22902 32948 8400 100287 111765 18305 54935 52408 66772 33737 28600 26703 29834 40217 78324 29629 6089 4490 5137 4051 100222 14105 86117 81079 39167 22445 21311 1353 29452 381956 357155 247481 88118 19895 11307 68223 31061 20659 1967 17374 9318 38787 26090 18692 33515 851 88671 1119 33410 22931 4714 2610 8056 159363 47598 2268 1592 37162 35346 28666 1816 212745 3639 5893 36873 1591 1523 29882 1713 9892 16668 25705 6515 1599 49062 56034 206852 17169 4579 4048 531 397 16044 72966 62339 10627 6374 5842 4552 3969 10853 29262 7941 18217 34041 10335 15675 8414 7023 19700 5336
internal_count=1468364 152697 1315667 174008 1141659 759703 116410 36287 105753 159260 172655 170287 50818 600443 397284 203159 64085 139074 130070 25650 126312 95868 2368 10657 301416 22902 32948 8400 100287 111765 18305 54935 52408 66772 33737 28600 26703 29834 40217 78324 29629 6089 4490 5137 4051 100222 14105 86117 81079 39167 22445 21311 1353 29452 381956 357155 247481 88118 19895 11307 68223 31061 20659 1967 17374 9318 38787 26090 18692 33515 851 88671 1119 33410 22931 4714 2610 8056 159363 47598 2268 1592 37162 35346 28666 1816 212745 3639 5893 36873 1591 1523 29882 1713 9892 16668 25705 6515 1599 49062 56034 206852 17169 4579 4048 531 397 16044 72966 62339 10627 6374 5842 4552 3969 10853 29262 7941 18217 34041 10335 15675 8414 7023 19700 5336
is_linear=0
shrinkage=0.05


Tree=39
num_leaves=127
num_cat=0
split_feature=2 4 4 25 22 25 4 34 25 31 31 25 30 30 25 3 25 29 33 34 46 13 51 29 31 34 29 25 46 25 31 46 59 47 25 51 33 34 33 25 13 34 4 34 25 59 33 29 31 29 23 37 59 25 34 15 39 37 59 25 25 38 4 29 29 51 59 31 44 25 25 25 59 34 29 14 45 41 22 30 51 33 25 29 34 31 15 45 34 13 29 14 38 23 41 34 37 31 40 40 3 59 47 59 30 25 25 29 25 21 25 25 25 25 25 13 22 30 47 23 30 30 31 47 23 33
split_gain=14930.5 3102.1 2387.93 911.457 683.38 525.687 511.774 499.507 689.451 470.132 381.986 397.799 354.572 304.721 283.83 281.64 481.782 318.454 274.223 249.761 244.24 228.082 220.61 214.694 196.594 186.716 330.889 361.393 189.203 176.792 172.811 165.441 163.85 158.631 154.009 152.581 150.561 147.928 234.122 179.861 269.144 219.159 175.128 144.621 142.318 142.956 139.641 139.404 130.078 128.439 173.105 122.216 118.786 115.214 159.978 223.838 113.408 112.024 116.961 111.092 110.461 246.284 110.184 114.302 108.076 107.278 105.785 159.958 103.488 97.4563 131.558 106.598 96.4209 96.1373 96.0405 95.7397 95.4876 313.274 95.4015 94.7534 176.094 102.502 333.602 219.528 119.393 93.0219 196.826 92.2047 101.394 90.1441 87.9599 87.3136 86.2762 86.1198 85.3979 83.898 82.9245 82.3047 86.4627 81.9537 135.989 120.117 87.8448 81.8248 123.362 123.115 94.5188 109.995 80.3572 79.6548 86.3284 79.5289 78.6583 78.3693 76.7961 152.864 77.3621 75.9012 75.4166 75.3349 74.9143 74.4906 74.4554 74.404 74.3203 74.1523
threshold=5.5000000000000009 52.500000000000007 7.5000000000000009 6.5000000000000009 21635.373046875004 3015.5000000000005 138.50000000000003 705.50000000000011 327.50000000000006 1577.5000000000002 656.50000000000011 839.50000000000011 0.34869723021984106 0.26664297282695776 839.50000000000011 1.5000000000000002 83.500000000000014 590.50000000000011 38813.500000000007 1306.0000000000002 81.500000000000014 24.500000000000004 0.31126213073730474 76.500000000000014 1.0000000180025095e-35 1165.5000000000002 785.50000000000011 91.500000000000014 303.50000000000006 148.50000000000003 1830.0000000000002 81.500000000000014 4912.5000000000009 4.2249991893768319 12.500000000000002 0.33333332836627966 40624.500000000007 1326.0000000000002 13416.500000000002 21.500000000000004 1.5000000000000002 1137.5000000000002 3.5000000000000004 1974.5000000000002 1112.5000000000002 4042.5000000000005 18392.500000000004 396.50000000000006 993.00000000000011 785.50000000000011 0.96551769971847545 122.50000000000001 307.50000000000006 91.500000000000014 1165.5000000000002 98.500000000000014 1.5000000000000002 101.50000000000001 4752.5000000000009 21.500000000000004 3015.5000000000005 74.500000000000014 1.5000000000000002 881.50000000000011 922.50000000000011 0.49999982118606573 4864.5000000000009 686.50000000000011 11.500000000000002 839.50000000000011 122.50000000000001 459.50000000000006 4752.5000000000009 1205.0000000000002 916.50000000000011 3.5000000000000004 184.50000000000003 52.500000000000007 319005.34375000006 0.23494966328144076 0.39999994635581976 13843.500000000002 148.50000000000003 785.50000000000011 880.00000000000011 1228.5000000000002 10.500000000000002 1477.5000000000002 1691.5000000000002 1.5000000000000002 191.50000000000003 1.5000000000000002 1.5000000000000002 0.93553286790847789 1711.0000000000002 2219.0000000000005 2.5000000000000004 1.0000000180025095e-35 138.50000000000003 6.5000000000000009 2.5000000000000004 4864.5000000000009 0.10403138399124147 4042.5000000000005 0.26047860085964208 10.500000000000002 491.50000000000006 699.00000000000011 21.500000000000004 62362.601562500007 1005.5000000000001 60.500000000000007 219.50000000000003 3015.5000000000005 45.500000000000007 2.5000000000000004 68999.988281250015 0.37332476675510412 0.33455875515937811 0.95939502120018016 0.35384212434291845 0.27420888841152197 2043.0000000000002 0.12760529667139056 0.99999985098838817 38813.500000000007
decision_type=2 2 2 2 2 2 2 2 2 2 2 2 2 2 2 2 2 2 2 2 2 2 2 2 2 2 2 2 2 2 2 2 2 2 2 2 2 2 2 2 2 2 2 2 2 2 2 2 2 2 2 2 2 2 2 2 2 2 2 2 2 2 2 2 2 2 2 2 2 2 2 2 2 2 2 2 2 2 2 2 2 2 2 2 2 2 2 2 2 2 2 2 2 2 2 2 2 2 2 2 2 2 2 2 2 2 2 2 2 2 2 2 2 2 2 2 2 2 2 2 2 2 2 2 2 2
left_child=2 5 4 56 20 9 21 24 15 44 18 13 49 35 43 17 33 31 97 29 23 60 51 -1 62 -22 27 87 -29 75 52 34 53 37 -9 103 57 38 42 85 73 68 114 64 111 48 124 -21 -46 50 -10 -7 -14 66 -55 -56 -4 58 -15 -35 61 122 63 112 93 -62 108 -68 -42 70 -26 -72 74 -41 -51 -18 120 -78 -63 80 -19 82 84 -83 -81 86 89 118 -89 -40 -34 -31 -79 -11 109 99 -74 -5 -99 100 -39 102 -102 105 -105 -12 119 -108 -25 -94 -111 -2 -6 -23 115 -17 -117 -33 123 -107 -54 -60 125 -27 -13 -3
right_child=1 6 3 10 7 22 -8 8 12 14 11 46 30 36 -16 16 19 79 -20 47 25 113 -24 32 69 26 -28 28 -30 91 -32 117 90 59 -36 -37 -38 95 39 40 41 -43 -44 -45 45 -47 -48 -49 -50 72 -52 -53 76 54 55 -57 -58 -59 121 -61 65 78 -64 -65 -66 -67 67 -69 -70 -71 71 -73 96 -75 -76 -77 77 92 -80 81 -82 83 -84 -85 -86 -87 -88 88 -90 -91 -92 -93 94 -95 -96 -97 -98 98 -100 -101 101 -103 -104 104 -106 106 107 -109 -110 110 -112 -113 -114 -115 -116 116 -118 -119 -120 -121 -122 -123 -124 -125 -126 -127
leaf_value=0 -0.007171033071912726 0.020374874810747446 -0.00026672185140295452 -0.003815682689456674 0 0.020524481499599779 0.063697415177035283 0 -0.001472119953290212 0.0036893895505820673 0.032677895363575189 0.01043941938862436 -0.0024731401514277219 0.0074761021952566287 0.017592446561851816 0 -0.00039777533185269398 0 -0.0033359040245285426 0.012684233164659636 0 0.021621428869819416 0.017534788380936629 0 0 -1.6272501067539327e-06 0.0084264568392487024 -0.0002979319835275415 -0.0002653278134283815 -0.0016178080029438696 0.020297346695861924 0 0 0 0 0.016629619703686961 0.013032064484134321 0 -7.5053047189624161e-06 0.00010495063828029551 -0.00031647090101374989 -0.00030605829598259645 -0.00077581398109501304 0.017352032903629078 0.008976173687917189 0.022486928214888957 0.016969618913022712 0.0046897122387047716 0.012851554977073677 0.004892013479433111 0.0070466336883145304 0.040981661565587954 0.0034567093149811324 0 0.0054715693239353108 -0.0003934811914449029 -0.00028272163056160748 0.01434959507317078 0.05553786639048619 -0.00025342199948733598 0.037968340539303695 -0.0092339492489667673 -0.00099301516443124432 -0.00015471118120220296 -0.023317534916495915 0.013544222716817012 3.5183633442919745e-05 -0.00060483310450714744 -0.00023975804922771405 0.0069929481026837327 -4.027785653866157e-09 0.0032305864809809349 0.02120371927289913 -1.0563534666745748e-06 0.011060511951664199 0.0060471393961860492 -0.025248785450495539 0.00099494988097103003 0.012172774279926536 0 0.046100606482364137 5.4299290178635247e-05 -4.7649209786380231e-09 0.0067429364364036074 0 0 0 6.7109379377885346e-05 -0.0012147566247620355 5.622386797175333e-05 6.5771298677457161e-05 0.0040756889479211132 0.0086417076678797344 0.012132325426309244 -0.0021446794688789795 0.025060459120627127 0.010162826091206412 0.0036650144098643537 0.01377347303159452 0.015271888583809562 -0.00011757251867676186 0.018417900192929819 0 0.0014269620718987297 -0.018221092421777687 -0.0018433768983280357 -0.024276250814355454 0.010212006046536382 0 0.013729492830664297 0.0236795853572551 0.0091492623299517691 0.00069189452142250096 0.035687198206374206 2.1041328086390972e-05 -0.00077045162264136697 3.4929669679179546e-05 0.013169985042448608 -2.2039981667505571e-06 0.0036767375783155532 0.019127022061788013 0.012811773834085894 0.023712346358045755 0 0.012862971369265548 -0.0099649779025383564
leaf_weight=125602 188 4206 1098 147 312 3102 10510 117030 6915 1383 474 12113 1149 65713 20967 4779 14328 6848 493 7444 46652 4748 2257 88524 19712 475 1829 4002 1096 2243 3505 11862 364 1075 155614 2399 12697 21132 58 965 3312 5399 1911 7066 10833 4515 16722 40490 12842 79559 8041 5234 647 37054 4689 5966 264 5242 312 4071 7575 733 639 154 184 745 164 799 2170 7823 22313 10714 836 352 3125 6550 510 1575 489 5302 302 33799 22553 13110 3077 3607 1913 248 62 516 1564 52307 6693 21221 745 2405 9409 12797 1943 4524 5322 729 5529 2576 816 2655 149 4613 52231 8095 2454 26631 198 2526 2739 72 405 3302 583 8838 3614 6884 4549 1175 14560 35
leaf_count=125602 188 4206 1098 147 312 3102 10510 117030 6915 1383 474 12113 1149 65713 20967 4779 14328 6848 493 7444 46652 4748 2257 88524 19712 475 1829 4002 1096 2243 3505 11862 364 1075 155614 2399 12697 21132 58 965 3312 5399 1911 7066 10833 4515 16722 40490 12842 79559 8041 5234 647 37054 4689 5966 264 5242 312 4071 7575 733 639 154 184 745 164 799 2170 7823 22313 10714 836 352 3125 6550 510 1575 489 5302 302 33799 22553 13110 3077 3607 1913 248 62 516 1564 52307 6693 21221 745 2405 9409 12797 1943 4524 5322 729 5529 2576 816 2655 149 4613 52231 8095 2454 26631 198 2526 2739 72 405 3302 583 8838 3614 6884 4549 1175 14560 35
internal_value=0.00718933 0.0219966 0.005471 0.010936 0.00463994 0.0180252 0.0347987 0.00549289 0.00587038 0.016962 0.0112583 0.0119961 0.00905659 0.0104376 0.0204294 0.00510413 0.00357146 0.00591135 0.00373827 0.00547652 0.00288436 0.0309846 0.0286455 0.00342269 0.00118476 -0.000155821 -0.00655695 -0.0111299 -0.0188099 0.00368291 0.0139664 0.00670549 0.00447699 0.000351373 0.00698821 0.00523066 0.0117283 0.000993454 -0.00177476 -0.00512762 -0.00863208 -0.0112162 0.00441597 0.0172973 0.0137585 0.0162396 0.0160674 0.00829879 0.014684 0.00773735 0.00343639 0.0324006 0.0125341 0.00432934 0.00220388 -0.00319518 -0.0298032 0.0109077 0.0103999 -0.00811197 0.0280107 0.0244699 -0.0180301 -0.00375696 0.0153587 0.0322706 0.00504484 -0.0114682 -0.0182585 0.00159828 0.000825668 -0.00110349 0.00842949 0.0127135 0.00786239 -0.000229666 0.0132759 0.0118321 0.00343262 0.00322204 -0.00228598 0.00372804 0.00149343 0.00520144 0.0100124 0.00188625 0.00932612 0.00426448 0.029813 0.0350026 0.0189798 0.00518047 0.0128409 0.0156695 0.0138235 0.00296271 0.0130057 0.00495362 0.00532527 0.00237793 0.00150541 -0.00284928 -0.00416962 0.00380919 -0.00327084 0.00524505 0.00451212 0.0104355 0.00515786 0.0145397 0.0172474 0.0111504 0.00763576 0.0384783 0.00766657 0.00412759 0.0311151 0.00162192 0.000714254 0.00205732 0.0200758 0.0164527 0.0273939 0.00617841 0.0138209 0.0226227
internal_weight=1.46701e+06 152539 1.31447e+06 173505 1.14096e+06 116423 36116 767883 706018 105830 172143 156763 136872 113368 50821 569146 196347 372799 15380 123362 373079 25606 10593 316957 61865 56122 9470 7641 5098 75428 28987 287808 191355 72985 272644 22520 90848 67839 28198 18292 12198 10881 9906 29854 55009 28190 43395 47934 23675 107885 14956 8336 25482 189427 47709 10655 1362 78151 72909 5146 18332 10012 1303 664 22788 8320 141718 963 5482 60562 52739 33027 92929 1317 82684 20878 24333 20072 1222 84991 7150 77841 30932 46909 8379 6094 2487 2543 310 574 1928 54550 19562 22604 17987 39641 10245 14887 14740 37236 32712 11580 10851 20121 3392 16729 16255 4762 140755 17242 10549 26819 510 7274 7995 5256 477 15164 2233 11493 4261 7196 8790 1650 26673 4241
internal_count=1467006 152539 1314467 173505 1140962 116423 36116 767883 706018 105830 172143 156763 136872 113368 50821 569146 196347 372799 15380 123362 373079 25606 10593 316957 61865 56122 9470 7641 5098 75428 28987 287808 191355 72985 272644 22520 90848 67839 28198 18292 12198 10881 9906 29854 55009 28190 43395 47934 23675 107885 14956 8336 25482 189427 47709 10655 1362 78151 72909 5146 18332 10012 1303 664 22788 8320 141718 963 5482 60562 52739 33027 92929 1317 82684 20878 24333 20072 1222 84991 7150 77841 30932 46909 8379 6094 2487 2543 310 574 1928 54550 19562 22604 17987 39641 10245 14887 14740 37236 32712 11580 10851 20121 3392 16729 16255 4762 140755 17242 10549 26819 510 7274 7995 5256 477 15164 2233 11493 4261 7196 8790 1650 26673 4241
is_linear=0
shrinkage=0.05


Tree=40
num_leaves=127
num_cat=0
split_feature=2 4 4 25 25 22 32 25 34 3 31 25 35 27 3 25 30 32 30 33 31 26 29 14 27 51 25 14 31 29 34 31 25 25 35 14 25 26 25 31 25 25 27 21 29 27 29 31 51 59 34 34 4 32 25 39 27 29 15 31 15 30 26 35 59 29 35 29 29 14 30 26 59 15 4 47 39 25 29 59 39 29 26 26 4 29 15 41 30 59 59 30 27 38 3 27 34 25 22 34 1 26 25 26 27 29 23 25 30 29 29 23 31 25 43 38 15 59 59 25 34 46 59 39 59 51
split_gain=13977 3005.95 2098.97 871.991 681.271 591.149 559.674 439.155 415.35 366.122 340.129 383.335 308.937 331.144 670.769 303.601 294.882 281.091 275.065 259.344 257.289 254.84 230.072 218.315 216.954 207.94 181.726 178.862 177.33 167.736 306.86 165.751 155.36 194.652 214.59 311.411 405.116 167.035 154.282 153.764 152.585 149.963 255.479 218.848 218.436 146.201 137.05 136.458 128.548 127.761 127.633 126.908 125.275 121.3 119.071 116.823 116.739 135.849 126.899 114.134 113.206 114.319 110.523 117.696 108.893 105.144 103.229 295.161 106.459 102.946 98.5104 102.875 101.304 97.1098 97.0346 118.329 95.3538 93.7522 93.277 92.9615 93.1541 91.9898 91.4299 137.668 89.3604 87.8711 130.361 110.435 94.706 87.3408 86.8996 90.6439 91.6801 90.536 84.3542 171.039 167.886 492.966 137.346 126.426 117.032 131.919 126.756 124.049 165.393 107.384 97.9514 96.5418 90.3377 83.5045 83.2601 80.5256 80.4291 80.3167 80.2653 134.867 80.2283 80.1511 96.4902 79.4877 83.1817 77.8105 77.7632 77.1971 76.7874 87.9566
threshold=5.5000000000000009 65.500000000000014 7.5000000000000009 6.5000000000000009 3015.5000000000005 21635.373046875004 7530.0000000000009 327.50000000000006 705.50000000000011 113.50000000000001 656.50000000000011 839.50000000000011 2086.5000000000005 1716.5000000000002 1.5000000000000002 839.50000000000011 0.34869723021984106 4131.5000000000009 0.26664297282695776 38813.500000000007 1.0000000180025095e-35 808.50000000000011 76.500000000000014 2.5000000000000004 260.50000000000006 0.31126213073730474 1112.5000000000002 43.500000000000007 1830.0000000000002 214.50000000000003 1165.5000000000002 993.00000000000011 148.50000000000003 21.500000000000004 1954.0000000000002 1.5000000000000002 69.500000000000014 351.50000000000006 159.50000000000003 656.50000000000011 76.500000000000014 122.50000000000001 2400.5000000000005 70044.109375000015 365.50000000000006 804.00000000000011 922.50000000000011 2669.0000000000005 0.34330357611179357 4864.5000000000009 1725.5000000000002 753.00000000000011 5.5000000000000009 4666.0000000000009 839.50000000000011 1.5000000000000002 4860.5000000000009 785.50000000000011 59.500000000000007 967.00000000000011 66.500000000000014 0.43456299602985388 105.50000000000001 1954.0000000000002 307.50000000000006 922.50000000000011 1873.5000000000002 725.50000000000011 679.50000000000011 29.500000000000004 0.32757042348384863 1690.5000000000002 3334.5000000000005 15.500000000000002 3.5000000000000004 4.2249991893768319 81.500000000000014 76.500000000000014 798.50000000000011 4752.5000000000009 280.50000000000006 881.50000000000011 6145.5000000000009 4181.0000000000009 3.5000000000000004 897.50000000000011 22.500000000000004 93.500000000000014 0.18749999254941943 4042.5000000000005 1108.5000000000002 0.36300858855247503 14650.000000000002 24.500000000000004 2.5000000000000004 686.50000000000011 1974.5000000000002 21.500000000000004 178999.87500000003 2219.0000000000005 1.0000000180025095e-35 93.500000000000014 69.500000000000014 206.50000000000003 207.50000000000003 141.50000000000003 0.8631320893764497 21.500000000000004 0.55949327349662792 897.50000000000011 191.50000000000003 0.98013237118721019 538.50000000000011 393.50000000000006 215.50000000000003 8.5000000000000018 19.500000000000004 2462.5000000000005 1705.5000000000002 45.500000000000007 1237.0000000000002 1950.5000000000002 4042.5000000000005 61.500000000000007 2640.5000000000005 0.34330357611179357
decision_type=2 2 2 2 2 2 2 2 2 2 2 2 2 2 2 2 2 2 2 2 2 2 2 2 2 2 2 2 2 2 2 2 2 2 2 2 2 2 2 2 2 2 2 2 2 2 2 2 2 2 2 2 2 2 2 2 2 2 2 2 2 2 2 2 2 2 2 2 2 2 2 2 2 2 2 2 2 2 2 2 2 2 2 2 2 2 2 2 2 2 2 2 2 2 2 2 2 2 2 2 2 2 2 2 2 2 2 2 2 2 2 2 2 2 2 2 2 2 2 2 2 2 2 2 2 2
left_child=2 4 5 55 6 21 26 12 20 27 19 18 13 14 24 46 54 74 48 -5 -9 22 -1 -15 -7 59 65 122 64 30 -23 89 33 62 35 37 -37 -35 116 40 -14 42 43 44 -41 -43 50 79 82 76 -8 -40 -53 -13 56 -4 -10 58 -58 121 61 -31 -19 -64 -18 112 68 -68 -62 -17 -47 72 -72 -22 75 -16 -26 -77 -54 80 -20 -75 83 85 -38 86 88 -87 -12 111 91 -33 -93 -92 96 98 100 106 99 117 103 -102 107 104 -45 -99 -98 -103 -108 -56 -109 -28 -2 -49 115 -59 -25 118 -96 120 -36 -6 -3 -117 -55 -126
right_child=1 9 3 10 25 7 15 8 16 -11 11 53 39 23 17 69 28 32 47 -21 73 29 -24 38 49 -27 31 -29 -30 60 -32 90 -34 34 119 36 84 -39 51 41 -42 45 -44 94 -46 70 -48 113 -50 -51 -52 52 78 124 109 -57 57 114 -60 -61 66 -63 63 -65 -66 -67 67 -69 -70 -71 71 -73 -74 81 -76 77 -78 -79 -80 -81 -82 -83 -84 -85 -86 87 -88 -89 -90 -91 93 92 -94 -95 95 -97 97 105 -100 -101 101 102 -104 -105 -106 -107 108 110 -110 -111 -112 -113 -114 -115 -116 123 -118 -119 -120 -121 -122 -123 -124 -125 125 -127
leaf_value=0 -0.0016932385090807245 0.024716723640868878 -0.00025338575883280683 0.0046318407789495584 0.021136636351945827 0 0.010435297583544135 -0.00085234461288933585 0.0093233293673409493 0.069887880589630025 -0.010423989031007691 0.010717434224437716 0 0 0 0.017441136511965837 -0.0024383003931973263 0 0.0070918934469241975 -0.0030291889256280936 0.0046202616826036104 0 0 0.0050157203261956889 0 0.019717660922741201 0.001675555444788679 0.027186369738740425 0.019566241064499758 0.0036672995023020686 -0.0001344302188357645 0.011988986011493525 0.013360157217084813 6.4910859395073321e-05 0.00013559367630386945 -0.00030552243436298457 -0.00048565083531052535 -0.00016575304870621442 -0.0017985701090266306 0 -0.0051528210700147025 0.02788696975117835 -0.0025224836042941172 0 4.3802478858829765e-08 0.0043230392379849545 -0.027015028142433419 0.010384550479158523 0.016219380527992402 -7.2264368501639174e-06 0.015211718359012007 0.0043679642113892301 0.004473208913906207 0.012397426394717803 0.0082598755085932455 0.00038800244204086526 0.0034365913768865195 0.0044341220951479464 -0.0028820000920194789 0.036670115214982514 0 0.029175410722752915 7.1336555703412251e-05 -2.3223314253920214e-06 0.011235029010479809 -0.0075738248882189193 -0.00042377882118527379 0.0056064066896776513 0 0.018024999722894685 0.0062534081336992958 -0.031110215955025656 0.015121536139296893 -0.0011675742725003467 -0.00063306889206350735 1.2671099974366799e-05 0 -5.1385469244131278e-07 -0.0017894549378334069 0.012808984804271084 0.014826473743348501 0.0036217958031287303 0.03176818273591462 -0.011147462037598005 0.0081188834808845929 0.019925624972700992 -0.002132191526633563 0.0047024786929433238 0.0051858429787253468 0.019137769889731451 0.014431096706970077 0.021531809933812568 0.00096677929979593902 0.019464884079426082 -0.00011165009026406494 0.0049657107112164763 6.2712384383040485e-05 0.028900302336156859 0.0068896995440229985 0.026914354174195767 0 0 0.0091590086584029933 0.0059137229567734623 0 0.019014155107538441 -0.0011915353032777691 0.015692055622544099 0.028553468076976143 0.011059409325432418 -0.00093271460448576945 0.010237872118002755 0.0092391414459250028 0.015207877621161166 0.0036563141599853968 0.012855531914962415 -0.00068274768005312919 -0.00011178480448435294 -0.0012558153022938397 -0.00063269707229504516 -8.3224709831776548e-07 0.038173178359123663 0.037609887236040709 0.063178881700922368 0.019977583428639468 -0.00037660904990217129
leaf_weight=125999 1005 8864 1079 14857 3535 62984 14651 730 6793 7914 732 17993 773 83155 11707 16381 1144 4981 63162 505 10719 958 186524 7393 99131 2794 2242 5400 3543 12317 526 7602 1423 774 569 5967 4592 496 5735 91436 301 1093 1243 8030 23851 34759 191 11486 1991 3387 13957 32055 4771 15126 7260 252 9948 29695 1449 5105 8771 526 666 170 24532 695 3132 2624 32161 4955 13647 118 5259 7350 2742 760 3603 250 5346 8813 2401 7397 417 853 2393 1026 3518 3142 10753 2446 4670 334 1621 4337 1297 8982 215 1013 2502 671 10713 1207 5020 7352 8676 2939 4493 2988 836 9904 5069 8984 28239 5036 38886 3557 7504 2063 1496 3528 553 1764 5024 268 9913 458
leaf_count=125999 1005 8864 1079 14857 3535 62984 14651 730 6793 7914 732 17993 773 83155 11707 16381 1144 4981 63162 505 10719 958 186524 7393 99131 2794 2242 5400 3543 12317 526 7602 1423 774 569 5967 4592 496 5735 91436 301 1093 1243 8030 23851 34759 191 11486 1991 3387 13957 32055 4771 15126 7260 252 9948 29695 1449 5105 8771 526 666 170 24532 695 3132 2624 32161 4955 13647 118 5259 7350 2742 760 3603 250 5346 8813 2401 7397 417 853 2393 1026 3518 3142 10753 2446 4670 334 1621 4337 1297 8982 215 1013 2502 671 10713 1207 5020 7352 8676 2939 4493 2988 836 9904 5069 8984 28239 5036 38886 3557 7504 2063 1496 3528 553 1764 5024 268 9913 458
internal_value=0.00699288 0.0213109 0.00533001 0.0104536 0.018045 0.00455111 0.0167821 0.00534477 0.00764666 0.0363794 0.0107653 0.0114609 0.00472359 0.00378102 0.0050492 0.0207129 0.00874984 -0.00064095 0.00992936 0.00366454 0.00187795 0.00291964 0.00349669 0.00195051 0.00644803 0.0287916 0.0136123 0.0326624 0.0132052 -3.59747e-05 -0.0166397 0.0162177 -0.00380456 -0.00473063 -0.00719554 -0.0102443 -0.0125613 0.0133808 0.0041756 0.00607879 -0.0127968 0.0061609 0.00550228 0.00564946 0.00702026 0.00846625 0.0173632 0.0111531 0.00497033 0.0078278 0.0176452 0.00555753 0.00650655 0.0154517 0.00754171 -0.0298588 0.00681812 0.00630699 0.00123233 0.0320446 0.00037787 0.00453512 0.00326537 0.0200873 0.0117578 0.0108068 -0.000765613 -0.00703515 0.000115924 0.025234 0.00809818 0.0109911 0.0112818 0.00271714 0.00470241 0.00654198 0.00814282 0.0229631 0.00165512 0.0102398 0.00959145 8.44234e-05 0.00378869 0.00330577 -0.0043872 0.00418051 0.00239584 0.0106032 0.00497558 0.0120388 0.019295 0.0159719 0.0063654 0.0228203 0.00355793 0.00045823 0.00445841 -0.00162646 -0.00484425 -0.00924445 0.00563642 0.00324018 9.41606e-05 0.00812595 0.0105078 0.0118658 -0.0112453 -0.0033727 -0.0125809 0.0113606 -0.0053487 0.0101723 0.0112636 0.0152641 0.00710569 0.00889899 -0.000268173 -0.012056 -0.0175772 0.00212791 0.0137198 0.0268999 0.0296581 0.0177368 0.0176704 0.0209857
internal_weight=1.46761e+06 152710 1.3149e+06 173513 125508 1.14139e+06 112310 767852 163175 27202 172182 156820 604677 356635 210676 50135 136979 41571 113330 15362 26196 373538 312523 145959 169105 13198 62175 19288 29219 61015 1484 32236 26112 24689 18872 14222 12952 1270 62804 248042 1074 246968 192092 190849 115287 54876 28799 90898 22432 106121 28608 47907 42172 43490 107760 1331 90596 83803 11397 10404 59531 12843 5817 836 25676 29939 46688 5756 40932 21336 53783 19024 18906 25466 15459 12717 102734 1010 10117 74376 65563 14747 20441 20024 6985 19171 15003 4168 11485 13672 18564 9557 1955 9007 75562 17011 58551 9496 8029 5527 49055 24997 14284 24058 16706 3952 5544 9264 5329 17164 8057 11226 29244 16522 72406 33520 14897 4856 2793 4650 1122 5299 13888 3825 25497 10371
internal_count=1467613 152710 1314903 173513 125508 1141390 112310 767852 163175 27202 172182 156820 604677 356635 210676 50135 136979 41571 113330 15362 26196 373538 312523 145959 169105 13198 62175 19288 29219 61015 1484 32236 26112 24689 18872 14222 12952 1270 62804 248042 1074 246968 192092 190849 115287 54876 28799 90898 22432 106121 28608 47907 42172 43490 107760 1331 90596 83803 11397 10404 59531 12843 5817 836 25676 29939 46688 5756 40932 21336 53783 19024 18906 25466 15459 12717 102734 1010 10117 74376 65563 14747 20441 20024 6985 19171 15003 4168 11485 13672 18564 9557 1955 9007 75562 17011 58551 9496 8029 5527 49055 24997 14284 24058 16706 3952 5544 9264 5329 17164 8057 11226 29244 16522 72406 33520 14897 4856 2793 4650 1122 5299 13888 3825 25497 10371
is_linear=0
shrinkage=0.05


Tree=41
num_leaves=127
num_cat=0
split_feature=2 4 4 26 12 22 34 28 29 59 4 23 3 26 34 26 4 23 30 29 32 34 28 46 32 26 27 28 32 26 27 28 34 24 12 28 14 33 26 30 30 33 37 26 13 4 28 35 13 26 26 34 59 39 30 30 23 22 46 29 30 59 35 29 28 33 30 51 33 3 30 59 28 44 28 37 4 32 59 39 14 14 28 51 26 33 59 27 32 33 32 32 27 29 34 27 29 17 27 59 37 35 4 35 30 6 28 29 27 30 13 26 22 28 26 29 28 37 22 22 28 40 45 27 35 26
split_gain=13128.5 2540.23 2430.35 740.667 521.831 513.251 392.31 446.568 378.21 338.507 335.857 332.547 321.386 496.745 274.445 261.857 258.378 254.212 227.149 223.588 210.396 209.344 208.447 200.657 196.652 182.909 176.754 170.08 293.658 164.245 159.56 155.379 299.481 150.902 150.28 147.537 139.267 132.772 147.012 132.141 145.579 144.492 130.822 127.277 133.955 175.464 136.879 126.572 175.772 188.42 348.627 125.54 117.605 128.597 114.68 107.369 105.642 102.53 101.868 101.831 100.276 99.6689 98.823 252.09 165.344 95.7512 94.6773 94.806 93.5217 93.4075 92.6682 90.5793 87.4444 87.3044 86.0208 85.2125 84.713 84.4015 84.0101 104.771 86.5361 102.927 82.7939 121.644 82.5724 87.1852 81.9358 81.768 81.7003 131.06 81.2992 81.1772 80.5443 78.9318 399.858 173.024 130.441 124.44 97.8109 81.9721 82.5422 80.6474 78.9451 103.111 78.7983 78.488 98.714 94.8926 95.6175 77.6881 77.6805 125.66 77.8318 77.3713 84.1222 76.5762 76.4309 75.5923 74.7536 74.1078 82.1628 73.8718 71.5518 71.4266 584.13 140.223
threshold=6.5000000000000009 69.500000000000014 7.5000000000000009 23.500000000000004 10.500000000000002 21635.373046875004 705.50000000000011 540.00000000000011 590.50000000000011 4912.5000000000009 190.50000000000003 0.92387348413467418 1.5000000000000002 609.00000000000011 1326.0000000000002 808.50000000000011 17.500000000000004 0.95228004455566417 0.47697626054286962 76.500000000000014 5972.5000000000009 1237.0000000000002 224.50000000000003 81.500000000000014 4131.5000000000009 679.50000000000011 2036.5000000000002 677.50000000000011 1.0000000180025095e-35 13015.500000000002 181.50000000000003 148.50000000000003 1165.5000000000002 39001.750000000007 13.500000000000002 806.50000000000011 3.5000000000000004 13416.500000000002 3850.0000000000005 0.16946976631879809 0.28924794495105749 14672.000000000002 62.500000000000007 351.50000000000006 2.5000000000000004 4.5000000000000009 148.50000000000003 1954.0000000000002 1.5000000000000002 119.50000000000001 351.50000000000006 1451.5000000000002 4042.5000000000005 137.50000000000003 0.28542986512184149 0.86991125345230114 0.92387348413467418 445914.67187500006 231.50000000000003 571.50000000000011 0.43456299602985388 4912.5000000000009 1873.5000000000002 765.50000000000011 470.50000000000006 38813.500000000007 0.43456299602985388 0.19999997317790988 38813.500000000007 17.500000000000004 0.43456299602985388 3952.5000000000005 298.50000000000006 1000.5000000000001 898.50000000000011 422.00000000000006 3.5000000000000004 12499.500000000002 4752.5000000000009 16.500000000000004 4.5000000000000009 1.5000000000000002 316.50000000000006 0.39999994635581976 1690.5000000000002 12515.000000000002 4793.5000000000009 18488.500000000004 7022.0000000000009 38813.500000000007 1.0000000180025095e-35 12499.500000000002 579.50000000000011 345.50000000000006 1237.0000000000002 686.50000000000011 365.50000000000006 0.61224380135536205 1716.5000000000002 4864.5000000000009 6.5000000000000009 2086.5000000000005 1.5000000000000002 1822.5000000000002 0.30066524446010595 1.0000000180025095e-35 86.500000000000014 191.50000000000003 686.50000000000011 0.40163776278495794 2.5000000000000004 318.50000000000006 68999.988281250015 516.50000000000011 1951.0000000000002 214.50000000000003 189.50000000000003 11.500000000000002 68999.988281250015 132569.34375000003 913.50000000000011 8.5000000000000018 294.50000000000006 1303.0000000000002 1873.5000000000002 470.50000000000006
decision_type=2 2 2 2 2 2 2 2 2 2 2 2 2 2 2 2 2 2 2 2 2 2 2 2 2 2 2 2 2 2 2 2 2 2 2 2 2 2 2 2 2 2 2 2 2 2 2 2 2 2 2 2 2 2 2 2 2 2 2 2 2 2 2 2 2 2 2 2 2 2 2 2 2 2 2 2 2 2 2 2 2 2 2 2 2 2 2 2 2 2 2 2 2 2 2 2 2 2 2 2 2 2 2 2 2 2 2 2 2 2 2 2 2 2 2 2 2 2 2 2 2 2 2 2 2 2
left_child=2 4 5 -4 9 15 26 8 12 17 34 25 23 14 24 19 37 -2 35 -1 29 36 -23 30 76 58 59 -28 -29 68 -8 32 -17 60 104 51 70 87 54 41 71 -27 -6 44 46 56 77 48 -26 -50 61 65 53 -20 -39 -15 -46 66 -5 -7 -33 121 64 -64 -35 78 67 -11 73 -22 113 -41 -25 119 -30 109 110 105 80 -80 81 -9 83 -24 -82 -86 -73 -13 89 -18 -42 -56 116 102 98 96 -96 101 99 -95 -101 -98 103 -32 -3 107 115 -16 -109 -31 -14 112 -112 -10 -115 -107 -48 122 -58 120 -19 -51 -92 -21 -125 -126
right_child=1 10 3 11 42 6 7 18 21 57 -12 16 13 55 43 31 88 20 52 123 69 22 82 72 47 39 27 28 74 75 93 33 -34 62 -36 -37 -38 38 -40 40 90 -43 -44 -45 45 -47 92 -49 49 50 -52 -53 -54 -55 91 -57 118 -59 -60 -61 -62 -63 63 -65 -66 -67 -68 -69 -70 -71 -72 86 -74 -75 -76 -77 -78 -79 79 -81 84 -83 -84 -85 85 -87 -88 -89 -90 -91 117 -93 -94 94 95 -97 97 -99 -100 100 -102 -103 -104 -105 -106 106 -108 108 -110 -111 111 -113 -114 114 -116 -117 -118 -119 -120 -121 -122 -123 -124 124 125 -127
leaf_value=0 0.0061090257190042907 0.021090684490864289 -0.00012824300478656299 -0.00064807863212970954 0.014213483560288466 0 0 0.0037509658937258496 0 0.011165819929550114 0.069048968852323811 0.0053302334158407405 0 0.010119728847760565 0 0 0.010689849285098758 0.0081658983925964046 0.014525446450646623 0 0.01269169634093399 -0.00040655885196091979 -0.00057135393837437736 0 4.0746259427952976e-05 0.0041740975997320183 -9.0789450672458237e-09 -0.00085312566361058309 0.0031334325222563521 0.020654379984749408 0 0 -0.00012773325737998987 0 0.027446012430941438 0.0093158282336550779 0.0029776835921704967 0.0060874758588351958 0.012150556390671509 0.0035563016462015818 -0.0028659909582528283 0.039183322353026073 0.022794282421910596 0.0065488280498963965 -0.0001145095568315214 0.0066066388025016526 -0.00068110771659607157 0 0 -0.00026553829776370318 -0.00036072204888416517 0.0078454348341836146 0.021754916112433621 0.0014230702355945259 0.0081418903882094166 0.022963731832043768 0.021490495538634233 -0.0014104747948589626 -0.0011668179621043412 0 0.0081412780191191299 0.025996791375267361 -0.0004247966076617953 0.0053446224598720062 0 -0.013125435368601258 0.035482783587909142 0.027831272044830282 -0.0067610845366993973 0.014955452026698679 -0.0055079336220920641 -0.011198966811877343 0.0045716768014549608 -0.00088631559762513139 0.018645112114243228 0.039459396081001533 -0.00068246055760981061 0 0.019190823382450817 0.0073159783504890387 0.00033659983452756227 0.0039290657136434037 0.0045203283904227736 0.044745447755970717 0.0021034838868201791 0.0060113798352846278 0.016935050786895185 0.010490101396273866 0.013431585546114911 -0.0024242185934046931 0.0066257765702131466 0.012170105244549768 0.0062305437904019434 0 0 2.0325642967905903e-05 0 0 2.3702125991029294e-10 -0.00054036582466843229 0.010016645611349895 -2.1901239429414882e-09 0 0 0.033139813019800769 0 -0.00095216715951405091 1.6456428288076356e-06 4.7215014124808512e-08 0.011054723681779233 -0.00073192904150929858 -0.0001711933117726198 3.4928499926655034e-05 0.0054269558043027778 0.063726160630985892 4.3802478858829765e-08 -0.0021707606203541056 0.011334499249016878 -0.00011470803079971267 0.011284210909922565 0.018298574515588664 -0.00015921918711033425 -0.0048678174705681088 0 0 -0.00031945461198511671
leaf_weight=126025 7933 3874 803 2341 4293 17554 84651 19583 63629 833 7030 23847 8706 17416 4760 920 17856 12422 3804 144327 22477 1200 5772 10389 2276 583 22618 555 17295 5936 35461 22113 516 8153 4794 14679 18528 24988 17609 6498 106 875 5421 13104 1687 4817 1097 9295 4309 5416 5442 13020 3143 2267 48249 776 592 300 534 3372 1028 253 2917 1491 23797 86 3035 4144 64 22794 1048 1337 6289 1172 694 390 2334 8525 1103 11273 12403 66261 40631 164 7111 14304 417 8278 16292 192 3366 10033 4533 34584 1221 21624 165 614 3255 667 1012 1416 34432 54685 9450 2959 1854 2709 670 1167 92 385 507 6694 305 366 504 11974 4994 8741 432 500 1280 30040 4646 7690
leaf_count=126025 7933 3874 803 2341 4293 17554 84651 19583 63629 833 7030 23847 8706 17416 4760 920 17856 12422 3804 144327 22477 1200 5772 10389 2276 583 22618 555 17295 5936 35461 22113 516 8153 4794 14679 18528 24988 17609 6498 106 875 5421 13104 1687 4817 1097 9295 4309 5416 5442 13020 3143 2267 48249 776 592 300 534 3372 1028 253 2917 1491 23797 86 3035 4144 64 22794 1048 1337 6289 1172 694 390 2334 8525 1103 11273 12403 66261 40631 164 7111 14304 417 8278 16292 192 3366 10033 4533 34584 1221 21624 165 614 3255 667 1012 1416 34432 54685 9450 2959 1854 2709 670 1167 92 385 507 6694 305 366 504 11974 4994 8741 432 500 1280 30040 4646 7690
internal_value=0.00671276 0.0220975 0.00525977 0.0103824 0.0185743 0.00437565 0.00511318 0.00544722 0.00474435 0.0174085 0.0363246 0.0105781 0.0055207 0.00323053 0.00174778 0.00285496 0.0114387 0.0164507 0.0076897 0.00343923 0.0173443 0.00248599 0.00516244 0.0063949 -0.0014082 0.00566492 0.0013021 -0.000599945 0.00294946 0.0141206 0.00671925 -0.000143513 -0.0163951 0.000248659 0.0327239 0.00724955 0.00106863 0.0104402 0.0113318 0.00696756 0.00611316 0.0216 0.0295956 0.0040933 0.00269411 -0.00170346 0.00459465 -0.00374103 -0.00616588 -0.00802413 -0.0113379 0.00676634 0.0153238 0.0112574 0.0104539 0.0107846 -0.00660585 0.0270323 -0.00631108 0.0050437 0.00340498 -0.0194753 -0.00176013 -0.00877816 -0.000791703 0.00630464 0.0281069 0.0238583 0.0120119 0.0195035 6.96885e-05 0.000678009 0.00106997 0.0121818 0.00405496 0.0205449 0.00392503 0.00644803 0.00633904 0.0102613 0.00593333 0.00677734 0.00569275 0.000176042 0.00379072 0.005671 -0.00940368 0.00764029 0.0153056 0.0129872 0.00879434 0.011669 -0.00200437 0.00752683 0.0061076 0.00116393 -0.00929276 -0.0165801 0.00923994 0.00998522 -0.000801024 -0.0239991 0.00826225 0.00904027 0.0299904 0.00893483 0.00412137 0.011997 0.0184058 0.0192937 0.00598497 0.0193019 0.0336254 0.000288766 0.00527854 0.00927641 -0.0116451 0.00907305 -0.003293 0.0129032 0.0104865 -0.0207899 0.00365791 0.00453766 0.00273255 -0.00642788
internal_weight=1.46826e+06 126702 1.34156e+06 197458 101554 1.1441e+06 770439 708351 539314 91840 25148 196655 401343 110878 92686 373663 167344 83528 169037 312728 75595 137971 47767 290465 39515 29311 62088 41162 18544 30324 273787 60935 1436 59499 18118 159823 90204 133004 100879 26436 24978 1458 9714 53171 40067 12090 27977 27491 18196 15920 11611 145144 9214 6071 83270 18192 7273 8312 2875 20926 23141 6169 36358 4408 31950 132124 8012 4977 22831 45271 71676 8252 16678 22767 17989 7493 12024 21843 132038 12376 119662 85844 46567 5936 33818 21415 1754 32125 34340 18048 16726 58282 6134 189136 64558 25040 3416 2195 39518 36263 1679 1581 124578 90146 13324 13318 5179 8139 3379 7103 9690 984 599 70628 6999 3325 1601 16620 5586 21595 12854 5916 4646 186703 42376 12336
internal_count=1468262 126702 1341560 197458 101554 1144102 770439 708351 539314 91840 25148 196655 401343 110878 92686 373663 167344 83528 169037 312728 75595 137971 47767 290465 39515 29311 62088 41162 18544 30324 273787 60935 1436 59499 18118 159823 90204 133004 100879 26436 24978 1458 9714 53171 40067 12090 27977 27491 18196 15920 11611 145144 9214 6071 83270 18192 7273 8312 2875 20926 23141 6169 36358 4408 31950 132124 8012 4977 22831 45271 71676 8252 16678 22767 17989 7493 12024 21843 132038 12376 119662 85844 46567 5936 33818 21415 1754 32125 34340 18048 16726 58282 6134 189136 64558 25040 3416 2195 39518 36263 1679 1581 124578 90146 13324 13318 5179 8139 3379 7103 9690 984 599 70628 6999 3325 1601 16620 5586 21595 12854 5916 4646 186703 42376 12336
is_linear=0
shrinkage=0.05


Tree=42
num_leaves=127
num_cat=0
split_feature=2 4 4 25 15 25 25 32 4 34 31 25 15 33 30 29 25 51 25 25 34 12 26 22 34 32 51 29 3 25 26 26 32 25 29 25 15 34 35 26 29 42 12 15 23 31 51 29 34 13 34 32 34 59 37 14 29 13 31 59 29 26 35 46 59 23 34 33 29 13 25 25 35 26 25 35 35 25 33 13 37 47 26 47 15 30 51 25 33 25 26 37 31 29 39 35 25 29 59 44 46 30 31 22 59 59 29 31 39 29 37 24 34 30 37 3 25 29 35 51 29 30 32 32 30 40
split_gain=12402 2494.51 2147.63 830.938 526.082 515.205 427.625 421.332 393.517 387.856 340.659 361.695 290.966 281.618 269.855 215.544 210.343 193.362 188.046 187.629 408.442 176.694 171.043 168.53 161.816 159.987 155.21 148.857 284.338 463.417 449.628 248.98 179.766 170.332 167.739 161.332 158.458 203.756 146.858 292.736 224.415 140.944 131.791 129.947 127.249 124.487 120.663 115.813 114.951 114.921 167.087 196.675 113.317 110.462 109.782 108.771 108.115 107.359 105.813 103.364 103.27 102.587 101.064 100.728 108.764 99.3499 98.1501 97.8861 95.9423 91.8955 370.221 233.958 298.045 175.454 153.241 99.6089 94.0653 90.1611 89.4693 89.4615 89.3305 88.0113 87.2018 108.576 87.1673 86.7819 86.6831 86.5467 100.739 82.0759 81.538 92.3298 80.496 77.9154 132.3 77.0192 761.736 76.9481 76.5852 75.7333 75.2372 75.2173 74.5984 73.2936 92.4236 181.54 86.5402 74.4211 74.3692 73.848 157.656 100.922 93.2724 72.7787 72.0557 93.0823 120.844 102.141 87.5373 77.2407 73.3652 87.3757 80.6502 75.4634 71.7514 71.4727
threshold=6.5000000000000009 65.500000000000014 7.5000000000000009 8.5000000000000018 10.500000000000002 3015.5000000000005 266.50000000000006 7530.0000000000009 159.50000000000003 705.50000000000011 656.50000000000011 839.50000000000011 162.50000000000003 38813.500000000007 0.26664297282695776 638.50000000000011 839.50000000000011 0.31126213073730474 1675.0000000000002 201.50000000000003 1165.5000000000002 13.500000000000002 609.00000000000011 445914.67187500006 1776.5000000000002 7022.0000000000009 0.33333332836627966 844.50000000000011 1.5000000000000002 76.500000000000014 470.50000000000006 27.500000000000004 7116.5000000000009 8.5000000000000018 590.50000000000011 219.50000000000003 62.500000000000007 1237.0000000000002 1873.5000000000002 984.50000000000011 725.50000000000011 31.500000000000004 9.5000000000000018 110.50000000000001 0.95939502120018016 3468.5000000000005 0.39999994635581976 924.50000000000011 2219.0000000000005 2.5000000000000004 1237.0000000000002 4131.5000000000009 1120.0000000000002 4752.5000000000009 105.50000000000001 3.5000000000000004 590.50000000000011 2.5000000000000004 807.00000000000011 4864.5000000000009 922.50000000000011 1690.5000000000002 2154.0000000000005 81.500000000000014 4864.5000000000009 1.0046781301498415 1529.0000000000002 13843.500000000002 156.50000000000003 1.5000000000000002 21.500000000000004 21.500000000000004 1954.0000000000002 105.50000000000001 45.500000000000007 1954.0000000000002 1954.0000000000002 839.50000000000011 38813.500000000007 18.500000000000004 122.50000000000001 2.9999978542327885 206.50000000000003 1.137960731983185 26.500000000000004 0.27420888841152197 0.1346254497766495 266.50000000000006 12037.500000000002 148.50000000000003 206.50000000000003 34.500000000000007 412.00000000000006 679.50000000000011 7.5000000000000009 1873.5000000000002 91.500000000000014 265.00000000000006 4912.5000000000009 430.50000000000006 1.0000000180025095e-35 0.247039370238781 1.0000000180025095e-35 96991.312500000015 4912.5000000000009 4864.5000000000009 191.50000000000003 711.00000000000011 15.500000000000002 512.50000000000011 22.500000000000004 75002.597656250015 1451.5000000000002 0.24130119383335116 32.500000000000007 1.5000000000000002 83.500000000000014 396.50000000000006 1257.0000000000002 0.99999928474426281 68.500000000000014 0.38379521667957311 4131.5000000000009 13478.000000000002 0.55949327349662792 138.50000000000003
decision_type=2 2 2 2 2 2 2 2 2 2 2 2 2 2 2 2 2 2 2 2 2 2 2 2 2 2 2 2 2 2 2 2 2 2 2 2 2 2 2 2 2 2 2 2 2 2 2 2 2 2 2 2 2 2 2 2 2 2 2 2 2 2 2 2 2 2 2 2 2 2 2 2 2 2 2 2 2 2 2 2 2 2 2 2 2 2 2 2 2 2 2 2 2 2 2 2 2 2 2 2 2 2 2 2 2 2 2 2 2 2 2 2 2 2 2 2 2 2 2 2 2 2 2 2 2 2
left_child=2 5 4 56 6 7 48 44 21 22 13 14 23 102 26 -8 45 42 66 68 93 -3 -6 27 53 65 -12 28 30 49 31 -11 35 -29 63 55 37 87 39 43 41 62 80 89 86 60 67 57 59 50 51 -30 -45 54 -16 -31 -4 -46 -39 99 -9 -61 -40 100 -65 -13 77 101 -14 70 75 73 -73 76 -74 -53 -71 -17 98 -18 -7 113 -52 -84 -25 -55 -2 -32 -89 -38 -86 -92 -57 94 -21 -70 -97 -22 -59 114 -33 -36 -5 104 105 109 -106 -107 -109 -102 112 -112 -111 -51 115 119 120 -118 -119 -1 -117 -122 -123 -124 -88 -104
right_child=1 8 3 10 9 17 15 16 -10 12 11 25 19 -15 24 18 79 -19 -20 20 97 -23 -24 84 -26 -27 -28 33 29 32 36 34 -34 -35 46 -37 38 58 40 -41 -42 -43 -44 52 47 -47 -48 -49 -50 81 82 69 -54 85 -56 92 -58 78 -60 61 -62 -63 -64 64 -66 -67 -68 -69 95 71 -72 72 74 -75 -76 -77 -78 -79 -80 -81 -82 -83 83 -85 90 -87 124 88 -90 -91 91 -93 -94 -95 -96 96 -98 -99 -100 -101 103 -103 125 -105 106 107 -108 108 -110 110 111 -113 -114 -115 -116 116 117 118 -120 -121 121 122 123 -125 -126 -127
leaf_value=0 0.031597374443693614 0.025281553562046689 -0.00066969410632184041 -0.0029874742903564342 0 0.017984655294223384 0.0155671452696592 0.010615341626785447 0.059965425143307563 0 0.0028447889782910935 0.0089719466811728262 0 -0.0032518156565492246 0.0063878177841880553 0.0045730109515597422 0.016044768618272334 0.017399819394047555 0.026242672274488611 -0.00040693825796665978 -0.00012134659451099038 0.024929187771012454 0 0.0014895518211556049 0.011680391258887514 0.016212753541799536 0.01488195853699689 -0.00075607466195151587 0 -0.00040165101449787344 0 0 0.0049730607958262457 0.0045498175792127891 0 0.0036312827015828109 0 -0.0062991745000627822 -0.00044173400669725548 -2.0473588810181264e-06 0.0057829027392070943 -0.00040847608778030577 0.033846049224035273 0 0.009078249696619323 0.015864424458299144 0.040617960586571182 -0.0024218196717461062 0.026711284529149296 -0.00011836824212793961 0 -2.037312971397649e-06 3.4490906739017173e-05 0.052523084840662419 0.013438739117033872 -0.0051301083132477623 -0.00016210424648188841 0.010460616292560065 0.0073372829199399086 0.018026269766485494 -0.026028830395734483 -0.0264721863565004 0.0011508827004639455 0 -2.6576084241606727e-06 0.012406562568341207 0.012754428706167298 0 0 0 5.6627578344936895e-05 -0.0002093324814070912 0.00015268377071633906 6.4520781776321589e-05 -0.0015929997932902806 2.7298630575035467e-07 -2.4966503918906394e-06 0.0099413248045286066 -0.0064779176012757407 0.01673831089990958 0.034715003148648498 -0.00063963883664935103 -0.0005225042532479013 -0.0012621131122632257 0 0.010870873653183268 0.0018363849150476953 0.0024654417122427692 0.0071398671330382248 0 -0.00047066199195102445 0 0.0044302472345117971 0 0 0 -0.00034519915230961482 -0.00063077033985276454 0.02321933206315703 0.03798079664528925 0 0 0.0033789624516000318 0 0 6.544711412350928e-05 0.027379994064996572 -0.00055038293705913675 -0.00061538387531500966 0 0.051136837534564467 0 -2.2039981667505571e-06 -9.2745393518337213e-05 0.0074611212837215951 7.320473480904761e-08 0.011740825982586032 -0.0010493148221854044 0.0025607011285031125 0.0082204856619639225 0 0 -0.00045276839347237587 0.019548389387168429 0.028128962842195262 0.011652940300307802
leaf_weight=39169 479 13515 472 136 38156 2934 7445 16118 8784 97937 21608 21997 99614 547 72274 52017 14669 2587 2229 155 523 4802 54065 12957 15809 12696 2608 435 5174 17938 31919 39690 28189 74287 1693 24854 6567 77 4182 14488 4634 2665 2259 7302 1877 5091 384 869 1829 2220 15661 499 386 343 3691 94 912 36328 16598 5092 166 113 5015 5960 856 17605 4215 7965 20151 2074 745 3282 316 449 295 65 402 11220 56 4635 4504 886 4517 716 2436 9976 4605 5562 6933 6450 7056 8397 8628 2671 3534 8134 2720 933 2581 130 105556 2349 14236 107203 421 119 691 506 610 6842 955 497 1299 6095 8829 1964 4667 1712 27895 1408 14402 1135 4327 738 253 2315
leaf_count=39169 479 13515 472 136 38156 2934 7445 16118 8784 97937 21608 21997 99614 547 72274 52017 14669 2587 2229 155 523 4802 54065 12957 15809 12696 2608 435 5174 17938 31919 39690 28189 74287 1693 24854 6567 77 4182 14488 4634 2665 2259 7302 1877 5091 384 869 1829 2220 15661 499 386 343 3691 94 912 36328 16598 5092 166 113 5015 5960 856 17605 4215 7965 20151 2074 745 3282 316 449 295 65 402 11220 56 4635 4504 886 4517 716 2436 9976 4605 5562 6933 6450 7056 8397 8628 2671 3534 8134 2720 933 2581 130 105556 2349 14236 107203 421 119 691 506 610 6842 955 497 1299 6095 8829 1964 4667 1712 27895 1408 14402 1135 4327 738 253 2315
internal_value=0.00644811 0.0213748 0.00503364 0.00985242 0.004203 0.0177285 0.00660161 0.0163854 0.0348305 0.00372375 0.0101253 0.0107731 0.00405368 0.00341155 0.0093251 0.00947403 0.0201122 0.0273195 0.00860987 0.00195359 -0.00557119 0.0306569 0.000641881 0.0044558 0.0104507 0.01427 0.00457939 0.00461696 0.00436184 0.00221159 0.00489731 0.00571718 0.0044753 0.00672485 0.00646781 0.00271858 0.00212359 0.00384758 8.59949e-05 0.00191074 -0.00380666 -0.00745188 0.0305602 0.0057254 0.013163 0.0166944 0.000778381 0.0140933 0.00464813 -0.00194591 -0.000611052 -0.00499169 0.0108798 0.00959847 0.00893891 1.66916e-05 -0.0287515 0.0144776 0.00856037 0.00444426 0.0145599 0.0113245 -0.00451718 0.00672773 0.000725488 0.0127037 0.00813755 -0.000103689 0.0024039 -0.00984299 0.00228783 -0.0121727 -0.0202011 -0.00148542 0.0118557 -0.0282663 -0.00670207 0.00764496 0.0150403 0.0238962 0.027345 -0.00690624 0.00217741 -0.00341002 0.00083949 0.0144533 0.00589178 0.00207806 0.0056058 0.0026807 -0.00142237 -0.00276288 0.00459694 -0.000101413 0.00460681 0.00483291 0.00143678 -0.0294588 0.0151313 0.00410755 0.00688245 0.00623315 0.0045691 0.00723699 0.00637421 0.00623706 0.0207221 -0.0128289 -0.0168399 0.0064416 0.0106425 0.0258212 0.00793443 -0.00530902 0.00406081 0.00366871 0.00236268 0.00423337 0.00314941 0.00549805 -0.000478372 -0.00135884 -0.00632167 -0.00902154 0.00388938 0.00487249
internal_weight=1.46851e+06 127112 1.3414e+06 197225 1.14417e+06 100011 190536 87727 27101 953634 195841 178607 861413 17234 126309 77126 40679 12284 69681 138435 7816 18317 92221 722978 102093 52298 24216 692132 617410 123099 494311 381533 79703 74722 283596 51514 112778 61089 51689 35193 16496 11862 9697 20705 47048 21375 12391 41711 113410 43396 34195 13301 7688 86284 75965 26660 1384 40842 16675 111581 16284 5205 9197 271205 6816 39602 67452 12007 130619 8127 1309 6818 3893 2925 611 564 2476 63237 38965 19304 7438 9201 20894 5233 30846 10319 5337 44414 12495 13017 17889 15453 8722 6360 3689 31005 10854 1456 38909 106376 264389 4042 16687 224699 117496 116384 1112 1235 1116 115149 9593 1452 8141 8315 106246 97417 56840 34274 29607 40577 22566 20602 6200 5065 4858 16551
internal_count=1468507 127112 1341395 197225 1144170 100011 190536 87727 27101 953634 195841 178607 861413 17234 126309 77126 40679 12284 69681 138435 7816 18317 92221 722978 102093 52298 24216 692132 617410 123099 494311 381533 79703 74722 283596 51514 112778 61089 51689 35193 16496 11862 9697 20705 47048 21375 12391 41711 113410 43396 34195 13301 7688 86284 75965 26660 1384 40842 16675 111581 16284 5205 9197 271205 6816 39602 67452 12007 130619 8127 1309 6818 3893 2925 611 564 2476 63237 38965 19304 7438 9201 20894 5233 30846 10319 5337 44414 12495 13017 17889 15453 8722 6360 3689 31005 10854 1456 38909 106376 264389 4042 16687 224699 117496 116384 1112 1235 1116 115149 9593 1452 8141 8315 106246 97417 56840 34274 29607 40577 22566 20602 6200 5065 4858 16551
is_linear=0
shrinkage=0.05


Tree=43
num_leaves=127
num_cat=0
split_feature=2 25 4 25 34 12 34 25 31 38 23 25 33 28 3 25 46 34 3 29 33 25 31 25 24 21 29 42 29 29 24 25 25 23 24 51 29 21 39 33 32 29 15 51 25 34 46 29 28 29 28 47 43 12 31 31 15 28 34 4 28 46 39 38 29 28 29 51 15 47 23 51 47 29 31 15 34 29 25 34 24 39 34 25 33 51 13 42 42 46 32 34 25 13 28 47 25 13 25 28 47 13 4 28 1 32 25 24 46 25 34 29 31 25 29 25 46 28 25 47 43 29 34 25 31 45
split_gain=11307.5 2530.14 1867.38 827.305 599.342 512.945 436.016 513.921 315.776 322.563 299.432 242.622 239.1 235.631 303.068 543.519 536.577 284.085 221.206 207.444 206.994 218.329 206.022 228.883 200.896 199.931 197.104 185.509 183.545 183.274 165.34 156.758 154.755 132.807 132.664 144.495 131.605 119.755 196.892 117.096 113.102 112.74 118.699 111.168 106.169 102.453 185.464 101.075 100.055 99.2225 96.3736 99.6193 133.632 95.6115 95.0822 93.7416 91.2305 94.6645 95.8239 132.789 114.382 90.1946 89.6533 107.959 87.8292 85.9277 84.1209 84.1001 83.0487 81.3462 79.3137 77.7496 102.026 77.1415 76.5257 76.269 112.084 75.9979 91.2049 150.722 86.4519 124.691 90.359 77.6341 75.7099 75.0512 74.4745 74.4266 74.0871 113.657 71.7134 182.331 265.477 571.695 185.478 111.739 126.843 84.8528 115.393 103 84.486 82.3847 77.3787 75.7271 139.344 92.2076 154.266 108.427 89.9517 75.0158 71.4446 69.0769 68.9335 68.5612 109.563 83.7946 155.791 106.893 92.4929 68.9072 68.4601 68.0982 490.621 110.832 87.3437 84.3219
threshold=6.5000000000000009 3015.5000000000005 7.5000000000000009 6.5000000000000009 1613.5000000000002 9.5000000000000018 705.50000000000011 327.50000000000006 579.50000000000011 25.500000000000004 0.97110781073570263 839.50000000000011 38813.500000000007 17.500000000000004 1.5000000000000002 69.500000000000014 62.500000000000007 1529.0000000000002 87.500000000000014 156.50000000000003 27332.500000000004 327.50000000000006 895.50000000000011 1112.5000000000002 179003.29687500003 15302.920898437502 590.50000000000011 604.00000000000011 104.50000000000001 638.50000000000011 25004.414062500004 1005.5000000000001 148.50000000000003 0.92387348413467418 298020.98437500006 0.49999982118606573 811.50000000000011 89099.964843750015 434.50000000000006 38813.500000000007 6060.0000000000009 679.50000000000011 15.500000000000002 0.2078564986586571 350.50000000000006 1165.5000000000002 303.50000000000006 590.50000000000011 540.00000000000011 765.50000000000011 573.50000000000011 0.20172388106584552 156.50000000000003 8.5000000000000018 2344.0000000000005 1388.0000000000002 59.500000000000007 591.50000000000011 1018.5000000000001 1.0000000180025095e-35 470.50000000000006 243.50000000000003 280.50000000000006 5.5000000000000009 173.50000000000003 898.50000000000011 922.50000000000011 0.39999994635581976 86.500000000000014 0.20172388106584552 0.95228004455566417 0.22230193018913272 1.137960731983185 922.50000000000011 943.50000000000011 110.50000000000001 1165.5000000000002 480.50000000000006 91.500000000000014 1165.5000000000002 32002.862304687504 21.500000000000004 1120.0000000000002 91.500000000000014 38813.500000000007 0.33333332836627966 18.500000000000004 275.50000000000006 12.500000000000002 81.500000000000014 4131.5000000000009 1137.5000000000002 21.500000000000004 1.5000000000000002 77.500000000000014 4.2249991893768319 21.500000000000004 2.5000000000000004 52.500000000000007 148.50000000000003 1.137960731983185 1.5000000000000002 3.5000000000000004 86.500000000000014 1.0000000180025095e-35 12942.500000000002 21.500000000000004 72002.574218750015 20.500000000000004 21.500000000000004 858.50000000000011 345.50000000000006 1.0000000180025095e-35 249.50000000000003 747.50000000000011 732.00000000000011 260.00000000000006 806.50000000000011 1005.5000000000001 0.21009147167205813 4.5000000000000009 345.50000000000006 1237.0000000000002 112.50000000000001 967.00000000000011 30.500000000000004
decision_type=2 2 2 2 2 2 2 2 2 2 2 2 2 2 2 2 2 2 2 2 2 2 2 2 2 2 2 2 2 2 2 2 2 2 2 2 2 2 2 2 2 2 2 2 2 2 2 2 2 2 2 2 2 2 2 2 2 2 2 2 2 2 2 2 2 2 2 2 2 2 2 2 2 2 2 2 2 2 2 2 2 2 2 2 2 2 2 2 2 2 2 2 2 2 2 2 2 2 2 2 2 2 2 2 2 2 2 2 2 2 2 2 2 2 2 2 2 2 2 2 2 2 2 2 2 2
left_child=2 4 6 47 22 18 41 13 12 20 36 66 112 -8 16 19 26 32 34 -16 33 -22 39 70 55 -7 28 37 -15 85 45 54 40 49 35 74 56 38 62 -2 84 -1 44 -29 -43 -18 -47 -4 -38 -10 51 52 -32 -39 -31 -11 -9 58 59 60 -58 90 63 -25 -19 -33 -6 88 121 -34 -24 72 -65 -72 -3 -28 -77 78 -70 -80 81 -79 -82 -84 -17 -12 -13 -60 89 -54 95 92 94 -94 -92 -21 -97 99 -99 103 -101 -96 -98 -93 105 106 -105 -108 -109 -106 -52 -53 -5 -35 -115 117 118 -116 -117 -118 -95 124 -123 125 -30 -124
right_child=1 5 3 8 11 25 7 10 9 24 29 86 -14 14 15 17 30 64 -20 61 21 -23 23 27 -26 -27 75 43 68 31 50 65 69 113 -36 -37 48 53 -40 -41 -42 42 -44 -45 -46 46 -48 -49 -50 -51 110 111 67 -55 -56 -57 57 -59 87 -61 -62 -63 -64 71 -66 -67 -68 -69 77 -71 73 -73 -74 -75 -76 76 -78 80 79 -81 82 -83 83 -85 -86 -87 -88 -89 -90 -91 91 97 93 120 101 96 102 98 -100 100 -102 -103 -104 104 109 -107 107 108 -110 -111 -112 -113 -114 114 115 116 119 -119 -120 -121 -122 122 123 -125 -126 -127
leaf_value=0 0.0081697891484748594 0.028810417417230338 -0.0006284230427004697 -0.0035806789228407243 0.013259056261522063 0.0081033505137622971 0 0.0046347228331317328 -0.0017058580427878813 0.014870704331495628 0.012509391593327658 0.01927299823755323 -0.0031684431339533618 0 0 -0.00012492476418547106 0 0.030436322706285091 0.043986334389836894 0 0.0066423662594242905 0.011379621437462673 0.0029486177406972017 0.034556807901537881 0.0081809856680808753 0.046216029597867615 0 -0.010498699285968605 0 0.004553514477195467 0.041931887491587432 0.011271647760374405 0.0043684896694457494 0.0046089375772769949 0.0065721250904104082 0.010027100291237923 0.079862760740869648 0.013372229640565149 -0.021517458534695069 -0.0085966022284495024 0.0037836680297288457 -0.00079342494684227932 0 0.0086050783156180095 0.0041560444098908801 3.7475275731547826e-05 -0.00011923347010282376 -0.00016249413107522972 0.004252901856623215 0.005890821642129793 0.0049047461330026468 0 0 0.016455718695610022 0.013330277926533808 0.021249188245181228 1.0236794405090633e-07 -0.00085507019007986904 -0.0002455787724460567 -0.0016713283983614759 0 -0.0010292591848289007 0.025528598549889869 0.001585559376672663 0.0061474452864402705 0.025524986187615395 -0.040789918728498707 0.026513361644509948 0 0.0024504732289238442 0.0095520870031052044 0.012395603764807639 0.049748171644406307 -0.0069857776363992071 0.035812616746013083 0 -9.1347491201899093e-06 0 0 -0.00047480839956582992 0 0.047067471950954759 0 -0.0003713190347933647 -0.0044061492251412163 0.017918308444890237 0.018515706559727941 -0.00056186691667537347 0 -2.5247280029526388e-06 0 0 6.1126539945846806e-05 -0.00025102142128823578 -2.2088786302566822e-05 -6.3355499871834003e-07 1.2037544975648459e-05 -0.00044713145596063055 0.0046666589278608122 -0.00044954385300550635 -0.00062270368419582419 6.214927134749103e-05 -0.0007411070223902205 -4.3730857120598496e-07 4.7052858270996492e-05 -0.0011165327204466647 -0.00022685025240949425 3.3600542079767843e-05 1.5788849361583394e-05 -0.00091587367679206867 0.006219949999340846 0 0.0032029127962145913 0.013008767566407387 0.0056597728410810733 0.0099170227270619204 0.028977566510227572 -0.0040069212190219864 0.024100533261155389 0.0056880096641792116 -0.00024478235041441138 0 -2.0806177457944139e-09 0.012581966434597297 0 1.1827112252464743e-05
leaf_weight=47996 13682 5561 422 137 14020 492 132328 9813 4462 10710 5749 7294 543 93251 21609 19753 1778 833 5086 4926 23618 26141 2478 1396 18384 9339 48694 717 29392 68080 235 9995 25788 8926 1509 1175 347 7587 609 88 17570 4113 44609 1357 10442 411 529 933 47559 12012 2702 5597 1714 4184 2805 4057 1297 1732 3148 1441 1657 517 1263 2140 27884 905 105 788 91481 46549 24125 9739 524 468 6358 7683 2041 411 4386 1789 7652 678 3202 1481 98 2674 5539 230 31210 637 966 5313 504 1277 70 81 317 5248 2583 5227 1168 637 41 640 267 1049 390 2114 698 2233 5552 45660 9002 7479 38772 6521 467 1716 2765 19976 2552 34398 6181 3283 102971 12632
leaf_count=47996 13682 5561 422 137 14020 492 132328 9813 4462 10710 5749 7294 543 93251 21609 19753 1778 833 5086 4926 23618 26141 2478 1396 18384 9339 48694 717 29392 68080 235 9995 25788 8926 1509 1175 347 7587 609 88 17570 4113 44609 1357 10442 411 529 933 47559 12012 2702 5597 1714 4184 2805 4057 1297 1732 3148 1441 1657 517 1263 2140 27884 905 105 788 91481 46549 24125 9739 524 468 6358 7683 2041 411 4386 1789 7652 678 3202 1481 98 2674 5539 230 31210 637 966 5313 504 1277 70 81 317 5248 2583 5227 1168 637 41 640 267 1049 390 2114 698 2233 5552 45660 9002 7479 38772 6521 467 1716 2765 19976 2552 34398 6181 3283 102971 12632
internal_value=0.0062345 0.0205041 0.00488513 0.00938092 0.0166145 0.0333263 0.00411093 0.00442467 0.00965054 0.0101088 0.00705571 0.022954 0.000846407 0.00395379 0.00429815 0.00262614 0.00490454 0.00435273 0.0286679 -0.00133045 0.00913901 0.0117877 0.0141854 0.0155202 0.0145801 0.0426549 0.00562868 0.018566 0.00603132 0.00893817 0.0015266 0.00821476 0.00319425 0.00786058 0.0255388 0.0271569 0.00452955 0.0196557 0.0167917 0.00869965 0.000583762 0.00107451 -0.000386129 0.00414397 0.0035345 -0.0106306 -0.0239815 -0.0295513 0.00593442 0.00374497 0.00187783 0.00138156 0.0034552 0.0234681 0.0073562 0.0189235 0.00104539 -0.00244553 -8.94109e-05 0.00477691 0.0108476 -0.00351627 0.0179188 0.0167507 0.00878031 0.0137976 0.0184314 0.0031979 0.00663371 0.00454463 0.0121992 0.0152659 0.00769303 0.0130583 0.0288063 0.00291853 0.00696157 0.00554865 0.00506364 -0.000816991 0.00907659 0.0225829 0.0078836 0.00241186 -0.00200216 0.0159615 0.0279313 -0.00642225 0.00281859 -0.00573987 -0.00323607 -0.00410932 -0.011987 -0.0185191 0.00492798 0.00212391 0.0262924 -0.0023522 -0.00673532 -0.000554738 -0.00573017 0.0243883 0.0390813 0.00205013 0.00532329 0.0102318 0.0138193 0.0182989 0.0217258 -0.00427783 0.00703832 -1.7461e-05 0.00276231 0.00864323 0.00912008 0.00850712 0.0105232 0.00702663 0.0158942 0.00808317 -0.025109 0.00727187 0.00581822 4.2994e-06 0.00789227 -0.00147477
internal_weight=1.46812e+06 126835 1.34128e+06 197043 97315 29520 1.14424e+06 1.03708e+06 195688 186006 157432 26958 9682 879649 747321 198902 548419 138475 19689 60427 152855 49759 70357 56587 33151 9831 451606 29516 393188 90208 96813 81785 109758 103096 14603 13094 67224 27442 15671 13770 37421 107160 59164 2074 14555 2718 940 1355 47906 16474 94095 85841 34584 11771 70885 14767 19318 9505 7773 4395 2954 38818 15062 13799 28717 10900 14125 34349 299937 72337 27071 12403 2664 24593 11919 58418 9724 111080 97656 6175 13424 1089 12335 4683 19851 8423 12833 3378 33561 2351 38301 32936 6006 4333 1673 5365 439 26930 7831 19099 6395 707 358 12704 7391 4891 3842 3202 2812 2500 8254 51257 9139 86622 77696 70217 29729 40488 9286 20443 3829 188857 56494 22096 132363 18813
internal_count=1468119 126835 1341284 197043 97315 29520 1144241 1037081 195688 186006 157432 26958 9682 879649 747321 198902 548419 138475 19689 60427 152855 49759 70357 56587 33151 9831 451606 29516 393188 90208 96813 81785 109758 103096 14603 13094 67224 27442 15671 13770 37421 107160 59164 2074 14555 2718 940 1355 47906 16474 94095 85841 34584 11771 70885 14767 19318 9505 7773 4395 2954 38818 15062 13799 28717 10900 14125 34349 299937 72337 27071 12403 2664 24593 11919 58418 9724 111080 97656 6175 13424 1089 12335 4683 19851 8423 12833 3378 33561 2351 38301 32936 6006 4333 1673 5365 439 26930 7831 19099 6395 707 358 12704 7391 4891 3842 3202 2812 2500 8254 51257 9139 86622 77696 70217 29729 40488 9286 20443 3829 188857 56494 22096 132363 18813
is_linear=0
shrinkage=0.05


Tree=44
num_leaves=127
num_cat=0
split_feature=2 3 4 26 28 3 34 28 34 31 38 30 28 27 3 14 59 42 30 33 35 4 29 27 59 51 20 28 28 34 27 59 30 30 30 12 46 23 34 32 35 27 38 30 4 27 30 38 28 38 29 38 59 29 21 30 59 28 29 14 4 51 30 59 51 6 31 51 51 51 13 31 37 26 13 26 26 29 31 32 30 3 46 59 34 30 37 41 31 34 45 27 35 51 34 26 29 26 38 37 13 23 59 26 30 4 26 33 46 4 47 28 34 14 34 26 28 59 13 30 59 27 47 28 37 37
split_gain=10507.7 2535.65 1609.91 678.927 479.576 425.064 417.141 370.698 329.711 299.193 325.84 254.01 253.775 259.975 712.12 436.347 286.94 236.258 225.538 221.636 215.48 487.524 229.249 207.621 202.521 193.329 187.577 233.775 185.976 216.266 182.408 183.691 216.337 302.841 181.415 175.757 174.712 173.564 169.22 228.662 216.058 158.405 151.224 172.535 146.782 143.418 141.745 138.646 136.238 126.965 126.744 124.931 146.537 129.901 122.364 117.043 149.344 116.516 116.113 114.025 113.869 113.725 117.538 113.606 113.527 112.284 112.211 108.747 106.992 105.549 103.813 103.1 102.937 102.746 281.976 278.886 140.508 101.13 100.64 99.7364 99.0092 94.7848 93.4222 194.339 93.6445 93.4205 92.5698 91.8831 131.159 90.4415 90.1752 88.1469 111.7 88.0111 85.1925 84.3494 84.0425 83.3411 135.803 91.5372 83.3065 82.4751 82.0098 81.5057 81.3216 81.3139 80.6253 84.3601 78.805 77.1699 87.2913 76.7713 137.366 73.1356 83.6195 72.7492 72.5354 72.0872 71.9348 70.2255 70.0306 68.7047 68.6236 68.4973 68.4742 149.384
threshold=6.5000000000000009 44.500000000000007 7.5000000000000009 23.500000000000004 913.50000000000011 127.50000000000001 705.50000000000011 658.50000000000011 1613.5000000000002 630.50000000000011 13.500000000000002 0.10344827547669412 17.500000000000004 1575.5000000000002 1.5000000000000002 1.5000000000000002 4912.5000000000009 22.500000000000004 0.32757042348384863 38813.500000000007 1873.5000000000002 1.0000000180025095e-35 785.50000000000011 3428.0000000000005 4981.5000000000009 0.31126213073730474 99005.371093750015 470.50000000000006 516.50000000000011 1165.5000000000002 159.50000000000003 4864.5000000000009 0.26047860085964208 0.47697626054286962 0.28277708590030676 14.500000000000002 184.50000000000003 0.95939502120018016 1592.5000000000002 4131.5000000000009 1954.0000000000002 2036.5000000000002 46.500000000000007 0.26664297282695776 20.500000000000004 686.50000000000011 0.55949327349662792 13.500000000000002 403.50000000000006 8.5000000000000018 922.50000000000011 13.500000000000002 1543.5000000000002 908.50000000000011 479999.81250000006 0.20402827113866809 1070.5000000000002 806.50000000000011 141.50000000000003 4.5000000000000009 1.0000000180025095e-35 0.20304501801729205 0.13103337585926059 4042.5000000000005 0.29411762952804571 1.0000000180025095e-35 2905.0000000000005 0.20304501801729205 0.39999994635581976 0.1346254497766495 1.5000000000000002 807.00000000000011 422.00000000000006 119.50000000000001 1.5000000000000002 351.50000000000006 351.50000000000006 396.50000000000006 1577.5000000000002 5832.0000000000009 0.20402827113866809 24.500000000000004 135.50000000000003 4981.5000000000009 1093.5000000000002 0.30213068425655371 79.500000000000014 19.500000000000004 686.50000000000011 1120.0000000000002 6109.0000000000009 2036.5000000000002 1481.0000000000002 0.16666666418313983 1344.5000000000002 1039.5000000000002 543.50000000000011 2660.5000000000005 14.500000000000002 165.00000000000003 1.5000000000000002 0.92387348413467418 4864.5000000000009 173.50000000000003 0.55949327349662792 4.5000000000000009 435.00000000000006 21058.000000000004 407.00000000000006 3.5000000000000004 4.2249991893768319 375.50000000000006 880.00000000000011 4.5000000000000009 1434.5000000000002 4513.0000000000009 555.50000000000011 2812.5000000000005 18.500000000000004 0.25588317215442663 947.50000000000011 686.50000000000011 1.137960731983185 450.00000000000006 27.500000000000004 22.500000000000004
decision_type=2 2 2 2 2 2 2 2 2 2 2 2 2 2 2 2 2 2 2 2 2 2 2 2 2 2 2 2 2 2 2 2 2 2 2 2 2 2 2 2 2 2 2 2 2 2 2 2 2 2 2 2 2 2 2 2 2 2 2 2 2 2 2 2 2 2 2 2 2 2 2 2 2 2 2 2 2 2 2 2 2 2 2 2 2 2 2 2 2 2 2 2 2 2 2 2 2 2 2 2 2 2 2 2 2 2 2 2 2 2 2 2 2 2 2 2 2 2 2 2 2 2 2 2 2 2
left_child=2 4 6 121 8 35 41 12 37 19 11 -11 -8 14 30 20 17 38 28 -5 26 22 23 106 57 42 27 46 29 59 -14 54 -33 87 50 63 -12 69 39 109 73 96 -6 -44 85 58 60 -10 -23 82 61 53 79 70 124 56 -31 78 -40 -17 77 62 -13 72 113 -43 -36 -54 -58 -2 -39 -57 90 100 76 -76 -75 -15 -9 -53 -63 -69 84 -84 116 97 -67 88 -34 95 -3 92 -62 -89 -87 -79 -1 99 -99 -38 -41 -64 -97 -47 -71 -73 108 -108 -22 110 -16 112 -28 -30 -115 -72 -20 120 -49 -112 -19 -4 -48 -100 125 -32
right_child=1 5 3 9 25 -7 7 24 47 10 36 34 13 15 16 18 -18 117 49 -21 21 48 -24 -25 -26 -27 111 -29 64 55 31 32 33 -35 66 -37 44 51 45 40 -42 65 43 -45 -46 103 122 118 -50 -51 -52 52 67 -55 -56 71 68 -59 -60 -61 91 80 101 -65 -66 86 -68 81 -70 104 115 105 -74 74 75 -77 -78 89 -80 -81 -82 -83 83 -85 -86 94 -88 93 -90 -91 -92 -93 -94 -95 -96 102 -98 98 123 -101 -102 -103 -104 -105 -106 -107 107 -109 -110 -111 119 -113 -114 114 -116 -117 -118 -119 -120 -121 -122 -123 -124 -125 -126 -127
leaf_value=0 0.029604900475842633 0.020897489761812341 0.019122336026984543 0.0032871010247164101 0.00703267207319267 0.061994875293536082 0 0.0032022547238465316 0.012231496597991743 -0.0011390827366444234 0.030088054136715586 0.026402552200901375 0 0 0 -5.0206708574927518e-09 0.018483641295665317 0.012282219628929744 0.0012902392211830761 -0.0029253528447464134 0.00011470028245380916 -0.00063795007121511245 0.0060725023446193127 -0.00044981002899655421 0.018188596808539504 0.0041954887751913588 0 0 0.0034044190500200412 -0.003427067836291103 0 0.031738701923726471 0.00010248251774763529 0.013767792802030955 0.0068321359460534973 0.025435810497190028 0.00094050475291703741 -0.023564872165574537 0 -1.9354473228277664e-06 0 0 0.0003790797979637606 0.025538900500302733 0.013888913623848887 -0.00093608026272976638 0 0.015259125968010179 0.005547733615471115 0.013365723008696108 -0.012580964097463614 0.0076452384130319241 0.0037662795919353844 0.0021092708059872512 -7.4477591057780246e-05 -0.0051974234997593559 -0.00041690132547398691 0.0082116974296651303 0 0.0029532805146676279 2.3702125991029294e-10 -0.0032790570909393825 -0.0049392062998871071 0.03290678377735401 0.0058217533451491062 0.00091451841263037736 0.01085389293838558 0.013788174610448256 0.044062608074668323 0.0028511414981904461 0.0099544493925313518 0.0044688092167435916 0.053103140709934243 9.4364348536822172e-05 -0.00023524457312907839 -0.00049530503522906102 -0.00014484219367538447 0 0.0078072998497978998 0.010220782226903936 0.0063115843450012622 0.020539810911420278 0.0022712601966794589 -0.024233859035286839 0.0068254494012524843 0.0090566500683261116 0.012364892260957105 -0.00044712889235347326 -0.00054707230242883318 3.6667643402938146e-05 -0.003855460109277742 -4.2651578893636645e-09 0 -3.8445890816956098e-06 0.013123964851504433 1.0236794405090633e-07 0 0.026346043642802144 -0.0076656686224882828 0.019588576226657384 0 0.0017324329563156882 -1.7457811916453344e-06 0.010617494940732542 0.025438143348161191 0.002188295354053499 -0.00029530483894429048 -0.00021807049688509183 -0.0027137195527971694 -0.00068746844754899547 -6.0187724878242303e-07 -3.0199346801169029e-06 0 -0.00025517176486304914 0.004834045255517211 0.020485424738989705 0.0068808035186354926 0.013182035939982928 0.017487751434583278 1.1435667726866036e-05 -0.0021312978873122101 -0.00010805673538809597 -0.00038659134506832676 0.0069279062531585004 0 0
leaf_weight=33915 606 7811 58 14122 1121 6834 132170 64865 12913 741 1528 493 100362 4352 7896 36846 4314 912 10722 542 1079 10357 1353 2741 3874 911 3606 20959 33858 402 284678 783 67 1949 69921 3964 5121 429 8023 632 25856 51605 372 5856 13607 404 270 7430 8760 9005 729 11362 1191 4088 1821 108 1452 16340 9891 6615 1226 658 1880 5721 15269 11945 11115 11720 147 6866 12848 23723 644 732 5734 4192 580 15297 8383 11816 23662 5415 6193 279 18990 21668 2321 1081 773 849 346 5946 2613 3608 6964 2506 7395 905 133 393 4247 6751 225 8455 333 15559 2529 5012 132 1562 83 16301 5738 11577 3220 3564 3645 4503 2738 627 727 746 183 15490 10522 6612
leaf_count=33915 606 7811 58 14122 1121 6834 132170 64865 12913 741 1528 493 100362 4352 7896 36846 4314 912 10722 542 1079 10357 1353 2741 3874 911 3606 20959 33858 402 284678 783 67 1949 69921 3964 5121 429 8023 632 25856 51605 372 5856 13607 404 270 7430 8760 9005 729 11362 1191 4088 1821 108 1452 16340 9891 6615 1226 658 1880 5721 15269 11945 11115 11720 147 6866 12848 23723 644 732 5734 4192 580 15297 8383 11816 23662 5415 6193 279 18990 21668 2321 1081 773 849 346 5946 2613 3608 6964 2506 7395 905 133 393 4247 6751 225 8455 333 15559 2529 5012 132 1562 83 16301 5738 11577 3220 3564 3645 4503 2738 627 727 746 183 15490 10522 6612
internal_value=0.00604835 0.0198003 0.0047473 0.00891939 0.0162715 0.033957 0.00402807 0.00433502 0.0152492 0.0091071 0.00966139 0.00806636 0.00403745 0.00436845 0.0050717 0.00322918 0.00102545 0.000387333 0.00464245 0.00223641 0.000736338 -0.00273425 -0.0102673 -0.0125593 0.00733875 0.0278199 0.0021218 0.00378302 0.00367462 0.00214014 0.00594884 0.00654547 -0.000810425 -0.00342935 0.00825408 0.0300169 0.0124716 0.0135453 -0.000347783 -0.00200696 -0.00363673 0.00105844 0.0305133 0.0335568 0.0120742 0.0028833 0.00637626 0.0204343 0.0023275 0.0075909 0.00519839 0.0144242 0.0160128 0.0112735 0.00674562 0.00472674 -0.00706861 0.00685465 0.000309533 -0.000323163 0.00675757 0.00564808 0.000887211 0.0274681 0.00571138 -0.000463709 0.0095426 0.0193546 -0.000215746 0.00651433 0.0132144 0.00532608 0.0238999 -0.00818044 -0.010811 -0.0136907 0.010971 0.00866349 0.00600282 0.0133702 0.00743397 0.0203702 0.00637838 0.000879931 0.00744504 0.0108358 0.0034624 -0.00940388 -0.024634 0.0102476 0.0223787 0.00223248 0.00813863 -0.00667399 0.0127198 0.00949601 0.00348571 0.00838827 0.0101642 0.00306396 -0.00212027 -0.000468654 0.0175918 0.00808716 0.0048263 0.00546038 -0.00879732 -0.0107206 0.0031748 0.00472015 0.00657615 -0.00140358 0.00220942 0.00453077 0.00159795 0.0138492 0.00439859 0.00983296 0.0248026 0.0233699 0.000851077 -0.0369295 -0.021397 0.00907278 0.0068236 0.00696675
internal_weight=1.46821e+06 126899 1.34131e+06 197227 101579 25320 1.14408e+06 1.0369e+06 93319 196423 181759 115950 943440 811270 501626 309644 89370 85056 197610 14664 112034 31963 12846 11493 93462 8260 80071 54426 148776 84852 412256 311894 8261 7478 115209 18486 65809 70238 78914 52141 41973 107181 7349 6228 64281 26773 33467 23081 19117 48834 34173 62433 41504 20929 303633 41391 2001 89588 17914 43461 33014 33444 9124 14522 63924 65871 81036 18326 1599 7805 16841 39390 8801 16117 11238 9926 1312 23229 73248 23178 24320 17135 39829 6472 33357 50674 14266 5529 840 18877 8157 9785 3839 4689 28632 18028 41310 22042 16528 5514 4879 8631 2731 8859 7199 39282 8752 7541 1211 10168 8606 25645 9344 48655 14797 16412 14367 6142 10168 710 1639 804 453 15623 301812 291290
internal_count=1468209 126899 1341310 197227 101579 25320 1144083 1036902 93319 196423 181759 115950 943440 811270 501626 309644 89370 85056 197610 14664 112034 31963 12846 11493 93462 8260 80071 54426 148776 84852 412256 311894 8261 7478 115209 18486 65809 70238 78914 52141 41973 107181 7349 6228 64281 26773 33467 23081 19117 48834 34173 62433 41504 20929 303633 41391 2001 89588 17914 43461 33014 33444 9124 14522 63924 65871 81036 18326 1599 7805 16841 39390 8801 16117 11238 9926 1312 23229 73248 23178 24320 17135 39829 6472 33357 50674 14266 5529 840 18877 8157 9785 3839 4689 28632 18028 41310 22042 16528 5514 4879 8631 2731 8859 7199 39282 8752 7541 1211 10168 8606 25645 9344 48655 14797 16412 14367 6142 10168 710 1639 804 453 15623 301812 291290
is_linear=0
shrinkage=0.05


Tree=45
num_leaves=127
num_cat=0
split_feature=2 8 9 25 25 32 31 25 9 27 8 25 27 29 15 31 25 29 32 25 25 28 29 30 12 32 25 35 15 59 30 27 35 35 30 15 31 30 59 27 30 46 35 15 29 23 35 9 29 50 29 28 25 37 31 28 29 23 29 31 37 37 24 32 26 47 40 12 12 59 43 50 30 25 59 37 13 23 46 14 22 27 24 25 21 35 22 22 28 26 37 31 47 29 47 28 31 42 26 25 9 27 37 31 14 59 35 59 8 22 22 45 22 29 35 27 21 27 29 32 32 23 28 47 29 43
split_gain=9602.25 2415.26 1344.06 654.036 643.527 428.753 418.293 404.323 318.669 304.586 287.41 559.967 468.59 679.629 253.365 245.738 254.113 242.461 237.749 219.674 217.23 215.051 205.575 201.672 199.098 171.928 162.251 161.221 188.12 161.058 201.433 158.965 187.16 156.953 153.784 156.966 190.854 144.48 135.293 133.198 130.528 130.047 129.786 124.452 121.129 118.276 110.951 109.899 107.985 103.811 143.984 116.646 111.141 119.72 103.739 101.779 101.47 100.533 103.41 99.5229 98.8603 121.358 255.407 97.4615 123.246 102.405 97.2762 96.799 93.9421 93.6628 162.14 92.4761 91.4169 90.7413 113.362 101.946 89.7775 89.1569 88.5604 88.0174 86.0539 85.0955 85.0392 80.6189 80.6669 94.8198 79.319 104.502 76.7828 76.2352 75.4491 86.1999 75.114 75.0361 75.034 74.6472 73.3253 72.875 71.9643 71.3399 70.4924 70.2539 69.664 69.1665 68.8138 67.429 67.3613 72.088 69.2301 66.9882 95.4793 71.0871 66.8509 97.7238 506.304 242.83 155.057 106.254 99.8268 181.278 66.3399 65.9913 64.4629 63.6553 78.8347 80.304
threshold=6.5000000000000009 0.97321429848670971 0.094444446265697493 6.5000000000000009 3015.5000000000005 7734.0000000000009 579.50000000000011 327.50000000000006 2.5944443941116337 4860.5000000000009 0.026785715483129028 69.500000000000014 1716.5000000000002 104.50000000000001 62.500000000000007 579.50000000000011 935.50000000000011 156.50000000000003 8493.5000000000018 1675.0000000000002 839.50000000000011 316.50000000000006 844.50000000000011 0.32757042348384863 9.5000000000000018 5972.5000000000009 148.50000000000003 1873.5000000000002 47.500000000000007 4864.5000000000009 0.19621697068214419 2036.5000000000002 2924.0000000000005 2924.0000000000005 0.55949327349662792 74.500000000000014 967.00000000000011 0.31995908915996557 4752.5000000000009 18488.500000000004 0.40163776278495794 243.50000000000003 2924.0000000000005 142.50000000000003 924.50000000000011 0.93553286790847789 2758.5000000000005 0.29444445669651037 543.50000000000011 0.26383294165134435 905.50000000000011 913.50000000000011 839.50000000000011 268.00000000000006 2905.0000000000005 280.50000000000006 265.00000000000006 0.96551769971847545 922.50000000000011 1830.0000000000002 27.500000000000004 22.500000000000004 69002.062500000015 4131.5000000000009 206.50000000000003 4.2249991893768319 1.0000000180025095e-35 15.500000000000002 1.5000000000000002 4981.5000000000009 305.50000000000006 0.23126164823770526 0.18749999254941943 839.50000000000011 1108.5000000000002 118.50000000000001 2.5000000000000004 1.0130622982978823 326.50000000000006 3.5000000000000004 15999.995605468752 295.50000000000006 39001.750000000007 69.500000000000014 228999.83593750003 2857.0000000000005 46537.583984375007 303754.00000000006 496.50000000000006 6145.5000000000009 20.500000000000004 686.50000000000011 0.20172388106584552 913.50000000000011 0.11386906355619432 573.50000000000011 2472.0000000000005 72.500000000000014 3188.0000000000005 491.50000000000006 1.0000000180025095e-35 4569.5000000000009 42.500000000000007 1888.0000000000002 1.5000000000000002 4864.5000000000009 2413.0000000000005 4981.5000000000009 1.0000000180025095e-35 290833.26562500006 46537.583984375007 2395.0000000000005 67245.238281250015 365.50000000000006 2046.5000000000002 686.50000000000011 73479.738281250015 260.50000000000006 590.50000000000011 4308.5000000000009 3750.5000000000005 0.95228004455566417 208.00000000000003 0.62984931468963634 859.50000000000011 89.500000000000014
decision_type=2 2 2 2 2 2 2 2 2 2 2 2 2 2 2 2 2 2 2 2 2 2 2 2 2 2 2 2 2 2 2 2 2 2 2 2 2 2 2 2 2 2 2 2 2 2 2 2 2 2 2 2 2 2 2 2 2 2 2 2 2 2 2 2 2 2 2 2 2 2 2 2 2 2 2 2 2 2 2 2 2 2 2 2 2 2 2 2 2 2 2 2 2 2 2 2 2 2 2 2 2 2 2 2 2 2 2 2 2 2 2 2 2 2 2 2 2 2 2 2 2 2 2 2 2 2
left_child=2 4 6 47 5 42 31 10 67 59 12 17 13 43 19 33 23 81 26 69 46 27 82 57 38 77 79 34 -29 60 -31 48 68 -5 35 36 -14 55 109 -21 41 -19 44 83 45 80 -7 -4 -1 50 52 71 -47 -54 121 90 -20 89 72 -9 61 112 -63 65 -65 -42 -66 -3 -33 73 -71 -52 -59 75 93 103 -51 88 97 122 -2 -12 -16 84 -8 -86 -26 -88 -18 123 91 -32 -28 -75 -37 101 -74 -30 -76 -98 -50 106 -70 -11 -68 -78 107 -23 -109 110 111 -6 -15 117 118 116 -116 -114 -115 -120 -97 -22 -13 -17 125 -125
right_child=1 8 3 15 24 20 7 9 -10 14 11 18 21 29 22 16 25 40 56 39 54 95 -24 -25 86 -27 92 28 78 30 37 32 -34 -35 -36 94 -38 -39 -40 -41 63 -43 -44 -45 -46 49 -48 -49 100 76 51 -53 53 -55 -56 -57 -58 58 -60 -61 -62 62 -64 64 66 -67 104 -69 102 70 -72 -73 96 74 98 -77 105 -79 -80 -81 -82 -83 -84 -85 85 -87 87 -89 -90 -91 -92 -93 -94 -95 -96 120 99 -99 -100 -101 -102 -103 -104 -105 -106 -107 -108 108 -110 -111 -112 -113 113 114 115 -117 -118 -119 119 -121 -122 -123 -124 124 -126 -127
leaf_value=0 0.032269075865863771 0.028636231088743337 -0.00099391118291326558 0.0019121380554611379 0.0027601917469777474 0.0078974740123528182 0 0.0077208718107275925 0.065870884716993053 0.0030049555723435958 0 0.00033191170740959396 2.2542736798128183e-10 0 9.2131149645815682e-08 0.0041236031419831292 -0.0097428790535816698 0 0.020330374749445358 0.036894330734905549 0.0068707536295650184 0 0.0072826175519723983 0.0099613663705786486 0.0057638064937781015 0.013723297456172345 0.0040083223126466672 0.0069922969292294281 -0.00036615803620760999 0.035767085617247056 5.7050632529952059e-05 0 -0.0079844963701044998 -0.0027845350747867747 -0.00036726177781491043 1.3047770583115716e-05 -0.00078002764539350001 2.3382352477601699e-05 0.030904796802866744 0.018211598428221554 0 -0.00099287167180368298 -0.0071420529084432116 0 -0.0030528133124783532 0.0069181521667291083 0.012652906905365191 -8.1625948206732403e-05 0 0.0020429991382275524 -0.0024423890295004916 0.019052896974145875 0.014847775810651387 -0.041883186505433372 0.017208479649938636 0.02811898278856563 0.0043968074080683204 -0.008759316670397416 -0.0085402023203147385 0.01579296755167477 0 0.046157945670232126 0 -1.3856765605055304e-07 -0.00025670793103251986 1.0863884340522734e-05 0.00012167059435601058 0.026451919356028242 0.00119010336824599 0.040760415772068799 0.0044838133579022943 0.004212029325459876 0.0056948087528755024 0.0025911818013690524 0.025872108877707269 0.012322672210304997 0.010265277864497869 0.011336213428714659 -9.078129514785487e-05 0.0035288242305186708 0.00030524719347499452 0.010053252436108554 -0.00063080334899638462 0.006748114735518335 0 -0.0010723817729499923 0.03301598509762043 0.011298912085700996 0.0078264913219522059 0.028928146252764797 2.4882394091653293e-05 -0.00054723783416034844 0.0022294644627916696 0.0083467123723775186 0 0.005559096164626587 0.0075020197234280661 0.00011019589589413687 0.011413960824113507 0.012160268535036135 0 -2.4218923885516831e-06 0.0082190621286908124 0.0080745591727570294 -0.00068364021129000427 0.021545919391124126 0.0047890838056594554 -0.0018470819957119328 0.0086996230706104689 0.005917472507603461 0.030948532166932052 0.03203955028069938 0 0 -1.9765868585046934e-09 1.871800520688737e-05 1.040308872897207e-10 0 0 0 0.0054603355735934004 0.013390619142381334 -0.00028916882689232606 0.0082679677926953306 0.0051758337201097959 -0.014346046883171572
leaf_weight=35935 218 11695 722 7162 1059 10920 103700 18767 5298 91526 19599 2848 3355 118711 2888 13368 406 33066 2341 765 1369 77079 8419 22110 253 15320 25585 3086 6734 536 175 54884 295 493 380 844 2616 3748 2926 3470 648 686 86 111270 1056 6282 10102 462 3060 1071 2724 570 7001 277 5831 752 37671 704 756 3956 11877 1639 5135 1632 1041 174 164 2609 6542 870 1326 5781 55629 9434 647 4180 19489 11149 486 12090 3012 4320 7629 672 4294 1128 2668 887 18464 368 354 2363 46615 3859 7622 4556 12210 451 9982 3982 4296 4413 3377 8885 2072 2448 7017 298 285 1668 3558 2283 52187 28005 1470 17365 481 80759 2885 3459 7178 13753 19913 521 1383 1485
leaf_count=35935 218 11695 722 7162 1059 10920 103700 18767 5298 91526 19599 2848 3355 118711 2888 13368 406 33066 2341 765 1369 77079 8419 22110 253 15320 25585 3086 6734 536 175 54884 295 493 380 844 2616 3748 2926 3470 648 686 86 111270 1056 6282 10102 462 3060 1071 2724 570 7001 277 5831 752 37671 704 756 3956 11877 1639 5135 1632 1041 174 164 2609 6542 870 1326 5781 55629 9434 647 4180 19489 11149 486 12090 3012 4320 7629 672 4294 1128 2668 887 18464 368 354 2363 46615 3859 7622 4556 12210 451 9982 3982 4296 4413 3377 8885 2072 2448 7017 298 285 1668 3558 2283 52187 28005 1470 17365 481 80759 2885 3459 7178 13753 19913 521 1383 1485
internal_value=0.00595048 0.019097 0.00470695 0.0089085 0.0161484 0.0145689 0.00411079 0.00441157 0.0352358 0.00659697 0.00397783 0.00236331 0.004478 0.00510583 0.00579896 0.00917343 0.00959769 -0.00156454 0.00405673 0.00655898 0.0182953 0.00173137 0.000382603 0.0083241 0.0256432 0.0127582 0.00282757 -0.00236352 -0.0070228 0.00653642 -0.000503904 0.00115136 -0.000410073 0.0004239 0.00101876 0.00184559 -0.00436184 -0.0026508 0.0223589 0.017767 -0.00397119 -0.00278635 0.0114414 0.00295794 0.0115473 0.0119093 0.0147033 -0.0281184 0.00349945 0.0125637 0.0101588 0.00528314 0.0134214 0.0176275 0.0218987 -0.0097404 0.00734515 0.00727711 0.00808319 0.0120008 0.00670872 0.00687912 0.0134992 -0.0109482 -0.0136165 0.00498115 -0.0192075 0.0313543 -0.000229079 0.00619578 0.016436 0.00381477 0.008275 0.00602075 0.00879919 0.00538521 0.0149293 0.0105581 -0.0112168 2.56807e-05 0.00266091 0.00240791 -0.00427827 0.00415227 0.00404588 -0.00189871 0.0355545 0.03748 0.00846286 0.00382742 -0.0140019 -0.0170186 0.00417998 0.00572064 0.00622424 0.00277007 0.00845079 -0.00981823 0.0126488 0.0114127 0.00901905 0.00227624 0.00424887 0.00506662 -0.0250861 0.0156194 0.0025968 0.00217281 -0.0153404 0.0191869 0.0213613 0.0152883 0.00673222 0.00732242 0.00552119 -0.000954903 -0.0176798 0.00804947 0.00916312 0.00349853 0.00651903 0.0197125 -0.00180549 0.00333262 -0.00278688 -0.00911968
internal_weight=1.46841e+06 126894 1.34152e+06 166694 107292 91990 1.17482e+06 1.06643e+06 19602 176603 889830 210465 679365 552965 153880 165510 157855 63402 147063 134944 41975 126400 18936 112516 15302 45339 107051 25574 10757 331901 7928 108389 65098 7655 14817 14437 5971 7392 11494 4235 39483 33752 50015 221064 49929 48873 21022 1184 43291 45643 22635 9075 13560 7278 20953 3644 40012 90406 73281 22723 323973 312096 6774 5731 4909 822 3277 14304 64803 130709 2196 8505 72525 128513 23922 104591 23008 30019 7671 34851 3230 23919 10517 109794 109122 5422 3808 3555 18870 17125 2892 2538 72200 13293 8466 100826 71821 7185 10629 16192 7356 89092 9919 100411 2236 21937 84679 77662 583 8568 6900 3342 305322 186611 53665 19316 1951 132946 34349 6344 11734 15122 22761 16757 3389 2006
internal_count=1468410 126894 1341516 166694 107292 91990 1174822 1066433 19602 176603 889830 210465 679365 552965 153880 165510 157855 63402 147063 134944 41975 126400 18936 112516 15302 45339 107051 25574 10757 331901 7928 108389 65098 7655 14817 14437 5971 7392 11494 4235 39483 33752 50015 221064 49929 48873 21022 1184 43291 45643 22635 9075 13560 7278 20953 3644 40012 90406 73281 22723 323973 312096 6774 5731 4909 822 3277 14304 64803 130709 2196 8505 72525 128513 23922 104591 23008 30019 7671 34851 3230 23919 10517 109794 109122 5422 3808 3555 18870 17125 2892 2538 72200 13293 8466 100826 71821 7185 10629 16192 7356 89092 9919 100411 2236 21937 84679 77662 583 8568 6900 3342 305322 186611 53665 19316 1951 132946 34349 6344 11734 15122 22761 16757 3389 2006
is_linear=0
shrinkage=0.05


Tree=46
num_leaves=127
num_cat=0
split_feature=2 25 2 9 34 34 25 29 28 27 31 25 31 29 27 31 2 27 3 28 25 23 15 31 27 32 25 34 59 3 25 43 23 27 29 59 34 27 29 27 31 51 50 29 50 47 59 59 22 40 31 47 40 50 25 47 25 25 25 25 50 29 32 59 59 40 29 50 50 20 26 9 25 42 12 27 33 27 25 28 36 15 33 15 29 29 41 50 47 22 47 47 25 47 29 41 22 29 34 27 21 31 9 29 33 22 34 59 27 50 27 51 31 51 34 59 51 51 31 9 22 46 28 12 25 34
split_gain=9017.4 2121.98 1428.43 502.222 477.232 460.001 444.571 381.386 315.208 430.395 291.371 291.791 267.645 217.186 207.523 196.529 193.403 187.502 927.442 468.096 236.591 215.502 201.81 170.416 169.992 163.08 158.954 163.891 153.455 148.467 148.402 147.539 143.377 137.821 149.796 148.961 141.105 244.597 136.447 133.45 130.67 127.274 119.432 167.331 122.325 115.773 114.772 188.733 162.013 146.067 156.518 109.262 187.546 109.122 108.128 106.062 102.41 102.153 100.503 100.422 106.568 100.363 100.227 99.7255 94.0467 101.267 93.9855 89.9564 87.9017 85.7591 93.2521 85.6433 84.5451 83.9893 83.7813 83.4015 83.2132 82.9624 82.271 81.3801 145.123 129.954 276.112 108.954 79.635 79.1716 78.2632 78.2497 78.1973 83.078 78.0414 77.7625 76.8173 76.3831 75.0076 74.638 82.5906 106.719 610.013 212.253 117.34 87.8244 84.3019 79.6457 277.277 74.3178 74.2563 73.9045 73.2279 77.8152 72.3029 71.5166 70.5153 76.8304 69.9062 69.2174 68.8018 70.1413 68.1041 67.9162 79.7163 67.7853 67.7371 66.0495 65.9652 371.538
threshold=7.5000000000000009 3015.5000000000005 2.5000000000000004 2.1166666746139531 705.50000000000011 1613.5000000000002 327.50000000000006 897.50000000000011 17.500000000000004 40009.000000000007 2581.5000000000005 1675.0000000000002 1318.5000000000002 725.50000000000011 2036.5000000000002 2905.0000000000005 17.500000000000004 1716.5000000000002 1.5000000000000002 316.50000000000006 69.500000000000014 0.93553286790847789 20.500000000000004 895.50000000000011 159.50000000000003 8493.5000000000018 266.50000000000006 1055.5000000000002 4912.5000000000009 57.500000000000007 793.50000000000011 1525.0000000000002 0.95939502120018016 2400.5000000000005 699.00000000000011 1070.5000000000002 1165.5000000000002 3682.5000000000005 116.50000000000001 18488.500000000004 1272.5000000000002 0.49999982118606573 0.26383294165134435 905.50000000000011 0.23126164823770526 0.84689703583717357 4864.5000000000009 4912.5000000000009 67245.238281250015 3.5000000000000004 686.50000000000011 0.43503487110137945 82.500000000000014 0.28555119037628179 52.500000000000007 0.69085898995399486 309.50000000000006 91.500000000000014 839.50000000000011 839.50000000000011 0.25249058008193975 638.50000000000011 3969.5000000000005 3952.5000000000005 4981.5000000000009 34.500000000000007 844.50000000000011 0.13636363297700885 0.29224412143230444 4450137.0000000009 1690.5000000000002 0.027777778916060928 112.50000000000001 72.500000000000014 13.500000000000002 5995.0000000000009 38813.500000000007 232.50000000000003 83.500000000000014 694.50000000000011 0.27897742390632635 98.500000000000014 7516.5000000000009 110.50000000000001 543.50000000000011 922.50000000000011 21.500000000000004 0.27974666655063635 0.20172388106584552 445914.67187500006 0.25566028058528906 1.137960731983185 935.50000000000011 0.43503487110137945 455.50000000000006 193.50000000000003 24666.662109375004 365.50000000000006 1237.0000000000002 686.50000000000011 70044.109375000015 967.00000000000011 0.016666667070239786 590.50000000000011 13843.500000000002 21635.373046875004 1344.5000000000002 4981.5000000000009 22738.000000000004 0.26166234910488134 2213.0000000000005 0.39999994635581976 993.00000000000011 0.29791575670242315 1326.0000000000002 4752.5000000000009 0.1346254497766495 0.45080643892288214 1.0000000180025095e-35 0.038888890296220786 62099.982421875007 81.500000000000014 170.50000000000003 9.5000000000000018 91.500000000000014 1165.5000000000002
decision_type=2 2 2 2 2 2 2 2 2 2 2 2 2 2 2 2 2 2 2 2 2 2 2 2 2 2 2 2 2 2 2 2 2 2 2 2 2 2 2 2 2 2 2 2 2 2 2 2 2 2 2 2 2 2 2 2 2 2 2 2 2 2 2 2 2 2 2 2 2 2 2 2 2 2 2 2 2 2 2 2 2 2 2 2 2 2 2 2 2 2 2 2 2 2 2 2 2 2 2 2 2 2 2 2 2 2 2 2 2 2 2 2 2 2 2 2 2 2 2 2 2 2 2 2 2 2
left_child=2 5 4 12 14 23 15 8 9 119 11 13 31 -8 84 55 92 18 24 22 38 57 94 76 54 62 27 71 40 32 56 -3 116 34 -24 36 91 72 77 -13 90 74 43 59 -45 53 95 49 -49 50 -48 75 -53 -33 -10 69 -9 -21 -42 -34 -61 -28 78 -64 85 -66 88 -37 -32 -4 -71 -23 -38 86 115 -30 -2 -20 -22 83 81 82 -81 -16 -1 -58 -57 -50 -59 -90 -15 -35 -7 -70 -19 96 124 101 103 100 114 -98 -103 121 -105 -86 -79 -44 -46 -110 -63 -96 113 -41 -100 -14 -25 -118 -83 -6 -121 -99 -69 -5 -26 -126
right_child=1 3 6 123 7 16 10 30 17 -11 -12 39 41 28 79 -17 -18 19 20 21 25 26 33 29 46 -27 61 -29 51 -31 68 45 42 35 -36 67 37 -39 -40 112 58 -43 107 44 108 -47 47 48 87 -51 -52 52 -54 -55 -56 73 64 66 -60 60 -62 110 63 -65 65 -67 -68 122 93 70 -72 -73 -74 -75 -76 -77 -78 106 -80 80 -82 118 -84 -85 105 -87 -88 -89 89 -91 -92 -93 -94 -95 111 -97 97 98 99 -101 -102 102 -104 104 -106 -107 -108 -109 109 -111 -112 -113 -114 -115 -116 -117 117 -119 -120 120 -122 -123 -124 -125 125 -127
leaf_value=0 0.0068211133573614306 0.012296832564915672 0.0024169724241077718 0.041967135388686932 0 0.010858208309481499 0.013405063970568105 0.029205644879266031 0 -7.7544650796395779e-05 0.01179375049415733 0.03117953470720787 0.026007210961819863 0.0078160060925825305 -8.6249978138835322e-09 0.009173728473243525 0.018592391297757228 0.0086262251574302732 0 -0.0047228122243499959 4.9498654064391799e-05 -7.4326660220956837e-05 0 0.027904612928542006 0 0.0062926416273033419 0.011984457879739964 0.0033770775695784461 0.018708323121780845 0.023316046167288763 0.0078246496477282056 0.028037961959718607 0.0077537862268804774 0 0.022785266446139991 -0.00099097041803620296 -0.0019218234910381871 -0.00038496081282916655 0 0.011125524988669727 0.0055949246844023475 0.011004024942032132 0.011567808658511059 -0.0010203152059823002 0.0025449099033233893 0.065904851834566167 9.4505860233755923e-05 0.00010142792581910472 -0.0012950029686335021 -1.3810724390832744e-05 -0.00051987594245233096 0.033243172224666467 -0.0028762334175315598 0.015147155880523755 0.011924843221692259 -0.00037050549885097629 0.0031795298620859117 2.3702125991029294e-10 0.0090383715559463895 0.016629501681678951 0.0065518854170338653 -0.016740031942545343 -0.00033618893827276879 0.0084665543746801682 0.053218407275145353 0.0062051503877344517 0.0036089228524838037 7.0265479166625559e-05 0.01951456546364503 0.010322917549028346 -0.027944445617200234 0.0027558509784144595 0.0017895298554027883 0.02997291166752708 0.031385508893577121 0.0015570135729641721 -0.010099757210911815 -0.00050266262180542775 7.0439236027803172e-05 -0.00052202703652555851 0.0033025066008079921 0 0.0029526456594142882 0 0 -0.017665495166541353 -0.0212226273544062 0.00077130729569349079 0 -0.0010773900289104356 0.0038138532643097744 -0.00034902433191346164 0.01478213539966179 0.009953244293449898 -6.5646168330876445e-09 0 0 0 0 1.7782104946543003e-05 9.8829342925234671e-11 0 0 0 -2.714713475388888e-06 0 0.019004762433469179 0.034608943867820374 0.011446744641167794 -0.0059060401199324992 0.0043092252984841652 0.056456703818602683 0.016385075432217434 0.0019854728808958002 -1.8777575155794588e-09 0.037449463830690456 0.0018339785932291741 0.024796604185192778 -0.0015955414175987245 -0.00084642317684248999 0 0 -5.0275484134416721e-09 0.070284864780764997 0 -0.00040634644543796465
leaf_weight=33688 10624 4584 40622 2888 131381 10485 10559 504 99271 625 14095 914 4733 9528 28087 12132 6747 4879 8914 276 990 12444 16509 394 94766 11326 6305 39072 1159 1930 15883 5974 5424 2634 916 464 248 950 42955 6658 33713 702 18654 2792 2265 577 78 3120 1436 2263 1014 1570 364 1995 815 2223 20333 43345 15541 4835 1621 179 12378 3655 339 638 40231 1723 3003 3377 147 12708 708 146 1946 1480 70 374 3062 876 16802 6285 920 12266 3302 201 753 1153 69509 5191 45626 447 5738 3620 4785 7259 31337 31756 286 21756 532 76991 31735 3233 3300 3980 2274 628 2361 253 87793 127 4710 1491 1316 1953 4310 144 134 313 936 1076 5595 3590 7631 3659
leaf_count=33688 10624 4584 40622 2888 131381 10485 10559 504 99271 625 14095 914 4733 9528 28087 12132 6747 4879 8914 276 990 12444 16509 394 94766 11326 6305 39072 1159 1930 15883 5974 5424 2634 916 464 248 950 42955 6658 33713 702 18654 2792 2265 577 78 3120 1436 2263 1014 1570 364 1995 815 2223 20333 43345 15541 4835 1621 179 12378 3655 339 638 40231 1723 3003 3377 147 12708 708 146 1946 1480 70 374 3062 876 16802 6285 920 12266 3302 201 753 1153 69509 5191 45626 447 5738 3620 4785 7259 31337 31756 286 21756 532 76991 31735 3233 3300 3980 2274 628 2361 253 87793 127 4710 1491 1316 1953 4310 144 134 313 936 1076 5595 3590 7631 3659
internal_value=0.00573847 0.0196295 0.00463287 0.0312173 0.00394647 0.0153988 0.00845927 0.00427075 0.00406954 0.00180515 0.0099309 0.00920798 0.0276795 0.00841387 0.000755077 0.00480715 0.0213623 0.00441686 0.00503047 0.00353742 0.000292046 0.00418036 -0.00156046 0.0129659 0.00598672 0.00374852 0.00548416 0.00356556 0.00775038 0.0142979 0.00879909 0.0230764 0.013698 -0.00358332 -0.000691244 -0.0075295 -0.0142758 -0.0249698 -0.00169938 0.0160999 0.00735762 0.0341538 0.0147103 0.0119556 0.00619794 0.0269591 0.00654057 0.000992377 0.0065238 -0.00841853 -0.0234365 0.0167162 0.0257458 0.0253912 0.00418435 0.00334993 0.00587983 0.00287694 0.00922959 0.0156728 0.0198874 0.0067911 0.00104281 -0.000732547 0.00535747 0.0205148 0.00292997 -0.00320543 0.0116544 0.00397985 0.0114625 0.000417261 -0.007107 -0.00555556 0.0358192 0.0100962 0.00728392 0.00312184 0.00806866 -0.000993497 0.00124695 -0.00419898 -0.0160876 -0.00238259 0.00354515 0.00463595 -0.00737374 -0.00272102 0.0022186 0.00123822 0.0056858 -0.00765798 0.0184025 0.0164945 0.00467721 0.00669938 0.00681697 0.00740709 0.00570223 -0.000600458 -0.0156483 0.00817699 0.00884926 0.00952735 0.00448409 0.00828676 0.0108927 0.017503 0.0109744 0.0166769 0.00635423 0.000314529 0.0147868 0.01197 -0.022405 0.0331576 0.00558879 0.00381559 -0.000871618 0.00200026 -0.00960291 0.0105307 -0.00185089 0.0434842 0.00568562 0.00207217
internal_weight=1.46789e+06 108217 1.35967e+06 28942 1.15286e+06 79275 206808 1.04652e+06 1.002e+06 133255 147408 133313 22464 119540 106340 59400 22970 868749 511711 357038 85928 317053 39985 56305 425783 31411 158501 64224 108981 45611 44521 13130 43681 30194 17425 12769 4987 1906 54517 13773 104408 9334 38833 19551 7671 8546 325697 9064 5709 3355 1092 4573 1934 7969 100086 47268 22015 158552 49254 11880 6456 94277 20085 16033 21511 977 158276 7782 22506 44146 3524 25152 956 3122 8632 2639 10694 11562 4052 65370 25017 8215 1796 40353 40970 20534 2976 2589 118045 74700 55154 3081 16223 6623 9791 316633 309374 203318 63255 23890 2134 140063 108726 39365 6533 7282 2648 19282 4879 2614 87972 4912 12859 8149 1602 6686 4848 4454 6419 132630 1249 32832 7318 6478 106056 11290
internal_count=1467890 108217 1359673 28942 1152865 79275 206808 1046525 1002004 133255 147408 133313 22464 119540 106340 59400 22970 868749 511711 357038 85928 317053 39985 56305 425783 31411 158501 64224 108981 45611 44521 13130 43681 30194 17425 12769 4987 1906 54517 13773 104408 9334 38833 19551 7671 8546 325697 9064 5709 3355 1092 4573 1934 7969 100086 47268 22015 158552 49254 11880 6456 94277 20085 16033 21511 977 158276 7782 22506 44146 3524 25152 956 3122 8632 2639 10694 11562 4052 65370 25017 8215 1796 40353 40970 20534 2976 2589 118045 74700 55154 3081 16223 6623 9791 316633 309374 203318 63255 23890 2134 140063 108726 39365 6533 7282 2648 19282 4879 2614 87972 4912 12859 8149 1602 6686 4848 4454 6419 132630 1249 32832 7318 6478 106056 11290
is_linear=0
shrinkage=0.05


Tree=47
num_leaves=127
num_cat=0
split_feature=3 25 3 25 12 32 25 15 32 34 3 29 3 27 35 34 3 25 27 26 28 25 33 34 25 29 25 29 25 15 21 32 30 42 45 27 46 38 46 25 29 22 51 38 38 30 46 44 47 41 25 47 34 28 30 28 32 23 29 32 31 27 28 26 47 28 30 29 32 35 25 13 28 47 25 13 30 23 29 28 15 15 33 28 29 29 35 26 3 42 13 25 22 50 28 33 30 50 25 28 29 13 25 30 46 33 33 51 42 38 26 3 34 25 25 27 22 30 21 31 15 33 27 26 46 41
split_gain=8297.26 2028.32 1288.04 638.754 531.66 444.788 393.146 381.02 290.256 268.48 247.963 236.943 233.646 227.177 364.906 211.501 206.59 949.555 731.34 270.386 229.433 202.317 188.927 187.161 217.17 177.354 175.604 169.82 168.155 149.466 148.101 145.722 143.164 135.274 139.674 127.79 127.383 170.948 120.96 120.367 118.812 115.403 135.442 111.181 109.31 114.505 108.868 106.02 134.62 118.024 103.865 102.64 116.003 146.663 111.414 103.047 102.857 100.483 98.7256 98.6531 97.8708 96.0174 95.9233 93.947 89.7848 88.8444 88.7511 87.8493 86.972 197.244 257.219 637.294 204.323 121.388 148.359 111.455 86.5034 106.91 86.3879 86.3346 205.932 192.658 217.545 189.351 86.1207 85.3084 83.7494 83.6304 83.4008 83.2434 83.2114 78.9492 144.287 170.637 118.876 78.2602 77.7846 77.5144 76.9766 76.474 76.8619 75.897 105.613 101.305 82.9637 75.593 74.5604 74.0565 73.9192 82.7376 98.4831 73.8512 72.6974 180.646 72.4248 71.8168 87.5869 71.4404 71.0747 70.2574 72.5517 69.2313 147.108 89.9911 68.1245 67.8782
threshold=14.500000000000002 3015.5000000000005 4.5000000000000009 2.5000000000000004 10.500000000000002 6555.0000000000009 517.50000000000011 162.50000000000003 8208.0000000000018 705.50000000000011 87.500000000000014 897.50000000000011 27.500000000000004 1716.5000000000002 1873.5000000000002 1776.5000000000002 1.5000000000000002 69.500000000000014 1716.5000000000002 27.500000000000004 338.00000000000006 69.500000000000014 38813.500000000007 1725.5000000000002 148.50000000000003 820.50000000000011 249.50000000000003 141.50000000000003 1112.5000000000002 62.500000000000007 15302.920898437502 5635.0000000000009 0.68189269304275524 604.00000000000011 6109.0000000000009 2036.5000000000002 158.50000000000003 25.500000000000004 62.500000000000007 793.50000000000011 141.50000000000003 290833.26562500006 0.49999982118606573 74.500000000000014 92.000000000000014 0.28924794495105749 243.50000000000003 265.50000000000006 0.20172388106584552 497.50000000000006 4542.0000000000009 0.20172388106584552 705.50000000000011 316.50000000000006 0.55949327349662792 516.50000000000011 5972.5000000000009 0.98013237118721019 853.50000000000011 5972.5000000000009 1116.0000000000002 4569.5000000000009 208.00000000000003 1690.5000000000002 0.30244196951389318 65.500000000000014 0.32757042348384863 345.50000000000006 4131.5000000000009 1954.0000000000002 21.500000000000004 1.5000000000000002 77.500000000000014 4.2249991893768319 21.500000000000004 1.5000000000000002 0.43456299602985388 0.93553286790847789 289.50000000000006 711.50000000000011 98.500000000000014 110.50000000000001 4581.5000000000009 470.50000000000006 571.50000000000011 916.50000000000011 2413.0000000000005 1128.5000000000002 64.500000000000014 275.50000000000006 1.5000000000000002 839.50000000000011 62099.982421875007 0.27808307111263281 779.50000000000011 38813.500000000007 0.43456299602985388 0.26555858552455908 132.50000000000003 913.50000000000011 924.50000000000011 2.5000000000000004 30.500000000000004 0.40163776278495794 11.500000000000002 11807.500000000002 38813.500000000007 0.1346254497766495 72.500000000000014 9.5000000000000018 2660.5000000000005 1.5000000000000002 1725.5000000000002 21.500000000000004 249.50000000000003 2400.5000000000005 303754.00000000006 0.47697626054286962 110999.91796875001 1272.5000000000002 98.500000000000014 11238.000000000002 4860.5000000000009 1379.5000000000002 81.500000000000014 1711.0000000000002
decision_type=2 2 2 2 2 2 2 2 2 2 2 2 2 2 2 2 2 2 2 2 2 2 2 2 2 2 2 2 2 2 2 2 2 2 2 2 2 2 2 2 2 2 2 2 2 2 2 2 2 2 2 2 2 2 2 2 2 2 2 2 2 2 2 2 2 2 2 2 2 2 2 2 2 2 2 2 2 2 2 2 2 2 2 2 2 2 2 2 2 2 2 2 2 2 2 2 2 2 2 2 2 2 2 2 2 2 2 2 2 2 2 2 2 2 2 2 2 2 2 2 2 2 2 2 2 2
left_child=2 3 7 -2 10 22 15 9 28 35 41 16 76 40 51 21 18 27 19 -11 89 46 43 24 31 26 63 112 47 59 -6 106 36 88 -35 84 -30 107 -21 -13 -9 42 60 99 -45 -46 87 49 -49 85 -32 52 -15 98 55 62 -55 -26 -31 95 125 68 124 78 -28 86 -17 -66 73 70 72 -72 90 -29 -75 -74 77 -7 -23 80 111 82 -82 -84 -1 91 -16 -4 -14 -20 -70 94 93 -93 108 -22 -50 -87 -54 100 -5 -71 -103 -104 -105 -57 -19 -38 109 110 -8 115 -18 -114 -27 116 -37 -67 -110 120 -91 -64 123 -123 -53 -3
right_child=1 4 6 5 30 12 8 13 -10 11 -12 39 33 14 65 66 17 23 20 38 29 25 -24 -25 57 114 64 61 32 58 50 -33 -34 34 -36 79 37 -39 -40 -41 -42 -43 -44 44 45 -47 -48 48 96 -51 -52 54 53 56 -56 105 -58 -59 -60 -61 -62 -63 121 -65 67 117 -68 -69 69 101 71 -73 75 74 -76 -77 -78 -79 -80 -81 81 -83 83 -85 -86 97 -88 -89 -90 119 -92 92 -94 -95 -96 -97 -98 -99 -100 -101 -102 102 103 104 -106 -107 -108 -109 118 -111 -112 -113 113 -115 -116 -117 -118 -119 -120 -121 -122 122 -124 -125 -126 -127
leaf_value=0 -7.3667418256575991e-05 0.023174271544256664 -0.0015668679448513603 0.0085776933088831161 0.0065057313681047731 0.0021577804314931283 0.015997183473537568 0 0.011858677397705786 0 0.037270356921341945 0.0038950479238297922 0.014280702464985518 0 0.00010655986488600742 0.0065515186187513706 0 -0.00016444003581314148 0 0 0.00026104306780856066 0.017995132784061486 -0.0051289503131110451 0.0085799209732179589 0.0024943881850109043 -0.004143762087697728 0.011423203612313058 0 0.024913321599073526 0 0.023162064638327463 0.0031539868601482418 0.020219523781737282 0.014011283099291994 -0.0070169016314405308 -2.9423096215775723e-09 0.030609864371618684 0.010268906065652162 0 0.009159982630100344 0 0.0052702529057066299 0.0072530837732182945 -0.0088033876597925394 -0.002529150649249523 0.012530434870593632 -0.0026422410251805686 0.055639784618911572 0.0025982093785689889 0.01777328936097251 0.070939704183328317 -3.5132739583312781e-06 0 -1.1851062995514648e-11 -0.00033144747232849182 0 5.4455672683636617e-05 0.0038534427603137858 0.0062413110904694568 0.0049827128359477835 0.031494933208331091 -0.0012526065917953036 0 -0.036921571093084651 0.028982441998446358 -0.00023046101160010339 0.013028260882473254 0.0052992875562619893 -1.8386749566863782e-06 0 6.2332009477311987e-05 -0.0002280163516674612 -2.0451474622308646e-05 -5.7178338634330177e-07 1.0863884340522734e-05 5.3406018760223027e-05 0.023411475551926859 0.0099820751512188499 0.0027910423263619089 0 4.3124989069417665e-10 0 4.3124989069417665e-10 -3.6719786595753424e-06 0 -0.0033654747680625487 -0.00073452932544825313 0.021251033945754338 0.024293586650523915 -0.0019068354542354879 0 0.012759662903476722 0.012972249417947935 -0.00181196380756119 0.0016476885375453167 -0.0080153496053241256 -0.012808317398756576 0.005671101756167269 2.5137742067208363e-10 0.0136264033835094 -0.011719695251821106 -0.00010220101089409244 3.6281156083421233e-05 -0.0007744365913337878 -0.0031692351554743871 -0.00082111953078816552 -0.0047733695480167496 0.0047734100221941411 0.00052192417722566329 0.016687003854693263 0.0049806964019422613 -3.3225017613659244e-05 0 0.02436920057321447 0.0023865714242754855 -5.050318517271518e-06 1.0770323453453601e-07 0.0033288605156367836 0.0070158814237697101 -0.0017206429128381274 0.0001577373749511849 0 1.2376936825566309e-05 -0.00038605382733078474 0 0.039130995215615264
leaf_weight=27203 456 5921 2796 23160 390 1887 2843 103287 19343 101682 5798 18670 14800 2163 86 13810 12842 16529 27814 306652 59767 1768 191 15756 48939 2127 9972 5179 1622 39681 4283 25890 1503 332 647 1522 478 20337 22842 15890 29229 1704 1300 1203 923 920 527 244 12716 2209 3614 181 270 2201 265 6194 144 97682 6872 25241 5312 609 4053 101 586 3032 5949 11404 210 19331 655 5117 95 93 383 787 1910 27123 19626 19508 570 6219 333 585 4908 2275 33 262 2472 100 1419 3648 6053 3047 9016 70 597 1706 294 1577 233 2568 3641 456 534 792 106 14482 4032 3301 6842 10591 5241 2116 35555 15871 133 95 4161 195 48 2764 675 129 1354 1196
leaf_count=27203 456 5921 2796 23160 390 1887 2843 103287 19343 101682 5798 18670 14800 2163 86 13810 12842 16529 27814 306652 59767 1768 191 15756 48939 2127 9972 5179 1622 39681 4283 25890 1503 332 647 1522 478 20337 22842 15890 29229 1704 1300 1203 923 920 527 244 12716 2209 3614 181 270 2201 265 6194 144 97682 6872 25241 5312 609 4053 101 586 3032 5949 11404 210 19331 655 5117 95 93 383 787 1910 27123 19626 19508 570 6219 333 585 4908 2275 33 262 2472 100 1419 3648 6053 3047 9016 70 597 1706 294 1577 233 2568 3641 456 534 792 106 14482 4032 3301 6842 10591 5241 2116 35555 15871 133 95 4161 195 48 2764 675 129 1354 1196
internal_value=0.00556685 0.0189497 0.00451149 0.0147171 0.0301102 0.0150649 0.00796839 0.00382722 0.00991527 0.00419411 0.0259169 0.00445339 0.0179362 0.0015425 -0.00285722 0.00572384 0.00428971 0.00313303 0.00481069 0.00588146 0.00192126 0.00463735 0.0100593 0.00476615 0.00432996 0.00515097 0.0073278 -0.00232791 0.00884162 0.00279755 0.040852 0.00118389 0.0114464 0.022423 0.00433561 0.00155009 0.0108303 0.0102004 0.00657704 0.00851256 0.00236345 0.0226037 0.0241272 0.0103974 0.00137717 0.00903098 -0.00698586 0.00724508 0.00332999 0.00832524 0.0423377 -0.000495598 -0.00671221 -0.0132326 0.00142591 0.00195421 -0.0187391 0.00524239 0.000519729 0.00404387 0.0257336 -0.00417374 0.00544391 0.00411466 0.0104724 -0.0184822 0.0103823 0.00755582 -0.003877 -0.00481126 -0.011547 -0.0173585 0.00180996 0.00187353 0.0260344 0.0211937 0.0152876 0.0146085 0.00434208 9.38876e-05 -0.00136347 0.00587705 0.0220382 0.00696547 0.00405919 0.00779333 0.0238875 -0.00336647 0.0234479 -0.00217512 -0.00868271 0.00844245 0.0117425 0.00668325 0.00704899 0.00293789 0.0026549 0.000789983 0.00965254 0.0114976 0.0107786 -0.00270806 -0.00709047 -0.0025793 -0.0167609 -0.00261877 -0.00246737 0.00614267 0.009096 0.0114426 0.00911142 -0.00334832 0.00142556 0.00538867 0.00264038 -0.00534032 -0.0152529 -0.0200969 0.00537587 -0.026654 -0.000641458 0.00774101 0.0128205 0.00791366 -0.00595727 0.0218973
internal_weight=1.46868e+06 107352 1.36132e+06 77834 29518 77378 224938 1.13639e+06 120455 979145 21231 891702 49171 157241 24725 104483 857142 266178 590964 431176 159788 84724 28207 204902 189146 81139 43457 61276 101112 131631 8287 42525 38422 18251 979 87443 36919 35297 329494 34560 132516 15433 13729 28016 3046 1843 3585 62690 13557 49133 7897 21479 5072 2909 16407 16142 2345 146621 46553 85078 12429 41077 9156 21495 21962 3246 19759 11990 40468 34813 8283 5772 2511 5655 476 882 30920 29010 21394 55332 35824 7707 1488 918 32111 46924 119 3058 17272 28157 1629 42943 12748 6695 30195 59837 13313 3981 564 24970 23393 26530 7199 4631 990 6986 16635 14960 21179 12986 9685 28117 20199 7357 37682 17526 1655 3127 8193 343 148 7621 3568 2893 1535 7117
internal_count=1468676 107352 1361324 77834 29518 77378 224938 1136386 120455 979145 21231 891702 49171 157241 24725 104483 857142 266178 590964 431176 159788 84724 28207 204902 189146 81139 43457 61276 101112 131631 8287 42525 38422 18251 979 87443 36919 35297 329494 34560 132516 15433 13729 28016 3046 1843 3585 62690 13557 49133 7897 21479 5072 2909 16407 16142 2345 146621 46553 85078 12429 41077 9156 21495 21962 3246 19759 11990 40468 34813 8283 5772 2511 5655 476 882 30920 29010 21394 55332 35824 7707 1488 918 32111 46924 119 3058 17272 28157 1629 42943 12748 6695 30195 59837 13313 3981 564 24970 23393 26530 7199 4631 990 6986 16635 14960 21179 12986 9685 28117 20199 7357 37682 17526 1655 3127 8193 343 148 7621 3568 2893 1535 7117
is_linear=0
shrinkage=0.05


Tree=48
num_leaves=127
num_cat=0
split_feature=2 8 4 25 25 15 31 25 8 25 27 27 27 32 8 35 31 38 22 27 8 25 26 23 29 32 27 59 34 25 46 12 59 37 31 34 59 27 25 28 27 32 59 15 42 29 25 15 25 59 51 47 34 26 39 4 28 21 12 59 25 24 47 59 22 29 25 2 35 42 29 24 23 25 42 25 28 46 25 29 47 34 27 28 21 34 41 39 47 26 25 59 34 29 32 28 35 46 34 58 37 38 25 40 27 25 25 38 37 24 59 51 12 39 25 15 25 35 26 35 27 29 35 1 25 26
split_gain=7810.22 1628.17 1620.14 583.062 442.006 414.34 305.238 426.4 326.828 542.424 281.823 281.775 315.791 281.014 277.645 268.867 233.397 246.15 259.922 226.857 466.592 412.913 276.446 234.712 207.909 206.834 206.223 205.002 202.273 200.881 193.172 192.185 179.502 170.2 156.152 153.172 152.983 146.186 139.945 137.524 174.68 202.441 123.368 120.693 115.932 115.437 114.291 273.143 162.793 112.486 112.417 112.057 138.274 119.748 107.314 105.755 105.434 105.335 102.908 100.755 100.7 100.559 99.0394 96.9715 95.7437 94.1351 225.695 93.9476 93.2926 92.9383 92.2526 91.603 89.773 101.623 110.64 119.215 111.343 131.413 118.735 90.4052 89.191 88.9324 88.6967 88.5898 87.7648 87.6151 87.5597 97.8902 139.279 86.581 86.2356 100.31 84.8412 84.7214 84.3784 83.8874 162.194 137.957 110.996 82.7898 81.9955 80.0354 78.8191 78.4044 83.6626 119.849 78.3438 77.7335 79.048 78.5627 77.4602 76.7845 79.4948 76.6883 87.4427 76.4691 134.654 205.348 110.289 567.674 375.052 364.107 153.794 140.612 105.863 75.794
threshold=9.5000000000000018 1.151785731315613 10.500000000000002 6.5000000000000009 3015.5000000000005 162.50000000000003 1228.5000000000002 327.50000000000006 0.026785715483129028 76.500000000000014 1716.5000000000002 579.50000000000011 159.50000000000003 7958.0000000000009 2.8839285373687749 1873.5000000000002 752.50000000000011 25.500000000000004 168999.88281250003 1716.5000000000002 0.026785715483129028 327.50000000000006 53.500000000000007 0.97110781073570263 396.50000000000006 4131.5000000000009 3950.0000000000005 4864.5000000000009 1283.5000000000002 1675.0000000000002 243.50000000000003 11.500000000000002 4981.5000000000009 227.50000000000003 3277.5000000000005 1691.5000000000002 4752.5000000000009 2400.5000000000005 37.500000000000007 470.50000000000006 1716.5000000000002 6555.0000000000009 4793.5000000000009 33.500000000000007 275.50000000000006 141.50000000000003 21.500000000000004 10.500000000000002 76.500000000000014 3952.5000000000005 0.39999994635581976 0.18746361136436465 705.50000000000011 984.50000000000011 81.500000000000014 28.500000000000004 86.500000000000014 304999.78125000006 11.500000000000002 4912.5000000000009 148.50000000000003 64507.535156250007 2.9999978542327885 4981.5000000000009 128999.90625000001 141.50000000000003 15.500000000000002 2.5000000000000004 1931.0000000000002 124.50000000000001 820.50000000000011 25004.414062500004 0.92387348413467418 517.50000000000011 41.500000000000007 1005.5000000000001 822.50000000000011 184.50000000000003 793.50000000000011 811.50000000000011 1.137960731983185 1071.5000000000002 18488.500000000004 806.50000000000011 104299.92578125001 952.00000000000011 721.50000000000011 76.500000000000014 0.52329766750335704 2660.5000000000005 10.500000000000002 3241.5000000000005 1974.5000000000002 480.50000000000006 6852.0000000000009 148.50000000000003 2413.0000000000005 326.50000000000006 1237.0000000000002 336.50000000000006 118.50000000000001 9.5000000000000018 517.50000000000011 67.500000000000014 14650.000000000002 1233.5000000000002 21.500000000000004 84.500000000000014 105.50000000000001 47008.097656250007 4981.5000000000009 0.49999982118606573 6.5000000000000009 193.50000000000003 4542.0000000000009 74.500000000000014 91.500000000000014 1904.5000000000002 206.50000000000003 2413.0000000000005 686.50000000000011 365.50000000000006 2413.0000000000005 1.0000000180025095e-35 60.500000000000007 351.50000000000006
decision_type=2 2 2 2 2 2 2 2 2 2 2 2 2 2 2 2 2 2 2 2 2 2 2 2 2 2 2 2 2 2 2 2 2 2 2 2 2 2 2 2 2 2 2 2 2 2 2 2 2 2 2 2 2 2 2 2 2 2 2 2 2 2 2 2 2 2 2 2 2 2 2 2 2 2 2 2 2 2 2 2 2 2 2 2 2 2 2 2 2 2 2 2 2 2 2 2 2 2 2 2 2 2 2 2 2 2 2 2 2 2 2 2 2 2 2 2 2 2 2 2 2 2 2 2 2 2
left_child=2 4 5 55 13 6 19 8 11 30 45 12 38 33 111 51 28 34 94 20 22 37 -1 99 49 -22 -9 54 100 70 35 36 83 64 42 68 71 -21 -8 40 41 -13 44 -42 50 -7 47 67 -48 62 72 52 -12 -53 93 -4 -49 -35 -15 -47 69 -29 -11 85 107 66 -37 -27 -10 115 -25 -6 90 79 75 89 77 84 -78 -74 -55 -54 -31 -28 -76 -39 87 106 -89 -75 -18 -92 -26 -24 -19 96 97 -17 -99 -23 -5 -52 -36 104 -80 -106 -44 108 109 -2 -45 112 -3 -73 -115 118 -117 -118 119 120 -43 -121 125 124 -122 -120
right_child=1 14 3 16 31 10 7 26 9 24 15 39 -14 58 -16 95 17 18 -20 21 25 23 27 29 92 46 32 61 -30 82 -32 -33 -34 57 102 65 -38 63 -40 -41 43 60 86 110 -46 59 48 56 -50 -51 101 53 81 80 -56 -57 -58 -59 -60 -61 -62 -63 -64 -65 -66 -67 -68 -69 -70 -71 -72 113 73 74 76 -77 78 -79 103 -81 -82 -83 -84 -85 -86 -87 -88 88 -90 -91 91 -93 -94 -95 -96 -97 -98 98 -100 -101 -102 -103 -104 -105 105 -107 -108 -109 -110 -111 -112 -113 -114 114 -116 116 117 -119 122 121 123 -123 -124 -125 -126 -127
leaf_value=0 0.013388264494862467 0.028020464049238969 -0.00086480676730730621 0.0026225034635308678 0.0019409949861353582 0 0 0.014433409179192747 -3.4199433072842665e-06 0.0068990214855750081 0 0 0 0.011613666252360223 0.059133391819598452 6.7349413160016773e-05 0.031703808286335622 0.012813009656186836 0.0066180811529227279 0 0 0 0 0.0071246891002992585 0.0022011324604086584 5.411233622329145e-05 0.0054751778524720438 0.011022419918641547 -0.0030864254371514009 0.026941916606193675 -0.0017884947293379935 0.023882378417367203 0.020471546918105377 -0.0073377824407357961 0.0090920482230336334 0 0.028995663845538068 0 0.017320983217038885 0.0047195824308728929 0.0050913081864299714 0 -0.006593948780432065 -3.3614480656683428e-06 -0.0076540578213175059 0 -0.00020824751013815828 0 -0.00023866139529483835 0.015139361529654068 0.011305681888882292 0 -1.1258509845738914e-11 0 0 -6.9984047343747181e-05 6.3457396043710521e-05 0.0062081695034270417 0.013266497369874154 1.8641880176817972e-05 0.020437164891057444 -0.00040511908262997817 -0.0047231349102976909 -0.0017095984840774792 0.010694247596983942 0 0.020377629310831823 -4.7879690329804002e-05 0 -0.0025780335751573111 0.0028633246333181514 0.039939674433445677 0.0073010319196658013 0.019836873672234513 -0.00033286124801013006 0.024117571012168826 -0.0061040450480073895 0.008531118457606136 0.010564743412651135 0.0026771097865103512 -4.6065574822907843e-09 3.314774856953941e-05 0.013525958084762991 0.010450268743468522 -0.060905411032202331 0.001676306656879051 0.047015647867216438 0.0051195872882188803 0.037127466736243134 0.0070083759810393833 0.0057935913159204103 -0.0041704746019201157 0.0073166639019850103 0 0.017966436559379729 -0.00025598686798040634 -0.00051762818024989781 9.1322677122266258e-06 -5.1492384365602119e-05 0 0.0082174289603782601 0.023735953275881318 0.014827599163378542 -0.0032794044816275682 -0.0010991604917843622 0.0064583437162339221 0.020038408129338093 -0.012751209532048953 0.017876931900688842 0.0037365238150584459 -0.0018725780005656577 0.0080669116479439983 0.025966443594858637 0.0095822052308311544 0.035301373895272561 0 0.00014058215781775988 -0.00037376768358459296 -0.00059963899539018347 1.040308872897207e-10 1.9390892522631579e-05 -0.00038805591487054531 0.015801001857479926 -0.00087373249124966476 -0.0004783760842725672 -0.00056863678374150255
leaf_weight=73121 7738 4824 537 14207 843 103405 93239 4740 5242 9449 1897 18538 113921 19911 4858 226 210 10027 18011 38341 16056 36709 75802 17987 78136 660 62444 1392 428 815 360 2761 1700 1796 8375 4763 3065 65674 1273 13652 10190 1748 51 24146 911 28759 5251 1923 4999 4995 1552 5249 2311 11127 4001 441 294 1652 5009 373 1137 2704 313 727 7505 12189 4157 94 26489 208 71988 781 14681 1064 1227 1612 1373 22733 1950 17480 569 290 4167 5792 115 33221 293 3948 285 6463 6355 2707 6025 25681 4612 2616 159 101 176 36149 5488 835 2602 1062 3194 4554 2505 390 1473 6340 263 398 5584 4178 3036 13397 201 2692 6215 1283 1622 2011 9781 197 88 6761
leaf_count=73121 7738 4824 537 14207 843 103405 93239 4740 5242 9449 1897 18538 113921 19911 4858 226 210 10027 18011 38341 16056 36709 75802 17987 78136 660 62444 1392 428 815 360 2761 1700 1796 8375 4763 3065 65674 1273 13652 10190 1748 51 24146 911 28759 5251 1923 4999 4995 1552 5249 2311 11127 4001 441 294 1652 5009 373 1137 2704 313 727 7505 12189 4157 94 26489 208 71988 781 14681 1064 1227 1612 1373 22733 1950 17480 569 290 4167 5792 115 33221 293 3948 285 6463 6355 2707 6025 25681 4612 2616 159 101 176 36149 5488 835 2602 1062 3194 4554 2505 390 1473 6340 263 398 5584 4178 3036 13397 201 2692 6215 1283 1622 2011 9781 197 88 6761
internal_value=0.0053357 0.020316 0.00444805 0.00914888 0.0168987 0.00382649 0.00417959 0.00500056 0.00444803 0.00253747 0.00143042 0.00534902 0.00644257 0.0147295 0.0348182 -0.00347052 0.00938285 0.0101028 0.0139079 0.0033085 0.00456554 0.00243705 0.00550459 0.004103 0.00472709 -0.00129436 0.0085127 0.0070934 0.0043455 0.00574096 -0.00153374 0.024563 0.0078285 0.0111844 0.00895387 -0.00128491 0.0218048 0.000410581 0.00430574 0.00335183 0.00271198 0.00422281 0.00831509 -0.0001646 0.00781538 0.00234459 -0.00592576 0.00270775 -0.0084287 0.0102015 0.00799673 -0.00143146 -0.0084469 0.000430508 0.00751957 -0.0293375 -0.00613188 0.000810591 0.0185551 0.00512476 0.00248822 -0.00388052 0.00707788 0.00142032 0.0127098 0.00201548 0.00591866 0.0287031 -0.00348065 0.00212633 0.00519972 0.0184649 0.00770217 0.00825843 0.00978332 0.0147 0.00854215 0.0105107 0.00463567 0.00610816 -0.00238498 -0.0159336 0.0155145 0.00742855 -0.00469041 0.00155412 0.0146701 0.0135136 0.00884576 0.0120558 0.00305163 0.00231679 0.00376712 0.00783623 0.0188567 -0.016807 -0.000898656 0.0130093 -0.0106279 0.00196814 0.00508477 0.0187026 0.0146072 0.00640282 0.00781545 0.00548457 0.0212413 0.0105165 0.0110696 0.00991576 -0.00207279 0.0303528 0.0311772 0.0201179 0.0185047 0.00227726 0.00503036 -0.00475096 0.000767351 0.00628067 0.0198476 -0.00877174 -0.000915978 0.0351817 0.0397901 -0.00448478
internal_weight=1.4684e+06 82142 1.38626e+06 161888 66478 1.22437e+06 1.06711e+06 549357 474681 152118 157258 322563 208433 51814 15664 24721 160910 140787 32650 517756 211978 305778 182701 167815 98918 29277 74676 109580 20123 94957 53200 14664 69936 26894 108137 52840 11903 137963 94512 114130 100478 65879 97160 34599 90078 132537 13221 2971 10250 14757 89167 21443 4498 16945 105484 978 2217 3448 24920 29132 47341 4096 9762 99622 23446 21109 8920 754 31731 46204 89975 8838 86780 77508 45347 9139 36208 24075 12133 32161 11696 2601 4982 68236 1342 98895 7082 6789 4233 7527 9272 9062 84161 101483 14639 3278 662 503 277 72858 19695 2387 10977 10760 9698 7748 2556 15941 15551 14078 24409 10806 10408 7995 7214 45996 16290 2893 29706 6949 3655 3294 22757 1907 1710 12976
internal_count=1468401 82142 1386259 161888 66478 1224371 1067113 549357 474681 152118 157258 322563 208433 51814 15664 24721 160910 140787 32650 517756 211978 305778 182701 167815 98918 29277 74676 109580 20123 94957 53200 14664 69936 26894 108137 52840 11903 137963 94512 114130 100478 65879 97160 34599 90078 132537 13221 2971 10250 14757 89167 21443 4498 16945 105484 978 2217 3448 24920 29132 47341 4096 9762 99622 23446 21109 8920 754 31731 46204 89975 8838 86780 77508 45347 9139 36208 24075 12133 32161 11696 2601 4982 68236 1342 98895 7082 6789 4233 7527 9272 9062 84161 101483 14639 3278 662 503 277 72858 19695 2387 10977 10760 9698 7748 2556 15941 15551 14078 24409 10806 10408 7995 7214 45996 16290 2893 29706 6949 3655 3294 22757 1907 1710 12976
is_linear=0
shrinkage=0.05


Tree=49
num_leaves=127
num_cat=0
split_feature=2 9 3 25 9 22 25 29 25 28 31 25 20 35 9 29 32 31 38 22 30 35 35 29 26 26 3 14 32 28 12 25 13 13 25 31 29 26 47 37 50 34 34 3 25 29 29 25 39 46 25 30 23 16 9 35 31 34 25 25 9 31 22 25 30 34 11 51 31 34 47 42 30 28 47 37 31 39 19 39 22 12 28 22 32 30 42 28 30 30 42 25 12 37 50 38 41 37 51 44 29 34 28 41 29 28 35 46 32 34 29 37 22 21 30 14 25 29 25 31 25 14 30 31 29 44
split_gain=7279.45 1516.99 1417.09 547.714 332.922 328.162 386.369 330.915 325.194 284.858 301.593 354.858 420.456 281.886 626.531 318.29 258.979 244.959 232.908 312.715 193.218 180.129 178.215 173.527 167.701 156.482 594.751 314.22 207.079 155.643 155.458 146.601 251.338 236.338 162.226 146.007 144.879 144.837 145.084 144.359 170.969 138.497 136.19 133.776 399.042 186.283 149.904 132.952 148.775 128.207 125.139 123.671 129.579 121.067 118.226 116.955 115.23 162.491 119.868 110.09 109.781 109.376 98.3246 98.2395 159.611 139.148 96.9751 94.3569 93.3555 92.9948 95.9269 166.588 90.9777 111.24 92.2018 89.2425 86.3141 86.2135 85.2694 85.1384 84.9707 83.6531 82.6355 80.7031 79.7993 79.4277 78.1728 78.1578 77.4659 77.4177 83.2294 79.5939 76.039 75.4958 166.827 107.148 82.6645 74.5719 76.6404 74.0922 73.9529 72.159 71.9004 71.6207 71.188 77.3606 175.397 142.778 113.902 112.148 76.1786 70.8776 70.7466 70.6469 70.6242 70.4352 70.3531 78.3759 70.2455 69.3463 69.2806 69.2671 69.1156 68.8821 66.5917 65.5815
threshold=10.500000000000002 0.11666666716337205 57.500000000000007 8.5000000000000018 2.5944443941116337 24666.662109375004 91.500000000000014 104.50000000000001 3015.5000000000005 898.50000000000011 1228.5000000000002 327.50000000000006 160303.84375000003 1873.5000000000002 1.0000000180025095e-35 785.50000000000011 9198.5000000000018 412.00000000000006 26.500000000000004 168999.88281250003 0.33786812424659735 2924.0000000000005 2413.0000000000005 365.50000000000006 435.00000000000006 517.50000000000011 1.5000000000000002 2.5000000000000004 4131.5000000000009 607.50000000000011 10.500000000000002 21.500000000000004 1.5000000000000002 1.5000000000000002 69.500000000000014 993.00000000000011 128.50000000000003 556.50000000000011 0.18746361136436465 227.50000000000003 0.27808307111263281 1120.0000000000002 840.00000000000011 1.5000000000000002 76.500000000000014 265.00000000000006 141.50000000000003 12.500000000000002 81.500000000000014 243.50000000000003 201.50000000000003 0.43456299602985388 0.92387348413467418 1.5924479365348818 0.038888890296220786 1954.0000000000002 1228.5000000000002 705.50000000000011 188.50000000000003 491.50000000000006 0.31666667759418493 1.0000000180025095e-35 128999.90625000001 30.500000000000004 0.47697626054286962 1725.5000000000002 0.40931981564896242 0.49999982118606573 2669.0000000000005 2029.5000000000002 0.69085898995399486 8.5000000000000018 0.40163776278495794 170.50000000000003 0.055967552587389953 79.500000000000014 538.50000000000011 434.50000000000006 947150.43750000012 1.5000000000000002 445914.67187500006 15.500000000000002 86.500000000000014 821666.50000000012 5972.5000000000009 0.55949327349662792 190.50000000000003 470.50000000000006 0.43456299602985388 0.47697626054286962 4.5000000000000009 517.50000000000011 11.500000000000002 6.5000000000000009 0.19034679234027865 1.5000000000000002 42.500000000000007 105.50000000000001 0.1346254497766495 430.50000000000006 785.50000000000011 966.00000000000011 208.00000000000003 1711.0000000000002 660.50000000000011 148.50000000000003 2413.0000000000005 326.50000000000006 6555.0000000000009 1237.0000000000002 455.50000000000006 122.50000000000001 74415.476562500015 304999.78125000006 0.28924794495105749 4.5000000000000009 517.50000000000011 638.50000000000011 69.500000000000014 1190.0000000000002 286.50000000000006 3.5000000000000004 0.28277708590030676 1.0000000180025095e-35 924.50000000000011 8.5000000000000018
decision_type=2 2 2 2 2 2 2 2 2 2 2 2 2 2 2 2 2 2 2 2 2 2 2 2 2 2 2 2 2 2 2 2 2 2 2 2 2 2 2 2 2 2 2 2 2 2 2 2 2 2 2 2 2 2 2 2 2 2 2 2 2 2 2 2 2 2 2 2 2 2 2 2 2 2 2 2 2 2 2 2 2 2 2 2 2 2 2 2 2 2 2 2 2 2 2 2 2 2 2 2 2 2 2 2 2 2 2 2 2 2 2 2 2 2 2 2 2 2 2 2 2 2 2 2 2 2
left_child=1 5 8 60 67 6 7 -1 16 10 21 12 23 37 15 89 39 42 22 35 -13 25 51 36 -23 26 47 29 54 85 84 32 -30 118 55 -20 63 41 56 62 -41 -8 123 80 46 79 -45 -7 -49 72 78 52 100 82 -28 -35 57 -39 -59 122 -3 -31 77 64 -12 -66 -54 81 93 70 -47 -72 74 -74 -48 -11 -52 97 101 -46 -14 103 -34 -77 -10 -27 -53 -25 -16 91 -91 104 -18 -22 96 -96 -95 98 -2 -38 114 -29 120 119 105 106 107 -15 110 -109 -107 -32 -76 -113 -19 -78 117 -117 -33 -4 -40 -84 -24 -5 -68 -75
right_child=2 3 4 17 -6 9 13 -9 30 75 11 20 43 14 88 -17 92 18 19 -21 68 24 59 87 -26 27 28 50 31 61 111 33 53 34 -36 -37 99 38 102 40 -42 -43 -44 44 45 69 49 48 -50 -51 76 86 66 -55 -56 -57 -58 58 -60 -61 -62 -63 -64 -65 65 -67 124 -69 -70 -71 71 -73 73 125 112 83 115 -79 -80 -81 -82 -83 121 -85 -86 -87 -88 -89 -90 90 -92 -93 -94 94 95 -97 -98 -99 -100 -101 -102 -103 -104 -105 -106 108 -108 109 -110 -111 -112 113 -114 -115 -116 116 -118 -119 -120 -121 -122 -123 -124 -125 -126 -127
leaf_value=0 0.029879059524871021 -0.00072577257976429849 0.019020331896725008 -0.007172474252782739 0.05460392321753374 0 0 0 0.016858289331239864 0.0020359662312260606 0 0.0053342418535945683 0 9.5990637197128809e-05 0.0036475968457078678 0.0049078452969549269 0.011753719286686226 -0.0074640371918203276 0.010635309607765375 0.0056398282020667656 0.017084152495757541 0 0.004035216508884493 0 -0.0054046078663301982 -2.7940837460375024e-09 0 -0.00091470379163531882 -1.9354473228277664e-06 -0.00067467196911543531 0.0124018569861317 6.2553047060089572e-05 0 -0.00023319071853894645 -0.00055542566085348729 0.016002554871575942 0 0 0 -0.0050823828753700957 0.01037031056787794 7.4348680441138859e-05 -0.0040049781494978856 0 -0.00017602334575774761 0.0026203814217937941 -3.8479662581552019e-08 0 0 -0.0015438922619723325 0.00081336772257557539 0.01707689680261169 0.0037072976906010859 4.6557239802397776e-05 -0.00079617746562443855 5.5864307179293787e-05 1.8545255133675233e-05 -1.069558435345197e-11 -1.069558435345197e-11 0.010158965142801697 -6.6484844976559827e-05 0.0027502154429093653 0.010156914417816833 0.018505659628187773 -0.001426140898750077 0.027135458860105845 0.0068605054170463586 0.0061576913045530597 0.02131071451845298 0.0085596072986029673 0.005504536807327088 -0.011780929233805743 -0.0001581459551166337 -0.0002803566006308853 0.015432527196163576 0.020332870655802845 0.0032180946802906315 -0.016467718506623385 0.016034381404414808 0.02152443674770017 0 0.021739167570139963 0.00010361887076452899 -0.021090945701044528 0.02525330461627542 0.0082024464028826911 -0.006146758474068148 0.0049813332591817196 0.015636653586158834 0.048848729799505788 -0.00047304181504592409 -0.00048626509775881715 0.013094237671060405 -0.04798556031172415 -0.0044812357459112469 0.01122322204706765 -0.0029967465424347531 0.017465203871450174 0.0068344454985794778 0.038095279344690418 0.0041277723123236687 0.0042034741114583499 0 0.036296917253271513 -0.00032272064065510002 -0.00046307008395076344 -0.00067004768637676825 8.6756543266152944e-06 -0.00029810181648638485 -4.8917765147322013e-05 -0.00032313870454227494 0.033333013773174817 0 0.0083437866286597776 0.003782583516079574 0.010800684364123679 0.004594652959576939 0.0011407629122876324 -5.1773675601345952e-05 0.022701569328702001 -3.420630968965208e-06 -0.0014190112976270057 0.0076424901862878983 0.0046631675463215455 -0.0062361127019550273 -0.00112407360911369
leaf_weight=162234 1375 552 2558 100 5307 43273 12228 113201 6490 757 26702 48241 102162 269 10081 1661 13114 1606 8805 23062 2478 859 6990 29038 436 71045 12151 9297 432 452 1253 534 1833 3347 4314 10692 49363 4473 1346 2166 1119 643 570 15634 611 76737 8015 73513 3304 363 13435 2494 30770 359 3199 546 1488 3819 4509 16514 445 38044 6919 2577 2817 979 41931 488 1847 4463 1621 1551 3512 495 2018 2554 51116 377 1201 2476 9177 2279 273 143 2849 3617 335 6491 471 129 687 549 3960 149 900 12373 673 1418 12034 162 6995 7044 57616 1971 3136 1173 185 105 5525 177 1684 1610 18369 305 1246 1586 29389 24842 484 5594 476 56 15556 1219 449 1245
leaf_count=162234 1375 552 2558 100 5307 43273 12228 113201 6490 757 26702 48241 102162 269 10081 1661 13114 1606 8805 23062 2478 859 6990 29038 436 71045 12151 9297 432 452 1253 534 1833 3347 4314 10692 49363 4473 1346 2166 1119 643 570 15634 611 76737 8015 73513 3304 363 13435 2494 30770 359 3199 546 1488 3819 4509 16514 445 38044 6919 2577 2817 979 41931 488 1847 4463 1621 1551 3512 495 2018 2554 51116 377 1201 2476 9177 2279 273 143 2849 3617 335 6491 471 129 687 549 3960 149 900 12373 673 1418 12034 162 6995 7044 57616 1971 3136 1173 185 105 5525 177 1684 1610 18369 305 1246 1586 29389 24842 484 5594 476 56 15556 1219 449 1245
internal_value=0.00520664 0.00440016 0.0205776 0.00882132 0.0326725 0.00378518 0.00258297 0.00359121 0.016575 0.00434249 0.00428308 0.00519712 0.00458687 0.000112915 -0.00447099 -0.010942 0.0144883 0.00903891 0.00924091 0.0124355 0.00855289 0.00329302 0.00815219 0.00704268 -0.0153231 0.0033535 0.0046454 0.0025939 -0.00198325 0.000641094 0.0236622 -0.00685205 0.00284278 -0.00995599 -0.0127749 0.0170972 0.00829957 0.00148034 0.000625889 0.0112875 0.00150528 0.00637436 -0.00886401 0.00341919 0.0023736 0.004406 -0.00120632 0.00616491 0.00741365 -0.0030689 0.00419618 0.0068778 0.00652728 0.00888303 0.00187914 -0.0201754 -0.00389773 -0.00542883 -0.0095574 0.0109522 -0.0281266 0.00322357 0.0127399 0.00573679 0.00494441 -0.00464819 0.00725214 0.0283314 0.0129095 0.00396452 0.00357212 -0.00494783 -0.00274989 -0.00879553 -0.00163175 0.018672 0.00477116 0.0104903 0.00025054 0.0164701 0.00470675 0.0291801 0.00441469 0.0229302 0.0204136 -0.000690377 0.0171592 0.00412043 0.00489902 -0.0134623 0.00146428 -0.0144141 0.0192511 0.0117205 0.0103046 0.0116585 -0.0115497 0.0110908 0.00993691 0.010011 0.00114196 -0.000694262 0.00171346 0.0272293 -0.0135787 -0.0158141 -0.00026491 0.0138723 -0.0171789 -0.0109713 -0.0252861 0.033236 0.000154264 0.0392904 -0.00564321 0.00524576 0.0040175 0.00214525 0.012764 0.0251585 -0.00806487 0.027484 0.00867977 -3.41142e-05 0.00880354 -0.019134
internal_weight=1.46806e+06 1.39487e+06 73186 170331 18197 1.22454e+06 387865 275435 54989 836674 833220 433239 366578 112430 25832 15280 42482 169334 167445 42559 66661 399981 124886 118129 1295 398686 147618 251068 27528 113158 12507 12178 2953 9225 8207 19497 82600 86598 73727 25408 3285 12871 1889 248449 137110 87459 49651 120090 76817 34017 137910 85826 82997 2521 15350 3893 14289 12801 8328 39060 997 38496 22123 33075 30498 3796 73150 12890 18420 84372 79909 3172 33654 5252 28402 3454 120368 15204 17542 3087 111339 12402 2162 2697 9339 74662 2829 35529 10552 13619 816 12803 17074 16573 14095 13273 822 14827 13409 49525 9847 16341 59438 10123 12254 9118 736 551 8382 282 2857 3168 20387 1915 2852 106933 55817 26428 1018 8152 1822 329 22546 1319 42380 1740
internal_count=1468056 1394870 73186 170331 18197 1224539 387865 275435 54989 836674 833220 433239 366578 112430 25832 15280 42482 169334 167445 42559 66661 399981 124886 118129 1295 398686 147618 251068 27528 113158 12507 12178 2953 9225 8207 19497 82600 86598 73727 25408 3285 12871 1889 248449 137110 87459 49651 120090 76817 34017 137910 85826 82997 2521 15350 3893 14289 12801 8328 39060 997 38496 22123 33075 30498 3796 73150 12890 18420 84372 79909 3172 33654 5252 28402 3454 120368 15204 17542 3087 111339 12402 2162 2697 9339 74662 2829 35529 10552 13619 816 12803 17074 16573 14095 13273 822 14827 13409 49525 9847 16341 59438 10123 12254 9118 736 551 8382 282 2857 3168 20387 1915 2852 106933 55817 26428 1018 8152 1822 329 22546 1319 42380 1740
is_linear=0
shrinkage=0.05


Tree=50
num_leaves=127
num_cat=0
split_feature=2 2 3 38 28 4 27 35 26 29 32 27 3 28 26 20 29 46 34 27 29 4 29 37 24 32 12 37 32 33 34 50 4 27 28 32 39 26 29 30 38 24 20 26 51 30 42 27 27 30 14 34 26 4 1 27 27 30 23 26 26 21 26 30 33 46 44 26 28 38 21 34 26 3 34 20 33 28 30 34 44 38 30 28 30 40 40 23 29 37 30 26 50 28 34 30 26 29 29 27 30 30 33 14 29 26 4 30 44 51 37 28 30 26 46 42 29 28 24 34 26 34 24 50 37 26
split_gain=6515.54 1634.05 1170.62 330.693 311.858 290.178 559.886 349.726 310.99 307.851 292.31 337.308 645.627 440.591 314.408 280.053 279.819 248.028 244.217 233.197 218.766 217.256 205.191 198.958 191.575 188.662 188.509 179.17 175.234 174.749 169.337 163.411 162.298 161.053 156.488 193.123 150.386 142.606 172.418 169.625 142.09 147.416 135.829 134.514 130.551 126.285 182.587 121.745 120.931 117.075 113.764 189.95 281.385 327.106 234.84 185.153 370.885 112.942 116.362 110.72 100.655 99.3653 97.3617 166.152 148.586 103.322 95.2193 94.2449 91.249 90.8965 90.6162 95.0899 267.729 144.958 109.472 91.4108 89.5687 88.7402 88.6831 87.9233 87.7417 121.697 87.7081 86.9623 86.5257 215.442 157.655 112.229 106.659 101.835 86.0403 85.9557 85.4276 81.8565 81.6977 81.6617 80.9504 114.116 87.4246 79.7973 78.5584 115.775 77.835 77.2708 75.5055 75.056 75.0406 74.3188 73.9419 73.6983 73.6484 103.245 81.5992 73.3669 107.203 128.977 96.6198 93.8991 73.318 73.1843 121.984 93.4126 81.3658 108.443 72.7388 72.193
threshold=12.500000000000002 3.5000000000000004 82.500000000000014 13.500000000000002 913.50000000000011 1.0000000180025095e-35 1716.5000000000002 1873.5000000000002 1.0000000180025095e-35 104.50000000000001 5832.0000000000009 1716.5000000000002 1.5000000000000002 516.50000000000011 2265.0000000000005 160303.84375000003 785.50000000000011 184.50000000000003 727.00000000000011 345.50000000000006 919.50000000000011 299.50000000000006 365.50000000000006 122.50000000000001 325003.00000000006 4131.5000000000009 13.500000000000002 227.50000000000003 5832.0000000000009 38813.500000000007 1776.5000000000002 0.28244663774967199 28.500000000000004 207.50000000000003 658.50000000000011 1.0000000180025095e-35 81.500000000000014 609.00000000000011 214.50000000000003 0.10344827547669412 25.500000000000004 179003.29687500003 5493299.2500000009 13015.500000000002 0.28585138916969305 0.55949327349662792 14.500000000000002 2400.5000000000005 16282.500000000002 0.32757042348384863 3.5000000000000004 705.50000000000011 1039.5000000000002 2.5000000000000004 1.0000000180025095e-35 2400.5000000000005 2036.5000000000002 0.43456299602985388 0.93553286790847789 884.00000000000011 7130.5000000000009 319515.65625000006 517.50000000000011 0.47697626054286962 13843.500000000002 81.500000000000014 1000.5000000000001 435.00000000000006 298.50000000000006 9.5000000000000018 70044.109375000015 1974.5000000000002 63.500000000000007 2.5000000000000004 2219.0000000000005 1145045.1250000002 38813.500000000007 857.00000000000011 0.2767071425914765 1613.5000000000002 34.500000000000007 1.5000000000000002 0.21125950664281848 9.5000000000000018 0.43456299602985388 27.500000000000004 25.500000000000004 0.92387348413467418 859.50000000000011 35.500000000000007 0.86991125345230114 435.00000000000006 0.26555858552455908 913.50000000000011 1205.0000000000002 0.30936250090599066 1128.5000000000002 571.50000000000011 919.50000000000011 2635.5000000000005 0.16946976631879809 0.21125950664281848 11807.500000000002 1.5000000000000002 798.50000000000011 13015.500000000002 44.500000000000007 0.26664297282695776 130.50000000000003 0.29791575670242315 122.50000000000001 913.50000000000011 0.47697626054286962 2470.0000000000005 260.00000000000006 115.50000000000001 908.50000000000011 839.50000000000011 304242.28125000006 1120.0000000000002 984.50000000000011 705.50000000000011 455100.00000000006 0.20398256927728656 11.500000000000002 1128.5000000000002
decision_type=2 2 2 2 2 2 2 2 2 2 2 2 2 2 2 2 2 2 2 2 2 2 2 2 2 2 2 2 2 2 2 2 2 2 2 2 2 2 2 2 2 2 2 2 2 2 2 2 2 2 2 2 2 2 2 2 2 2 2 2 2 2 2 2 2 2 2 2 2 2 2 2 2 2 2 2 2 2 2 2 2 2 2 2 2 2 2 2 2 2 2 2 2 2 2 2 2 2 2 2 2 2 2 2 2 2 2 2 2 2 2 2 2 2 2 2 2 2 2 2 2 2 2 2 2 2
left_child=1 5 4 30 20 6 9 119 32 -1 11 12 19 50 15 22 67 -5 34 -10 26 -4 33 95 -25 -14 27 57 43 40 42 61 -7 -12 -15 103 62 38 70 -39 99 -42 84 66 78 47 -47 83 60 100 51 52 53 54 55 56 107 58 -2 -57 79 -29 -21 64 65 -64 76 -9 -49 80 -17 73 74 -72 -73 -75 93 -59 -22 104 -51 -82 -16 -40 87 86 89 -3 -88 91 -35 -86 -80 -19 -46 -6 -89 -98 113 -20 -41 -102 -101 -36 -30 -26 -60 -13 -44 -85 -45 112 -112 -99 117 116 -116 -115 -58 121 -121 -8 -123 -124 -24 -87
right_child=2 3 21 17 23 8 7 16 10 -11 14 13 25 18 82 37 -18 28 29 36 44 -23 124 24 105 -27 -28 31 48 -31 -32 -33 -34 90 35 -37 -38 39 45 49 41 -43 108 110 94 46 -48 68 -50 69 -52 -53 -54 -55 -56 59 118 77 106 -61 -62 -63 63 -65 -66 -67 -68 -69 -70 -71 71 72 -74 75 -76 -77 -78 -79 92 -81 81 -83 -84 109 85 125 88 96 -90 -91 -92 -93 -94 -95 -96 -97 97 98 -100 102 101 -103 -104 -105 -106 -107 -108 -109 -110 -111 111 -113 -114 114 115 -117 -118 -119 -120 120 -122 122 123 -125 -126 -127
leaf_value=0 0.0022311183140523161 -0.0022760353557166437 0.027233467128183309 0.027195283523548476 0.014963211650990682 0 0 0.00017985522185756976 0 0 0 0 0 -0.00062188997622427767 0.032374335755243913 0 0.0047794722119948842 0.0055342871584001807 -0.0057152943511801805 0 -0.010359270321562298 0.060498522267624477 1.6861545457371582e-05 0.031312219739032567 -0.00028236861149699699 -3.248946141920053e-06 0.014895777119310638 -0.023002817782964952 0.011886532650816807 -0.0051958680215546341 0.0087534481006433466 0.014331813895293567 -6.3160602727731845e-05 0 -3.0011923544043115e-05 0.0027528998856945156 0 -0.0013313683370114412 -0.0007104731179720825 0.029751539567064098 0.013747494300973351 0.0040097244320017383 0.013148799407382184 0.0069226066008077347 0.002527584244140302 -0.0010784497941277685 0.015417298269495162 -0.0012762840201546823 0.011485169117669303 0.008188922717078051 0.0017717046927339553 -5.0462738272105736e-06 -0.00059100938406904434 -0.00061166689866293494 -2.1222482746777575e-05 3.5038324286618992e-07 -2.6543795587356273e-09 0.035513907155463945 0.010950207174996673 0.00012822814582809453 0.029599292229218022 0.0058456185470951222 1.3970418730187513e-10 0.0089842956782890566 1.3970418730187513e-10 -0.0002285834493350179 -0.0026054538484293122 -0.00024601563402388291 0.0033628071311992028 0.012380365308831158 0 -0.0011319585381138807 0.020962472523427172 -0.00011511277228651681 0.0093402137117178791 0.011562336183287898 -0.0053880882664573415 -0.00092515903019324552 0.001116676116253279 0.0097038534149535907 -0.005815374167134197 0.0045614180483236405 0.0081975909683826183 0 -0.00094876479277596982 -0.032392290380167693 -0.0035735361703324534 0.00092063214034803506 -0.051854671498373556 -0.017525077086218133 0.019613707823505175 0.013657608125324634 0.0095339173208233603 0.013258643738282306 0.017576593382590378 0.0068116859527086911 0.017457981207249212 0.0029777504884946518 -0.0016330256465481698 0.0020241003262566615 -0.016064147161139585 0.0031268295971166485 0.0033476560579831617 -0.0017062556350293516 0.0044657866237914458 0.015109106361606561 0.014347270809889645 3.4109346999518297e-10 0.0051220497816421469 0 0.01990670011940179 0.019985602110143108 -0.01209571581868038 0.0079014190883916705 0.0035197821962514755 0.010306073104639041 -0.0043791006801037983 0.025994308189424054 1.0245214131091155e-07 2.981404990692662e-05 -4.4353449001250402e-06 0 1.633632404582225e-05 0 0.0071060704658551972 0.024838402968556203
leaf_weight=161796 1291 4488 8008 1452 877 428 24062 752 63179 122990 33714 226 15635 16397 543 39559 1665 32974 966 64027 863 3600 33514 3538 469 15842 3058 998 3228 348 17075 813 412 43219 300 28644 3080 268 112 478 8255 10961 3613 2900 428 1638 421 1708 14865 9909 20452 60548 2534 1539 1198 1654 1163 2502 9430 989 373 378 1445 2328 899 91 1958 9238 699 4274 21038 2622 3032 3107 1222 1042 95 224 2782 7018 1767 11130 34881 59815 794 49 458 9320 220 337 1372 3844 1357 1236 848 1754 1984 22042 3191 55451 635 70628 81772 464 13243 358 13793 1021 2827 22619 2264 1735 356 14115 6255 2406 1964 649 116 771 528 28562 177 3682 7656 1632
leaf_count=161796 1291 4488 8008 1452 877 428 24062 752 63179 122990 33714 226 15635 16397 543 39559 1665 32974 966 64027 863 3600 33514 3538 469 15842 3058 998 3228 348 17075 813 412 43219 300 28644 3080 268 112 478 8255 10961 3613 2900 428 1638 421 1708 14865 9909 20452 60548 2534 1539 1198 1654 1163 2502 9430 989 373 378 1445 2328 899 91 1958 9238 699 4274 21038 2622 3032 3107 1222 1042 95 224 2782 7018 1767 11130 34881 59815 794 49 458 9320 220 337 1372 3844 1357 1236 848 1754 1984 22042 3191 55451 635 70628 81772 464 13243 358 13793 1021 2827 22619 2264 1735 356 14115 6255 2406 1964 649 116 771 528 28562 177 3682 7656 1632
internal_value=0.00512024 0.00444826 0.0216379 0.00888425 0.0180403 0.0037952 0.00258776 -0.00143792 0.00428401 0.00356933 0.00431323 0.00344867 0.0052478 0.00243305 0.00528024 0.00485725 -0.00933883 0.0111885 0.00372815 0.00675084 0.0162864 0.0358194 0.00685829 0.0277576 0.0343051 -0.00120071 0.0179377 0.0167095 0.0108267 0.00466137 0.00690133 0.00294413 -0.0261219 0.00836082 0.000514026 0.00269637 0.00869896 0.00392959 0.00299995 0.0054178 0.00473965 0.00876843 0.00593847 0.00864916 0.0077404 0.00150433 -0.0107304 0.00180093 0.0132735 0.00552559 -0.000449967 -0.00139664 0.00483185 0.00947939 0.0144799 0.0191029 0.00941966 0.0178155 0.0167412 0.028355 0.0110676 -0.00755396 0.00918293 0.0160809 0.0252125 0.0346625 0.00740546 -0.0125019 -0.00928295 0.00832696 0.00481688 0.00284112 -0.0023698 0.00426389 -0.0111326 -0.00427683 0.00801761 0.0274733 0.00409728 0.0106579 0.00707245 0.0043533 0.00978416 0.00212421 0.00533024 0.0104846 0.00581009 0.00476096 -0.0168043 0.00889329 0.0103327 0.0108223 0.00713803 0.00815242 0.0220163 0.0168922 0.00531432 0.00607525 0.00561405 0.00417938 0.00446808 0.00433247 0.00428022 -0.022111 0.00866032 0.0126285 0.0175534 0.0288229 0.0129027 0.00218411 0.0148647 0.0189766 0.0127075 0.00615303 0.00798551 0.00415478 0.00117349 0.0107419 -0.00949496 0.000155671 0.011889 -0.000114105 -0.00186591 0.00494804 0.00400035 0.0262001
internal_weight=1.46754e+06 1.41017e+06 57369 180960 45761 1.22921e+06 354223 69437 874986 284786 874146 461524 166526 294998 412622 377198 11655 83697 203558 135049 38765 11608 119475 6996 4365 31477 32487 29429 82245 157753 97263 2189 840 78305 45805 29408 71870 257723 158634 99089 157405 19216 80188 43518 6278 87012 2059 84953 38727 98821 91440 70988 10440 7906 6367 5169 2526 27240 24514 2643 23862 1376 68790 4763 2435 1536 36263 9990 2407 27080 71622 32063 6876 25187 3844 4149 34305 2726 5002 23489 22806 12897 35424 82546 73748 7334 5653 66414 678 4975 44591 4638 4139 34210 1276 2631 61926 52606 50622 138189 71741 71263 137223 764 16471 827 23223 1247 6440 82434 7255 4355 2620 47431 25389 10625 8219 14764 1279 57782 1299 56483 32421 3859 41170 1681
internal_count=1467538 1410169 57369 180960 45761 1229209 354223 69437 874986 284786 874146 461524 166526 294998 412622 377198 11655 83697 203558 135049 38765 11608 119475 6996 4365 31477 32487 29429 82245 157753 97263 2189 840 78305 45805 29408 71870 257723 158634 99089 157405 19216 80188 43518 6278 87012 2059 84953 38727 98821 91440 70988 10440 7906 6367 5169 2526 27240 24514 2643 23862 1376 68790 4763 2435 1536 36263 9990 2407 27080 71622 32063 6876 25187 3844 4149 34305 2726 5002 23489 22806 12897 35424 82546 73748 7334 5653 66414 678 4975 44591 4638 4139 34210 1276 2631 61926 52606 50622 138189 71741 71263 137223 764 16471 827 23223 1247 6440 82434 7255 4355 2620 47431 25389 10625 8219 14764 1279 57782 1299 56483 32421 3859 41170 1681
is_linear=0
shrinkage=0.05


Tree=51
num_leaves=127
num_cat=0
split_feature=2 4 3 25 25 15 27 3 15 25 25 27 27 35 25 25 31 32 25 29 21 12 33 29 58 25 46 59 34 29 27 45 59 31 34 29 59 47 34 39 50 4 25 38 40 46 29 27 15 33 4 27 34 15 27 25 38 47 13 59 59 47 25 22 47 29 35 46 34 47 50 47 27 25 41 32 50 46 21 35 31 33 22 38 32 29 44 32 46 59 46 31 29 27 34 25 22 4 15 15 34 25 27 27 31 38 31 21 25 4 11 36 31 48 29 50 29 29 15 25 29 15 59 32 29 27
split_gain=6113.04 1353.34 1136.86 484.967 464.899 363.85 287.941 699.328 576.955 334.561 299.229 279.67 251.336 263.176 247.392 231.819 274.265 230.694 225.114 220.456 204.847 212.532 193.92 193.847 264.14 187.095 180.808 171.593 167.182 152.09 180.224 140.739 138.018 135.3 134.005 128.524 119.9 116.159 145.959 114.313 112.491 109.819 106.461 104.592 159.808 109.75 106.994 104.008 103.657 202.87 292.355 122.366 120.076 112.734 103.409 103.282 101.45 105.854 100.648 99.8651 98.2483 124.576 162.975 160.782 96.6613 96.203 162.64 127.906 100.208 95.1514 93.6236 111.058 93.5619 93.4042 134.78 98.6069 92.492 91.3595 90.5167 88.6027 88.5136 117.565 88.1814 87.5986 84.5685 83.856 118.343 83.7256 83.2408 81.3325 81.0899 110.494 79.1312 78.9705 76.5434 76.2936 317.08 293.123 267.57 257.397 174.737 111.834 78.0974 199.134 75.3515 75.2614 74.6336 72.7287 71.9504 70.7387 69.4783 68.4125 68.2692 67.7002 66.6718 76.7651 68.1726 66.3093 66.2767 65.9537 65.5684 64.4624 70.0859 114.458 301.46 89.4643
threshold=12.500000000000002 11.500000000000002 127.50000000000001 8.5000000000000018 3015.5000000000005 162.50000000000003 1716.5000000000002 1.5000000000000002 12.500000000000002 1675.0000000000002 148.50000000000003 159.50000000000003 1716.5000000000002 1873.5000000000002 266.50000000000006 4542.0000000000009 895.50000000000011 9198.5000000000018 839.50000000000011 660.50000000000011 15302.920898437502 13.500000000000002 38813.500000000007 785.50000000000011 324.50000000000006 8.5000000000000018 110.50000000000001 1108.5000000000002 952.00000000000011 214.50000000000003 918.50000000000011 4517.0000000000009 4752.5000000000009 2905.0000000000005 1399.5000000000002 141.50000000000003 4752.5000000000009 0.20172388106584552 705.50000000000011 90.500000000000014 0.27282197773456579 28.500000000000004 201.50000000000003 30.500000000000004 109.50000000000001 260.00000000000006 905.50000000000011 12028.500000000002 30.500000000000004 11514.500000000002 2.5000000000000004 8394.5000000000018 1071.5000000000002 98.500000000000014 2635.5000000000005 102.50000000000001 6.5000000000000009 0.20172388106584552 16.500000000000004 4912.5000000000009 4864.5000000000009 0.12760529667139056 148.50000000000003 237626.65625000003 0.45082175731658941 191.50000000000003 2413.0000000000005 326.50000000000006 1237.0000000000002 0.26661965250968939 0.26383294165134435 0.58357861638069164 18488.500000000004 60.500000000000007 140.50000000000003 6060.0000000000009 0.38501602411270147 87.500000000000014 479999.81250000006 1481.0000000000002 538.50000000000011 10349.500000000002 341099.76562500006 174.50000000000003 8493.5000000000018 913.50000000000011 195.50000000000003 5972.5000000000009 2685.5000000000005 4912.5000000000009 4.5000000000000009 686.50000000000011 396.50000000000006 14650.000000000002 1283.5000000000002 235.50000000000003 38999.994140625007 1.0000000180025095e-35 62.500000000000007 98.500000000000014 705.50000000000011 122.50000000000001 2400.5000000000005 2036.5000000000002 895.50000000000011 13.500000000000002 538.50000000000011 20849.331054687504 201.50000000000003 3.5000000000000004 0.31980429969930774 0.59362202882766735 412.00000000000006 0.064527567476034178 905.50000000000011 0.24769427627325061 922.50000000000011 919.50000000000011 30.500000000000004 91.500000000000014 512.50000000000011 86.500000000000014 1602.5000000000002 5832.0000000000009 365.50000000000006 1156.5000000000002
decision_type=2 2 2 2 2 2 2 2 2 2 2 2 2 2 2 2 2 2 2 2 2 2 2 2 2 2 2 2 2 2 2 2 2 2 2 2 2 2 2 2 2 2 2 2 2 2 2 2 2 2 2 2 2 2 2 2 2 2 2 2 2 2 2 2 2 2 2 2 2 2 2 2 2 2 2 2 2 2 2 2 2 2 2 2 2 2 2 2 2 2 2 2 2 2 2 2 2 2 2 2 2 2 2 2 2 2 2 2 2 2 2 2 2 2 2 2 2 2 2 2 2 2 2 2 2 2
left_child=1 5 4 41 17 6 7 11 9 14 29 -1 35 37 28 16 22 31 33 -16 -6 36 118 48 80 -26 64 47 -8 55 -31 59 54 85 79 -7 83 38 -14 60 -33 -3 -39 44 45 46 -29 -20 52 50 95 53 -10 73 -21 113 -47 -58 -4 -2 109 63 90 -62 69 66 67 -15 -69 -12 114 78 -11 74 -51 92 -44 -71 -72 -32 81 -25 -45 104 -56 110 -87 -40 105 -37 91 -63 -75 -73 -92 97 -97 99 100 -50 102 -102 103 -99 -22 117 -54 -17 -104 121 -18 -74 -94 -9 115 -49 -116 -19 -5 -67 -30 122 123 125 -125 -13
right_child=2 3 58 15 20 12 8 10 23 72 26 39 13 65 19 107 18 88 27 32 21 -23 -24 24 25 -27 -28 43 120 30 34 40 -34 -35 -36 89 -38 42 87 -41 -42 -43 76 82 -46 56 -48 70 49 51 -52 -53 106 -55 84 -57 57 -59 -60 -61 61 62 -64 -65 -66 119 -68 68 -70 77 71 93 111 75 -76 -77 -78 -79 -80 -81 -82 -83 -84 -85 -86 86 -88 -89 -90 -91 94 -93 112 -95 -96 96 -98 98 -100 -101 101 -103 108 -105 -106 -107 -108 -109 -110 -111 -112 -113 -114 -115 116 -117 -118 -119 -120 -121 -122 -123 -124 124 -126 -127
leaf_value=0 0.0082459773369937487 -0.00067384631082031434 0.029437747141808381 0.0041248932689343376 0.0013788016452340069 0 -0.00039432100207443057 0 -2.5216605807988458e-09 0.023926521107640021 0.015196070892211503 0 0 9.4077893532668998e-05 0.012269618135901642 0.015257190427076506 0.0029193781937751797 0.011690986363123402 -0.0022862499456219767 -0.014402342427509558 0.014095702832331282 0.024911176302322782 -0.0030542222323162297 0 -0.00075920764688839791 0.0013398584914446343 0.027809727277485732 0.012568617634510571 0.007572520636704297 -8.228214144038179e-08 3.0509936924843846e-05 -0.0046711973233686255 0.0089825121773349451 0.0081461582452011967 0.0036188526322534359 0 0.027477167626739043 0 -1.0160805135779371e-11 0 0.0087869780888497288 -6.0002572591345241e-05 0 0.016510932492845232 0.059387096276418333 0.023625271650647452 0.024954102886683656 0.012085910453675297 -1.9883813313757434e-06 -0.00067730809482871807 -0.00074316139631999082 -0.001210227600784389 -0.004389928799583406 -1.1316283777842049e-11 0.0032194863018969902 0.024235763248857664 0.028343030131868174 0.0057607999590889086 0.052261182249908861 0.024529961381951151 0.02247619834563459 0.0001031485843685863 0.010272817330946394 -0.00075515883063785832 0.02855395266871277 0.00015210418447006988 -0.00044594360521737038 2.0542653311478674e-05 -3.4171095188761768e-05 -0.003813697037316011 0.011708066376716942 -0.0036538822784796701 0.01083692069588107 -0.00076068195434639578 0.00034228101329650945 0.0027186367088379709 -1.4613024013266876e-08 0.015627571880830107 0.0040607135162426533 -0.00018444945307435797 0.00082955729976713361 -0.010619116396750714 0.005384798448063788 0.03647240771413636 0.0064337859332918995 -0.0068546600744563424 0.0049774343897818658 4.780679860844017e-05 -0.00076892064268110352 1.7709786167977072e-05 -0.00060436980518873123 -0.00046618275421370867 -0.0048427574596991768 0.0066589278886166952 0.010626834700085561 0 -0.00059893881613768546 3.2403879649542386e-10 2.5267856574474535e-07 0 2.5252701049444797e-07 -1.2658731356823042e-05 3.3672432469429176e-07 -2.5216605807988458e-09 0.018409247894390867 0.01291484822119583 0.0033166667167737586 0.039511372191621069 2.2955425288870655e-07 0 0.0060044345701113838 0.02744796109187473 -2.4890860996422247e-06 0 0.0019823755096504583 0.0028678262174131664 0.011313821360141431 -0.002816214737572409 -0.0046090019294155243 -0.00021783243045823115 0.0019944741941368446 0 0 0 0 0
leaf_weight=143841 13361 470 2320 27358 921 102974 14187 19804 24360 1232 2096 25159 2144 215 10058 1101 13524 4920 1442 272 2825 2454 426 16409 470 105439 1306 3519 5866 25427 3542 1963 13739 16053 16568 28609 3937 4681 2739 7997 928 438 11330 5572 317 451 1566 3256 1168 1384 4513 2511 120 12813 94845 944 519 12037 4475 1747 1015 98 1124 676 429 55 149 102 168 1809 9240 1013 3326 1142 696 22882 448 505 2174 16343 54768 454 1694 954 12334 1577 1887 179 429 397 2840 547 92 3627 1626 3893 3096 511 3994 5875 953 2890 671 530 6875 9016 31189 2302 200 5807 42573 855 23838 18477 7753 2390 386 417 1831 2555 38520 92632 128209 22473 15129 8888
leaf_count=143841 13361 470 2320 27358 921 102974 14187 19804 24360 1232 2096 25159 2144 215 10058 1101 13524 4920 1442 272 2825 2454 426 16409 470 105439 1306 3519 5866 25427 3542 1963 13739 16053 16568 28609 3937 4681 2739 7997 928 438 11330 5572 317 451 1566 3256 1168 1384 4513 2511 120 12813 94845 944 519 12037 4475 1747 1015 98 1124 676 429 55 149 102 168 1809 9240 1013 3326 1142 696 22882 448 505 2174 16343 54768 454 1694 954 12334 1577 1887 179 429 397 2840 547 92 3627 1626 3893 3096 511 3994 5875 953 2890 671 530 6875 9016 31189 2302 200 5807 42573 855 23838 18477 7753 2390 386 417 1831 2555 38520 92632 128209 22473 15129 8888
internal_value=0.00500146 0.00434984 0.0209759 0.00858335 0.0184039 0.0037833 0.00410794 0.00488987 0.00326127 0.00541194 0.00125543 0.00574082 0.00153112 -0.00309084 0.00506237 0.00878321 0.00851216 0.0148605 0.009484 0.00626824 0.0248688 0.0261098 0.00416156 0.00197667 0.00309336 0.00467944 0.0119681 0.0118582 0.00236021 0.000604272 -0.00093964 0.0110586 0.00567782 0.00769559 0.00131388 0.00239843 0.023819 -0.0010894 -0.0077132 0.00657674 0.000949466 -0.0278549 0.0009475 0.0148878 0.0128819 0.0122647 0.0184942 0.00937131 0.000648904 -0.00036673 0.0031701 -0.00189793 0.00235759 -0.00146538 0.00507435 0.00304002 0.00982886 0.00899125 0.0401826 0.0129927 0.00673086 0.00123579 -0.00202803 0.0132724 0.00751069 -0.0163666 0.00109604 0.0151412 -0.00775639 0.00530487 0.0100052 0.0126008 0.0176692 -0.000393632 -0.0107663 5.61996e-05 -0.00158727 -0.00168316 0.0152526 -0.0014531 0.000748209 -0.00241919 0.0199688 0.0210618 0.00515254 0.00659734 -0.000951185 -0.0149909 0.0194895 0.00533836 -0.00581969 -0.0223919 -0.00210972 0.00607638 -0.00342469 0.00538432 0.00099369 0.00721143 0.0128263 -0.000560123 0.00592431 -0.000219875 0.0182757 0.00902411 0.0196385 0.0201382 0.00440591 0.0216993 0.029325 0.00687685 0.00706356 0.014098 -0.00149581 0.00263694 0.00698181 0.0111573 0.0040846 0.0154288 0.00465054 -0.0206103 0.00387047 0.00698535 0.00749079 0.00623797 0.00433606 0.0083383
internal_weight=1.46819e+06 1.41065e+06 57542 166496 50747 1.24415e+06 1.08741e+06 565311 522095 195234 107250 458061 156745 24765 189821 165588 162185 32781 132570 131248 17966 17045 29615 326861 177540 105909 6145 56956 58573 101105 61880 17999 121190 75614 36453 131980 14591 21521 5062 314220 2891 908 16459 25675 18409 18092 5085 31281 149321 93652 28294 65358 55669 62847 107451 39225 13007 12556 6795 15108 306223 7926 6235 1691 4839 3244 634 485 270 4410 29839 16054 5413 50034 2080 47954 11778 2314 11414 19885 71631 16863 7266 10654 107179 59561 3464 2918 14782 29006 5111 645 25072 4640 4466 23781 6989 16792 9749 7043 5755 3843 1912 1041 9700 14353 31309 3403 871 298297 56097 4181 23930 38281 13785 5646 8139 5337 29189 2610 44386 292490 199858 71649 37602 34047
internal_count=1468189 1410647 57542 166496 50747 1244151 1087406 565311 522095 195234 107250 458061 156745 24765 189821 165588 162185 32781 132570 131248 17966 17045 29615 326861 177540 105909 6145 56956 58573 101105 61880 17999 121190 75614 36453 131980 14591 21521 5062 314220 2891 908 16459 25675 18409 18092 5085 31281 149321 93652 28294 65358 55669 62847 107451 39225 13007 12556 6795 15108 306223 7926 6235 1691 4839 3244 634 485 270 4410 29839 16054 5413 50034 2080 47954 11778 2314 11414 19885 71631 16863 7266 10654 107179 59561 3464 2918 14782 29006 5111 645 25072 4640 4466 23781 6989 16792 9749 7043 5755 3843 1912 1041 9700 14353 31309 3403 871 298297 56097 4181 23930 38281 13785 5646 8139 5337 29189 2610 44386 292490 199858 71649 37602 34047
is_linear=0
shrinkage=0.05


Tree=52
num_leaves=127
num_cat=0
split_feature=2 31 2 28 3 22 27 26 37 59 12 28 59 28 22 4 31 3 22 33 38 19 37 43 30 47 37 40 38 32 26 35 47 26 28 30 41 31 27 26 22 37 27 30 22 18 42 22 59 38 59 13 50 31 4 59 33 27 27 37 3 27 32 27 32 59 47 59 26 32 30 27 28 45 30 59 30 26 33 38 30 37 47 51 59 59 38 37 47 39 35 13 26 26 19 28 31 4 30 30 47 38 42 47 59 50 30 47 51 24 38 40 28 22 4 28 39 44 46 31 24 28 26 43 37 26
split_gain=5818.19 1923.34 1328.36 1014.08 940.488 326.374 510.045 280.097 274.882 269.418 262.014 259.154 257.083 244.284 342.941 317.297 252.872 236.554 221.935 194.669 187.982 185.794 185.414 185.292 181.837 172.618 172.18 160.998 200.982 158.947 156.534 149.86 202.156 265.311 199.384 140.746 151.526 140.295 137.869 136.197 132.559 130.102 124.409 121.989 121.257 116.234 112.976 110.873 110.519 172.654 147.434 110.316 110.114 109 108.916 106.317 101.317 99.7166 98.8961 98.7819 164.857 361.147 283.943 237.158 178.147 159.738 124.925 313.69 120.838 98.8124 96.9689 96.4904 126.558 117.368 95.3946 95.2217 98.104 93.3452 92.8486 90.5405 90.4607 99.05 89.2332 88.947 88.6876 92.3499 92.1663 104.359 88.18 87.765 87.092 109.677 101.553 88.7733 85.3989 83.4978 129.92 109.888 83.2716 82.9752 82.2167 81.7513 81.3617 79.5225 91.3814 78.688 77.8966 75.7286 75.4544 74.9296 99.0333 116.839 74.0775 73.9611 110.874 73.3084 73.4832 71.1951 71.0315 78.1896 70.7548 164.145 76.444 70.502 76.3911 70.0266
threshold=14.500000000000002 1.0000000180025095e-35 4.5000000000000009 555.50000000000011 127.50000000000001 24666.662109375004 1855.5000000000002 13.500000000000002 118.50000000000001 4912.5000000000009 14.500000000000002 20.500000000000004 4912.5000000000009 127.50000000000001 76895.582031250015 3.5000000000000004 1352.5000000000002 1.0000000180025095e-35 253025.47656250003 1.0000000180025095e-35 13.500000000000002 228800.96875000003 22.500000000000004 148.50000000000003 0.22812904417514804 0.36668677628040319 422.00000000000006 25.500000000000004 3.5000000000000004 5832.0000000000009 3188.0000000000005 1873.5000000000002 0.18746361136436465 884.00000000000011 496.50000000000006 0.37332476675510412 160.50000000000003 2905.0000000000005 8394.5000000000018 2265.0000000000005 445914.67187500006 12.500000000000002 159.50000000000003 0.36300858855247503 62099.982421875007 252077.53125000003 6.5000000000000009 445914.67187500006 1108.5000000000002 72.500000000000014 682.50000000000011 18.500000000000004 0.25525300204753881 538.50000000000011 28.500000000000004 3241.5000000000005 10349.500000000002 63038.000000000007 13312.500000000002 44.500000000000007 1.5000000000000002 1716.5000000000002 5832.0000000000009 1028.0000000000002 4131.5000000000009 4513.5000000000009 0.58357861638069164 2640.5000000000005 318.50000000000006 5972.5000000000009 0.68189269304275524 7683.0000000000009 540.00000000000011 503.50000000000006 0.37332476675510412 4864.5000000000009 0.68189269304275524 435.00000000000006 38813.500000000007 58.500000000000007 0.25106544792652136 122.50000000000001 0.20172388106584552 0.26370826363563543 4912.5000000000009 4864.5000000000009 13.500000000000002 56.500000000000007 0.22222220897674563 280.50000000000006 1954.0000000000002 1.5000000000000002 276.50000000000006 351.50000000000006 848558.93750000012 338.00000000000006 967.00000000000011 2.5000000000000004 0.32757042348384863 0.43456299602985388 1.137960731983185 7.5000000000000009 6.5000000000000009 0.43503487110137945 4912.5000000000009 0.30192594230175024 0.30213068425655371 0.39341542124748236 0.19999997317790988 255007.53125000003 26.500000000000004 62.500000000000007 658.50000000000011 49839.984375000007 1.5000000000000002 733.50000000000011 39.500000000000007 89.500000000000014 2685.5000000000005 967.00000000000011 281107.95312500006 516.50000000000011 1586.5000000000002 267.50000000000006 42.500000000000007 5314.0000000000009
decision_type=2 2 2 2 2 2 2 2 2 2 2 2 2 2 2 2 2 2 2 2 2 2 2 2 2 2 2 2 2 2 2 2 2 2 2 2 2 2 2 2 2 2 2 2 2 2 2 2 2 2 2 2 2 2 2 2 2 2 2 2 2 2 2 2 2 2 2 2 2 2 2 2 2 2 2 2 2 2 2 2 2 2 2 2 2 2 2 2 2 2 2 2 2 2 2 2 2 2 2 2 2 2 2 2 2 2 2 2 2 2 2 2 2 2 2 2 2 2 2 2 2 2 2 2 2 2
left_child=1 3 5 -1 9 6 11 54 13 10 26 -3 20 15 16 21 53 31 58 100 27 42 35 -24 25 -16 48 39 -29 57 99 32 -9 82 77 36 71 45 -27 -4 -14 -19 -7 -41 55 47 -17 59 49 -2 -51 -6 -43 56 -8 -32 -15 78 -10 60 61 62 75 64 102 66 -65 -68 -61 95 -64 73 -73 -18 -70 76 -26 -33 88 -60 -50 -82 -34 -59 85 -55 -86 -88 -22 -12 91 93 -93 -66 106 96 97 -63 -67 -30 -5 -74 -62 105 -105 -25 -49 -37 -52 110 111 123 113 -21 -115 -46 -117 -90 119 -83 -35 122 -122 -31 -125 -76
right_child=4 2 12 19 51 8 7 17 18 -11 89 -13 40 14 24 46 22 41 -20 112 29 -23 23 103 37 38 -28 28 30 109 44 34 33 120 -36 107 -38 -39 -40 43 -42 52 -44 -45 115 -47 -48 94 80 50 108 -53 -54 84 -56 -57 -58 83 79 68 63 69 70 65 90 98 67 -69 74 -71 -72 72 101 -75 125 -77 -78 -79 -80 -81 81 118 -84 -85 86 -87 87 -89 117 -91 -92 92 -94 -95 -96 -97 -98 -99 -100 -101 -102 -103 -104 104 -106 -107 -108 -109 -110 -111 -112 -113 -114 114 -116 116 -118 -119 -120 -121 121 -123 -124 124 -126 -127
leaf_value=0 0.0097753078938181762 0 0.0047906952074089687 0 0.029251272302470155 0 -0.00063067336871530525 -9.6527648789904026e-12 0.02803408455540949 0.025779122511633015 0.011232235898452504 0 0.016760345982841308 0 0 -1.2108686754367207e-05 0.0035651262018395222 0.00071435561680241737 0.005259339862085011 -6.6992514884835558e-05 0.012913274741638427 0 0.046189594044318022 0.004800300772218713 0 -0.0011288984042007628 0.031910704725406823 -0.024802588006187426 0.0052138402300448087 0.015266519388363264 0.00033827631038938491 0.00021856584685677022 -1.0750469588949948e-11 0 0.0025275726240184871 0.0082438401671595003 -0.011378396648675487 0.0065308414864605705 0.0047279638296054754 0.0074654051576828473 -0.0057197570490078349 0.026558192267863961 0 0.020178856782633803 0.013374136862442477 0.0041694372565259713 0.0052971869766950293 -0.00089412692516101829 -0.0015295977202641976 0.018815837100514623 -0.035749493100992069 0.052840081052674286 0.0053817956865650609 0.0015114259678536135 -5.7002443961777986e-05 -0.011016796406191354 -0.0034927347706566318 0.039972561533955654 0.013024423486111027 -1.141092666320998e-06 8.1704062493983501e-06 2.5280738968835059e-07 0 0.00066788499248786608 7.1691063069020562e-05 0.0023954160402349933 0.00020995582828012838 -0.024373975222672178 0.0029989310032977473 0.0036116828436170536 0.019386091904859921 0.043135623009510564 0.0039541103487449212 0.015006543396297756 0.0087445157373074907 -0.00060030110746148158 0 -0.00020826949130926228 -0.0058444133046152069 0.024161491575741406 0.01139510478684469 0.012873975282787886 0 0.0096767865163414138 0.010029672106785105 -0.00039858939441191998 0.041150949089739708 0.013172860894052563 0.023185771150150282 0.019972637338909551 -0.0005686075126633439 -0.00015204447786489189 -7.4510828356236269e-05 -0.0016038321066459478 0.0025897992557377403 -1.2309889490741842e-08 -0.00071757786492281323 -0.0006537481757748155 0.01099110437819717 0.023618662822071857 0 0.014703101896951938 -1.0479522972475295e-06 0.011217111246410984 0.050260698963297948 0.014844140989263128 7.3053586639081443e-08 0.021590369519976504 -0.00065468690036563082 0.0060546018390230773 0.012182929019982658 0.00035908499808741113 -6.6992924572231721e-05 0.00075953284466920073 -0.0011527228623591014 0.022227065447670193 0.00083467472613461 0.0042152063240242571 0.043230325512589589 0.018944485675637713 0 -0.00036413087759861991 3.1041293957945662e-05 0.003274207047937211 0.011227396846139588 0.020562125791194586
leaf_weight=13634 11602 123691 24621 8715 2924 75041 296 10025 1627 4944 2539 163853 9193 14637 7996 12149 48548 22378 17573 528 2227 20100 803 6377 29991 2336 1091 482 7717 2454 3431 596 937 18856 2704 4765 802 22775 979 14619 531 1545 150428 2169 917 29076 4454 11210 521 537 285 3781 5497 111741 429 2317 963 1025 4623 1072 1637 1978 24353 90779 305 5986 5841 1816 37042 15999 2192 886 4887 1462 5272 980 2314 8047 88 2340 9631 1603 7838 1184 2651 832 515 951 316 2175 8271 1699 1561 124 11203 40494 1464 299 5225 579 349 2070 1048 3781 379 2150 11919 2381 1937 14833 8017 2005 1699 84 72 190 5369 28201 525 3467 1071 1642 545 3720 3500 405
leaf_count=13634 11602 123691 24621 8715 2924 75041 296 10025 1627 4944 2539 163853 9193 14637 7996 12149 48548 22378 17573 528 2227 20100 803 6377 29991 2336 1091 482 7717 2454 3431 596 937 18856 2704 4765 802 22775 979 14619 531 1545 150428 2169 917 29076 4454 11210 521 537 285 3781 5497 111741 429 2317 963 1025 4623 1072 1637 1978 24353 90779 305 5986 5841 1816 37042 15999 2192 886 4887 1462 5272 980 2314 8047 88 2340 9631 1603 7838 1184 2651 832 515 951 316 2175 8271 1699 1561 124 11203 40494 1464 299 5225 579 349 2070 1048 3781 379 2150 11919 2381 1937 14833 8017 2005 1699 84 72 190 5369 28201 525 3467 1071 1642 545 3720 3500 405
internal_value=0.0047165 0.00414044 0.00438714 -0.00958271 0.0219186 0.0038725 0.00262521 -0.000842717 0.00439356 0.01907 0.0175631 0.00361908 0.00901216 0.00423984 0.00368129 0.0055122 0.00529889 -0.000568002 0.0094425 -0.020555 0.00842542 0.00596449 0.00753168 0.012872 0.00279378 -0.00345192 0.0159025 0.00644669 0.00288043 0.010253 0.00363034 -0.00258691 -0.00117673 0.000825372 -0.00767112 0.00643675 0.00562943 0.00298251 -0.0130449 0.00825531 0.0168545 0.00301817 0.00637513 0.0117282 3.23132e-05 0.00273611 -0.00117719 0.00246309 0.0151951 0.0120217 0.000777427 0.0392753 0.00894549 0.00396058 -0.0317818 -0.00525304 3.49357e-05 0.0077735 0.0160295 0.00278311 0.00239116 0.00371256 0.00646405 0.00111467 -0.00486135 0.00191291 0.00126879 -0.00486411 0.00497007 0.000979429 0.0026067 0.00592872 0.0110855 0.00511987 0.00538623 0.00954015 0.010006 -0.0113784 0.00703796 0.0134344 0.0180887 0.0187898 0.00818167 0.0180368 0.00448534 0.00422166 0.0116939 0.021755 0.00718496 0.0285516 -0.00747444 -0.0138638 -0.0169918 0.0098928 -0.000222678 -0.000238385 0.0069084 0.0143801 0.00756795 0.00893131 -0.0172102 0.00881761 0.00677628 0.011397 0.0170657 0.00863072 -0.00195836 0.0130624 -0.00490302 0.0126254 0.0146473 0.0117085 -0.0332739 -0.0193612 0.0108584 0.00472429 0.00256247 0.00643631 0.0240827 0.0222668 -0.00209346 0.0047098 0.0160231 0.0139853 0.011495 0.0114222
internal_weight=1.46786e+06 1.42029e+06 1.39521e+06 25081 47562 1.25551e+06 369950 82406 885557 40857 35913 287544 139705 859394 597222 262172 211581 81681 26163 11447 129981 245569 79291 13490 385641 11311 31199 62411 21002 67570 20520 52261 40914 30889 11347 65801 58655 374330 3315 41409 9724 29420 225469 16788 12224 351555 16603 322479 30108 14361 2759 6705 7042 132290 725 5748 15600 33041 8590 288147 244356 120064 59830 124292 14645 109647 98436 7657 43791 60234 26545 57853 7843 50010 42719 33285 32305 8643 30832 6963 15747 15226 8775 2209 116690 112573 4117 1466 30744 4714 11960 3689 3260 429 34332 44235 3741 2277 11211 8296 9064 6957 2685 12687 4160 8527 23129 7146 2222 34529 19696 11679 2383 684 156 6476 5559 28517 5595 5070 22114 3258 1616 9674 7220 5677
internal_count=1467855 1420293 1395212 25081 47562 1255507 369950 82406 885557 40857 35913 287544 139705 859394 597222 262172 211581 81681 26163 11447 129981 245569 79291 13490 385641 11311 31199 62411 21002 67570 20520 52261 40914 30889 11347 65801 58655 374330 3315 41409 9724 29420 225469 16788 12224 351555 16603 322479 30108 14361 2759 6705 7042 132290 725 5748 15600 33041 8590 288147 244356 120064 59830 124292 14645 109647 98436 7657 43791 60234 26545 57853 7843 50010 42719 33285 32305 8643 30832 6963 15747 15226 8775 2209 116690 112573 4117 1466 30744 4714 11960 3689 3260 429 34332 44235 3741 2277 11211 8296 9064 6957 2685 12687 4160 8527 23129 7146 2222 34529 19696 11679 2383 684 156 6476 5559 28517 5595 5070 22114 3258 1616 9674 7220 5677
is_linear=0
shrinkage=0.05


Tree=53
num_leaves=127
num_cat=0
split_feature=2 31 2 29 9 58 26 29 27 6 9 26 59 12 3 42 22 26 51 31 27 29 50 9 33 29 27 34 24 22 3 14 34 26 31 27 31 26 41 59 58 58 47 28 33 37 26 59 27 31 37 58 20 34 31 40 59 45 31 27 26 31 45 40 59 59 37 37 29 20 27 59 34 21 9 37 39 26 34 51 28 38 31 41 33 28 41 31 59 17 26 45 38 27 26 34 22 28 43 29 34 24 47 47 14 3 35 47 3 22 28 31 27 9 26 28 40 34 3 51 35 44 20 58 58 33
split_gain=5502.23 1695.33 1305.04 1230.65 863.23 769.177 452.856 327.125 405.802 355.776 322.439 301.043 282.397 251.973 220.619 261.416 253.025 215.193 206.45 175.724 189.011 160.285 154.31 154.008 145.765 141.11 219.302 258.023 246.689 331.535 199.922 182.823 236.49 219.943 138.538 135.326 179.75 127.597 124.791 123.936 122.306 155.066 119.998 197.869 124.707 119.303 119.072 117.388 111.155 109.915 108.651 107.355 107.326 106.736 100.405 96.8611 95.5585 104.644 94.5326 94.2619 99.6029 93.8928 92.1567 144.279 91.1566 127.601 138.777 133.775 98.5678 90.6281 97.1827 99.1137 90.5591 90.0944 89.7406 86.0497 265.845 84.0691 228.354 83.1709 81.3077 80.9165 91.5676 87.9821 80.0633 136.171 78.6083 92.899 76.9375 90.3687 76.7167 93.573 85.0584 80.3433 76.5918 74.7445 73.274 73.0363 72.8764 72.8252 72.5265 72.3456 124.448 80.1672 72.2963 84.2668 71.9387 154.994 224.319 165.714 134.471 129.574 93.0822 82.3746 105.455 81.3011 79.3965 86.1041 75.1697 71.6027 68.5265 68.2291 67.5344 66.5615 126.043 187.779
threshold=10.500000000000002 1.0000000180025095e-35 37.500000000000007 785.50000000000011 0.11666666716337205 468.50000000000006 17.500000000000004 345.50000000000006 121.50000000000001 1.0000000180025095e-35 3.327777743339539 7130.5000000000009 4912.5000000000009 12.500000000000002 1.5000000000000002 38.500000000000007 76895.582031250015 1192.0000000000002 0.35714285075664526 752.50000000000011 16282.500000000002 638.50000000000011 0.32702413201332098 0.016666667070239786 38813.500000000007 844.50000000000011 1855.5000000000002 1083.5000000000002 75002.597656250015 24666.662109375004 1.5000000000000002 1.5000000000000002 919.50000000000011 470.50000000000006 2905.0000000000005 63038.000000000007 918.50000000000011 884.00000000000011 721.50000000000011 4981.5000000000009 767.50000000000011 752.50000000000011 1.4999994635581972 148.50000000000003 13416.500000000002 101.50000000000001 206.50000000000003 4864.5000000000009 18488.500000000004 412.00000000000006 29.500000000000004 336.50000000000006 556577.50000000012 1691.5000000000002 686.50000000000011 23.500000000000004 1705.5000000000002 194.50000000000003 538.50000000000011 63038.000000000007 4181.0000000000009 967.00000000000011 450.50000000000006 5.5000000000000009 1705.5000000000002 2707.5000000000005 27.500000000000004 22.500000000000004 365.50000000000006 150022.50000000003 260.50000000000006 1201.5000000000002 1776.5000000000002 44999.968750000007 0.038888890296220786 22.500000000000004 39.500000000000007 1039.5000000000002 705.50000000000011 0.37449185550212866 913.50000000000011 11.500000000000002 1228.5000000000002 227.50000000000003 20491.000000000004 450.00000000000006 1711.0000000000002 1577.5000000000002 4912.5000000000009 3.2141652107238774 13015.500000000002 2395.0000000000005 74.500000000000014 40009.000000000007 13015.500000000002 1326.0000000000002 384491.87500000006 898.50000000000011 494.50000000000006 919.50000000000011 1725.5000000000002 78996.355468750015 0.22859074920415881 0.18746361136436465 12.500000000000002 10.500000000000002 1873.5000000000002 0.20172388106584552 1.0000000180025095e-35 49839.984375000007 403.50000000000006 1228.5000000000002 2400.5000000000005 1.0000000180025095e-35 435.00000000000006 338.00000000000006 13.500000000000002 919.50000000000011 1.0000000180025095e-35 0.39999994635581976 1973.5000000000002 1297.5000000000002 2640880.0000000005 483.50000000000006 511.50000000000006 1.0000000180025095e-35
decision_type=2 2 2 2 2 2 2 2 2 2 2 2 2 2 2 2 2 2 2 2 2 2 2 2 2 2 2 2 2 2 2 2 2 2 2 2 2 2 2 2 2 2 2 2 2 2 2 2 2 2 2 2 2 2 2 2 2 2 2 2 2 2 2 2 2 2 2 2 2 2 2 2 2 2 2 2 2 2 2 2 2 2 2 2 2 2 2 2 2 2 2 2 2 2 2 2 2 2 2 2 2 2 2 2 2 2 2 2 2 2 2 2 2 2 2 2 2 2 2 2 2 2 2 2 2 2
left_child=1 3 12 -1 7 23 52 8 -3 18 86 17 13 35 16 42 46 53 25 24 34 79 59 -5 94 26 27 28 29 -9 47 77 -33 -34 97 36 -2 -27 -37 95 41 123 62 -44 -45 99 74 50 -13 -35 -30 -39 -6 -11 -49 -41 58 -58 -31 60 -22 -18 88 -64 -29 66 67 68 -66 70 -63 -72 90 -24 120 101 -77 78 -28 -19 -40 83 -83 -14 85 -62 87 -4 89 -16 92 -92 119 -93 -8 -23 100 104 -48 -15 -91 102 103 -20 105 -21 107 109 112 111 113 -80 -109 114 -108 116 117 -111 -117 122 -10 -47 -38 -7 125 -125
right_child=2 4 10 5 6 40 19 9 14 11 -12 48 81 45 15 -17 61 21 75 20 22 39 73 -25 -26 37 31 64 30 56 -32 32 33 49 -36 38 72 51 80 55 -42 -43 43 44 -46 121 98 54 -50 -51 -52 -53 -54 -55 -56 -57 57 -59 -60 -61 84 69 63 -65 65 -67 -68 -69 -70 -71 71 -73 -74 -75 -76 76 -78 -79 106 -81 -82 82 -84 -85 -86 -87 -88 -89 -90 96 91 93 -94 -95 -96 -97 -98 -99 -100 -101 -102 -103 -104 -105 -106 -107 110 108 -110 115 -112 -113 -114 -115 -116 118 -118 -119 -120 -121 -122 -123 -124 124 -126 -127
leaf_value=0 0.0023564960205237906 0 0.016628655862112606 0 -1.6496326469769129e-05 -6.6992924572231721e-05 0.0020592219611470066 0 0 0 0.054208076787416418 0.024822664263972734 0.032756696056394634 0.011646821907881799 0 0.018463467383861232 0 0.0096572330257695248 0 0.0049405625200591779 0.024609720821515566 0.0027320392473400238 0.010186442453196188 -0.0030752006999460076 -0.0026790439802392273 -0.00057334617723486803 4.8263824394952011e-13 0 0 0 -1.4646163497179176e-06 -0.00014970597939164903 -0.00092905529958903243 -0.0044470981739279354 0.0078809011544111792 0.0053791517359473191 0.005184433363111674 0.0011482133895883346 0.024106946979932022 0.048185753419211851 -6.6992924572231721e-05 0 0 9.3689755940005427e-06 -0.00054019550505899792 0.012733183523956538 0 4.4089162255203052e-05 0.012117850247225715 0.0024773923600275808 0 0.0034131520569231025 -5.415232176368909e-05 0.0056213090960587552 -0.00057519277979805315 0.0099926581177448293 -1.5254968462421924e-06 0.022745902771527042 -7.557129839268068e-05 0.033044662763269887 -0.012364634526646563 0 -0.001204082795820789 3.9329762331484616e-05 1.040308872897207e-10 0 -1.6272501067539327e-06 0.045582082953120578 9.3887875778972946e-11 0 0 0 0.010674506869460854 0.025098903338314205 -0.00048683139915845153 0.043183526686993233 5.7054633316049905e-08 -3.4883797265965749e-06 -1.021294610950245e-11 0.028006343748701021 0.040515256078634911 0.016361398568749377 0.024527628071402255 -0.0072831652895286704 0.0087988426114221866 0.0056459487965470848 0.032952100993747346 0.021815694798240727 0.015585214732609785 -0.00019864184416103594 0.029655772947000517 -0.008852898106261475 -0.0023686781942388272 0.0070103126575012283 0.010825224998121552 0.0057096850651903288 0.031371663917717146 0.01592725758387031 1.9131235095717772e-05 0.003302531492390215 0.017188577014334582 0 1.0261932147157842e-07 -0.00038570176230979673 0.0028492719176352321 0.010341822050827721 0.00017561278303751546 0 -2.2973071514637262e-05 8.7296291303848439e-07 0.0051067803365078103 1.2998769100394692e-05 0 -0.0018493935330920392 -0.00020849235440485432 3.8164062105220094e-07 -0.00015998769574394536 4.5371811502411306e-05 -1.2165410638869733e-05 0.021921351016414261 0 0.042647625159789787 0.0069385284556224176 0 -6.6992924572231721e-05 -6.3643278343620126e-05
leaf_weight=12772 5921 197779 3482 3099 168 515 17191 6366 49658 78854 3423 1124 1214 2467 38891 3147 36731 7889 3702 42087 738 94019 1173 318 449 691 5529 34690 38865 320 5339 27136 2094 218 18047 1434 8962 42742 4169 244 1496 483 5610 602 2131 2624 18004 453 4693 69056 2814 51507 467 12498 1266 3182 2977 864 2800 1744 403 26090 1215 3423 464 28209 307 540 2171 58029 6234 23867 6987 1492 440 1223 7050 35620 5203 946 676 2148 3033 281 12999 21266 2484 4282 2633 1487 1762 483 1241 2273 3266 21921 265 406 668 1395 582 20384 10003 807 37825 10504 550 4583 3887 468 4224 974 6729 4207 3249 2291 338 534 3132 595 49708 480 11191 854 4587 1054
leaf_count=12772 5921 197779 3482 3099 168 515 17191 6366 49658 78854 3423 1124 1214 2467 38891 3147 36731 7889 3702 42087 738 94019 1173 318 449 691 5529 34690 38865 320 5339 27136 2094 218 18047 1434 8962 42742 4169 244 1496 483 5610 602 2131 2624 18004 453 4693 69056 2814 51507 467 12498 1266 3182 2977 864 2800 1744 403 26090 1215 3423 464 28209 307 540 2171 58029 6234 23867 6987 1492 440 1223 7050 35620 5203 946 676 2148 3033 281 12999 21266 2484 4282 2633 1487 1762 483 1241 2273 3266 21921 265 406 668 1395 582 20384 10003 807 37825 10504 550 4583 3887 468 4224 974 6729 4207 3249 2291 338 534 3132 595 49708 480 11191 854 4587 1054
internal_value=0.00440455 0.00370404 0.0177852 -0.0091526 0.00394044 -0.0203686 0.0072724 0.00346744 0.00439979 0.00273593 0.0317125 0.00435548 0.0145762 0.0133478 0.00547469 0.00273222 0.00608526 0.00405799 0.00191859 0.00743024 0.00803378 0.0053794 0.0109819 -0.000174124 0.0031376 0.00156689 0.00104807 0.00262638 0.004944 -0.00108388 0.00659241 -7.80182e-05 0.00137147 0.00288217 0.00695555 0.0119971 0.0109107 0.00325252 0.0188156 0.00489833 -0.0280445 -0.0254361 0.00195543 -0.0035832 -0.0146153 0.0222068 0.00435562 0.00771566 0.0155825 0.00336482 0.00824382 0.00340953 -0.0348685 0.00220351 -0.00508696 0.0142713 -0.00862579 -0.00334409 -0.0151261 0.0101479 0.0095886 0.00744277 0.00290838 -0.00379358 0.000459393 0.00239799 0.0114284 0.0145334 0.00988388 0.00815001 0.0095815 0.0115177 0.0123304 0.0226052 0.00504122 0.005205 0.00979016 -0.00182959 -0.000414941 0.0118782 0.0226507 0.0242649 0.027223 0.0140091 0.0092014 0.00733971 0.0272729 0.024793 0.00361723 0.0030878 0.010995 0.0169308 0.00977507 0.0111734 0.0037564 0.00462131 -0.00646716 0.00616034 0.000690603 0.016337 -0.00963946 0.0041178 0.00141916 -0.0054767 0.00606524 0.00726444 -0.00172025 -0.000328546 0.00309525 -0.00435043 -0.00492187 -0.010271 0.00665615 -0.00873022 -0.0140678 0.00105647 0.0120849 0.0191548 -0.00166787 0.0105357 0.00514104 0.0295077 0.0100305 -0.0273241 -0.0259496 -0.0151433
internal_weight=1.46755e+06 1.39454e+06 73007 25178 1.36936e+06 12406 170225 1.19914e+06 527194 671946 13671 225370 59336 52660 329415 59986 269429 219553 446576 169590 148684 128201 39815 3417 20906 403407 308467 128445 62064 13327 48737 180022 98504 71368 108869 45694 39415 94940 6279 119366 8989 7493 56839 8343 2733 6966 118478 43398 5817 69274 41679 94249 635 91352 1719 3426 6961 3841 3120 37150 35406 150951 48496 4638 66381 31691 3482 3175 2635 114220 56191 30101 33494 2665 99806 43169 8273 81518 45898 8835 4845 6676 5181 1495 34668 21669 10248 7764 43858 41225 26507 4518 21989 2756 20457 115940 2334 90822 18672 3862 2069 34896 14512 4509 90416 52591 40369 28139 15199 12940 12230 6177 11312 8006 3799 6763 1340 1002 5423 20748 99366 3104 20153 7010 6495 1908
internal_count=1467550 1394543 73007 25178 1369365 12406 170225 1199140 527194 671946 13671 225370 59336 52660 329415 59986 269429 219553 446576 169590 148684 128201 39815 3417 20906 403407 308467 128445 62064 13327 48737 180022 98504 71368 108869 45694 39415 94940 6279 119366 8989 7493 56839 8343 2733 6966 118478 43398 5817 69274 41679 94249 635 91352 1719 3426 6961 3841 3120 37150 35406 150951 48496 4638 66381 31691 3482 3175 2635 114220 56191 30101 33494 2665 99806 43169 8273 81518 45898 8835 4845 6676 5181 1495 34668 21669 10248 7764 43858 41225 26507 4518 21989 2756 20457 115940 2334 90822 18672 3862 2069 34896 14512 4509 90416 52591 40369 28139 15199 12940 12230 6177 11312 8006 3799 6763 1340 1002 5423 20748 99366 3104 20153 7010 6495 1908
is_linear=0
shrinkage=0.05


Tree=54
num_leaves=127
num_cat=0
split_feature=2 9 9 31 15 29 58 25 29 58 28 28 15 25 25 25 32 25 3 9 51 25 58 29 33 29 45 30 30 22 22 32 3 40 58 21 31 34 25 29 9 30 38 40 41 29 27 24 37 32 22 33 31 34 14 25 39 35 15 51 15 29 40 33 28 51 31 47 34 27 34 27 28 28 47 34 28 9 27 9 11 29 44 38 29 25 37 45 20 27 30 51 13 15 25 35 30 51 20 30 47 31 13 30 1 25 34 29 34 34 29 29 37 24 42 35 15 37 30 27 25 34 25 31 29 22
split_gain=5110.47 1267.55 900.754 754.974 2198.85 1952.8 841.112 479.645 430.266 699.339 414.081 455.488 407.248 316.937 292.365 261.997 243.872 272.168 230.988 204.709 203.724 198.62 198.612 195.628 186.615 181.901 170.153 168.348 162.807 162.231 161.259 157.387 144.804 143.75 136.18 130.172 118.027 117.027 128.835 161.828 115.522 111.757 110.035 156.075 164.288 109.662 231.433 206.94 547.272 212.364 177.187 289.76 201.704 142.769 138.447 130.551 146.263 112.137 262.55 132.587 159.053 167.664 174.972 153.162 237.317 117.534 111.765 110.841 640.603 215.112 194.768 239.135 144.146 112.142 159.694 118.052 108.217 107.02 113.82 106.961 105.64 104.654 102.447 144.056 102.351 99.1981 98.7794 98.4396 95.7487 90.9911 90.5464 88.2081 88.0028 87.9263 108.494 186.978 87.5618 87.3225 86.9047 86.583 86.1807 85.8028 85.6898 85.0059 84.7651 110.473 159.551 151.24 130.572 102.444 112.984 132.803 90.8173 83.0206 82.7207 139.939 82.2461 81.5911 81.5778 79.0384 78.4518 78.3254 78.0365 77.8075 77.1088 80.6838
threshold=14.500000000000002 0.11666666716337205 2.1166666746139531 1.0000000180025095e-35 162.50000000000003 785.50000000000011 468.50000000000006 6.5000000000000009 785.50000000000011 511.50000000000006 127.50000000000001 20.500000000000004 11.500000000000002 3015.5000000000005 266.50000000000006 3015.5000000000005 6724.0000000000009 793.50000000000011 2.5000000000000004 1.0000000180025095e-35 0.49999982118606573 1675.0000000000002 752.50000000000011 660.50000000000011 38813.500000000007 116.50000000000001 4517.0000000000009 0.32757042348384863 0.32757042348384863 62099.982421875007 290833.26562500006 6189.0000000000009 224.50000000000003 248.00000000000003 767.50000000000011 413849.84375000006 3277.5000000000005 1725.5000000000002 69.500000000000014 365.50000000000006 0.31666667759418493 0.23494966328144076 3.5000000000000004 12.500000000000002 48.500000000000007 844.50000000000011 1716.5000000000002 78996.355468750015 22.500000000000004 4666.0000000000009 24666.662109375004 22584.500000000004 538.50000000000011 705.50000000000011 1.5000000000000002 69.500000000000014 58.500000000000007 1873.5000000000002 116.50000000000001 0.41683533787727362 98.500000000000014 785.50000000000011 41.500000000000007 11807.500000000002 540.00000000000011 0.35714285075664526 993.00000000000011 0.20172388106584552 705.50000000000011 3428.0000000000005 705.50000000000011 3682.5000000000005 540.00000000000011 316.50000000000006 0.12760529667139056 1120.0000000000002 658.50000000000011 0.050000000745058067 159.50000000000003 0.016666667070239786 0.40638410397090424 785.50000000000011 27.500000000000004 4.5000000000000009 660.50000000000011 148.50000000000003 9.5000000000000018 30.500000000000004 632499.62500000012 2635.5000000000005 0.31579090654850012 0.35714285075664526 1.5000000000000002 74.500000000000014 91.500000000000014 1873.5000000000002 0.20402827113866809 0.23763111978769305 75004.253906250015 0.38379521667957311 1.137960731983185 967.00000000000011 1.5000000000000002 0.55949327349662792 1.0000000180025095e-35 21.500000000000004 1237.0000000000002 191.50000000000003 1974.5000000000002 1237.0000000000002 365.50000000000006 345.50000000000006 10.500000000000002 25004.414062500004 72.500000000000014 2413.0000000000005 110.50000000000001 1.5000000000000002 0.23494966328144076 40009.000000000007 8.5000000000000018 771.50000000000011 12.500000000000002 2257.0000000000005 922.50000000000011 74415.476562500015
decision_type=2 2 2 2 2 2 2 2 2 2 2 2 2 2 2 2 2 2 2 2 2 2 2 2 2 2 2 2 2 2 2 2 2 2 2 2 2 2 2 2 2 2 2 2 2 2 2 2 2 2 2 2 2 2 2 2 2 2 2 2 2 2 2 2 2 2 2 2 2 2 2 2 2 2 2 2 2 2 2 2 2 2 2 2 2 2 2 2 2 2 2 2 2 2 2 2 2 2 2 2 2 2 2 2 2 2 2 2 2 2 2 2 2 2 2 2 2 2 2 2 2 2 2 2 2 2
left_child=1 3 13 4 5 -1 79 40 -6 100 11 -5 14 26 37 16 24 27 29 -8 31 23 -11 -16 80 122 36 124 45 114 88 33 -4 99 -24 119 103 38 102 -40 -3 -19 43 113 -45 46 47 48 50 92 87 52 -52 -47 57 56 -56 59 81 60 85 62 65 -64 -65 67 -57 68 -62 73 71 116 -72 74 -70 -75 -21 78 -31 -7 -9 -59 83 -44 -67 -48 -46 117 -17 -25 -76 96 -49 -51 -95 -96 -68 -90 -54 -15 -10 -99 -12 -2 109 108 -107 -108 -106 -80 111 -111 -113 -30 -13 -116 -69 -14 -60 -28 -55 -41 -20 -124 125 -18
right_child=2 7 32 10 8 6 19 15 9 22 12 18 28 20 21 30 17 41 25 76 -22 -23 34 89 -26 -27 35 -29 42 77 -32 -33 -34 -35 -36 -37 -38 -39 39 121 -42 -43 82 44 86 53 54 49 -50 93 51 -53 98 120 55 66 -58 58 118 -61 61 -63 63 64 -66 84 91 70 69 -71 72 -73 -74 75 90 -77 -78 -79 104 -81 -82 -83 -84 -85 -86 -87 -88 -89 97 -91 -92 -93 -94 94 95 -97 -98 101 -100 -101 -102 -103 -104 -105 105 106 107 -109 -110 110 -112 112 -114 -115 115 -117 -118 -119 -120 -121 -122 -123 123 -125 -126 -127
leaf_value=0 0.0089681909178215054 -0.00078964611480365527 0.025808094461841583 0 0 0 -6.3643278343620126e-05 0.0022938209538966524 0 3.3496462286115862e-06 0 0 0 0.010293550616029613 0.010104649699597901 0.0059806255564304779 0.0061063000654384587 0.024865812926054966 -8.8696396265641698e-05 0.00055921050474953067 0.002529130115320433 0.015925171775030358 0 -0.011496873294202717 -0.0024846984933028816 -7.5308131799383044e-05 0.002056918820141035 0.0089354367726909804 -4.8175980746880252e-06 0 0.000749412028236743 0.021789993388022833 0.054776189406452153 0.027925106909245236 3.3496462286115862e-06 0.010557523078079402 0.01328866236146743 0.0066138199820847459 0.011006387753468381 -7.557129839268068e-05 -5.1444705675504634e-05 0.0080634011675128955 0.034221959380393352 -0.00075398472429673259 -0.00082835821469416171 -0.0003573887443276196 1.7862205365783102e-07 0 0.04229061783887153 0 1.3271897793678138e-10 0.0024705903880449884 -7.1792733473046642e-05 -0.00049228195157792606 -0.0016031690652613161 -6.7845847149891034e-05 0.025322807783847025 -0.00069825889883462326 0.0001918948997583473 -5.1309660735789212e-09 4.5850633175204414e-13 -4.1303446002026856e-05 3.0254652887897593e-05 3.9392778406851798e-05 -0.00071769837890666615 -5.1304002593900291e-09 -0.0066252235244692037 4.0966326424727037e-10 -6.5238745819003674e-07 2.7165769953265582e-07 0 1.7441898632982875e-07 -0.0007370005479327258 -9.7022988040273276e-12 2.093878955989344e-12 4.0935186968795535e-05 -0.00072567811117395589 -0.00047216433744534311 0 -0.0022506716446266625 0.0052394351623959445 0.0042530773642954767 0.00076341183064464473 -5.8505444134086081e-06 0 -2.9428766695020337e-05 0 0 0.034756473153289703 0.0035993539755994732 -9.9698405174310257e-12 0.0083820508250065148 -3.3931912791247324e-07 0 0 -0.00036424446443523642 0.0015041434672874111 0.011719974580331294 -7.1792733473046642e-05 0.030634872298423779 2.3032787411453923e-10 0.020699749351769593 -0.00015385591537517716 0.035409109594357537 0 0 0.021964980962639848 -0.00088625917815097891 -0.0010157838460442981 0 1.040308872897207e-10 9.8829342925234671e-11 -5.9135561262323719e-07 0 0 -0.002269694800002844 -2.4131912197476008e-14 -1.7129395455464774e-06 -0.00022357469302251894 -0.015451980545244727 0.002399102742294418 0.00066339645863841556 5.7064010131473629e-06 0.017710225429046569 -0.019228110281017174 0.0026425021759246326
leaf_weight=5238 16431 548 4064 166220 7545 1084 5063 29721 2820 1658 5434 116564 2008 4710 11198 1202 20362 1082 1237 149 1176 4459 471 260 469 9446 1926 14030 3091 43844 1832 6346 2823 2505 234 822 4016 11893 9401 5928 436 33153 767 545 828 15196 8731 24002 1338 30925 506 5724 3422 490 1490 32431 704 10377 367 1316 810 4167 687 338 238 461 890 143 309 686 7651 343 436 2839 371 131 382 1818 64394 277 59420 2357 51663 557 563 22844 4666 5445 2050 103361 85 4501 2337 13417 1293 2063 51591 3207 3447 1194 97 2667 5620 806 11971 4368 2228 2474 1159 60110 3477 585 78 83201 1230 207 806 1057 3771 675 72552 53376 1357 2402 195 25526
leaf_count=5238 16431 548 4064 166220 7545 1084 5063 29721 2820 1658 5434 116564 2008 4710 11198 1202 20362 1082 1237 149 1176 4459 471 260 469 9446 1926 14030 3091 43844 1832 6346 2823 2505 234 822 4016 11893 9401 5928 436 33153 767 545 828 15196 8731 24002 1338 30925 506 5724 3422 490 1490 32431 704 10377 367 1316 810 4167 687 338 238 461 890 143 309 686 7651 343 436 2839 371 131 382 1818 64394 277 59420 2357 51663 557 563 22844 4666 5445 2050 103361 85 4501 2337 13417 1293 2063 51591 3207 3447 1194 97 2667 5620 806 11971 4368 2228 2474 1159 60110 3477 585 78 83201 1230 207 806 1057 3771 675 72552 53376 1357 2402 195 25526
internal_value=0.00429387 0.00375425 0.0204277 0.00315662 -0.00543986 -0.0206424 -0.0380074 0.00748849 0.00901319 0.0199608 0.00333599 0.00444383 0.00255666 0.0175916 0.00439527 0.0076643 0.00721683 0.00899112 0.00552181 -0.0465839 0.0230897 0.00602705 0.0401782 0.00562489 0.00534867 -0.000660915 0.0140417 0.00696429 0.00176996 0.00580574 0.0151755 0.024686 0.0371484 0.0201978 0.0179336 0.00369402 0.0157081 0.00227158 0.00158158 0.00238767 -0.0273295 0.0125498 0.00317541 0.00213303 -0.00563743 0.00118248 0.000664545 0.00259728 -0.00155118 0.00388312 -0.00347284 -0.00712225 -0.0136737 0.00270512 -0.000489398 0.000794098 -0.0112552 -0.00214953 -0.00570735 -0.00103688 -0.000644863 0.00272003 0.00493546 0.0228367 0.0038101 0.00348885 0.00108983 0.00463686 -0.00119382 -0.00868449 0.00788935 -0.0101347 0.0107696 -0.013412 0.00365312 -0.0178092 -0.0170307 0.00668577 0.00679854 -0.00275145 0.00551424 -0.00215131 0.00499169 0.0187259 -0.0128845 -0.00288978 -0.00303871 0.00214392 0.0178932 0.00494634 0.0224622 0.00242348 0.00748678 0.00189305 0.004808 -0.00323143 0.00184724 0.0198881 -0.0159184 0.0159372 0.00358061 0.0167847 -0.00342814 0.0139087 0.00745037 0.0045966 0.000352256 -0.00603879 0.00752812 0.0079428 0.00935555 0.00985707 0.0321143 0.0026769 0.00434017 -0.00758124 -0.0230692 -0.00502267 -0.0166489 -0.00178578 0.0036225 0.0014214 0.0070545 0.0106395 0.00550408 0.00563752
internal_weight=1.46748e+06 1.41999e+06 47494 1.22409e+06 25018 12193 6955 195900 12825 5280 1.19907e+06 495169 703904 40607 210930 194916 183958 94348 328949 5594 15931 119278 2363 114819 89610 14442 24676 60113 492974 314507 10958 14755 6887 8409 705 3423 21253 91652 79759 68705 984 34235 145318 92331 6039 347656 259418 96984 22947 74037 21609 13099 7375 88238 162434 91607 2194 70827 16872 53955 52639 21064 16897 1263 576 15634 89413 14610 5231 4421 9379 1292 8087 3735 765 2970 531 196506 194688 1361 89141 12734 52987 1324 1024 31575 5494 8510 9126 103621 456 56982 26339 47698 16773 3356 52481 7924 6869 5904 2917 5874 11054 17237 150844 22200 9070 4702 13130 128644 64250 60773 663 86292 118001 1437 949 3065 4138 2601 73042 59304 4996 3759 46083 45888
internal_count=1467485 1419991 47494 1224091 25018 12193 6955 195900 12825 5280 1199073 495169 703904 40607 210930 194916 183958 94348 328949 5594 15931 119278 2363 114819 89610 14442 24676 60113 492974 314507 10958 14755 6887 8409 705 3423 21253 91652 79759 68705 984 34235 145318 92331 6039 347656 259418 96984 22947 74037 21609 13099 7375 88238 162434 91607 2194 70827 16872 53955 52639 21064 16897 1263 576 15634 89413 14610 5231 4421 9379 1292 8087 3735 765 2970 531 196506 194688 1361 89141 12734 52987 1324 1024 31575 5494 8510 9126 103621 456 56982 26339 47698 16773 3356 52481 7924 6869 5904 2917 5874 11054 17237 150844 22200 9070 4702 13130 128644 64250 60773 663 86292 118001 1437 949 3065 4138 2601 73042 59304 4996 3759 46083 45888
is_linear=0
shrinkage=0.05


Tree=55
num_leaves=127
num_cat=0
split_feature=2 4 2 31 26 29 1 28 25 33 13 25 25 59 31 58 25 29 31 25 59 22 30 32 38 20 41 22 25 35 4 26 43 29 34 28 33 59 28 31 29 28 25 30 50 25 19 4 35 29 24 30 47 41 43 34 35 41 41 38 30 44 58 58 58 58 22 4 29 1 25 34 58 30 59 41 59 29 30 25 38 30 29 35 24 25 30 50 50 47 38 25 34 29 50 30 45 30 47 28 34 28 24 29 10 29 30 29 40 40 31 45 4 58 58 4 58 14 32 34 28 22 39 30 40 24
split_gain=4731.93 1149.08 889.768 722.584 530.32 525.521 521.158 465.835 444.641 355.74 339.122 310.808 293.739 268.172 251.135 216.937 199.007 234.623 205.344 190.206 193.357 174.635 171.844 171.513 165.858 161.716 240.882 204.381 258.3 210.635 306.742 181.744 178.855 158.265 155.825 150.693 144.636 140.849 188.128 158.01 140.522 139.669 146.537 245.436 135.422 134.885 133.383 135.776 135.18 143.229 129.022 148.394 195.752 138.744 222.455 130.572 227.038 128.037 126.295 128.424 119.545 118.417 115.737 317.649 424.939 258.924 115.537 113.11 112.24 140.7 210.926 129.552 111.923 111.803 157.668 134.999 123.181 108.243 106.792 106.26 104.611 314.172 175.977 174.783 134.796 123.78 104.375 103.025 168.864 111.71 102.541 101.649 100.94 100.523 132.88 142.455 100.52 99.6742 98.9129 127.636 98.8654 97.6777 96.6323 96.6162 95.2108 94.5854 93.9341 93.8338 221.381 95.0925 93.551 90.6054 90.4442 89.6238 216.898 88.8373 226.456 107.585 88.1389 86.6924 86.5647 84.6627 82.9211 82.8803 82.8278 80.5908
threshold=15.500000000000002 10.500000000000002 80.500000000000014 1.0000000180025095e-35 206.50000000000003 785.50000000000011 1.0000000180025095e-35 24.500000000000004 1.5000000000000002 1.0000000180025095e-35 2.5000000000000004 3015.5000000000005 3015.5000000000005 4752.5000000000009 895.50000000000011 767.50000000000011 159.50000000000003 512.50000000000011 1479.0000000000002 839.50000000000011 1108.5000000000002 290833.26562500006 0.32757042348384863 7958.0000000000009 26.500000000000004 75004.253906250015 89.500000000000014 38999.994140625007 91.500000000000014 1873.5000000000002 1.0000000180025095e-35 556.50000000000011 42.500000000000007 725.50000000000011 1725.5000000000002 822.50000000000011 38813.500000000007 4864.5000000000009 127.50000000000001 686.50000000000011 94.500000000000014 857.00000000000011 1675.0000000000002 0.27420888841152197 0.25525300204753881 102.50000000000001 239006.28906250003 4.5000000000000009 1999.5000000000002 365.50000000000006 455100.00000000006 0.24130119383335116 0.35599115490913397 52.500000000000007 121.50000000000001 1725.5000000000002 2924.0000000000005 2.5000000000000004 721.50000000000011 72.500000000000014 0.86991125345230114 536.00000000000011 468.50000000000006 646.50000000000011 708.50000000000011 736.50000000000011 24666.662109375004 29.500000000000004 128.50000000000003 1.0000000180025095e-35 21.500000000000004 1974.5000000000002 679.50000000000011 0.36300858855247503 682.50000000000011 1267.5000000000002 912.50000000000011 798.50000000000011 0.26373033225536352 21.500000000000004 3.5000000000000004 0.32757042348384863 571.50000000000011 1849.5000000000002 220508.96093750003 91.500000000000014 0.68189269304275524 0.24037712812423709 0.19034679234027865 0.20172388106584552 63.500000000000007 174.50000000000003 1691.5000000000002 859.50000000000011 0.22071824967861178 0.43456299602985388 334.50000000000006 0.19621697068214419 0.377435252070427 170.50000000000003 1120.0000000000002 746.50000000000011 82801.039062500015 128.50000000000003 1.6711829869303561 265.00000000000006 0.37332476675510412 396.50000000000006 8.5000000000000018 5.5000000000000009 967.00000000000011 1349.5000000000002 299.50000000000006 483.50000000000006 523.50000000000011 1.0000000180025095e-35 483.50000000000006 1.5000000000000002 6555.0000000000009 705.50000000000011 913.50000000000011 178999.87500000003 34.500000000000007 0.30610470473766332 109.50000000000001 54001.830078125007
decision_type=2 2 2 2 2 2 2 2 2 2 2 2 2 2 2 2 2 2 2 2 2 2 2 2 2 2 2 2 2 2 2 2 2 2 2 2 2 2 2 2 2 2 2 2 2 2 2 2 2 2 2 2 2 2 2 2 2 2 2 2 2 2 2 2 2 2 2 2 2 2 2 2 2 2 2 2 2 2 2 2 2 2 2 2 2 2 2 2 2 2 2 2 2 2 2 2 2 2 2 2 2 2 2 2 2 2 2 2 2 2 2 2 2 2 2 2 2 2 2 2 2 2 2 2 2 2
left_child=1 3 11 5 7 -1 25 -5 67 15 37 34 14 16 36 62 18 60 -8 22 73 110 35 58 119 26 27 28 92 31 33 66 45 -31 61 -16 -10 46 -39 -40 -12 78 43 -43 -37 -29 47 48 -9 68 51 52 53 -27 122 56 -53 -54 59 125 -18 -2 -7 113 72 -66 100 -3 -50 79 71 -71 -65 76 -75 121 96 80 101 -70 85 83 -83 84 -82 -28 -15 88 -80 -89 -60 -59 105 106 95 -95 -21 -34 99 -85 -30 -22 -79 -20 -63 -6 -24 108 109 -33 -14 123 -4 -64 -115 116 -11 -117 -100 -19 -92 -76 -55 -86 -90 -13
right_child=2 8 112 4 6 9 13 10 12 115 40 23 21 86 19 -17 17 24 103 20 41 -23 93 -25 -26 50 77 32 29 30 -32 107 97 -35 -36 44 -38 38 39 -41 -42 42 -44 -45 -46 -47 -48 -49 49 -51 -52 55 57 54 -56 -57 -58 91 90 -61 -62 104 63 64 65 -67 -68 -69 69 70 -72 -73 -74 74 75 -77 -78 102 87 -81 81 82 -84 98 111 -87 -88 89 124 -91 120 -93 -94 94 -96 -97 -98 -99 118 -101 -102 -103 -104 -105 -106 -107 -108 -109 -110 -111 -112 -113 -114 114 -116 117 -118 -119 -120 -121 -122 -123 -124 -125 -126 -127
leaf_value=0 0.010313387961975874 -0.00070874054457618777 0.027297436667017828 0 0 0 0 0 0.0026868990690053665 3.3496257442417782e-06 0.0093201767018632666 0.029969017459220249 0.01440090844246843 0.0069930245181857812 0.004002645540537253 -6.0461114426439118e-05 0.011379836265955894 -0.00022519930564598168 0.024712603043614952 0.0015275215031367085 0.0042916976371523141 0.00050838367739207695 0.0074043949695026924 0.021747235299862624 0.0081759784853002726 0 0 -6.8203096799394303e-05 0 -0.00034753647693833097 0.0037115114937140399 0 0.026829416217078884 0.0038596750554500351 0.01187149884774248 -0.01179107078421361 -0.0024236774466589988 3.0769193765750484e-05 8.9866214199345459e-05 -0.00047451141023694722 -9.3910688098963754e-05 0.034340515685161589 0.0080269087391211524 -0.00063604370102294811 0.001391483440088398 -6.9046174072262887e-05 0 -0.00054400242417364697 0 0 -2.7832766550098872e-05 0 0.016459171403286843 0.0077672876922650963 2.1807899112520481e-07 0.0083893689393355186 -0.0035331845603616082 -0.0010801334033839866 0.015524723924007423 -0.00073560140811361756 0.030210932874681774 0.0052962257722219304 -6.0461114426439118e-05 3.1821639171810072e-06 -6.0461114426439118e-05 0 -6.8203096799394303e-05 -4.8872470391729402e-05 0 0 -0.00084194621924342994 -0.0010245714189059715 3.1821639171810072e-06 -0.0063925266295526643 0.022876981255029141 -0.0034579046609462261 0.003001498196755287 0.005481798830464896 0.00097742188021581193 0 0 -3.8170591532232236e-05 -3.8001290943104953e-05 3.6357299419154087e-05 0 0 0.01254420395580096 0.043224788143799424 0.017695200319505555 0.0087417555312363227 0.017285850599910401 -0.0021272405850175759 -0.0012737069821898985 -0.00052407945529084896 0.0063905556823487869 -0.058635295182036119 0.0083087772444049753 -2.1901239429414882e-09 -3.7773646109102955e-06 -0.00013214867182370161 7.2209266568665985e-05 0.026710279743540274 -8.2702739804976932e-05 0.0032281664228000721 -0.0055874232913158744 0 0.016804855954415322 0 -3.8170591532232236e-05 5.6581418889210254e-13 0.021748309227404807 2.9551360575741292e-07 0.05155946198969228 0 -6.0461114426439118e-05 2.149524806730544e-05 -5.7111468197827529e-05 -0.0012882062082623831 -0.0002171215983858074 0.0028021396270932089 0.026693637066703538 0.00028755916166671723 0.0419110164510757 -8.1743643893643928e-12 0.056149687732467674 0.0061820315758681415
leaf_weight=12656 11162 500 2104 195516 3243 2851 28165 140283 31955 94 2070 715 5548 19345 67691 971 7594 11876 635 2223 509 1945 7423 4501 12661 6574 3749 3264 8717 7311 5840 1251 422 1411 6366 1350 468 2582 138 869 8575 339 4009 4607 1992 3135 13867 2269 46315 9049 29027 248355 437 849 5272 14979 527 2929 3334 1251 720 2672 531 958 510 1277 782 436 54635 4017 3452 692 309 2204 770 934 15614 6655 949 20214 5264 3033 2527 769 2990 6848 5666 310 3449 12782 2932 2383 1606 2055 5617 179 13388 7657 407 2680 482 1490 4730 28083 1493 24992 4425 28491 986 451 4317 1040 3101 874 1475 415 1520 493 723 125632 2667 328 807 1067 366 1270
leaf_count=12656 11162 500 2104 195516 3243 2851 28165 140283 31955 94 2070 715 5548 19345 67691 971 7594 11876 635 2223 509 1945 7423 4501 12661 6574 3749 3264 8717 7311 5840 1251 422 1411 6366 1350 468 2582 138 869 8575 339 4009 4607 1992 3135 13867 2269 46315 9049 29027 248355 437 849 5272 14979 527 2929 3334 1251 720 2672 531 958 510 1277 782 436 54635 4017 3452 692 309 2204 770 934 15614 6655 949 20214 5264 3033 2527 769 2990 6848 5666 310 3449 12782 2932 2383 1606 2055 5617 179 13388 7657 407 2680 482 1490 4730 28083 1493 24992 4425 28491 986 451 4317 1040 3101 874 1475 415 1520 493 723 125632 2667 328 807 1067 366 1270
internal_value=0.0041271 0.00363072 0.0203588 0.00305659 0.0032317 -0.00536795 0.00233598 0.00446561 0.00714283 -0.0127377 0.00567408 0.0177265 0.00730437 0.00421898 0.0068224 -0.00840961 0.00364981 0.00456039 0.00111272 0.00765949 0.00974069 0.0149529 0.00618519 0.022861 0.00410767 0.00134044 -5.50437e-05 0.00128442 0.0022141 0.0002036 -0.0049646 0.00203219 -0.00420946 -0.0109028 0.0137806 0.00503913 0.00282037 0.00598694 -0.00385751 -0.0221875 -0.00309485 0.0127835 0.00759846 0.00183882 -0.0053245 -0.0104538 0.00610681 0.00634311 0.00644231 0.00755123 0.00197763 0.00230313 -0.00193469 0.00135497 0.00629249 0.00261234 0.00233944 -0.00966151 0.0197751 0.0113084 0.0127368 0.0110487 -0.00592993 -0.00990799 0.00132445 -0.014378 0.00790444 -0.0272353 0.00797676 0.00907715 0.00284214 0.00972479 0.0234749 0.00726839 -0.000352919 0.00969194 0.00830246 -0.00320947 0.0151218 0.0097569 -0.00473662 -0.00682167 -0.0169682 -0.00304516 0.000549652 -0.000702551 0.00911975 0.0138941 0.0201916 0.011602 0.0228415 -0.0118023 0.00596811 0.0103175 0.00592847 -0.00438432 0.0114435 0.000735849 -0.0111801 -0.00697138 0.00947321 0.0260842 0.000961344 0.00408784 0.00385225 0.00666174 0.0132253 0.000152185 -0.00877758 0.00214147 0.0176526 0.00634577 0.0397581 -0.0218204 -0.0176216 -0.0294774 -0.0365188 -0.016953 -0.02402 0.00360339 0.0269767 0.0215782 0.0222782 0.00296887 0.0248866 0.0192157
internal_weight=1.46826e+06 1.42469e+06 43568 1.22452e+06 1.19958e+06 24934 695039 504543 200172 12278 309027 38363 199236 240377 187426 9756 215366 158483 56883 155003 64271 11810 90732 16670 150169 454662 142523 100041 85563 55722 14562 41160 14478 8722 21693 71033 32423 298382 3589 1007 10645 28810 8955 4946 3342 6399 294793 280926 278657 138374 312139 283112 19251 13502 6928 263861 248882 5749 12169 3236 8314 15327 8785 5934 3054 1787 9981 936 129325 83010 8161 4709 1267 35461 4236 2032 31225 42482 19855 74849 31097 20500 5560 14940 10361 10597 25011 17856 4764 13092 8933 5312 29841 19699 7851 2234 15611 8079 4579 3449 9199 1999 11385 28718 4165 28235 11848 31179 2688 1702 9865 5097 5205 2880 2349 2522 1614 908 1130 137508 5599 1098 1656 4057 3815 1985
internal_count=1468256 1424688 43568 1224516 1199582 24934 695039 504543 200172 12278 309027 38363 199236 240377 187426 9756 215366 158483 56883 155003 64271 11810 90732 16670 150169 454662 142523 100041 85563 55722 14562 41160 14478 8722 21693 71033 32423 298382 3589 1007 10645 28810 8955 4946 3342 6399 294793 280926 278657 138374 312139 283112 19251 13502 6928 263861 248882 5749 12169 3236 8314 15327 8785 5934 3054 1787 9981 936 129325 83010 8161 4709 1267 35461 4236 2032 31225 42482 19855 74849 31097 20500 5560 14940 10361 10597 25011 17856 4764 13092 8933 5312 29841 19699 7851 2234 15611 8079 4579 3449 9199 1999 11385 28718 4165 28235 11848 31179 2688 1702 9865 5097 5205 2880 2349 2522 1614 908 1130 137508 5599 1098 1656 4057 3815 1985
is_linear=0
shrinkage=0.05


Tree=56
num_leaves=127
num_cat=0
split_feature=7 7 3 31 15 29 58 28 28 25 29 58 4 31 4 59 13 14 27 3 25 30 51 23 58 14 46 30 44 31 51 32 22 22 31 22 32 45 25 46 38 29 59 59 37 29 59 29 34 25 15 15 29 25 13 32 58 41 21 4 30 25 27 44 25 15 28 22 30 44 29 47 37 15 44 44 25 59 51 38 25 35 30 15 34 25 28 30 30 23 14 44 22 21 46 34 45 32 29 27 28 25 30 27 31 25 29 47 22 37 30 33 39 59 30 45 59 25 47 28 15 30 29 27 51 38
split_gain=4448.04 1117.21 852.26 761.645 2219.68 1915.96 766.732 455.565 513.767 478.285 431.694 708.518 391.699 294.707 291.19 261.417 220.36 219.337 402.208 219.291 217.769 207.677 225.098 201.162 195.131 189.896 182.291 183.357 238.884 179.237 174.954 161.427 181.766 875.566 393.657 160.576 157.612 156.822 153.345 197.61 172.986 160.554 150.166 149.424 156.552 145.991 145.695 138.858 138.185 136.269 135.588 134.449 131.916 132.268 131.37 130.812 128.81 127.23 126.554 154.677 126.347 152.278 123.838 121.014 120.645 118.372 117.52 113.821 113.52 137.899 111.391 111.289 141.519 151.349 108.813 108.367 105.221 104.337 102.436 101.556 99.2793 306.192 98.5478 95.6389 152.766 123.898 94.4343 140.132 105.061 93.4535 99.2961 90.9064 89.3818 88.0376 87.7549 88.4834 112.348 85.2448 85.0682 84.9205 84.4523 133.152 159.286 90.7382 84.4197 83.5431 102.436 80.8254 80.6571 79.5752 79.4081 115.851 87.117 99.8606 91.5485 78.7295 78.679 78.2186 77.4515 76.7705 76.6128 83.1933 76.3885 76.0993 114.418 113.252
threshold=0.5892857313156129 0.16071429103612903 127.50000000000001 1.0000000180025095e-35 162.50000000000003 785.50000000000011 468.50000000000006 127.50000000000001 20.500000000000004 839.50000000000011 785.50000000000011 511.50000000000006 28.500000000000004 2799.5000000000005 1.0000000180025095e-35 4912.5000000000009 2.5000000000000004 2.5000000000000004 1716.5000000000002 1.5000000000000002 3015.5000000000005 0.26664297282695776 0.29791575670242315 0.95228004455566417 752.50000000000011 1.5000000000000002 62.500000000000007 0.21125950664281848 11.500000000000002 1272.5000000000002 0.49999982118606573 5832.0000000000009 76895.582031250015 35999.994140625007 538.50000000000011 62099.982421875007 7958.0000000000009 4517.0000000000009 1005.5000000000001 260.00000000000006 25.500000000000004 922.50000000000011 3059.5000000000005 4752.5000000000009 105.50000000000001 320.50000000000006 727.50000000000011 455.50000000000006 1613.5000000000002 102.50000000000001 191.50000000000003 50.500000000000007 128.50000000000003 15.500000000000002 19.500000000000004 5972.5000000000009 767.50000000000011 315.50000000000006 228999.83593750003 4.5000000000000009 0.27420888841152197 582.00000000000011 686.50000000000011 430.50000000000006 69.500000000000014 74.500000000000014 516.50000000000011 445914.67187500006 0.37332476675510412 1297.5000000000002 191.50000000000003 0.08767408132553102 35.500000000000007 98.500000000000014 6.5000000000000009 66.500000000000014 132.50000000000003 4864.5000000000009 0.33000662922859197 3.5000000000000004 91.500000000000014 1873.5000000000002 0.37332476675510412 11.500000000000002 771.50000000000011 69.500000000000014 280.50000000000006 0.16946976631879809 0.22812904417514804 0.98389768600463878 16.500000000000004 130.50000000000003 237626.65625000003 830200.50000000012 326.50000000000006 1237.0000000000002 1477.5000000000002 6555.0000000000009 345.50000000000006 207.50000000000003 711.50000000000011 1675.0000000000002 0.27420888841152197 22738.000000000004 686.50000000000011 60.500000000000007 638.50000000000011 1.137960731983185 21635.373046875004 422.00000000000006 0.32234837114810949 20023.000000000004 3.5000000000000004 991.50000000000011 0.34869723021984106 834.50000000000011 4864.5000000000009 102.50000000000001 0.99999928474426281 658.50000000000011 86.500000000000014 0.34192207455635076 924.50000000000011 12028.500000000002 0.33333332836627966 10.500000000000002
decision_type=2 2 2 2 2 2 2 2 2 2 2 2 2 2 2 2 2 2 2 2 2 2 2 2 2 2 2 2 2 2 2 2 2 2 2 2 2 2 2 2 2 2 2 2 2 2 2 2 2 2 2 2 2 2 2 2 2 2 2 2 2 2 2 2 2 2 2 2 2 2 2 2 2 2 2 2 2 2 2 2 2 2 2 2 2 2 2 2 2 2 2 2 2 2 2 2 2 2 2 2 2 2 2 2 2 2 2 2 2 2 2 2 2 2 2 2 2 2 2 2 2 2 2 2 2 2
left_child=1 3 20 4 5 -1 51 8 12 13 -6 107 -5 17 -8 23 35 18 19 26 37 22 86 -3 -13 47 27 28 -9 100 36 32 33 -29 -35 94 68 89 41 -40 91 48 97 44 62 -33 -39 74 105 -36 -31 -7 53 -18 -4 66 -26 78 59 99 61 -45 -23 108 -15 117 -27 -17 69 -22 -34 -28 77 75 -20 -74 -21 -73 -44 -75 116 -82 -50 84 -72 -86 -19 -88 -89 90 -2 -41 -46 -70 -10 -96 -97 109 -64 -37 115 102 118 -103 -79 -25 -107 -12 -24 -42 -76 112 -112 -114 -115 -11 -67 -47 -102 -16 121 -66 -91 125 -125 -104
right_child=2 15 54 7 10 6 14 9 16 29 11 24 -14 64 119 67 52 21 25 76 30 43 63 38 56 55 71 31 -30 50 -32 45 70 34 49 58 -38 46 39 40 42 -43 57 60 92 65 -48 -49 82 -51 -52 -53 -54 -55 -56 -57 -58 -59 -60 -61 -62 -63 98 -65 120 80 -68 -69 93 -71 83 72 73 79 110 -77 -78 104 -80 -81 81 -83 -84 -85 85 -87 87 88 -90 122 -92 -93 -94 -95 95 96 -98 -99 -100 -101 101 103 123 -105 -106 106 -108 -109 -110 -111 111 -113 113 114 -116 -117 -118 -119 -120 -121 -122 -123 -124 124 -126 -127
leaf_value=0 0.026265946730144263 0.00069619745723431548 0.02461565578225966 0 0 -0.0056093895532724463 -5.7438058705117158e-05 0 0 0.01357761943476566 0 3.0230557213219569e-06 -4.6428846872142932e-05 0 0.00052881277683269748 0.014464096659792581 -0.0003841649712647135 -0.00065296512487176064 2.5137742067208363e-10 -5.158546714744883e-06 0.011507069315322206 -0.0004659945689275482 -0.0047057964737797515 -0.0047960553697714882 0 -7.110762422298127e-05 1.3879856481729897e-06 0 0.031873841266409464 0.0094826620873212537 0.0018605755186110629 1.6824296859578217e-05 -0.0013035916258578801 3.4101482040208185e-06 -6.8571506879058642e-05 0 0.021616057915220213 0.010935179777913962 0.016769206589885965 -0.0071724495650071773 0.0048293959739509288 -0.015026987041748027 0.023239109965208796 -0.0031367367128326282 0.027150827906668864 -8.4307727286857909e-07 -0.0026984964495089248 -2.2925316587602209e-14 0.0055755444785783983 -6.4750788095781168e-05 -0.00092696758395898425 0 -8.762391606845045e-05 0.011246069507003659 0.044823969549692547 0.0033546413936469122 6.2052196385029629e-06 0.0083418386313537495 0 -0.00067602462920317004 0.0056324014152607906 0.045167456306275645 0.010325095924733286 -0.018738177016019132 0.0053981601653025181 0 0.0021356183939509666 -0.0054325617520672113 0.030597340570607059 0.035879229236424996 3.7785649196340343e-06 0 -3.8116389630581988e-05 1.2702434156675207e-05 0 5.4201901650247404e-08 0.0064331678960925318 4.663908468914222e-05 0.00065962417163741851 -3.5314321834614705e-06 3.6220011696679475e-05 -0.00035368394093418201 0.017280086043902781 0 0 -3.3169822931920782e-05 0.016397048132624353 -0.0049003643637160477 -0.00014378861550792265 0.011588306696493557 0.00060626303249331501 0.0036896475490508897 0.0069367457584132821 -0.013189277643079212 0 -0.000206265518466517 6.3753910408991072e-05 0.0073908877063463612 0.0017088327738697452 0 0.016461387304924382 0.024315341797959508 0.017232388786482901 0.0094446325362391344 -0.00057272717535858863 0.0099935275772426897 0.0030260855141224785 2.1881148040881227e-10 0.0079810829237371098 0.01754916422973515 2.4087987544369184e-07 2.0141336527979399e-05 -3.6262061955620626e-05 -2.4317915303119191e-05 -2.8290709444605127e-14 -0.00052252656339953616 -0.00045078583972509988 0.0096539390264033086 0.00057423095717472621 -0.00060690954204662112 -0.00041053029940606064 0.01163104326918208 -0.0046139628283496936 0.0011488099784469686 0.013093365286250875 0.0027924162020849241
leaf_weight=5201 1352 12217 3237 166717 7578 251 5091 2134 117183 2268 2822 1670 432 8254 148 9997 1462 6715 687 19213 6892 2706 705 434 455 23675 759 24348 1714 19392 1098 6881 1299 633 4243 64887 3515 571 3516 730 17010 803 1789 157 534 14266 2096 116508 19231 1108 146 1173 6573 3555 3503 19281 227 4862 11705 2022 22510 485 5545 229 26116 10189 30529 555 2363 699 848 14159 1265 133 5260 1555 3298 346 313 1586 709 3051 2670 23168 1220 1714 1003 3452 28812 12412 2119 14846 5471 72 983 415 106 8308 205039 120317 3555 752 1705 9108 1915 6835 42635 91 9355 344 127 981 1246 607 1048 6222 261 3508 1003 428 1729 7662 279 28475 1754 3069
leaf_count=5201 1352 12217 3237 166717 7578 251 5091 2134 117183 2268 2822 1670 432 8254 148 9997 1462 6715 687 19213 6892 2706 705 434 455 23675 759 24348 1714 19392 1098 6881 1299 633 4243 64887 3515 571 3516 730 17010 803 1789 157 534 14266 2096 116508 19231 1108 146 1173 6573 3555 3503 19281 227 4862 11705 2022 22510 485 5545 229 26116 10189 30529 555 2363 699 848 14159 1265 133 5260 1555 3298 346 313 1586 709 3051 2670 23168 1220 1714 1003 3452 28812 12412 2119 14846 5471 72 983 415 106 8308 205039 120317 3555 752 1705 9108 1915 6835 42635 91 9355 344 127 981 1246 607 1048 6222 261 3508 1003 428 1729 7662 279 28475 1754 3069
internal_value=0.00403761 0.0035758 0.0204385 0.00310186 -0.00551599 -0.0207039 -0.0376098 0.00327436 0.00445233 0.0025044 0.00902002 0.0200177 0.00219472 0.00208152 -0.0458515 0.00770281 0.00559857 0.00180933 0.000956069 0.00295585 0.0171714 0.00281634 -0.000108313 0.00711676 0.0404298 -0.000499352 0.00378617 0.00467742 0.0153829 0.0062279 0.0217462 0.00425461 0.00591223 0.00322414 -0.013911 0.00584568 0.0233028 0.0136143 0.00771837 0.00979918 0.00896424 0.00623615 0.011034 0.00342279 0.00301942 0.00175595 0.00237899 -0.00167395 0.00648485 -0.0183224 0.0103692 -0.00480654 -0.00117298 0.00493213 0.0366604 0.00152201 0.0178786 0.0175464 0.00671411 0.00702944 0.00724319 0.0291154 0.00279523 0.00648696 0.00605092 0.000334385 0.000263725 0.0152856 0.020107 0.0170917 0.00879833 -0.000370428 -0.00105181 -0.0088663 -0.00734173 -0.00173575 -0.00158122 0.00110809 0.0278269 -0.0205602 0.00373643 -0.00322997 0.00979608 0.00948772 0.0021139 -0.00328721 -0.00180568 -0.000713768 -0.0012861 0.015468 0.00819481 0.00462857 0.0109815 0.0295039 0.00439007 -0.0076092 -0.024266 0.00926639 0.00293182 0.00717962 0.00483059 0.00562199 0.00432609 0.0108209 -0.00886515 0.00503155 0.00522326 0.00353404 0.00730559 0.00727177 -0.00876514 -0.0140667 -0.0189046 -0.0206801 -0.0126246 0.000223201 0.00624348 -0.00238521 0.0131184 -0.012142 0.00731671 0.00784221 0.0174567 0.003181 0.00225428 0.00904778
internal_weight=1.4682e+06 1.42799e+06 40208 1.28089e+06 25135 12292 7091 1.25576e+06 496357 759400 12843 5265 167149 681951 5667 147095 329208 638190 345472 145523 33468 292718 50271 136543 2352 199949 123012 101294 3848 77449 14639 97446 58581 30332 5984 317618 13541 18829 124326 51718 48202 72608 32626 242447 219295 38865 2667 126464 71805 5351 19538 1424 11590 5017 6740 73485 682 6964 198931 187226 23152 642 213290 10289 43761 31984 54204 10552 10026 7591 28249 21718 20959 4539 9956 2820 22511 16420 2102 1719 14210 3760 21901 26950 3782 2934 39982 33267 32264 16162 3471 15576 6005 2435 118687 1504 521 25662 210584 185204 57911 49421 39561 9860 2261 49904 49470 2913 10060 17354 9269 4009 3028 2901 1655 8490 10450 17774 4558 576 35507 33778 12691 35003 30229 4774
internal_count=1468195 1427987 40208 1280892 25135 12292 7091 1255757 496357 759400 12843 5265 167149 681951 5667 147095 329208 638190 345472 145523 33468 292718 50271 136543 2352 199949 123012 101294 3848 77449 14639 97446 58581 30332 5984 317618 13541 18829 124326 51718 48202 72608 32626 242447 219295 38865 2667 126464 71805 5351 19538 1424 11590 5017 6740 73485 682 6964 198931 187226 23152 642 213290 10289 43761 31984 54204 10552 10026 7591 28249 21718 20959 4539 9956 2820 22511 16420 2102 1719 14210 3760 21901 26950 3782 2934 39982 33267 32264 16162 3471 15576 6005 2435 118687 1504 521 25662 210584 185204 57911 49421 39561 9860 2261 49904 49470 2913 10060 17354 9269 4009 3028 2901 1655 8490 10450 17774 4558 576 35507 33778 12691 35003 30229 4774
is_linear=0
shrinkage=0.05


Tree=57
num_leaves=127
num_cat=0
split_feature=2 3 3 31 15 29 58 28 28 29 58 25 25 14 34 25 25 32 13 58 59 15 37 28 29 22 25 19 22 19 25 35 58 45 50 30 30 59 45 37 29 14 51 30 30 43 26 24 45 30 44 25 28 22 30 20 46 28 29 12 46 26 29 47 34 28 43 50 47 28 24 44 42 14 37 15 35 25 28 30 47 29 30 35 15 15 38 47 26 41 24 22 20 3 25 25 30 22 34 28 27 28 28 30 29 50 30 29 14 15 47 27 37 42 51 30 38 59 50 29 30 15 59 35 26 30
split_gain=4052.36 897.07 818.027 735.375 2166.76 1868.87 780.52 462.406 482.461 437.319 703.269 385.3 378.551 378.004 270.57 250.212 233.938 216.76 211.145 198.85 173.435 249.362 168.977 232.752 189.019 155.036 152.852 151.703 142.249 160.368 131.326 130.584 130.043 128.69 144.958 127.588 121.466 121.368 129.033 119.4 192.637 114.406 109.794 320.643 181.417 120.328 215.959 213.864 123.524 123.284 151.17 333.179 120.842 114.424 114.061 109.048 106.273 105.919 105.428 104.889 102.985 102.315 100.53 186.766 137.691 127.272 111.979 147.011 281.568 118.785 122.484 109.116 243.071 174.456 177.178 151.739 353.117 290.466 157.473 140.899 115.367 140.15 110.314 226.51 265.984 170.132 328.168 231.239 118.03 117.697 165.14 112.433 107.428 123.789 132.822 111.317 128.917 125.262 105.209 151.205 183.119 101.767 126.677 101.029 209.767 137.539 119.729 100.407 100.102 96.8821 96.3846 94.8508 122.576 101.897 94.6371 95.1164 130.085 121.849 93.9987 201.644 151.797 93.936 93.2422 92.5123 92.0848 90.6237
threshold=16.500000000000004 8.5000000000000018 143.50000000000003 1.0000000180025095e-35 162.50000000000003 785.50000000000011 468.50000000000006 127.50000000000001 24.500000000000004 785.50000000000011 511.50000000000006 1.5000000000000002 839.50000000000011 1.0000000180025095e-35 1974.5000000000002 3015.5000000000005 3015.5000000000005 8208.0000000000018 2.5000000000000004 752.50000000000011 1108.5000000000002 44.500000000000007 122.50000000000001 913.50000000000011 919.50000000000011 290833.26562500006 839.50000000000011 647067.50000000012 62099.982421875007 239006.28906250003 52.500000000000007 2924.0000000000005 767.50000000000011 4517.0000000000009 0.27282197773456579 0.38379521667957311 0.37332476675510412 4912.5000000000009 1349.5000000000002 122.50000000000001 919.50000000000011 4.5000000000000009 0.33333332836627966 0.19621697068214419 0.27947758138179785 37.500000000000007 276.50000000000006 69002.062500000015 49.500000000000007 0.21993688493967059 75.500000000000014 582.00000000000011 298.50000000000006 24666.662109375004 0.20402827113866809 556577.50000000012 376.50000000000006 913.50000000000011 85.500000000000014 12.500000000000002 376.50000000000006 3188.0000000000005 811.50000000000011 1.137960731983185 753.00000000000011 711.50000000000011 1.0000000180025095e-35 0.19034679234027865 0.84689703583717357 540.00000000000011 585312.34375000012 32.500000000000007 12.500000000000002 1.5000000000000002 58.500000000000007 98.500000000000014 1873.5000000000002 91.500000000000014 573.50000000000011 0.47697626054286962 0.20172388106584552 512.50000000000011 0.32757042348384863 1873.5000000000002 98.500000000000014 123.50000000000001 3.5000000000000004 0.34456291794776922 1039.5000000000002 89.500000000000014 385199.50000000006 265299.81250000006 75004.253906250015 1.5000000000000002 148.50000000000003 83.500000000000014 0.47697626054286962 24666.662109375004 705.50000000000011 470.50000000000006 1716.5000000000002 496.50000000000006 242.50000000000003 0.33054541051387792 820.50000000000011 0.26008339226245886 0.35384212434291845 785.50000000000011 1.5000000000000002 50.500000000000007 0.46696333587169653 7683.0000000000009 122.50000000000001 57.500000000000007 0.39999994635581976 0.26047860085964208 25.500000000000004 727.50000000000011 0.26383294165134435 905.50000000000011 0.28924794495105749 116.50000000000001 4864.5000000000009 1954.0000000000002 206.50000000000003 0.36300858855247503
decision_type=2 2 2 2 2 2 2 2 2 2 2 2 2 2 2 2 2 2 2 2 2 2 2 2 2 2 2 2 2 2 2 2 2 2 2 2 2 2 2 2 2 2 2 2 2 2 2 2 2 2 2 2 2 2 2 2 2 2 2 2 2 2 2 2 2 2 2 2 2 2 2 2 2 2 2 2 2 2 2 2 2 2 2 2 2 2 2 2 2 2 2 2 2 2 2 2 2 2 2 2 2 2 2 2 2 2 2 2 2 2 2 2 2 2 2 2 2 2 2 2 2 2 2 2 2 2
left_child=1 3 16 4 5 -1 109 8 -5 -6 -11 55 14 -8 27 17 33 31 28 -12 114 57 24 35 -18 39 36 42 124 41 58 37 -21 -2 -35 -24 -19 118 60 40 -17 -30 44 -44 45 48 47 -47 122 -48 51 -51 -52 -50 -45 -3 -23 61 -20 -4 -39 -22 71 64 -64 -65 -66 68 -68 70 -69 75 -73 82 -75 78 80 79 92 -78 -77 -82 83 84 88 -84 87 -87 91 101 -91 -74 95 -94 107 97 -97 -46 -83 100 -100 102 -86 -71 106 111 -105 123 -15 -7 -107 113 -113 -106 115 -14 125 -118 119 120 -13 -85 -9 -95 -10 -117
right_child=2 11 59 7 9 6 13 12 18 10 19 15 20 108 -16 25 22 26 30 32 21 56 23 -25 -26 -27 -28 -29 29 -31 -32 -33 -34 34 -36 -37 -38 38 -40 -41 -42 -43 43 54 62 46 49 -49 53 50 52 -53 -54 -55 -56 -57 -58 -59 -60 -61 -62 -63 63 65 66 -67 67 69 -70 103 -72 72 73 74 -76 76 77 -79 -80 -81 81 98 85 121 89 86 -88 -89 -90 90 -92 -93 93 94 -96 96 -98 -99 99 -101 -102 -103 -104 104 105 110 -108 -109 -110 -111 -112 112 -114 -115 -116 116 117 -119 -120 -121 -122 -123 -124 -125 -126 -127
leaf_value=0 0.0097777091082070899 0.00011938110489952863 0.027145308844832485 0 0 -0.0044732951235422523 -5.4566155769861303e-05 0 0 0 2.8719029352558587e-06 3.0171092160946602e-05 0.0096522190076201338 1.0237010760592855e-05 0.0084295856503213817 0.024707529171621379 0.015869756034911277 0.0044189501020011294 0.010966265085789826 0 0.020215158336369124 0.011705479201232683 0.012602049144226102 0.027044439821095369 0.0019607059306384514 0.00076001546297992388 0.0084540600034778372 0.0039698713908241645 0 0 0.014496227375453981 -0.0027837826190030678 5.8949586565778148e-06 -0.0038485132957113647 0.009866420981124913 0.034126734287917647 0.01389268245651128 0.014909114753764075 0.0025621036053259383 0.020486793065178355 -0.0015545839772240777 -0.00089193063658469986 0.032925088620768948 -0.0015936115473092695 0 0.034510221398316963 -0.00033646459387198151 0 0 0 -0.0017202116376815375 0.043891645970098814 -0.00015045712902093434 -7.1780941304453838e-05 0 -4.4107404528535787e-05 -0.00067313923674238883 0.01873800894126796 -7.9881961108305765e-05 0.051311990508853447 0.027955540971373538 0.0082850772954943808 -4.4443675810240466e-05 0.0052288824491712686 0.0096958146617649177 0.029891875607582597 -0.00016736856823202292 0.083373904760572451 -0.034511427618073992 0.0018220490950364599 -0.0016423461839866205 -0.0011450771135339266 0 0.00031771449507380923 0.0097688897864373399 0 0 -0.00032717897422084068 0.016257637705369976 -8.4121484297891083e-07 0 0 -1.1683767208553547e-05 -0.00041529207927956273 0 1.1462658293801105e-15 -3.6085490346447553e-05 -0.00029176758173747553 -0.00098329559315708717 0 1.409328548824108e-07 1.3818593339043523e-06 0 -3.7181807033501328e-05 0.0021188101987080657 -3.924990134945779e-07 0.018063950302246778 -6.5142931535105706e-05 0 5.1766683526140211e-07 1.1462658293801105e-15 -3.9238273700779244e-05 5.6696045472148261e-13 0.038670645501779191 0.01574834017785284 -0.0023811312169452455 0.010608988990270574 -0.013782457273077718 -0.00065103089759704024 0 0.0049444103137252123 -0.00035454367033488924 0.03117971365643192 0.0036621529537340632 0.014913874261969679 0.00042534771342132019 0.0092184452536062788 0.0019982178719665233 0.0047702073785901916 -0.00075781728427726236 0.0063475348737935923 -0.00014114567670613627 -0.00043602209276957468 4.2970553168106309e-05 0 -0.0063813592128581622
leaf_weight=5243 16366 134 3569 196740 7589 216 5101 21013 94662 2890 1675 7596 3533 316 19395 1831 2807 30302 1650 460 1089 2195 5338 3702 2196 1945 17179 45980 171677 14631 1549 351 227 1856 779 1458 3530 1481 2310 6421 1685 1074 2060 364 1480 1387 7706 4886 2513 52646 710 568 27796 5652 84277 460 2898 977 8434 2168 1707 27561 23648 1140 2780 1104 10839 479 442 75375 220 1064 4718 51948 6198 13234 5234 3971 1511 699 4127 640 14320 4907 727 1721 3079 454 3778 3396 2174 2557 58828 13433 21373 13702 1520 2755 1122 769 1677 409 1543 580 3656 5160 2058 297 256 1167 3213 3144 319 2906 1714 12233 4622 11380 39556 15686 17841 2014 504 18360 6339 3344
leaf_count=5243 16366 134 3569 196740 7589 216 5101 21013 94662 2890 1675 7596 3533 316 19395 1831 2807 30302 1650 460 1089 2195 5338 3702 2196 1945 17179 45980 171677 14631 1549 351 227 1856 779 1458 3530 1481 2310 6421 1685 1074 2060 364 1480 1387 7706 4886 2513 52646 710 568 27796 5652 84277 460 2898 977 8434 2168 1707 27561 23648 1140 2780 1104 10839 479 442 75375 220 1064 4718 51948 6198 13234 5234 3971 1511 699 4127 640 14320 4907 727 1721 3079 454 3778 3396 2174 2557 58828 13433 21373 13702 1520 2755 1122 769 1677 409 1543 580 3656 5160 2058 297 256 1167 3213 3144 319 2906 1714 12233 4622 11380 39556 15686 17841 2014 504 18360 6339 3344
internal_value=0.00398554 0.0035445 0.0196338 0.00311504 -0.00535181 -0.0203507 -0.0371515 0.00328499 0.00446999 0.00901364 0.0201053 0.00720224 0.00250613 -0.0453623 0.00214428 0.00736205 0.0167264 0.00676059 0.00573184 0.0403433 0.00596671 0.00850214 0.0212853 0.0248897 0.0137205 0.0143236 0.00934591 0.00197446 0.00599825 0.00681359 -0.000872081 0.00523639 0.0176757 0.0130069 0.00274942 0.0193927 0.0073952 0.00536041 0.0125489 0.0168505 0.00944086 0.00723929 0.00176858 0.00341858 0.00149976 -0.000163063 0.000699536 0.00966747 -0.00294437 7.03933e-05 0.00064054 0.00221454 -0.00229758 -0.00818055 0.00294414 -0.0329827 -0.00171703 0.010259 -0.00295465 0.0371172 0.0190694 0.0097066 0.00201227 0.00311495 0.00287678 0.0174212 0.00361375 0.00335955 -0.0020428 0.00398718 0.0245244 0.00145194 0.00019232 0.000435767 0.00225372 0.00225484 0.00537745 -0.00243788 0.00151731 0.00456675 0.0089663 0.0135745 -0.00187228 0.000247682 0.0030305 -0.0047126 -0.0124084 0.00245736 -0.0020397 0.00982471 0.00568123 0.00168314 0.00133319 0.00192753 0.000186016 -0.00209666 -0.000101497 -0.00926661 0.019996 0.0233444 0.0287396 0.0184372 0.0225739 0.0038382 0.00690218 0.00501112 0.0200883 -0.00184777 -0.00680825 -0.00346685 0.000280064 0.00896201 0.00226531 0.0124952 0.00357613 0.00301591 0.00214525 0.00531149 0.00487047 0.00319638 0.00594584 -0.00751253 -0.000957146 -0.00157723 0.00448555 -0.00110707
internal_weight=1.46796e+06 1.42772e+06 40239 1.2777e+06 25140 12299 7056 1.25256e+06 496756 12841 5252 150015 755805 5673 684259 149421 34502 137539 300016 2362 71546 34720 15501 10498 5003 11882 51011 664864 288383 187382 11633 86528 687 19001 2635 6796 33832 86177 5498 9937 3516 172751 618884 86701 532183 125381 95699 6273 29682 89426 81720 53214 28506 8165 84641 594 5093 29627 10084 5737 3188 28650 406802 137063 134819 2244 111171 108391 11281 97110 699 269739 105007 103943 58146 164732 31473 9904 133259 5933 21569 8335 45797 26223 19302 19574 5254 2175 11053 8249 5570 7275 131748 112291 53463 19457 15222 4235 4208 3568 2799 2679 2270 96411 21036 18398 2638 32090 572 1383 8373 10025 3463 6562 36826 35112 31579 16002 80679 41123 25437 6921 21517 31793 101001 15577
internal_count=1467955 1427716 40239 1277701 25140 12299 7056 1252561 496756 12841 5252 150015 755805 5673 684259 149421 34502 137539 300016 2362 71546 34720 15501 10498 5003 11882 51011 664864 288383 187382 11633 86528 687 19001 2635 6796 33832 86177 5498 9937 3516 172751 618884 86701 532183 125381 95699 6273 29682 89426 81720 53214 28506 8165 84641 594 5093 29627 10084 5737 3188 28650 406802 137063 134819 2244 111171 108391 11281 97110 699 269739 105007 103943 58146 164732 31473 9904 133259 5933 21569 8335 45797 26223 19302 19574 5254 2175 11053 8249 5570 7275 131748 112291 53463 19457 15222 4235 4208 3568 2799 2679 2270 96411 21036 18398 2638 32090 572 1383 8373 10025 3463 6562 36826 35112 31579 16002 80679 41123 25437 6921 21517 31793 101001 15577
is_linear=0
shrinkage=0.05


Tree=58
num_leaves=127
num_cat=0
split_feature=2 2 31 15 29 58 4 26 28 29 58 4 4 25 13 25 59 31 59 15 29 31 58 31 43 29 50 51 46 14 40 30 46 30 25 35 30 39 24 25 13 22 31 35 29 33 15 25 37 33 4 35 30 59 37 58 37 4 29 37 39 33 37 29 12 51 39 46 31 37 4 30 22 28 29 25 51 30 15 24 59 15 30 29 37 47 42 59 31 25 22 42 59 28 14 14 30 22 4 29 59 38 25 47 42 25 46 22 30 26 47 35 1 25 35 29 11 25 30 14 50 42 59 31 29 37
split_gain=3795.79 1056.76 709.359 2183.1 1862.97 781.452 569.812 472.306 528.892 444.603 720.931 385.165 380.542 374.333 310.098 289.663 238.196 227.382 220.296 205.75 264.947 200.548 196.904 189.574 177.432 171.15 192.21 163.608 162.493 234.147 210.107 200.044 293.816 170.142 160.626 168.09 158.286 157.633 150.031 312.683 307.624 222.757 227.139 306.63 222.098 246.145 211.213 154.818 152.598 148.817 235.085 190.906 148.298 143.14 162.67 134.186 133.064 131.913 131.582 128.597 123.569 118.767 117.768 115.552 113.245 113.049 120.772 110.096 109.677 108.819 105.963 105.535 105.422 105.276 105.13 106.278 102.832 100.307 100.116 99.8379 98.883 98.6453 98.5943 97.7576 97.5396 111.023 94.4965 96.9691 106.95 94.4107 177.82 93.8317 92.7721 92.4668 90.4682 90.244 90.0274 97.1745 88.6547 87.1078 144.717 115.938 105.902 86.9744 86.969 84.148 84.0336 83.7115 82.8877 82.844 82.7009 82.1593 160.11 349.506 154.794 99.4148 81.8933 81.323 78.9414 103.828 86.2328 82.9472 96.5735 78.8518 78.5569 78.5076
threshold=23.500000000000004 4.5000000000000009 1.0000000180025095e-35 162.50000000000003 785.50000000000011 468.50000000000006 299.50000000000006 173.50000000000003 20.500000000000004 785.50000000000011 511.50000000000006 1.0000000180025095e-35 28.500000000000004 517.50000000000011 2.5000000000000004 1112.5000000000002 4981.5000000000009 2799.5000000000005 3059.5000000000005 50.500000000000007 844.50000000000011 2905.0000000000005 752.50000000000011 1116.0000000000002 189.00000000000003 922.50000000000011 0.19034679234027865 0.2693586945533753 62.500000000000007 1.5000000000000002 5.5000000000000009 0.17790351808071139 7.5000000000000009 0.28745079040527349 132.50000000000003 1799.0000000000002 0.27420888841152197 161.50000000000003 75002.597656250015 112.50000000000001 1.5000000000000002 24666.662109375004 538.50000000000011 1904.5000000000002 638.50000000000011 20023.000000000004 11.500000000000002 112.50000000000001 24.500000000000004 13416.500000000002 2.5000000000000004 1954.0000000000002 0.24130119383335116 4912.5000000000009 422.00000000000006 767.50000000000011 422.00000000000006 4.5000000000000009 128.50000000000003 118.50000000000001 27.500000000000004 4581.5000000000009 22.500000000000004 916.50000000000011 16.500000000000004 0.19563730061054233 9.5000000000000018 117.50000000000001 1556.5000000000002 13.500000000000002 1.5000000000000002 0.22812904417514804 98999.929687500015 148.50000000000003 191.50000000000003 45.500000000000007 0.31634750962257391 0.47697626054286962 53.500000000000007 87000.957031250015 4793.5000000000009 50.500000000000007 0.86991125345230114 85.500000000000014 13.500000000000002 0.69085898995399486 14.500000000000002 4864.5000000000009 686.50000000000011 4542.0000000000009 49839.984375000007 5.5000000000000009 4912.5000000000009 555.50000000000011 2.5000000000000004 2.5000000000000004 0.43456299602985388 56490.015625000007 2.5000000000000004 679.50000000000011 1032.5000000000002 3.5000000000000004 249.50000000000003 1.137960731983185 88.500000000000014 2132.5000000000005 243.50000000000003 76895.582031250015 0.29646599292755133 276.50000000000006 1.137960731983185 1999.5000000000002 1.0000000180025095e-35 21.500000000000004 2857.0000000000005 365.50000000000006 3.7465130887829834 102.50000000000001 0.36300858855247503 13.500000000000002 0.25715801119804388 242.50000000000003 682.50000000000011 1190.0000000000002 480.50000000000006 58.500000000000007
decision_type=2 2 2 2 2 2 2 2 2 2 2 2 2 2 2 2 2 2 2 2 2 2 2 2 2 2 2 2 2 2 2 2 2 2 2 2 2 2 2 2 2 2 2 2 2 2 2 2 2 2 2 2 2 2 2 2 2 2 2 2 2 2 2 2 2 2 2 2 2 2 2 2 2 2 2 2 2 2 2 2 2 2 2 2 2 2 2 2 2 2 2 2 2 2 2 2 2 2 2 2 2 2 2 2 2 2 2 2 2 2 2 2 2 2 2 2 2 2 2 2 2 2 2 2 2 2
left_child=1 2 3 4 -1 81 53 8 12 -5 110 -7 -4 17 57 21 19 28 56 23 24 63 -12 59 93 26 -20 37 31 33 67 32 -9 34 35 60 -18 -28 39 41 44 69 98 62 45 46 -40 49 80 50 124 109 -32 54 64 -24 68 58 -10 -15 -30 -22 92 -3 116 66 -54 -31 89 86 -13 -46 -25 -53 -19 106 -47 -26 -62 -34 82 -6 -41 -16 -29 -86 87 -33 -89 118 -91 -82 107 -21 -45 -48 97 -38 -43 100 101 102 -35 -75 -102 -27 -76 -44 -74 -51 -11 -60 115 114 -114 -113 -2 -37 119 -17 -121 122 -120 -81 -42 -80
right_child=6 15 7 9 5 11 -8 13 14 10 22 70 -14 16 83 18 36 74 25 20 61 -23 55 72 77 105 27 84 29 30 52 38 79 99 -36 117 96 -39 40 48 47 42 43 94 71 76 95 -49 -50 51 -52 73 65 -55 -56 -57 -58 -59 111 -61 78 -63 -64 -65 -66 -67 -68 -69 -70 -71 -72 -73 108 103 75 -77 -78 -79 125 123 91 -83 -84 -85 85 -87 -88 88 -90 90 -92 -93 -94 -95 -96 -97 -98 -99 -100 -101 104 -103 -104 -105 -106 -107 -108 -109 -110 -111 -112 112 113 -115 -116 -117 -118 -119 121 120 -122 -123 -124 -125 -126 -127
leaf_value=0 0.0064533520013927538 0.0037446021449288325 0 0 -0.0051348961301785519 -5.1837847981368241e-05 0.041688201000270111 -6.486404295894339e-05 0 0 2.7283077884930656e-06 6.4626740915002312e-05 -4.1902034302108998e-05 0.0019158268151757253 0.010232356210752344 0.009229001575034413 0.035397949532901943 0.016153785356167193 0.00069497745297755211 0.0035963208165991968 -0.0020213503384652214 0.0067729824590709647 0 0.0078751278271939566 -0.00068183761990567174 -0.0014938240351764721 0.031453018830491633 -0.0031758512429790166 0 -0.00080211752256482331 -0.0011559926939386951 0 0.027487870460209701 0 0 0 0.025859938131235261 0.013492975208918701 0 8.5646977277323876e-08 8.3533408464537203e-06 6.1252050028229547e-06 -6.510690204614127e-05 -0.00016782794323440113 -0.00015738381774492042 0 0 0.0016887536163306294 0.035602505174446242 -0.00014536924817211359 -9.3495611624121221e-05 8.2446210550269402e-05 -0.015721879534701499 0.026523520386385859 0.028009398384721742 5.600210723748923e-06 0.017208904966446992 -0.00058682765527584297 0 0.0069976751325510128 0 0.0074747340264035124 0.018859892723184925 -0.0016924629943607329 0.013788936197306745 0.0019715371023732 0 -0.0011625611170349246 0.0063381673210824111 6.607433591185081e-06 -0.00056296666792116394 1.088952537911105e-15 -0.00027709703858804782 -0.0010462436737534899 0 0.0051836605557506465 1.7484355311839091e-05 0.021217883984232168 5.6581418889210254e-13 1.7027866303599109e-05 2.0392889594845388e-06 0 0.022947618397446808 -8.3982343330329034e-05 0.0096471101249299262 0.023273812040272991 -0.00042075788111298337 7.2777612437406559e-05 -0.00042824654773884486 0.007802997853655614 0.040869923601640636 0.012136390938566595 0.018667543400427204 -0.00095089710149435516 0.0041497780047682229 -4.7601039503534782e-05 0.012209060132524169 -0.0050730584329746311 -0.00051702472849250573 -8.173218123535013e-12 0 -3.2644684340517218e-05 -0.00025881611375985623 -0.00084746522559893801 3.4532559380152883e-05 0.0059508506308060044 -0.0028523789808490643 6.5301422532713055e-07 0.004783322938965451 -0.00039361665382978817 2.0787090638837166e-10 0 0 -0.0007998489082812585 0 0 0.017474806991336168 -0.00016888668645046815 -0.007230970186711639 -0.00078200922694532382 0.0039223850666736393 -0.0063913587290374942 0.011840771695386238 -0.002283795550940132 1.2557023375414065e-05 1.7371887750727104e-07
leaf_weight=5203 5900 71464 166755 7568 227 5109 3478 1023 118137 2830 1712 235 439 73473 1633 8143 997 2952 1928 863 136 17531 455 31332 5626 2076 2197 746 988 10828 8463 10096 2600 6034 15713 2742 531 5883 5626 66333 1447 775 7648 5708 1473 23704 49464 26655 682 1831 2089 2315 772 2771 1732 234 612 2449 97212 12998 1246 9851 287 5097 2447 145244 23232 1695 14316 548 318 31683 6121 10238 2664 37957 8314 593 2802 377 2071 1165 585 7037 6300 840 564 122 646 1660 669 3690 332 703 4075 1607 3588 1131 182 28639 25279 6633 477 1285 1186 2152 127 539 16567 4391 93 72758 4310 3850 1486 6230 9624 912 599 5378 9473 2790 1472 283 972 393
leaf_count=5203 5900 71464 166755 7568 227 5109 3478 1023 118137 2830 1712 235 439 73473 1633 8143 997 2952 1928 863 136 17531 455 31332 5626 2076 2197 746 988 10828 8463 10096 2600 6034 15713 2742 531 5883 5626 66333 1447 775 7648 5708 1473 23704 49464 26655 682 1831 2089 2315 772 2771 1732 234 612 2449 97212 12998 1246 9851 287 5097 2447 145244 23232 1695 14316 548 318 31683 6121 10238 2664 37957 8314 593 2802 377 2071 1165 585 7037 6300 840 564 122 646 1660 669 3690 332 703 4075 1607 3588 1131 182 28639 25279 6633 477 1285 1186 2152 127 539 16567 4391 93 72758 4310 3850 1486 6230 9624 912 599 5378 9473 2790 1472 283 972 393
internal_value=0.00390106 0.00356009 0.00307986 -0.00523458 -0.0203429 -0.0370841 0.0228534 0.00324634 0.00447442 0.00912923 0.0201997 -0.0453357 0.0022013 0.00248084 0.00568052 0.00737385 0.00459726 0.00190934 0.00988033 0.00421921 -0.000849365 0.00558277 0.0405002 0.00486041 -0.00776419 0.0139677 0.0161056 0.0179064 0.00164082 0.000794784 0.00180012 0.00248988 0.0132136 -0.00126064 0.00228645 0.00757946 0.0141738 0.0229075 0.00232463 0.000832308 0.00322885 -0.00333242 -0.00662255 -0.00784573 0.00459539 0.00590029 0.0078795 -2.23532e-05 0.00262189 -0.00288565 0.00532264 -0.00473053 0.00224125 0.0199383 0.018441 0.0179147 0.00787582 0.00594437 0.00603749 0.0034086 0.0131596 0.00454036 -0.0146143 0.00447806 0.0170298 0.00256425 -0.00061427 -0.00445936 0.00755717 0.00203697 -0.00568613 0.00110372 0.00718427 -0.00145938 0.00538431 0.00472402 0.00239536 -0.0115523 0.0167177 0.02055 0.0024009 -0.00351627 0.00185966 -0.00364413 0.0127813 0.0145789 0.000992728 0.00202916 -0.0150957 0.00584728 0.0155189 0.00868671 -0.015676 0.00727604 -0.00175251 0.00889241 0.0107036 0.00107996 0.0171299 -0.00254945 -0.00406838 -0.00835698 -0.00361613 -0.00341445 -0.00193821 0.00491828 -0.0046917 -0.0167269 0.00458809 -0.0120048 0.00352195 0.00686695 0.0079681 0.00188625 0.00964355 0.00871074 0.0154531 -0.000710161 0.0050384 0.00626226 0.00377379 -0.00074983 0.0068297 0.00317376 0.0159336 0.0214062
internal_weight=1.46847e+06 1.44252e+06 1.28119e+06 25149 12257 7054 25952 1.25604e+06 482296 12892 5324 5662 167194 773748 315102 161326 164510 609238 67234 158263 17772 94092 2401 140491 7785 22122 17894 15966 565538 283278 190234 282260 4283 93044 24796 9083 6247 8080 277977 104883 173094 31522 19546 18589 121871 88715 56697 51223 73361 24568 4508 20060 177711 22474 19703 689 45112 306432 303983 86471 5429 9987 8806 76561 17971 169248 24004 12523 44500 11976 553 33156 54020 13838 43700 40748 32018 6219 4441 3260 72679 1392 66918 8670 7886 7140 11428 10864 768 30184 2329 5761 8519 1566 9783 51071 5250 1662 957 68248 39609 13144 6511 11523 26465 4228 2791 8187 22688 6222 2923 185846 88634 9646 5796 78988 15524 3654 27855 22994 14851 4861 2071 660 2419 3195
internal_count=1468471 1442519 1281193 25149 12257 7054 25952 1256044 482296 12892 5324 5662 167194 773748 315102 161326 164510 609238 67234 158263 17772 94092 2401 140491 7785 22122 17894 15966 565538 283278 190234 282260 4283 93044 24796 9083 6247 8080 277977 104883 173094 31522 19546 18589 121871 88715 56697 51223 73361 24568 4508 20060 177711 22474 19703 689 45112 306432 303983 86471 5429 9987 8806 76561 17971 169248 24004 12523 44500 11976 553 33156 54020 13838 43700 40748 32018 6219 4441 3260 72679 1392 66918 8670 7886 7140 11428 10864 768 30184 2329 5761 8519 1566 9783 51071 5250 1662 957 68248 39609 13144 6511 11523 26465 4228 2791 8187 22688 6222 2923 185846 88634 9646 5796 78988 15524 3654 27855 22994 14851 4861 2071 660 2419 3195
is_linear=0
shrinkage=0.05


Tree=59
num_leaves=127
num_cat=0
split_feature=2 2 28 4 31 15 29 58 28 25 4 4 58 29 59 59 58 13 34 59 32 23 34 25 37 22 42 19 13 37 46 25 4 20 51 25 22 31 37 39 34 15 35 29 34 58 15 22 38 14 45 42 25 29 44 25 29 25 4 25 38 51 42 47 31 59 28 29 34 15 25 37 41 28 38 22 45 37 51 28 34 28 38 44 22 51 51 28 45 25 47 46 25 33 22 25 32 46 28 34 25 51 25 39 37 22 51 29 59 28 25 21 51 37 38 23 44 47 38 28 25 25 15 13 33 47
split_gain=3498.6 885.718 722.272 673 643.723 2613.75 1470.66 794.949 518.258 437.761 408.777 386.731 333.661 662.517 237.549 218.19 209.106 206.003 204.194 202.493 198.423 197.673 164.194 164.861 152.348 147.889 160.676 138.672 136.851 135.531 163.798 141.393 126.659 126.638 164.103 160.504 542.195 227.505 211.942 167.185 143.428 136.022 321.439 133.541 123.021 122.24 118.36 114.304 113.835 108.218 106.664 106.147 105.79 142.104 116.636 105.311 105.301 107.08 104.038 102.813 126.297 115.07 101.752 100.983 107.329 131.858 99.802 98.8964 98.4684 96.1314 94.0276 93.3407 90.9887 128.344 144.634 90.633 88.9504 140.048 137.739 87.5909 84.9412 85.9017 132.276 93.4405 83.6053 165.87 82.806 156.249 141.409 84.8155 91.9538 96.5702 85.6048 82.4193 82.3278 103.978 81.9752 92.8671 81.7698 79.7887 79.6324 79.4648 78.761 84.1632 125.813 83.3908 81.0616 78.3745 77.9331 90.8243 77.8514 76.6419 76.0267 75.7424 75.7026 76.865 73.8622 72.7317 71.385 71.0057 68.5388 82.0412 67.9415 76.094 67.3396 66.4948
threshold=19.500000000000004 4.5000000000000009 127.50000000000001 233.50000000000003 1.0000000180025095e-35 162.50000000000003 785.50000000000011 468.50000000000006 24.500000000000004 517.50000000000011 1.0000000180025095e-35 29.500000000000004 511.50000000000006 785.50000000000011 4912.5000000000009 4981.5000000000009 752.50000000000011 2.5000000000000004 1974.5000000000002 4912.5000000000009 7022.0000000000009 0.93553286790847789 1613.5000000000002 4542.0000000000009 422.00000000000006 62099.982421875007 88.500000000000014 239006.28906250003 33.500000000000007 118.50000000000001 260.00000000000006 1005.5000000000001 4.5000000000000009 75004.253906250015 0.28494061529636389 91.500000000000014 24666.662109375004 538.50000000000011 22.500000000000004 231.00000000000003 1150.5000000000002 181.50000000000003 1873.5000000000002 455.50000000000006 1137.5000000000002 767.50000000000011 116.50000000000001 445914.67187500006 13.500000000000002 1.5000000000000002 2933.0000000000005 165.50000000000003 839.50000000000011 913.50000000000011 119.50000000000001 517.50000000000011 919.50000000000011 4542.0000000000009 431.00000000000006 4542.0000000000009 74.500000000000014 0.37449185550212866 63.500000000000007 0.17031538486480716 1228.5000000000002 4752.5000000000009 913.50000000000011 128.50000000000003 1120.0000000000002 56.500000000000007 15.500000000000002 10.500000000000002 140.50000000000003 555.50000000000011 8.5000000000000018 341099.76562500006 785.50000000000011 34.500000000000007 0.25023020803928381 746.50000000000011 858.50000000000011 790.50000000000011 26.500000000000004 774.50000000000011 24666.662109375004 0.23763111978769305 0.27280290424823767 242.50000000000003 62.500000000000007 393.50000000000006 0.22222220897674563 9.5000000000000018 188.50000000000003 38813.500000000007 445914.67187500006 235.50000000000003 6418.0000000000009 68.500000000000014 189.50000000000003 1592.5000000000002 1005.5000000000001 0.33333332836627966 839.50000000000011 137.50000000000003 44.500000000000007 132569.34375000003 0.45080643892288214 924.50000000000011 307.50000000000006 573.50000000000011 45.500000000000007 319515.65625000006 0.74999988079071056 22.500000000000004 22.500000000000004 1.0499789118766787 227.50000000000003 1.137960731983185 174.50000000000003 822.50000000000011 8.5000000000000018 18.500000000000004 149.50000000000003 2.5000000000000004 13843.500000000002 0.69085898995399486
decision_type=2 2 2 2 2 2 2 2 2 2 2 2 2 2 2 2 2 2 2 2 2 2 2 2 2 2 2 2 2 2 2 2 2 2 2 2 2 2 2 2 2 2 2 2 2 2 2 2 2 2 2 2 2 2 2 2 2 2 2 2 2 2 2 2 2 2 2 2 2 2 2 2 2 2 2 2 2 2 2 2 2 2 2 2 2 2 2 2 2 2 2 2 2 2 2 2 2 2 2 2 2 2 2 2 2 2 2 2 2 2 2 2 2 2 2 2 2 2 2 2 2 2 2 2 2 2
left_child=1 2 8 19 5 6 -4 69 11 18 -9 122 117 -14 21 20 -15 25 33 24 29 -3 23 52 28 26 62 32 59 30 31 72 -27 35 63 36 39 -38 40 43 -39 -37 44 96 86 -18 -22 84 71 -12 -25 79 53 75 100 -24 57 -53 -5 60 -2 66 -10 108 93 120 -61 70 -64 -8 -19 -32 73 -11 119 101 77 -17 -78 -31 -56 83 114 -82 -16 -86 87 -43 -88 90 92 -92 -89 -65 -67 -96 -6 -98 113 -72 -54 -23 -50 104 106 -106 116 -52 -35 -110 -20 -62 -36 -45 -83 -116 -104 -7 125 -75 -66 -122 123 -1 -87 -84
right_child=3 14 4 58 9 12 7 10 17 15 49 -13 13 16 47 76 45 67 110 -21 46 22 55 50 -26 27 -28 -29 -30 51 48 -33 -34 34 112 41 37 38 -40 -41 -42 42 -44 98 -46 -47 -48 -49 102 -51 107 56 54 -55 80 -57 -58 -59 -60 61 111 -63 68 64 65 94 -68 -69 -70 -71 99 -73 -74 74 -76 -77 78 -79 -80 -81 81 82 118 -85 85 124 88 89 -90 -91 91 -93 -94 -95 95 -97 97 -99 -100 -101 -102 -103 103 -105 105 -107 -108 -109 109 -111 -112 -113 -114 -115 115 -117 -118 -119 -120 -121 121 -123 -124 -125 -126 -127
leaf_value=0 0.0089329560613483298 -0.00084070328499917806 0 0.02437486087643035 0 0 -0.0038450750394878573 -4.9245955582299833e-05 0 0.026986102019022164 6.13954038692522e-05 -3.9806932587003544e-05 0 2.5918923990684121e-06 0.027643753418363615 0.0065203553075172567 0 -0.00040829902820990359 -0.00063804943774755849 0.023574511698438785 0.0069630001234638143 0.0016424019674018077 0.0044333947995040647 0.0019912328444389839 0.025651632843813089 0 -2.8290709444605127e-14 0 0.012332138768607016 0.0072314503653747586 -0.0050946676586916435 0.014472797613200661 -0.00053707797045862476 0 5.190012710933372e-05 0 6.190527120433915e-06 -6.1679033236142208e-05 0.030075664306952399 -3.5237777583911067e-05 -0.00014224058420200439 0 -0.00028737387326265425 0 6.3149327396906963e-05 5.3202001875614772e-06 -0.00032210484479146506 -0.0067259121064558785 -4.0606401794492036e-05 -0.00059033101932113002 0.02531680833637814 0.001504120892257388 0.004894998704903797 -0.0056869043785302553 0.0015234973930927432 0.007556439842295537 0.011613797704980378 0.033330760884516239 0.052172144240587186 0.017008841833830769 -0.0046319726242953774 -8.0354905631452314e-05 1.6322342170258609e-06 0 -0.00088415412236531217 0.0083673603197701452 0.035670769153273843 -7.6493114959784545e-05 -1.9562621633389194e-06 0 -0.00062889859453715586 -0.00024892504709765894 -0.00062707279080543308 0.0014414115842421638 0.010263912898146134 0.0065467519125003149 -0.0074010964530698223 0.035849163642543133 0.012789256474520755 0.022245871711881429 0.0094211022083160734 0.0021435300772603251 0.0038956974990803973 -0.013138387080825903 0.0032667297152615959 0.0089696477639279355 1.0918182024845553e-15 0 -8.1732725711619085e-12 -3.3077709481217552e-05 -4.2886441587434846e-09 1.1462658293801105e-15 1.6929142009246661e-07 -0.0028748629935363406 0.0069957092543307953 -0.027295219271665862 0 1.5227274474493701e-05 0 0.01284345318461645 0.01459087645232764 0.0080898668016059945 0.0048453346524703457 0.00069214437998777476 0.009110781190408368 0.04965214190786893 0.024066389169970337 0.041729084606004996 0 0.0055863811311275997 0.0076731234772180138 0.0051391413081752326 -3.6210570149052889e-05 0.02691539744285892 -0.0042453084412554963 0.017714163618866696 -0.0020536646776722514 1.9747736106895307e-10 0.016757820149137116 0.014869645631831397 0.024052038886592509 8.3399033154126043e-05 0 -0.00047763107147203522 0.016647543616538751 0.010341494573105493
leaf_weight=100129 12611 8578 3482 3351 13127 4882 292 5156 101506 1301 327 432 2264 1685 1476 1205 462 1235 1412 3499 24837 28726 13882 827 1417 170861 962 14409 1773 2029 2857 4945 1875 17791 127681 80377 479 3568 454 169 2331 1173 2588 2213 190 207 310 579 17744 251 2034 11159 2475 2311 11021 15788 2507 1522 1808 4380 1564 715 333 102160 283 7847 586 6635 209 1133 1147 20925 7586 20403 6429 7600 664 964 3396 1659 9716 8948 18362 428 3248 2020 596 1645 3871 327 70 2266 668 322 502 196 5818 1170 12945 2386 2973 3925 6633 17164 3830 284 263 313 75045 9935 17093 782 3045 813 2342 206 3229 142 295 753 280 94344 97751 1303 4136 2614
leaf_count=100129 12611 8578 3482 3351 13127 4882 292 5156 101506 1301 327 432 2264 1685 1476 1205 462 1235 1412 3499 24837 28726 13882 827 1417 170861 962 14409 1773 2029 2857 4945 1875 17791 127681 80377 479 3568 454 169 2331 1173 2588 2213 190 207 310 579 17744 251 2034 11159 2475 2311 11021 15788 2507 1522 1808 4380 1564 715 333 102160 283 7847 586 6635 209 1133 1147 20925 7586 20403 6429 7600 664 964 3396 1659 9716 8948 18362 428 3248 2020 596 1645 3871 327 70 2266 668 322 502 196 5818 1170 12945 2386 2973 3925 6633 17164 3830 284 263 313 75045 9935 17093 782 3045 813 2342 206 3229 142 295 753 280 94344 97751 1303 4136 2614
internal_value=0.00365931 0.00329215 0.00286037 0.0198853 0.00190842 -0.00688233 -0.0239679 -0.0369313 0.0043413 0.00214322 -0.0452373 0.00236503 0.011973 0.0216745 0.00686425 0.00442529 0.0402468 0.00564948 0.00151169 0.0167579 0.00406421 0.00631047 0.00677885 0.00585158 0.015108 0.00590855 0.0043869 0.00674608 0.0141022 0.00329521 0.00264718 0.00515838 0.00713919 0.00134567 0.00175931 1.74999e-05 0.00254357 -0.0103768 -0.0128827 0.00497847 -0.0154168 -0.00114316 -0.00580815 0.00521101 -0.00201692 0.016582 0.00813792 0.0137921 0.00122098 -0.00535375 0.0170741 0.00722051 0.00550209 0.00359933 0.00686585 0.0100638 0.0053723 0.00352059 0.0364492 0.0129564 0.0107805 0.0186839 0.00457867 0.00113051 0.000491638 0.00162776 0.021384 -0.000942288 0.0261852 -0.00350502 0.00455003 -0.00161865 0.00408244 0.00536227 0.00463819 0.00429168 0.0136047 0.0217809 0.00923499 0.0148301 0.00616136 0.00716703 0.00592195 0.0111883 0.0149443 0.0132065 -0.00273123 0.00103186 -0.00791229 0.00490243 0.00663462 0.0136317 -0.000430159 -0.000655188 0.00757686 -0.00887409 0.00250036 -0.0018739 0.00862464 0.00870199 0.0138388 0.00314675 0.00259517 0.00409975 0.0069418 0.0143154 0.00394515 0.022515 0.00241065 0.00304065 0.00668167 0.000125741 0.00324415 0.0160256 0.00160011 -0.00600251 0.00321382 0.00305428 0.00825745 0.00264203 0.00109207 0.00116561 0.00246755 0.00337413 0.0180301 0.00791353
internal_weight=1.46816e+06 1.43567e+06 1.28085e+06 32486 779675 20283 10641 7159 501173 759392 5734 199615 9642 4618 154823 164598 2354 301558 594794 27327 158369 143364 134786 105116 23828 290155 103010 187145 22411 133222 114346 41417 172736 576289 439431 136858 43087 6832 6353 36255 5899 93771 13394 36086 10806 669 25147 11459 72929 578 3174 18876 101942 42562 59380 29670 15188 12681 5159 20638 14957 5681 102048 308705 205934 103452 4966 11403 542 1425 4768 23782 36472 28886 27585 40251 6229 2169 4060 3688 53932 42911 32767 10144 10880 9404 10616 6149 4467 4976 4649 2336 2313 102482 8545 698 20115 6988 15971 3533 5448 32651 49147 31403 14239 4114 10125 2347 102771 84980 18505 2346 130726 3026 11496 2548 9862 5024 21271 21156 94907 94624 199183 101432 6156 20976
internal_count=1468157 1435671 1280848 32486 779675 20283 10641 7159 501173 759392 5734 199615 9642 4618 154823 164598 2354 301558 594794 27327 158369 143364 134786 105116 23828 290155 103010 187145 22411 133222 114346 41417 172736 576289 439431 136858 43087 6832 6353 36255 5899 93771 13394 36086 10806 669 25147 11459 72929 578 3174 18876 101942 42562 59380 29670 15188 12681 5159 20638 14957 5681 102048 308705 205934 103452 4966 11403 542 1425 4768 23782 36472 28886 27585 40251 6229 2169 4060 3688 53932 42911 32767 10144 10880 9404 10616 6149 4467 4976 4649 2336 2313 102482 8545 698 20115 6988 15971 3533 5448 32651 49147 31403 14239 4114 10125 2347 102771 84980 18505 2346 130726 3026 11496 2548 9862 5024 21271 21156 94907 94624 199183 101432 6156 20976
is_linear=0
shrinkage=0.05


end of trees

feature_importances:
item_sales_sum_7d=943
item_num_locations_sold_28d=552
item_num_locations_sold_90d=548
location_sales_sum_7d=480
location_active_items_28d=461
item_global_trend_28_vs_90=401
location_sales_sum_28d=316
item_sales_sum_90d=294
item_sales_sum_28d=292
days_since_last_sale=281
location_active_items_90d=260
location_sales_sum_90d=250
item_id=249
sales_sum_90d=244
sales_nonzero_days_90d=182
avg_price_90d=150
sales_nonzero_days_56d=141
atc_count_1d=119
view_to_atc_rate_28d=107
view_count_1d=105
atc_count_28d=100
sales_sum_56d=94
price_change_28_vs_90=91
recent_atc_ratio=90
last_price=68
sales_mean_90d=67
sales_nonzero_days_28d=51
avg_price_28d=51
recent_view_ratio=51
sales_sum_28d=46
atc_count_7d=46
sales_sum_14d=45
revenue_sum_90d=41
view_count_3d=41
atc_count_3d=39
location=38
atc_count_14d=36
view_count_28d=34
view_count_7d=31
revenue_sum_28d=24
view_count_14d=21
sales_mean_56d=19
location_sales_trend_28_vs_90=16
sales_mean_28d=7
sales_mean_14d=6
trend_28_vs_90=6
atc_to_purchase_rate_28d=6
sales_std_56d=5
trend_7_vs_28=5
sales_sum_7d=4
revenue_sum_7d=3
view_to_purchase_rate_28d=2
sales_std_28d=1

parameters:
[boosting: gbdt]
[objective: regression_l1]
[metric: l1]
[tree_learner: serial]
[device_type: gpu]
[data_sample_strategy: bagging]
[data: ]
[valid: ]
[num_iterations: 1000]
[learning_rate: 0.05]
[num_leaves: 127]
[num_threads: -1]
[seed: 42]
[deterministic: 0]
[force_col_wise: 1]
[force_row_wise: 0]
[histogram_pool_size: -1]
[max_depth: -1]
[min_data_in_leaf: 20]
[min_sum_hessian_in_leaf: 0.001]
[bagging_fraction: 0.8]
[pos_bagging_fraction: 1]
[neg_bagging_fraction: 1]
[bagging_freq: 1]
[bagging_seed: 400]
[bagging_by_query: 0]
[feature_fraction: 0.8]
[feature_fraction_bynode: 1]
[feature_fraction_seed: 30056]
[extra_trees: 0]
[extra_seed: 12879]
[early_stopping_round: 0]
[early_stopping_min_delta: 0]
[first_metric_only: 0]
[max_delta_step: 0]
[lambda_l1: 0.1]
[lambda_l2: 0.1]
[linear_lambda: 0]
[min_gain_to_split: 0]
[drop_rate: 0.1]
[max_drop: 50]
[skip_drop: 0.5]
[xgboost_dart_mode: 0]
[uniform_drop: 0]
[drop_seed: 17869]
[top_rate: 0.2]
[other_rate: 0.1]
[min_data_per_group: 100]
[max_cat_threshold: 32]
[cat_l2: 10]
[cat_smooth: 10]
[max_cat_to_onehot: 4]
[top_k: 20]
[monotone_constraints: ]
[monotone_constraints_method: basic]
[monotone_penalty: 0]
[feature_contri: ]
[forcedsplits_filename: ]
[refit_decay_rate: 0.9]
[cegb_tradeoff: 1]
[cegb_penalty_split: 0]
[cegb_penalty_feature_lazy: ]
[cegb_penalty_feature_coupled: ]
[path_smooth: 0]
[interaction_constraints: ]
[verbosity: -1]
[saved_feature_importance_type: 0]
[use_quantized_grad: 0]
[num_grad_quant_bins: 4]
[quant_train_renew_leaf: 0]
[stochastic_rounding: 1]
[linear_tree: 0]
[max_bin: 63]
[max_bin_by_feature: ]
[min_data_in_bin: 3]
[bin_construct_sample_cnt: 200000]
[data_random_seed: 175]
[is_enable_sparse: 1]
[enable_bundle: 1]
[use_missing: 1]
[zero_as_missing: 0]
[feature_pre_filter: 1]
[pre_partition: 0]
[two_round: 0]
[header: 0]
[label_column: ]
[weight_column: ]
[group_column: ]
[ignore_column: ]
[categorical_feature: ]
[forcedbins_filename: ]
[precise_float_parser: 0]
[parser_config_file: ]
[objective_seed: 16083]
[num_class: 1]
[is_unbalance: 0]
[scale_pos_weight: 1]
[sigmoid: 1]
[boost_from_average: 1]
[reg_sqrt: 0]
[alpha: 0.9]
[fair_c: 1]
[poisson_max_delta_step: 0.7]
[tweedie_variance_power: 1.5]
[lambdarank_truncation_level: 30]
[lambdarank_norm: 1]
[label_gain: ]
[lambdarank_position_bias_regularization: 0]
[eval_at: ]
[multi_error_top_k: 1]
[auc_mu_weights: ]
[num_machines: 1]
[local_listen_port: 12400]
[time_out: 120]
[machine_list_filename: ]
[machines: ]
[gpu_platform_id: 0]
[gpu_device_id: 0]
[gpu_use_dp: 0]
[num_gpu: 1]

end of parameters

pandas_categorical:[]
