tree
version=v4
num_class=1
num_tree_per_iteration=1
label_index=0
max_feature_idx=147
objective=regression_l1
feature_names=location location_code item_code category_code brand_code target_month_idx month_sin month_cos li_qty_lag1 li_qty_lag2 li_qty_lag3 li_qty_lag6 li_qty_roll_mean_3 li_qty_roll_mean_6 li_qty_roll_median_3 li_qty_roll_std_3 li_qty_roll_max_3 li_qty_roll_min_3 li_qty_months_since_last_sale li_qty_number_of_sale_months li_qty_zero_sale_months li_qty_trend_3 li_qty_growth_ratio li_qty_lag1_to_roll3 item_qty_lag1 item_qty_lag2 item_qty_lag3 item_qty_lag6 item_qty_roll_mean_3 item_qty_roll_mean_6 item_qty_roll_median_3 item_qty_roll_std_3 item_qty_roll_max_3 item_qty_roll_min_3 item_qty_months_since_last_sale item_qty_number_of_sale_months item_qty_zero_sale_months item_qty_trend_3 item_qty_growth_ratio item_qty_lag1_to_roll3 loc_qty_lag1 loc_qty_lag2 loc_qty_lag3 loc_qty_lag6 loc_qty_roll_mean_3 loc_qty_roll_mean_6 loc_qty_roll_median_3 loc_qty_roll_std_3 loc_qty_roll_max_3 loc_qty_roll_min_3 loc_qty_months_since_last_sale loc_qty_number_of_sale_months loc_qty_zero_sale_months loc_qty_trend_3 loc_qty_growth_ratio loc_qty_lag1_to_roll3 cat_qty_lag1 cat_qty_lag2 cat_qty_lag3 cat_qty_lag6 cat_qty_roll_mean_3 cat_qty_roll_mean_6 cat_qty_roll_median_3 cat_qty_roll_std_3 cat_qty_roll_max_3 cat_qty_roll_min_3 cat_qty_months_since_last_sale cat_qty_number_of_sale_months cat_qty_zero_sale_months cat_qty_trend_3 cat_qty_growth_ratio cat_qty_lag1_to_roll3 brand_qty_lag1 brand_qty_lag2 brand_qty_lag3 brand_qty_lag6 brand_qty_roll_mean_3 brand_qty_roll_mean_6 brand_qty_roll_median_3 brand_qty_roll_std_3 brand_qty_roll_max_3 brand_qty_roll_min_3 brand_qty_months_since_last_sale brand_qty_number_of_sale_months brand_qty_zero_sale_months brand_qty_trend_3 brand_qty_growth_ratio brand_qty_lag1_to_roll3 li_rev_lag1 li_rev_lag2 li_rev_lag3 li_rev_lag6 li_rev_roll_mean_3 li_rev_roll_mean_6 item_rev_lag1 item_rev_lag2 item_rev_lag3 item_rev_lag6 item_rev_roll_mean_3 item_rev_roll_mean_6 loc_rev_lag1 loc_rev_lag2 loc_rev_lag3 loc_rev_lag6 loc_rev_roll_mean_3 loc_rev_roll_mean_6 item_active_locs_lag1 item_active_locs_lag2 item_active_locs_lag3 item_active_locs_lag6 item_active_locs_roll_mean_3 item_active_locs_roll_mean_6 loc_active_items_lag1 loc_active_items_lag2 loc_active_items_lag3 loc_active_items_lag6 loc_active_items_roll_mean_3 loc_active_items_roll_mean_6 view_item_lag1 view_item_lag2 view_item_lag3 view_item_lag6 view_item_roll_mean_3 view_item_roll_mean_6 add_to_cart_lag1 add_to_cart_lag2 add_to_cart_lag3 add_to_cart_lag6 add_to_cart_roll_mean_3 add_to_cart_roll_mean_6 atc_to_view_lag1 purchase_to_atc_lag1 atc_to_view_roll3 purchase_to_atc_roll3 days_to_tet weeks_to_tet abs_days_to_tet is_pre_tet_60d is_pre_tet_45d is_pre_tet_30d is_tet_month is_post_tet_30d category_pre_tet_60d_code category_pre_tet_45d_code category_pre_tet_30d_code baseline_lag1 baseline_rolling3 baseline_weighted
feature_infos=[42:1367] [0:1007] [1:6071] -1:10:0:5:2:12:6:9:7:15:11:8:13:4:3 [0:424] [4:12] [-1:0.86602538824081421] [-1:1] [0:1234] [0:1266] [0:2123] [0:1253] [0:1134] [0:646.83331298828125] [0:1266] [0:866.44598388671875] [0:2123] [0:702] [0:10] [1:11] [0:10] [-2110:1038] [0:228] [0:2.9610390663146973] [0:279743] [0:196105] [0:180685] [0:180685] [0:184880.328125] [0.1666666716337204:168442.671875] [0:180353] [0:70185.140625] [0:279743] [0:154488] [0:3] [1:11] [0:10] [-75238:167587] [0:11766.5] [0:2.9992313385009766] [0:35985] [0:30186] [0:27378] [0:27378] [94:30168.333984375] [47:27787.5] [0:30186] [3.2998316287994385:5650.8115234375] [282:35985] [0:24629] none [1:11] [0:10] [-6319:13505] [0:8681] [0:2.9989635944366455] [5989:2032351] [5989:1925005] [115:1834548] [0:1419025] [6143.33349609375:1930634.625] [3189.5:1692433.125] [6133:1925005] [44.289451599121094:194700.359375] [6202:2032351] [115:1834548] none [3:11] none [-100809:476769] [0.24097894132137299:2.8048393726348877] [0.4525378942489624:1.6861405372619629] [4:836156] [0:589396] [0:562795] [0:557817] [2:641258.6875] [1:587526.3125] [0:589396] [0:142751.078125] [6:836156] [0:510443] none [1:11] [0:10] [-131819:337932] [0.08849557489156723:33312] [0.077021822333335876:2.9997298717498779] [0:167426144] [0:132572208] [0:134345856] [0:118627592] [0:119857480] [0:124915648] [0:14992991232] [0:14992991232] [0:14992991232] [0:14992991232] [0:14483165184] [22327.806640625:14017269760] [0:4421221888] [0:3954481920] [0:3833083904] [0:3754495744] [8144186.5:3915859968] [4072093.25:3754394368] [0:958] [0:922] [0:903] [0:834] [0:927.33331298828125] [0.1666666716337204:891.33331298828125] [0:3100] [0:2743] [0:2586] [0:2333] [58:2779.333251953125] [29:2601.5] [0:24309] [0:24309] [0:21879] [0:16665] [0:22126.666015625] [0:17248.166015625] [0:11707] [0:11707] [0:10973] [0:10973] [0:10094.6669921875] [0:7544] [0:46] [0:21572] [0:18] [0:18286.666015625] [78:322] [11.142857551574707:46] [78:322] [0:1] none none none none [0:16] none none [0:1234] [0:1134] [0.20000000298023224:905.20001220703125]
tree_sizes=5810 6542 6529 6462 6509 6463 6396 6464 6510 6559 6642 6636 6521 6557 6590 6554 6675 6622 6622 6554 6703 6596 6669 6612 6669 6452 6563 6681 6581 6734 6649 6593 6540 6525 6558 6542 6479 6464 6493 6524 6451 6531 6530 6545 6458 6609 6532 6634 6459 6607 6537 6626 6470 6478 6574 6529 6603 6637 6675 6505 6530 6562 6613 6602 6613 6641 6643 6542 6583 6608 6532 6658 6529 6638 6607 6587 6663 6662 6516 6601 6586 6598 6560 6570 6556 6529 6616 6627 6583 6613 6535 6568 6643 6581 6455 6667 6496 6559 6586 6583 6666 6610 6504 6588 6568 6565 6500 6626 6618 6488 6525 6581 6440 6623 6627 6630 6423 6554 6539 6516 6563 6615 6548 6512 6544 6522 6394 6462 6468 6636 6428 6507 6475 6383 6413

Tree=0
num_leaves=63
num_cat=0
split_feature=12 24 147 13 146 17 24 24 24 24 48 13 147 12 100 73 100 106 13 108 147 64 24 65 13 100 13 35 20 13 24 13 37 40 24 48 62 24 48 24 100 62 31 20 48 24 40 39 35 35 25 102 24 48 39 147 23 24 65 64 24 24
split_gain=45803.9 8949.41 6598.88 2044.54 1321.25 980.417 821.027 597.645 554.029 433.498 374.096 343.332 312.748 303.465 287.475 224.681 211.719 182.51 136.218 130.542 120.82 120.251 113.604 111.942 100.506 97.1628 94.9025 92.9454 92.5675 88.7652 88.4776 86.3963 85.8576 82.4789 78.705 73.1063 69.7697 68.8069 67.4036 65.2317 64.7582 64.6385 65.3817 60.879 58.6647 57.1881 68.0813 56.1602 55.8263 52.809 51.7969 48.7265 50.2825 48.4366 47.8801 47.6935 47.3841 45.5243 41.9589 58.6834 39.9369 39.6638
threshold=2.1666666269302373 911.50000000000011 4.302898883819581 0.58333334326744091 1.1666666865348818 4.5000000000000009 1961.0000000000002 294.50000000000006 2394.5000000000005 2645.0000000000005 4763.5000000000009 0.91666665673255932 3.0278023481369023 3.1666666269302373 763662976.00000012 17758.500000000004 840945664.00000012 699.50000000000011 1.7500000000000002 1.0000000180025095e-35 7.8351268768310556 1317867.0000000002 4487.5000000000009 79712.000000000015 3.4166666269302373 1435613376.0000002 2.0833333730697636 4.5000000000000009 1.0000000180025095e-35 2.7500000000000004 1617.5000000000002 4.5833332538604745 1126.0000000000002 4098.5000000000009 1617.5000000000002 4231.5000000000009 312602.00000000006 1617.5000000000002 7681.0000000000009 4487.5000000000009 1075718976.0000002 312602.00000000006 166.91847229003909 2.5000000000000004 9133.5000000000018 911.50000000000011 7097.5000000000009 2.2198654413223271 4.5000000000000009 4.5000000000000009 73.500000000000014 634565984.00000012 3628.5000000000005 3986.0000000000005 1.5684260725975039 5.3999998569488534 0.72977015376091015 535.50000000000011 211039.50000000003 104356.50000000001 178.50000000000003 535.50000000000011
decision_type=2 2 2 2 2 2 2 2 2 2 2 2 2 2 2 2 2 2 2 2 2 2 2 2 2 2 2 2 2 2 2 2 2 2 2 2 2 2 2 2 2 2 2 2 2 2 2 2 2 2 2 2 2 2 2 2 2 2 2 2 2 2
left_child=1 3 6 7 8 17 13 15 10 14 34 23 29 26 30 19 36 28 38 -1 -7 -22 33 60 49 58 45 54 55 51 -6 48 43 -10 -3 39 57 44 -13 -11 -15 61 -43 -12 -16 -2 -47 -27 -19 -14 -38 52 -8 -32 -25 -4 -24 -9 59 -17 -5 -18
right_child=2 4 5 11 9 20 12 16 22 35 32 18 24 40 37 25 41 31 -20 -21 21 -23 56 27 -26 47 -28 -29 -30 -31 53 -33 -34 -35 -36 -37 50 -39 -40 -41 -42 42 -44 -45 -46 46 -48 -49 -50 -51 -52 -53 -54 -55 -56 -57 -58 -59 -60 -61 -62 -63
leaf_value=1 1 1 1.05 1 1 1.1499999999999999 1 1 1 1 1 1 1.05 1.05 1 1 1 1.1000000000000001 1 1 1.3 1.25 1 1 1.05 1 1 1 1.05 1.05 1 1.1000000000000001 1 1 1 1.05 1 1 1 1.05 1.05 1 1 1 1 1 1.05 1 1.05 1.05 1 1.05 1.05 1 1 1.1000000000000001 1.05 1 1 1 1 1
leaf_weight=3184.2750911824405 23633.868570685387 86068.717321395874 20587.506055593491 11580.068871974945 53043.538436889648 23814.860792398453 21313.569799244404 45220.180626869202 41159.765240192413 27834.252330780029 38238.938653945923 46402.945831298828 20695.855945117772 23642.488186836243 36507.947532653809 79553.596236446872 35172.316084861755 8786.8755798339844 19193.733499288559 35953.294578552246 41894.854085683823 6039.6006240844727 9509.1013641357422 20104.359597206116 28912.819347850978 39062.148559570312 41492.104945063591 52394.69140625 27015.006900787354 24725.197769105434 28078.916105747223 32502.005340576172 4859.5661010742188 18908.999591350555 49615.394958496094 28314.17004776001 1084.4206187725067 28039.999389648438 52432.329559326172 15493.905975341797 24454.197998046875 13806.014656543732 3045.8018879890442 56006.010147094727 15790.041236877441 27930.778686523438 13279.088012695312 9924.3916015625 23214.485534667969 39554.15185546875 24601.102428674698 21102.866016387939 15375.588827371597 25872.117616176605 2155.0578308105469 18433.496765136719 8842.0662231445312 50973.50341796875 4673.0341843944043 65865.408084712923 28193.927978515625 20969.914184570312
leaf_count=5693 40414 115883 61238 13731 80253 101428 40544 52835 65761 50226 61292 64292 59099 49409 60909 90092 44849 40208 32237 44320 368530 95657 18486 29092 85602 45325 82476 69279 96323 61079 44608 154546 10362 35468 72021 63346 1991 54909 78524 34804 58854 19164 5771 84082 30023 49420 27506 13063 76080 95978 31588 48063 34433 45098 4333 73856 21746 62864 5961 71119 36264 28823
internal_value=1.01893 1.01367 1.03126 1.00973 1.01826 1.03835 1.02686 1.0077 1.01607 1.0209 1.01486 1.01351 1.02924 1.02421 1.01963 1.00602 1.00975 1.03577 1.0154 1.00948 1.04305 1.0445 1.01971 1.01156 1.03129 1.00534 1.02272 1.0127 1.03392 1.02702 1.01794 1.03766 1.01719 1.01866 1.01315 1.02421 1.00848 1.02189 1.01466 1.02291 1.02751 1.01188 1.0146 1.01686 1.02082 1.02152 1.02265 1.00727 1.03581 1.03012 1.01079 1.02594 1.02484 1.01936 1.01541 1.03548 1.02316 1.00786 1.00471 1.00456 1.00942 1.01107
internal_weight=1.76613e+06 1.23773e+06 528401 665547 572183 202289 326113 433089 313209 258975 234789 232457 171680 154433 187333 238216 194873 130539 118029 39137.6 71749.3 47934.5 78419.9 114428 89162.8 199079 106336 74654.1 66036 82517.2 106995 64503.4 99104.5 60068.8 135684 71642.3 121879 80338 98835.3 43328.2 48096.7 72994 16851.8 94244.9 52298 64843.7 41209.9 48986.5 32001.4 60250 25685.5 57792 36689.2 53951 22259.4 39021 18351.2 96193.7 150092 145419 39774 56142.2
internal_count=3601230 1800487 1800743 851210 949277 1067866 732877 523458 485101 464176 343640 327752 424798 308079 315800 275573 247885 502251 175053 50013 565615 464187 141461 152699 240679 225560 199816 102704 231417 184119 169959 270834 155736 101229 187904 148376 149278 145841 142816 85030 108263 98607 24935 145374 90932 117340 76926 58388 116288 155077 33579 123040 74977 89706 33425 135094 40232 115699 167172 161211 49995 73672
is_linear=0
shrinkage=1


Tree=1
num_leaves=63
num_cat=5
split_feature=146 24 17 3 40 24 3 109 146 3 12 146 16 24 12 12 13 94 13 107 146 106 32 24 44 146 13 146 146 12 12 12 106 145 145 146 146 13 24 24 146 24 24 146 12 24 12 23 146 24 14 38 24 100 13 12 3 3 17 124 42 145
split_gain=15630.8 5525.88 2131.34 996.77 940.346 795.747 658.308 562.755 457.104 520.589 365.968 378.803 280.509 279.424 681.051 479.215 409.364 269.785 228.076 215.812 196.486 441.316 412.606 190.496 588.028 553.391 442.182 274.448 245.488 180.576 177.524 162.387 159.284 155.008 152.164 139.101 138.14 418.694 385.911 283.692 241.738 505.252 238.001 137.086 131.009 130.483 124.094 531.051 158.309 123.19 120.385 117.933 117.411 116.557 107.882 107.258 104.401 99.4365 95.3204 95.1511 89.3632 87.3628
threshold=5.1666667461395273 416.50000000000006 4.5000000000000009 0 8347.0000000000018 911.50000000000011 1 387.50000000000006 8.5000000000000018 2 0.83333334326744091 3.1666666269302373 1.5000000000000002 4487.5000000000009 3.1666666269302373 3.1666666269302373 3.4166666269302373 145382768.00000003 0.75000000000000011 101.50000000000001 3.1666666269302373 644.50000000000011 4473.0000000000009 2645.0000000000005 3893.5000000000005 1.1666666865348818 0.91666665673255932 2.1666666269302373 2.1666666269302373 1.8333333134651186 0.83333334326744091 3.1666666269302373 681.50000000000011 2.5000000000000004 3.5000000000000004 3.1666666269302373 3.1666666269302373 2.0833333730697636 1329.5000000000002 1961.0000000000002 2.1666666269302373 911.50000000000011 911.50000000000011 1.5000000000000002 4.1666667461395273 1961.0000000000002 1.1666666865348818 0.72977015376091015 2.1666666269302373 3628.5000000000005 7.5000000000000009 3.9421279430389409 1617.5000000000002 1435613376.0000002 3.7500000000000004 3.8333333730697636 3 4 8.5000000000000018 286.50000000000006 8411.5000000000018 4.5000000000000009
decision_type=2 2 2 9 2 2 9 2 2 9 2 2 2 2 2 2 2 2 2 2 2 2 2 2 2 2 2 2 2 2 2 2 2 2 2 2 2 2 2 2 2 2 2 2 2 2 2 2 2 2 2 2 2 2 2 2 9 9 2 2 2 2
left_child=1 3 6 18 5 10 17 19 -4 58 56 29 51 15 46 23 45 60 53 -7 22 55 30 26 27 -26 -9 -25 -27 -12 52 43 -18 -8 -19 -20 37 40 -38 -39 42 -42 -6 -14 -40 -17 47 -15 -48 61 -36 -5 -21 -1 -16 -22 -3 -11 -10 -23 -2 -29
right_child=2 4 8 12 36 7 33 13 9 57 11 -13 31 14 54 16 32 34 35 20 21 59 -24 24 25 28 -28 49 -30 -31 -32 -33 -34 -35 50 -37 38 39 44 -41 41 -43 -44 -45 -46 -47 48 -49 -50 -51 -52 -53 -54 -55 -56 -57 -58 -59 -60 -61 -62 -63
leaf_value=0 0.047500000000000001 0 0.14250000000000002 0 0 0.050000000000000003 0.047500000000000001 0 0.23500000000000001 0.28500000000000003 0 -0.0025000000000000022 0 0 0.047500000000000001 -0.0025000000000000022 0.047500000000000001 0.095000000000000001 0 0 0.047500000000000001 0.047500000000000001 0.047500000000000001 0 0 0 0 0 0.047500000000000001 0 0 0.047500000000000001 0.047500000000000001 0.095000000000000001 0.097500000000000003 -0.0025000000000000022 0.047500000000000001 0.050000000000000003 0.047500000000000001 0.047500000000000001 0 0.047500000000000001 0 0 0.097500000000000003 0.047500000000000001 0.047500000000000001 -0.0025000000000000022 0.047500000000000001 0.047500000000000001 0.19500000000000001 0 0 0 0.095000000000000001 0.047500000000000001 0 0.1875 0.435 0.047500000000000001 0.095000000000000001 0
leaf_weight=190093.33678096533 9228.2035014629364 77839.869762897491 28387.826183319092 57013.219327552244 63782.1783439219 5868.8006982803345 3678.2769362926483 91199.49157390371 18191.211488485336 2858.4065361022949 75887.854789733887 4456.3536834716797 32895.766478508711 6341.4500079154968 10490.516871273518 7691.4411274194717 10012.038536429405 10044.518938163295 26486.245402872562 49908.787535190582 13513.793901920319 11556.902294158936 27483.059504985809 37621.797676712275 7667.6545895040035 13120.667114257812 155648.20358171687 5084.7841415405273 13960.862548828125 22697.779365539551 179609.39416837692 3038.5326385498047 15114.479808807373 11227.577721118927 26524.335397758521 958.74581909179688 15898.776728153229 27012.672025442123 15920.061223506927 8636.8946090936661 7547.1866799294949 11234.187343508005 40513.632951229811 16706.53052520752 12256.129333496094 17750.544128417969 13245.511474609375 4944.9118041992188 13328.178100585938 4281.3555908203125 8339.7611731113866 4055.2752685546875 31372.507110595703 59461.551879882812 10983.93466681242 14048.530517578125 57059.312690734863 6341.581197977066 15172.605339050293 16069.160037994385 5814.8742370605469 828.49259185791016
leaf_count=213655 31022 94771 126984 70640 96620 17904 14582 124253 124358 30779 105075 9228 46597 11858 30038 15313 24861 36946 35189 70122 31227 32237 67751 62092 13302 25981 255837 9635 31437 36841 322640 6871 42682 59977 110389 1755 39140 55935 45870 22203 13900 25951 75777 27964 41637 40722 29039 10801 33351 8959 49235 6825 50861 71421 36792 39079 75876 97042 183658 51812 23189 1671
internal_value=0.0143948 0.0129836 0.0300751 0.00780368 0.0146297 0.0140151 0.0241893 0.0147797 0.0362847 0.0395633 0.0114806 0.0137244 0.0117458 0.0135884 0.0103968 0.0140868 0.00955439 0.0265296 0.00618475 0.0162773 0.0161148 0.0133807 0.016638 0.0147825 0.0127029 0.00775271 0.0154781 0.0163001 0.00439485 0.0143689 0.0172519 0.0144219 0.0140813 0.0147481 0.0284759 0.0105115 0.0177411 0.018429 0.0152634 0.0232012 0.0170466 0.0118234 0.0179871 0.0151092 0.0187781 0.00508324 0.00636209 0.0107548 0.00449607 0.00902162 0.0300391 0.00944074 0.0153124 0.00570911 0.0175096 0.00890373 0.00976655 0.0288903 0.0424843 0.0178469 0.0207359 0.0136983
internal_weight=1.76601e+06 1.6202e+06 145809 390709 1.22949e+06 1.02669e+06 74857.5 788747 70951.6 42563.8 237941 103042 113709 439316 59334.5 379982 50568.5 59951.7 277000 349431 343562 55188.4 288374 329413 82565.6 34749.2 246848 47816.4 27081.5 98585.6 260891 52640.8 25126.5 14905.9 44908.6 27445 202802 158727 44075 35649.6 123077 18781.4 104296 49602.3 28176.2 25442 37860.1 11286.4 26573.7 10194.6 34864.1 61068.5 81281.3 249555 21474.5 27562.3 134899 9199.99 33363.8 27626.1 15043.1 5913.28
internal_count=3600159 2711998 888161 480917 2231081 1814048 325340 1492257 562821 435837 321791 151144 158897 808624 151879 656745 123578 250781 322020 683633 665729 154355 511374 533167 153077 70720 380090 82357 57418 141916 443623 81432 67543 74559 196570 36944 417033 290386 126647 78138 212248 39851 172397 74561 87507 56035 85049 22659 62390 20265 159624 77465 120983 285076 66830 70306 170647 127821 308016 84049 54211 11306
cat_boundaries=0 1 2 3 4 5
cat_threshold=33552 13477 5541 33561 10752
is_linear=0
shrinkage=0.05


Tree=2
num_leaves=63
num_cat=4
split_feature=147 3 17 146 30 3 35 147 3 32 147 12 147 13 146 32 147 32 32 13 12 8 32 147 32 106 35 94 94 20 3 17 104 46 31 59 147 12 146 30 13 13 40 30 40 20 46 39 106 106 13 12 32 40 30 94 147 28 40 40 32 48
split_gain=16958.9 4425.22 2035.02 729.759 669.75 624.105 590.732 440.465 508.53 417.562 979.047 461.854 545.122 333.811 628.245 386.858 318.272 293.872 273.984 220.785 198.119 196.492 195.448 186.613 178.074 169.528 168.658 154.98 151.418 146.558 142.079 133.461 124.456 122.022 140.12 121.99 137.966 118.741 105.79 106.667 105.446 107.676 159.958 109.774 98.0428 97.8662 96.592 95.6145 94.8175 94.1233 89.5218 200.356 217 390.642 137.241 133.649 89.4117 88.3358 82.4746 81.8873 81.8193 218.044
threshold=5.3999998569488534 0 4.5000000000000009 0.5000000149011613 392.50000000000006 1 7.5000000000000009 7.8351268768310556 2 4473.0000000000009 3.0278023481369023 3.1666666269302373 3.9006717205047612 4.0833332538604745 2.1666666269302373 4473.0000000000009 0.90000000596046459 1205.0000000000002 4473.0000000000009 0.75000000000000011 5.1666667461395273 2.5000000000000004 1205.0000000000002 0.90000000596046459 1205.0000000000002 626.50000000000011 5.5000000000000009 145382768.00000003 83835944.000000015 1.0000000180025095e-35 3 7.5000000000000009 492954048.00000006 8089.0000000000009 515.28085327148449 73697.000000000015 1.8150519728660586 3.1666666269302373 3.1666666269302373 886.50000000000011 0.91666665673255932 2.0833333730697636 8347.0000000000018 392.50000000000006 5956.5000000000009 1.0000000180025095e-35 6066.0000000000009 0.96368896961212169 681.50000000000011 782.50000000000011 3.0833333730697636 3.1666666269302373 2435.0000000000005 8347.0000000000018 517.50000000000011 288982976.00000006 7.8351268768310556 1891.8333129882815 4334.0000000000009 4881.5000000000009 2688.0000000000005 4231.5000000000009
decision_type=2 9 2 2 2 9 2 2 9 2 2 2 2 2 2 2 2 2 2 2 2 2 2 2 2 2 2 2 2 2 9 2 2 2 2 2 2 2 2 2 2 2 2 2 2 2 2 2 2 2 2 2 2 2 2 2 2 2 2 2 2 2
left_child=1 4 5 17 19 20 9 -4 31 11 35 16 25 14 15 24 22 30 58 33 -2 -15 -5 -17 40 46 -18 -22 -14 -7 -3 -9 -12 34 -1 36 -11 -21 39 -6 -8 -42 -43 -44 -30 -10 -13 -25 -34 -23 51 52 53 -16 -55 -53 -29 -46 -19 -27 -28 -62
right_child=2 3 7 6 38 29 13 8 45 10 32 12 28 21 50 23 26 18 -20 37 27 49 -24 47 -26 59 60 56 44 -31 -32 -33 48 -35 -36 -37 -38 -39 -40 -41 41 42 43 -45 57 -47 -48 -49 -50 -51 -52 55 -54 54 -56 -57 -58 -59 -60 -61 61 -63
leaf_value=0 0.050000000000000003 0 0.135375 0 0 0.090249999999999997 0 0.17787500000000001 0.27074999999999999 -0.0023750000000000051 0.045124999999999998 0.045124999999999998 0.045124999999999998 0.045124999999999998 0 0 0 0 0 0 0.092624999999999999 0.045124999999999998 0 0 0 0.045124999999999998 0 0.092625000000000013 0.045124999999999998 0.042750000000000003 0 0.36325000000000002 0.045124999999999998 0 -0.0025000000000000022 0.045124999999999998 0.045124999999999998 -0.0023750000000000051 0.045124999999999998 0 0 0 0 -0.0025000000000000022 0.045124999999999998 0.12812500000000002 0.045124999999999998 0 0.092624999999999999 0.090249999999999997 0.045124999999999998 0.045124999999999998 0.045124999999999998 0 0 0.045124999999999998 0.18525000000000003 0.092625000000000013 0 0.045124999999999998 0 0.045124999999999998
leaf_weight=157468.67602300644 9700.4932906627655 84162.030215415172 22273.433547973633 60240.461489439011 44405.181975841522 5902.5146973133087 42903.012915015221 17647.16313457489 6323.4325819015503 8551.4936618804932 13760.850309848785 10037.345142841339 8587.0571603775024 11634.128894686699 21148.360335230827 3587.1707000732422 242827.0272102356 55313.513845741749 6712.9747695922852 24912.317985296249 10462.827554702759 12824.607334136963 49046.675231933594 5790.7366580963135 144576.69333648682 6571.1471261978149 105800.02563476562 24739.930460095406 12963.732459068298 12309.297620773315 64829.705154418945 20527.360046386719 3767.0779738426208 89126.57080078125 308.9166259765625 17954.561063766479 9818.63623046875 809.71270680427551 4282.6919226646423 22382.152794837952 45040.16650390625 1993.4485549926758 636.48002624511719 2687.5455017089844 8226.0480140149593 3274.4384632110596 15122.349685668945 10683.264860153198 12419.665954589844 8385.9227905273438 35217.09619140625 13542.223914027214 26409.452478408813 2321.1748247146606 10367.958928108215 9172.6238555908203 7926.7487391233444 9965.7526985704899 28019.256948173046 9651.0138206481934 13751.646169662476 14079.523996353149
leaf_count=176309 33251 102679 96036 80581 58681 27891 55443 111414 96461 18559 41176 21654 22919 31805 37038 6335 438095 77717 13740 33275 40555 38073 74687 11744 229923 15268 175139 102577 35709 60254 88265 222680 12272 105820 399 42982 25006 1493 9759 36057 65149 3265 1124 4910 23349 33246 36318 22482 44118 28741 86348 28709 55056 4107 20222 22800 50509 33404 44444 26415 24744 30387
internal_value=0.0137555 0.0123116 0.0303836 0.0136632 0.00727294 0.0244203 0.0142348 0.0364314 0.0391396 0.0151916 0.0114358 0.0156307 0.012138 0.0127534 0.0123311 0.0137146 0.016214 0.0111715 0.0134268 0.00614616 0.0271758 0.0175879 0.0138381 0.007046 0.014277 0.00812095 0.0169037 0.0286337 0.0163205 0.0164022 0.00980837 0.041742 0.0181289 0.00568683 0.00485128 0.00591737 0.00305224 0.0105548 0.0115962 0.0120847 0.012573 0.0141254 0.00739355 0.000675669 0.017941 0.0287133 0.00555067 0.00479499 0.0211019 0.0204526 0.00931201 0.00841504 0.00992387 0.0125751 0.0056386 0.0044128 0.030331 0.02031 0.0142096 0.0121067 0.0154765 0.0130626
internal_weight=1.76589e+06 1.6248e+06 141088 1.2811e+06 343696 71041.8 1.04206e+06 70045.8 47772.4 633142 66272.3 566870 81124.4 408922 376077 257899 485745 239037 90045.7 272626 52830 32844.7 109287 20061.2 237837 41381.9 376458 43129.5 39742.6 18211.8 148992 38174.5 29947.6 246904 157778 36324.7 18370.1 25722 71070 66787.3 93260.7 50357.6 5317.47 3324.03 31155.5 9597.87 25159.7 16474 16186.7 21210.5 118179 82961.8 60246.9 33837.5 12689.1 22714.8 32666.7 18191.8 83332.8 16222.2 133631 27831.2
internal_count=3599568 2724694 874874 2302901 421793 315037 1976056 559837 463801 1222782 184113 1038669 215036 753274 654655 400375 823633 326845 135901 317296 226892 98619 155268 40561 359814 99655 668365 193641 115381 88145 190944 334094 97566 282528 176708 86547 43565 34768 104497 94738 129891 74448 9299 6034 92462 129707 57972 34226 56390 66814 254280 167932 116423 61367 24329 51509 153086 56753 122161 41683 230270 55131
cat_boundaries=0 1 2 3 4
cat_threshold=33296 13357 5541 269
is_linear=0
shrinkage=0.05


Tree=3
num_leaves=63
num_cat=3
split_feature=146 3 17 35 24 3 32 147 24 13 12 24 13 32 147 147 64 12 146 147 35 146 24 46 12 24 146 145 147 32 13 146 49 13 106 24 147 46 147 8 147 116 13 46 24 13 24 12 24 12 106 3 24 110 100 13 12 12 146 146 46 24
split_gain=16394.2 3912.59 1833.15 973.809 678.041 592.842 507.339 950.916 529.399 415.356 814.435 1113.14 851.752 383.452 365.833 359.812 407.166 321.237 438.677 315.107 281.563 219.271 201.021 722.218 451.146 250.383 199.658 191.767 169.535 298.415 323.235 265.351 284.649 190.691 164.291 160.64 160.598 153.332 145.467 129.216 116.9 116.804 113.979 369.419 267.783 140.556 109.566 109.5 108.233 107.736 105.915 104.391 103.367 98.509 98.3151 94.5071 118.713 93.6411 93.4615 128.811 134.649 174.94
threshold=5.1666667461395273 0 4.5000000000000009 5.5000000000000009 416.50000000000006 1 4473.0000000000009 2.4000790119171147 1190.5000000000002 4.0833332538604745 2.1666666269302373 4487.5000000000009 0.75000000000000011 1205.0000000000002 3.0278023481369023 7.8351268768310556 1317867.0000000002 0.83333334326744091 3.1666666269302373 6.00000023841858 7.5000000000000009 2.1666666269302373 2645.0000000000005 3984.5000000000005 1.1666666865348818 1329.5000000000002 0.83333334326744091 2.5000000000000004 3.9006717205047612 2435.0000000000005 2.4166666269302373 3.1666666269302373 7179.0000000000009 3.0833333730697636 699.50000000000011 1961.0000000000002 3.6000000238418584 5519.0000000000009 5.3999998569488534 1.5000000000000002 1.450000047683716 920.16665649414074 2.0833333730697636 8089.0000000000009 416.50000000000006 1.2500000000000002 2645.0000000000005 1.1666666865348818 416.50000000000006 3.1666666269302373 699.50000000000011 2 3628.5000000000005 819.16665649414074 1435613376.0000002 0.41666667163372045 3.1666666269302373 0.83333334326744091 4.5000000000000009 3.1666666269302373 6898.0000000000009 1961.0000000000002
decision_type=2 9 2 2 2 9 2 2 2 2 2 2 2 2 2 2 2 2 2 2 2 2 2 2 2 2 2 2 2 2 2 2 2 2 2 2 2 2 2 2 2 2 2 2 2 2 2 2 2 2 2 9 2 2 2 2 2 2 2 2 2 2
left_child=1 4 5 6 26 19 8 39 17 10 11 12 13 51 -11 -4 50 41 40 -2 -12 37 25 -24 -25 42 54 -7 29 31 52 32 33 35 -16 -22 -9 57 -15 -8 -19 -3 45 -44 -45 -14 -39 -48 -34 -28 -17 -5 -31 -30 -1 -6 -57 -10 59 60 61 -23
right_child=2 3 15 9 55 27 7 36 21 14 20 -13 22 38 34 16 -18 18 -20 -21 28 58 23 24 -26 -27 49 -29 53 30 -32 -33 48 -35 -36 -37 -38 46 -40 -41 -42 -43 43 44 -46 -47 47 -49 -50 -51 -52 -53 -54 -55 -56 56 -58 -59 -60 -61 -62 -63
leaf_value=0 0.085493750000000007 0 0.12860625000000001 0 0 0.040612499999999996 -0.0022562500000000043 0.04286874999999999 0 0.04286874999999999 0.04286874999999999 0 0 0 0.04286874999999999 0.1950875 0.17171875000000003 0 0.04286874999999999 0.13061875000000001 0 0 0 0 0 0 0 0.085737500000000008 0.04286874999999999 -0.0022562500000000043 0.04286874999999999 0.04286874999999999 0 0.045243749999999999 0.087625000000000008 0 0.087993749999999996 0 -0.0021375000000000035 0.04286874999999999 0 0 0 0 -0.0023750000000000051 0 0.050000000000000003 0.047500000000000001 0 -0.0022562500000000043 0.2950875 0 0.04286874999999999 0.04286874999999999 0 0 0.04286874999999999 0 0.04286874999999999 0.04286874999999999 0.045124999999999998 0.047500000000000001
leaf_weight=167463.62810945511 26373.214948654175 56943.963900307659 23210.557647705078 76131.474582627416 26972.34148336947 4028.9017021656036 10365.091720879078 10924.125793457031 39978.928610250354 10220.943374447525 68082.008941650391 25535.227676391602 80826.457326002419 92019.796998396516 14517.913955807686 11517.480228424072 6052.274471282959 50429.244867801666 10217.960144042969 30808.454864501953 16759.443688392639 13579.500022888184 24202.823652267456 5921.9156284332275 13981.21044921875 111774.61717987061 42270.394145965576 13690.758822202682 18015.079681396484 11146.339054107666 27898.2265625 11628.136116027832 1703.7057781219482 2190.8158874511719 19316.966194152832 3653.841498374939 12886.950088202953 30128.169457435608 410.91895847022533 7527.3068542480469 58945.123754024506 44281.168792724609 7238.7792157456279 1158.3673095703125 5769.2985229492188 58388.152949266136 1678.6336364746094 2985.7924194335938 14298.883394241333 825.96599197387695 30210.72883605957 55013.656381607056 8707.2950019836426 2867.4052124023438 51867.255187988281 49982.876358732581 4177.0895385742188 66201.472747802734 8572.67822265625 31084.736083984375 9671.4696426391602 20457.69091796875
leaf_count=186981 91359 73742 99276 91709 33767 15611 22126 31012 62220 26410 153902 54121 112131 131768 41790 80020 95577 73122 23934 148570 28771 25663 41304 10747 28160 181688 53690 69760 46411 21161 65055 24525 2992 4451 64334 6903 46655 58654 706 19442 101525 64121 12105 2079 10778 89025 3895 7546 28432 1492 288106 72174 19567 9025 61766 74356 9628 114576 27297 82507 24158 45834
internal_value=0.0134756 0.0120297 0.0295292 0.0133047 0.00729262 0.0240722 0.0150636 0.00978968 0.0155576 0.0122201 0.0119412 0.0128976 0.0133864 0.0110351 0.016938 0.0352865 0.0377685 0.0138195 0.0155742 0.0265521 0.00908465 0.0172685 0.0150861 0.0119597 0.00490369 0.0156061 0.0060577 0.0160449 0.00761596 0.00674407 0.00391371 0.00943436 0.0114287 0.0150413 0.0194423 0.0165457 0.0163344 0.0184708 0.0135017 0.00107947 0.0164998 0.0117462 0.0142942 0.0100196 0.00176501 0.0147291 0.0213527 0.0142159 0.0063253 0.00916917 0.0395269 0.00929648 -0.000962496 0.0117067 0.00544629 0.0112878 0.0124924 0.0175264 0.0152351 0.0146678 0.0164182 0.0178979
internal_weight=1.76569e+06 1.6198e+06 145892 1.27624e+06 343560 74901.3 486860 41703.5 445157 789380 745324 558373 532837 223576 44055.8 70991 47780.5 220817 119592 57181.7 186951 224339 309262 44105.9 19903.1 265156 262427 17719.7 118869 97986.7 47751.9 50234.8 38606.7 22604.1 33834.9 20413.3 23811.1 140973 92430.7 17892.4 109374 101225 153381 14166.4 6927.67 139215 34792.6 4664.43 16002.6 43096.4 41728.2 131145 19853.6 20882.5 219331 81132.3 54160 106180 83366.1 74793.4 43708.7 34037.2
internal_count=3600212 2711933 888279 2290253 421680 325300 908029 119235 788794 1382224 1249690 838495 784374 296357 132534 562979 463703 336444 198581 239929 411195 452350 488017 80211 38907 407806 303929 85371 257293 201857 105783 96074 71549 40125 106124 35674 77667 246891 132474 41568 174647 137863 226118 24962 12857 201156 70095 11441 31424 55182 368126 163883 40728 55436 248747 117751 83984 176796 205459 178162 95655 71497
cat_boundaries=0 1 2 3
cat_threshold=33296 13357 269
is_linear=0
shrinkage=0.05


Tree=4
num_leaves=63
num_cat=3
split_feature=14 3 17 35 17 30 100 17 106 48 37 3 64 28 145 28 14 48 10 28 14 30 145 14 10 106 17 30 15 3 92 17 28 14 14 106 15 145 8 30 41 20 106 94 37 20 118 15 17 14 33 104 28 17 46 28 107 106 14 106 23 107
split_gain=14829.4 3383.6 1084.27 1039.24 747.704 647.953 511.421 309.966 288.546 268.099 258.964 245.863 211.475 210.642 557.099 226.367 194.319 193.876 190.063 280.189 336.478 412.784 225.54 173.153 221.186 199.677 156.857 147.681 147.492 145.708 145.467 136.009 128.047 216.319 147.163 125.819 118.955 118.327 115.494 111.569 105.991 102.273 99.1446 96.4065 95.9011 91.1239 90.7016 90.3926 103.169 89.6617 89.1953 88.8483 87.6507 84.6108 82.185 81.6806 80.5775 77.0733 76.0607 73.423 69.0611 68.0199
threshold=5.5000000000000009 0 3.5000000000000004 5.5000000000000009 3.5000000000000004 392.50000000000006 618204352.00000012 8.5000000000000018 644.50000000000011 5039.5000000000009 182.50000000000003 1 1317867.0000000002 3908.166625976563 2.5000000000000004 873.16665649414074 2.5000000000000004 9929.5000000000018 3.5000000000000004 4362.5000000000009 2.5000000000000004 886.50000000000011 3.5000000000000004 4.5000000000000009 3.5000000000000004 699.50000000000011 1.5000000000000002 751.50000000000011 1.8856180310249331 2 276335.71875000006 2.5000000000000004 2315.0000000000005 2.5000000000000004 3.5000000000000004 699.50000000000011 1.0000000180025095e-35 2.5000000000000004 2.5000000000000004 1024.0000000000002 8541.5000000000018 1.0000000180025095e-35 442.50000000000006 17433565.000000004 1126.0000000000002 3.5000000000000004 377.50000000000006 1.8856180310249331 1.5000000000000002 3.5000000000000004 1874.0000000000002 979658016.00000012 1419.8333129882815 3.5000000000000004 6066.0000000000009 873.16665649414074 800.50000000000011 782.50000000000011 1.5000000000000002 823.50000000000011 0.63157895207405101 1.0000000180025095e-35
decision_type=2 9 2 2 2 2 2 2 2 2 2 9 2 2 2 2 2 2 2 2 2 2 2 2 2 2 2 2 2 9 2 2 2 2 2 2 2 2 2 2 2 2 2 2 2 2 2 2 2 2 2 2 2 2 2 2 2 2 2 2 2 2
left_child=1 5 8 6 9 17 13 11 37 18 27 30 -9 15 46 -3 60 44 19 20 21 -5 56 24 29 -26 28 51 52 32 -4 59 33 39 -34 -25 -28 -2 -10 -11 -12 -27 -31 -19 45 -1 -15 48 -41 -16 -32 -8 -23 -29 -52 -7 -21 -6 -48 -20 -17 -42
right_child=2 3 7 4 57 55 10 12 38 23 40 -13 -14 14 49 16 -18 43 31 22 -22 26 -24 35 25 41 36 53 -30 42 50 -33 34 -35 -36 -37 -38 -39 -40 47 61 -43 -44 -45 -46 -47 58 -49 -50 -51 54 -53 -54 -55 -56 -57 -58 -59 -60 -61 -62 -63
leaf_value=0 0.038594062499999998 0 0.088594062500000001 0 0.040725312499999992 0 0 0.38033312499999999 0.040956874999999997 0 0 0.086325625000000003 0.30600156250000005 -0.0021434375000000008 0.040725312499999992 0 0.040725312499999992 0 0 0 0 0 0.040725312499999992 0.040725312499999992 0.033831875000000004 0.040725312499999992 0 0 0 0 0.086325625000000003 0.040725312499999992 0.040725312499999992 0.040725312499999992 0.040725312499999992 0.081337812500000009 0 0.078962812500000007 0.087981562499999999 0 0.050000000000000003 0.040725312499999992 0 0 -0.0023750000000000051 0 0 0.040725312499999992 0 0.054226875000000001 0.12896281250000002 0 0 0.081219062500000008 0.17217593750000001 0 0.040725312499999992 0.081462812500000009 0.040725312499999992 0.040725312499999992 0 0.04286874999999999
leaf_weight=47879.027675151825 4166.3034905977547 43805.456756877247 7641.1484282463789 61386.332318484783 10994.121898651123 43686.798240661621 38214.479070663452 16836.660594940186 5202.8259775452316 89644.914987273514 76417.422058105469 6976.2642457038164 4206.5329284667969 3686.4250561194494 9117.9058917565271 65911.447970151901 20975.867828369141 49904.092898368835 25430.122381985188 16373.078200489283 21023.4599609375 52560.962345106527 12454.858994334936 8102.2087211608887 40917.646448822692 8444.3148119449615 1605.9913511816412 101802.86933326721 8047.2025156188756 75241.325555114076 7301.9606246948242 5390.2578125 38840.218138694763 25020.895259857178 3875.5526123046875 6599.9964752197266 4905.350506728515 10506.725138705224 20770.737926263362 67935.410699438304 1140.71915102005 8076.636726140976 53118.990020751953 34222.972104072571 309.44324684143066 139910.35220336914 6119.1055679321289 5359.302037935704 4970.0368156433105 6603.4110870361328 19147.263442993164 43298.565185546875 124904.91094493866 3953.8858489990234 20339.765602111816 27836.601631164551 11425.534545898438 5742.1607360839844 5646.8763046264648 4954.7413330078125 47832.518552064896 20686.936305522919
leaf_count=57092 13471 59813 34475 75647 34794 58252 51624 206548 19049 132449 173546 40555 81678 7253 27561 101437 46783 59131 51235 34450 42916 70404 38505 22600 86433 24525 2674 204128 15753 103909 31930 14756 87821 54596 12094 22359 9169 42556 100045 112615 5121 20158 96271 44673 418 155893 13356 11620 9659 22084 100028 67885 191457 13493 123293 47063 25045 21571 13918 12807 84029 53463
internal_value=0.0129617 0.0117071 0.0297002 0.0128749 0.0117643 0.00729524 0.0146766 0.0329953 0.0230158 0.0115418 0.0160538 0.0311994 0.0382349 0.0128015 0.00900844 0.0134638 0.0144792 0.00618269 0.0105119 0.0109046 0.011476 0.0119803 0.00700849 0.0123694 0.0121832 0.00929913 0.0131213 0.0149628 0.0133891 0.0126383 0.0323406 0.00705793 0.0133793 0.0139284 0.010902 0.0177044 0.00549172 0.0174086 0.0261828 0.0145748 0.0181332 0.013939 0.0112759 0.00817804 0.00529022 0.0053361 0.00226593 0.0159547 0.0164156 0.015635 0.033392 0.0133628 0.0136893 0.0161959 0.0343322 0.0115306 0.00450289 0.0222223 0.00441033 0.00575898 0.0152948 0.0212078
internal_weight=1.76541e+06 1.64231e+06 123096 1.29856e+06 803347 343749 495214 82449.6 40646.6 786610 285515 61406.4 21043.2 209699 31173.7 178525 134720 272226 350463 314688 274434 253411 40253.5 436147 421445 57438.6 192024 187270 185513 364007 54430.1 35775.1 235646 192931 42715.8 14702.2 6511.34 14673 25973.6 167910 98245.1 16521 128360 84127.1 188099 187789 15452.4 78264.7 72905.4 15721.3 46789 81513 177466 105757 39487 71523.4 27798.6 16736.3 11766 30384.9 113744 21827.7
internal_count=3599936 2806308 793628 2383786 1438292 422522 945494 618507 175121 1381927 569260 330281 288226 376234 84172 292062 232249 317207 584818 506020 408020 365104 98000 797109 752150 131116 289457 337130 277614 621034 289726 78798 420854 320939 99915 44959 11843 56027 119094 266343 232130 44683 200180 103804 213403 212985 34527 133894 122274 49645 255251 119509 261861 217621 223321 105315 59495 56365 27274 64042 185466 58584
cat_boundaries=0 1 2 3
cat_threshold=33296 5541 7332
is_linear=0
shrinkage=0.05


Tree=5
num_leaves=63
num_cat=6
split_feature=12 32 12 32 12 3 12 35 30 3 109 10 17 24 48 100 106 28 48 12 48 3 19 94 145 10 43 48 16 88 21 145 46 110 24 40 12 12 11 24 145 3 42 48 12 14 3 10 109 12 24 46 106 21 3 12 37 25 14 24 24 12
split_gain=15927.2 2174.76 1650.47 2618.82 1522.8 1265.96 1211.71 873.251 836.206 566.587 513.545 503.484 483.48 465.119 458.528 433.491 364.605 348.861 1819.41 298.146 237.729 300.431 236.854 234.051 222.263 209.304 273.029 206.109 197.046 185.851 183.695 174.336 165.164 146.45 144.763 144.401 144.341 142.367 129.6 129.194 121.893 121.367 111.932 109.245 107.645 106.284 104.545 104.403 142.822 139.272 101.503 97.5187 98.7068 96.3724 95.234 95.2238 93.0064 92.906 91.1973 370.119 95.898 91.1036
threshold=4.8333332538604745 485.50000000000006 2.1666666269302373 4473.0000000000009 3.8333333730697636 0 6.5000000000000009 5.5000000000000009 886.50000000000011 1 269.50000000000006 3.5000000000000004 8.5000000000000018 3628.5000000000005 5039.5000000000009 618204352.00000012 699.50000000000011 2315.0000000000005 4231.5000000000009 0.83333334326744091 5039.5000000000009 2 5.5000000000000009 145382768.00000003 2.5000000000000004 3.5000000000000004 3922.5000000000005 3986.0000000000005 1.5000000000000002 198006.39843750003 2.5000000000000004 2.5000000000000004 3984.5000000000005 94.166667938232436 4487.5000000000009 4881.5000000000009 1.1666666865348818 0.83333334326744091 3.5000000000000004 2645.0000000000005 2.5000000000000004 3 7106.5000000000009 5566.5000000000009 1.1666666865348818 2.5000000000000004 4 3.5000000000000004 1.0000000180025095e-35 0.83333334326744091 1464.5000000000002 5519.0000000000009 782.50000000000011 -1.4999999999999998 5 0.83333334326744091 1507.5000000000002 2321.0000000000005 2.5000000000000004 1961.0000000000002 2394.5000000000005 3.1666666269302373
decision_type=2 2 2 2 2 9 2 2 2 9 2 2 2 2 2 2 2 2 2 2 2 9 2 2 2 2 2 2 2 2 2 2 2 2 2 2 2 2 2 2 2 9 2 2 2 2 9 2 2 2 2 2 2 2 9 2 2 2 2 2 2 2
left_child=1 9 3 8 7 6 23 15 19 28 37 17 29 22 -13 34 31 27 -19 35 36 -22 41 42 -7 46 -27 55 -1 -8 -5 -6 -15 -11 58 -3 -20 -10 53 -38 -25 -9 -2 -18 -23 50 -21 49 -49 -35 -29 -26 -53 -24 -28 -12 61 -42 59 -4 -60 -17
right_child=5 2 4 30 16 24 12 13 10 33 11 14 -14 32 -16 56 43 18 20 25 21 44 38 40 51 26 54 45 -30 -31 -32 -33 -34 47 -36 -37 39 -39 -40 -41 57 -43 -44 -45 -46 -47 -48 48 -50 -51 -52 52 -54 -55 -56 -57 -58 -59 60 -61 -62 -63
leaf_value=0 0.036546218749999991 0 0 0 0.038689046874999994 0.038790281249999996 0.079319984374999999 0 0 0 0 0 0.36131646875000001 0.038689046874999994 -0.0016915937499999978 0.04286874999999999 0.038689046874999994 0 0 0 0 -0.0020362656249999999 0 0.038677468749999992 0.058816531250000005 0 0 0 0 0.14315373437499998 0.040832484374999992 0.039033718749999995 0.038689046874999994 0 0.038689046874999994 0 0 0 0.039033718749999995 -0.0025000000000000022 0.070139671875000004 0 0.075139671875000008 0.079789359375000007 -0.0020362656249999999 0 0 0 -0.0016915937499999978 0 0 0.081926546875000006 0.23145062500000002 0.038689046874999994 -0.0016915937499999978 0 0.086094062499999999 0.079426546875000004 0 0.038689046874999994 0.038689046874999994 0.040725312499999992
leaf_weight=192102.84193778038 8150.2679438591003 74338.250242471695 5136.8049354553223 42898.263824462891 10874.208232879639 4137.0604290962219 8180.1073532104492 9247.1890258789062 69540.922902822495 34256.209213617723 44284.659906387329 4406.926990032196 16043.757591247559 20935.215995788574 5417.8991851806641 43291.271392822266 19291.65650177002 42699.016719818115 3896.796911239624 49174.070362091064 3792.0037221908569 6031.9291334152222 19470.181522130966 4866.6120707988739 9636.2122230529785 2524.7627716064453 460.32103157043457 82142.825231939554 64716.87778878212 51400.003555297852 9091.0447387695312 33969.636737823486 16980.522941589355 62777.055213868618 8533.4863166809082 95752.953491210938 1702.2200393676758 127438.6943359375 28711.658431174234 3468.8085250854492 8890.9382984638214 27939.560775756836 8125.5958251953125 14070.062980651855 9964.8843383789062 2194.7816236019135 77025.617214202881 1128.326160132885 1560.736057639122 31898.355224609375 64348.528446525335 11246.654434204102 1671.4535598754883 46512.745282290503 2135.6280345916748 36417.685791015625 3733.9930114746094 32528.058883666992 8435.6448097229004 7555.3391723632812 8219.5870704650879 18377.120727539062
leaf_count=216526 23960 93374 9005 88236 27217 16019 36337 18303 104669 54255 58090 6965 198862 50428 9579 91784 57637 67642 6344 82074 7268 10478 37824 15189 74423 3907 678 123270 80602 293384 25314 95134 46648 76108 24072 132874 2894 219393 65555 6552 30281 53251 27795 46460 19716 3928 109433 1977 2648 45819 106593 77104 30539 93896 3412 52372 14280 125859 15977 15955 18579 45913
internal_value=0.0121662 0.0106422 0.0116853 0.0128636 0.0087969 0.0269632 0.0288902 0.00703513 0.0135625 0.00738633 0.014801 0.0135349 0.0331512 0.00482987 0.00239567 0.0106605 0.0149485 0.0138985 0.01085 0.0114762 0.00115143 -0.00192044 0.00342663 0.0237438 0.0169693 0.0132661 0.00335479 0.0148494 0.0060183 0.0310756 0.00198561 0.0120033 0.00971046 0.0100544 0.00640378 0.0100943 0.0078555 0.0167985 0.00475448 0.00237771 0.0255579 4.51694e-05 0.0185841 0.018907 -0.0049199 0.0159538 0.0136682 0.00906555 -0.000647646 0.00934149 0.0161174 0.0189299 0.021771 0.00353412 -0.00802925 0.0128145 0.0131258 0.0264379 0.00473662 0.0079296 0.00230294 0.0126614
internal_weight=1.76575e+06 1.60088e+06 1.21244e+06 861149 351286 164877 138185 273080 809160 388440 507749 310769 75623.9 169797 9824.83 103283 78205.6 300944 71555.7 301412 28856.6 19788.8 131881 62561.5 26691.4 131320 5120.71 229388 256820 59580.1 51989.3 44843.8 37915.7 131621 37880.9 170091 9067.83 196980 94694.6 5171.03 46285.6 37186.7 16275.9 33361.7 15996.8 148686 126200 97364.5 2689.06 94675.4 146491 22554.3 12918.1 65982.9 2595.95 80702.3 65402.4 41419 29347.4 12692.1 16655.2 61668.4
internal_count=3600660 2650908 2172973 1345055 827918 949752 751667 601470 1231505 477935 805753 481691 528583 365905 16544 235565 226448 465147 120894 425752 53252 37462 268829 223084 198085 199504 7997 344253 297128 329721 113550 122351 97076 180807 83588 226248 15790 324062 197275 9446 171329 71554 51755 104097 30194 233791 191507 126552 4625 121927 229863 182066 107643 131720 4090 110462 151977 156140 59516 24960 34556 137697
cat_boundaries=0 1 2 3 4 5 6
cat_threshold=13477 33296 41793 37408 15968 33280
is_linear=0
shrinkage=0.05


Tree=6
num_leaves=63
num_cat=7
split_feature=12 146 147 32 32 3 147 24 24 13 24 83 10 14 48 13 94 46 13 32 48 13 48 3 48 39 121 94 23 10 35 24 3 29 24 32 48 24 101 3 48 25 146 146 124 13 48 145 48 3 3 32 3 33 107 10 115 24 109 14 46 17
split_gain=15359.6 2312.38 3391.2 3164.34 2774.67 1254.87 1027.95 842.637 805.111 639.609 634.461 486.144 438.336 406.681 406.139 340.821 308.124 291.18 286.038 262.761 1645.16 296.267 259.877 256.748 230.461 225.602 194.254 192.571 183.987 180.21 345.965 175.205 173.257 167.869 166.891 163.97 163.858 158.937 156.216 152.118 197.344 151.526 145.37 137.135 135.043 130.798 219.752 122.221 119.293 119.129 118.454 118.286 116.333 113.637 109.355 103.455 144.062 102.423 101.027 97.509 96.6662 96.1721
threshold=4.8333332538604745 2.1666666269302373 3.3000000715255742 485.50000000000006 4473.0000000000009 0 6.00000023841858 2645.0000000000005 911.50000000000011 0.58333334326744091 2645.0000000000005 5.5000000000000009 3.5000000000000004 13.500000000000002 5039.5000000000009 3.0833333730697636 145382768.00000003 3984.5000000000005 0.58333334326744091 2688.0000000000005 4231.5000000000009 0.75000000000000011 9133.5000000000018 1 5566.5000000000009 0.66671821475029003 1.0000000180025095e-35 129008884.00000001 1.3044674992561343 3.5000000000000004 5.5000000000000009 1329.5000000000002 2 199.25000000000003 4487.5000000000009 485.50000000000006 5039.5000000000009 1329.5000000000002 569595808.00000012 3 5039.5000000000009 158.50000000000003 1.1666666865348818 0.83333334326744091 320.50000000000006 2.0833333730697636 9133.5000000000018 2.5000000000000004 6990.5000000000009 4 5 485.50000000000006 6 1139.5000000000002 1.0000000180025095e-35 3.5000000000000004 838.50000000000011 87.500000000000014 1.0000000180025095e-35 2.5000000000000004 6898.0000000000009 2.5000000000000004
decision_type=2 2 2 2 2 9 2 2 2 2 2 2 2 2 2 2 2 2 2 2 2 2 2 9 2 2 2 2 2 2 2 2 9 2 2 2 2 2 2 9 2 2 2 2 2 2 2 2 2 9 9 2 9 2 2 2 2 2 2 2 2 2
left_child=1 3 10 9 8 6 27 15 18 23 22 33 19 16 -14 26 -8 34 50 21 -21 41 37 57 44 -7 -4 -2 -6 45 -31 35 -16 -10 -12 58 -32 38 -3 -22 42 -13 -41 -35 -9 48 -47 -27 -20 -11 -5 -40 -38 -42 -25 -51 -57 -1 -24 -23 -59 -29
right_child=5 2 7 4 28 25 13 24 11 49 17 12 14 -15 32 -17 -18 -19 29 20 39 59 31 54 -26 47 -28 61 -30 30 36 -33 -34 43 -36 -37 52 -39 51 40 53 -43 -44 -45 -46 46 -48 -49 -50 55 -52 -53 -54 -55 -56 56 -58 60 -60 -61 -62 -63
leaf_value=0 0.034837048437499983 0 0.038689046874999994 0 0 -0.0012555453125000062 0.075692110156249992 0.036754594531249983 -0.0021434375000000008 0 0.036534610156249994 -0.0021434375000000008 0 0.44325064531250002 8.4579687499997122e-05 0.037082032812499992 0.13383539140625 0.037082032812499992 0 0 0 0 0 0 0.040725312499999992 0.036968907812499986 0.036737360937499984 0.038791439062499988 0.039022422656249993 0 0 0.039457032812499994 -0.0016070140625000008 0 0.036754594531249983 0 0 0 0 0 0.044999999999999998 0 0 0 0.036754594531249983 0 -0.0022562500000000043 0.078281157031250007 0 0 0 -0.0019344523437500039 -0.0016070140625000008 -0.0019344523437500039 0 0 -0.0016070140625000008 0 0 0 0 0.074650110156250005
leaf_weight=86586.502179505071 11623.411737203598 7651.0554180145264 28702.644402079284 84376.567605223507 44614.130767822266 1965.121954202652 15084.833862304688 16043.946865081787 810.80328464508057 39680.110290527344 18652.991516113281 1913.7164548411965 4561.9364242553711 12181.91544342041 231.74760627746582 28856.842284627259 62103.032066345215 34536.075248718262 71171.363617666066 42746.395740509033 5325.3980164527893 159889.04218926281 2943.8634600639343 2532.1307680606842 27662.44091796875 3318.2611308097839 20476.982940673828 10864.73509979248 7415.64990234375 2432.0068359375 649.2822265625 13186.504089355469 5375.3514995574951 61713.093107223511 14665.640815734863 21667.066506206989 366.29086589813232 66937.351821899414 2053.4426207542419 3178.1885733604431 1541.0893369913101 97584.391937255859 4104.5431518554688 112879.53269767761 28385.903995513916 3073.8651571534574 3355.8603973388672 21407.556618213654 67654.902412414551 40717.232650354505 53873.28936958313 27905.154446125031 2270.2627229690552 15015.154391646385 34392.197845458984 513.43775200843811 641.57061648368835 97367.590026855469 3428.0648190379143 3113.2510986328125 73913.411437988281 26107.444343566895
leaf_count=95753 35217 12549 70518 104226 92044 7350 67767 43098 1500 50022 38021 4214 7253 169222 402 75735 349086 86836 95985 68744 10443 254403 5088 5284 90887 13443 43751 35942 21510 3953 888 31251 9563 95335 35440 43038 547 130950 3329 5299 3644 136004 7729 197299 84995 5185 6188 177174 101476 58409 73938 49432 3609 28508 44670 788 976 110019 6096 5446 89316 93693
internal_value=0.0116575 0.0101622 0.00665757 0.0111923 0.0128636 0.0261993 0.0281204 0.0124164 0.0135833 0.00736762 0.00261042 0.0147596 0.0136687 0.0313053 0.00344126 0.00881578 0.0299646 0.00660426 0.0114685 0.0139796 0.0113013 0.0147133 0.000751301 0.0062834 0.0163138 0.0162516 0.00628434 0.0222687 0.00167124 0.0129733 0.00426472 0.00411322 -0.00557102 0.0169026 0.00326929 0.00187758 -0.006315 -0.000574354 -0.00317519 0.00214517 0.000435806 0.0125629 0.00729506 0.017008 0.0140824 0.0133161 0.00634212 0.0175536 0.013639 0.0112867 0.00982505 -0.00480372 -0.0118569 -0.00258099 0.0101845 0.0131524 -0.00159634 0.00572414 0.00892802 0.0160259 0.00643294 0.0240341
internal_weight=1.76599e+06 1.60134e+06 363756 1.23758e+06 861237 164656 137965 150129 809207 376344 213627 519984 344580 89369.8 10169 78036.5 77187.9 67854.7 289224 334411 71910.8 262500 145773 294792 72092.3 26690.9 49179.6 48595.6 52029.8 150974 5717.84 41225.5 5607.1 175403 33318.6 28039 3285.84 104547 37609.7 29164.4 23839 99498.1 7282.73 174593 44429.9 145256 6429.73 24725.8 138826 81552.4 138250 29958.6 2636.55 16556.2 36924.3 41872.2 1155.01 257868 6371.93 163002 171281 36972.2
internal_count=3600480 2651586 851014 1800572 1345335 948894 750927 408984 1231781 455237 442030 835786 541652 586075 17218 190004 416853 160297 395995 524434 124367 400067 281733 345042 218980 197967 114269 164852 113554 217831 8997 85473 9965 294134 73461 54222 5044 196260 65310 55623 45180 140218 13028 292634 128093 208834 11373 190617 197461 110195 178164 52761 4156 32152 49954 60173 1764 295088 11184 259849 199335 129635
cat_boundaries=0 1 2 3 4 5 6 7
cat_threshold=13477 33561 33280 41793 33552 33053 33280
is_linear=0
shrinkage=0.05


Tree=7
num_leaves=63
num_cat=6
split_feature=146 146 28 147 32 106 24 146 24 24 3 109 44 3 44 28 41 40 147 21 24 146 3 24 64 33 100 100 40 146 112 24 21 24 40 106 44 3 96 21 27 24 95 147 32 24 3 44 40 12 146 24 40 67 100 145 100 109 35 12 3 98
split_gain=14539.1 2289.1 3210.8 3176.87 2928.06 1184.1 848.96 740.009 617.963 613.255 560.113 535.363 392.462 385.807 382.198 326.391 1825.8 269.008 259.797 246.462 240.799 229.173 223.56 212.497 208.545 293.923 194.884 187.256 178.845 170.918 169.066 167.638 163.849 162.232 159.215 149.271 145.738 145.098 137.152 136.715 227.407 129.258 128.182 125.013 108.785 105.8 165.201 131.926 105.749 101.584 101.269 101.269 100.566 100.239 95.2767 91.7562 87.9949 150.459 93.9961 86.4318 86.188 84.9241
threshold=4.8333332538604745 2.1666666269302373 503.50000000000006 3.6000000238418584 4473.0000000000009 699.50000000000011 2645.0000000000005 0.83333334326744091 2165.5000000000005 911.50000000000011 0 310.50000000000006 5729.6667480468759 1 4137.0000000000009 2315.0000000000005 4218.0000000000009 8910.0000000000018 5.3999998569488534 -3.4999999999999996 1329.5000000000002 9.5000000000000018 2 4487.5000000000009 1317867.0000000002 7207.5000000000009 802368608.00000012 1227620864.0000002 5664.5000000000009 0.83333334326744091 803.50000000000011 3628.5000000000005 3.5000000000000004 178.50000000000003 4881.5000000000009 442.50000000000006 4673.5000000000009 3 1094134656.0000002 -3.4999999999999996 1.0000000180025095e-35 1190.5000000000002 1.0000000180025095e-35 2.80012059211731 485.50000000000006 1617.5000000000002 4 5438.5000000000009 4334.0000000000009 1.1666666865348818 0.83333334326744091 1464.5000000000002 8910.0000000000018 7.5000000000000009 802368608.00000012 2.5000000000000004 618204352.00000012 1.0000000180025095e-35 7.5000000000000009 0.83333334326744091 5 91660308.000000015
decision_type=2 2 2 2 2 2 2 2 2 2 9 2 2 9 2 2 2 2 2 2 2 2 9 2 2 2 2 2 2 2 2 2 2 2 2 2 2 9 2 2 2 2 2 2 2 2 9 2 2 2 2 2 2 2 2 2 2 2 2 2 9 2
left_child=1 2 7 6 9 10 17 13 27 26 18 29 24 33 23 19 48 45 -2 34 44 -14 -18 -8 25 53 50 -5 31 -11 59 -10 -6 -1 -13 42 -24 -9 55 40 -28 -29 -15 -16 -19 46 -3 -47 -17 -38 -4 -32 61 -7 -35 -12 57 -48 -59 -21 -36 -20
right_child=5 3 4 8 32 12 14 37 28 11 38 15 21 35 43 16 22 20 52 30 -22 -23 36 -25 -26 -27 39 41 -30 -31 51 -33 -34 54 60 -37 49 -39 -40 -41 -42 -43 -44 -45 -46 47 56 -49 -50 -51 -52 -53 -54 -55 -56 -57 -58 58 -60 -61 -62 -63
leaf_value=0 0.03329677335937499 0 0 0.034917726484374988 0 0.080257649921875007 0.034916864804687489 0 0.034916864804687489 0 0.035025478046874996 0 0.10902563746093751 0 0.034900492890624989 0 0 0 0.043968301523437496 0 0.037082032812499992 0.32108811304687501 0 0.034916864804687489 0.082621071796875001 0.17066938746093752 0 0.035245164765624996 0.036919524921874995 0 0 0.034916864804687489 0.036839739023437491 0 8.0350703124998371e-05 0 -0.0018377297265625093 0 -0.0048612055468750144 0 -0.0015266633593750023 0.036754594531249983 0 0.036737360937499984 0 0 0 0.038689046874999994 0 -0.0018377297265625093 0 0 0.1127930108984375 0.062435839023437502 0 0.051961646835937507 -0.0018377297265625093 -0.0021434375000000008 0 0 -0.0015266633593750023 0.073979573398437512
leaf_weight=159869.7291289547 13360.19760966301 11077.911682128906 71267.768383026123 24826.464263916016 47519.093292236328 16282.390930175781 24128.434303283691 69438.273763179779 14051.247692108154 77898.210369110107 2864.029266834259 1592.3987255096436 28934.671714782715 3329.2056498527527 20016.378387451172 45440.530089199543 5107.8202843666077 7180.5420325398445 3636.9750814437866 38495.013323962688 16292.676391601562 17067.525184631348 4389.6759445667267 19248.94359588623 4738.9982299804688 13166.921691894531 787.80644419789314 9124.6884155273438 27332.679565429688 135042.7568359375 82257.804303765297 26214.964771270752 4645.1615905761719 61841.118414878845 147.48129034042358 1439.892879486084 5851.8919241428375 33497.464029788971 1546.8576583862305 102339.74624252319 1183.364183396101 9113.8402099609375 51459.739641189575 21029.223388671875 25084.585767447948 33042.618035316467 6196.255343914032 24735.407187461853 2854.3293151855469 10824.884216308594 41828.040283203125 70760.881615042686 15874.072509765625 14486.569885253906 71908.722534179688 14297.789732694626 38745.066784381866 2761.0437393188477 3535.47705078125 32258.056396484375 2067.519688129425 18254.879075050354
leaf_count=179297 40406 20256 88304 57709 99540 73892 50390 91139 35477 120097 10015 2358 138093 7409 48857 72214 9598 12881 13809 50249 39488 214446 7733 48128 52286 96882 1377 22714 88673 237618 123237 82410 14168 70974 279 2642 10086 53422 6885 149547 1875 26303 68556 57932 50811 63443 10618 53928 5078 21365 56735 116283 85946 56117 88889 77797 71072 4687 5633 46179 3509 82435
internal_value=0.0116227 0.0101683 0.0111934 0.00668132 0.0131283 0.0257775 0.00359132 0.00784062 0.0137477 0.0139435 0.0208377 0.0148836 0.0294209 0.00674412 0.00768444 0.0135299 0.0106562 0.00154235 0.0235492 0.0144702 0.00468276 0.0327333 2.13414e-05 0.00441162 0.02629 0.0273651 0.0117165 0.00906608 0.01673 0.0168038 0.0146848 0.0146102 0.00168273 0.00601669 0.00185401 0.0105395 -0.00225471 0.0115672 0.0134076 0.0132755 0.000230019 0.012913 0.0109591 0.011143 0.00218044 0.00027253 -0.00115643 0.0018138 0.0164198 -0.00438958 0.0102785 0.0156196 0.0256743 0.0246883 0.00730193 0.0147 -0.00235344 0.00129484 -0.00414783 0.012663 -0.00681334 0.0234741
internal_weight=1.76559e+06 1.60108e+06 1.23734e+06 363738 784560 164512 253075 452784 110664 732396 69834.8 514989 94677.1 349848 84423 302048 74469.1 168652 51126.1 227579 48557.8 46002.2 26174.3 43377.4 48674.9 43935.9 217407 43065 67598.9 212941 223772 40266.2 52164.3 293620 3807.4 56228.8 21066.5 102936 18708.7 104311 1971.17 18238.5 54788.9 41045.6 32265.1 120094 62315.8 57778 48294.9 16676.8 113096 153019 37765.9 30769 133750 17161.8 51237.8 12492.8 6296.52 70753.1 2215 21891.9
internal_count=3600176 2651167 1799757 851410 1237429 949009 538124 562328 313286 1123721 317293 825883 631716 417767 205307 468168 126074 332817 222596 342094 103180 352539 48782 98518 279177 226891 297838 106726 206560 357715 335948 117887 113708 339160 6146 78607 39184 144561 94697 152799 3252 49017 75965 106789 63692 229637 112266 117371 77292 31451 145039 239520 182190 130009 159863 87812 92010 20938 10320 96428 3788 96244
cat_boundaries=0 1 2 3 4 5 6
cat_threshold=13357 33561 41793 33553 33392 41472
is_linear=0
shrinkage=0.05


Tree=8
num_leaves=63
num_cat=7
split_feature=146 12 32 32 147 106 30 24 13 3 24 13 109 10 48 46 147 60 13 30 48 3 32 13 13 3 147 24 3 39 83 21 83 48 109 146 12 13 44 3 24 24 100 146 40 147 13 40 24 40 3 35 100 3 146 24 107 46 24 13 100 10
split_gain=12733.9 2764.61 3223.38 2777 2172.8 1235.91 820.395 811.477 649.383 555.842 542.105 532.496 516.411 462.016 437.232 389.109 344.077 332.262 330.258 286.094 1711.68 310.207 281.089 327.845 280.309 258.438 219.472 193.689 192.43 188.818 187.744 176.511 176.463 171.854 164.871 157.48 149.471 149.337 144.871 141.17 140.231 140.146 191.745 128.899 128.323 125.168 123.238 214.261 179.304 122.024 118.19 117.994 116.024 104.072 103.489 101.683 101.258 100.047 96.6868 93.5887 92.6005 117.715
threshold=4.5000000000000009 2.1666666269302373 485.50000000000006 4473.0000000000009 3.6000000238418584 699.50000000000011 886.50000000000011 2645.0000000000005 0.58333334326744091 0 2165.5000000000005 6.4166667461395273 225.50000000000003 3.5000000000000004 5039.5000000000009 3984.5000000000005 5.3999998569488534 1213351.0000000002 0.58333334326744091 2311.5000000000005 5039.5000000000009 1 485.50000000000006 2.7500000000000004 0.91666665673255932 2 13.800000667572023 4487.5000000000009 3 0.78221485018730175 5.5000000000000009 3.5000000000000004 7.5000000000000009 4231.5000000000009 225.50000000000003 1.1666666865348818 0.83333334326744091 3.7500000000000004 8561.1665039062518 4 2645.0000000000005 1049.5000000000002 618204352.00000012 3.1666666269302373 7873.0000000000009 2.80012059211731 2.0833333730697636 8347.0000000000018 416.50000000000006 8910.0000000000018 5 4.5000000000000009 580375328.00000012 6 1.1666666865348818 87.500000000000014 1.0000000180025095e-35 7222.5000000000009 1190.5000000000002 4.5833332538604745 802368608.00000012 3.5000000000000004
decision_type=2 2 2 2 2 2 2 2 2 9 2 2 2 2 2 2 2 2 2 2 2 9 2 2 2 9 2 2 9 2 2 2 2 2 2 2 2 2 2 9 2 2 2 2 2 2 2 2 2 2 9 2 2 9 2 2 2 2 2 2 2 2
left_child=1 2 8 6 7 9 18 22 25 16 38 32 36 19 -15 27 -2 26 39 24 33 54 30 34 -14 55 -13 -9 -16 -11 43 -5 52 -21 41 -35 -8 51 -6 -4 -37 42 -24 -3 -18 -17 60 -48 -49 -43 -10 -12 -7 -36 -22 -1 -27 -57 -40 -34 -20 -62
right_child=5 4 3 31 10 11 12 15 50 29 37 17 13 14 28 45 44 -19 46 20 21 -23 23 -25 -26 56 -28 -29 -30 -31 -32 -33 59 35 53 40 -38 -39 58 -41 -42 49 -44 -45 -46 -47 47 48 -50 -51 -52 -53 -54 -55 -56 57 -58 -59 -60 -61 61 -63
leaf_value=0 0.033153787970703112 9.1886486328124359e-05 0 0 0.033482044847656246 0.06926430398632813 0 0.033171021564453111 0 -0.0059577554257812526 0.035190053595703111 0.14426640246289063 0 0 8.0350703124998371e-05 0.033482906527343752 0.065134536720703115 0.15544455290234374 0 0 -0.0017458432402343794 0 0 0.035337051251953126 0 0 0.45503370739453119 0.033171021564453111 -0.0014503301914062573 0.033487938519531239 0 0.034997752072265624 0.03292727156445311 0 0 0 0 0.03520728718945311 0.033482906527343752 0 -0.0023750000000000051 0 -0.0019548283964843649 -0.0021434375000000008 0.10405126816601565 0.034900492890624989 0 0.00023781249999999532 -0.0021434375000000008 0.036898359218750003 0 0.033171021564453111 0.10486002996484377 -0.0015997072636718679 -0.0017458432402343794 0 0 0 0.034916864804687489 0.065933307150390627 0 0
leaf_weight=86855.594525860157 23128.45775604248 3295.1645812988281 53301.382568359375 47463.613616943359 21171.153961181641 12640.488586425781 68097.292176485062 22161.481513977051 55361.047340765595 2559.8975067138672 13029.382268071175 32157.380293607712 104123.08153811097 4421.1450138092041 198.06501865386963 21136.736389160156 20168.944213867188 4967.6441192626953 55729.011444091797 41740.759210810065 5960.9384460449219 3885.3306369781494 2747.748592376709 37095.232346951962 130693.22842870653 2532.0728664398193 10356.059891939163 18369.908576965332 5302.7873754501343 15142.573783874512 6160.5082855224609 4657.3692016601562 11493.36865234375 3863.6576976776123 10159.581359863281 1578.066162109375 125123.44921875 14452.750315546989 7596.7879638671875 95283.8596804142 3340.3502197265625 37448.240425109863 17194.25959777832 525.82069396972656 21027.236175537109 21960.10546875 2973.8945107460022 312.02060496807098 3622.8467046022415 6624.0036849975586 26326.980497360229 26068.6904296875 17850.321395874023 46979.862734377384 9750.2651977539062 104148.95892333984 34257.481002807617 67104.289123535156 7331.6400756835938 14847.116455078125 87291.352499008179 2890.7411594390869
leaf_count=96019 68031 5689 79293 99425 48419 52660 102294 46002 71153 8322 43734 196779 143024 6993 345 51433 85863 78390 76614 66194 10351 7427 4641 82618 209751 5280 154260 45554 9364 79377 10794 14266 37710 6281 18969 2721 215345 46125 18525 120232 6379 74931 31935 1018 110632 60069 5145 639 6816 16159 39159 71120 85795 85023 19292 117811 44555 81413 20653 57441 132577 4596
internal_value=0.0115773 0.0101191 0.0112177 0.0129043 0.00613625 0.0239393 0.0136246 0.00375676 0.0073588 0.0193468 0.0128209 0.0275504 0.0148506 0.0136017 0.00298281 0.00778213 0.0215074 0.0314595 0.0115578 0.0139472 0.0111441 -0.00139911 0.00175568 0.00124234 0.0147842 0.00626597 0.0328896 0.00426498 -0.00642613 0.0114766 0.00989344 0.00171743 0.0242841 0.0160093 -1.69145e-05 0.00964964 0.0168856 0.0160134 0.00808497 0.00987904 0.00371338 0.00172566 -0.00175207 0.0186003 0.0242512 0.0110897 0.0131899 0.00666252 -0.000991427 0.0032994 0.0113039 0.0144071 0.026875 -0.00196923 -0.00452781 0.00570627 0.0101881 0.00641332 0.0118573 0.0212844 0.0134989 0.0144895
internal_weight=1.76604e+06 1.5797e+06 1.23819e+06 861605 341509 186339 809484 251859 376586 82027.1 89650.4 104312 508078 314858 9922 83628.2 64324.6 47481.1 301405 304936 70119.4 19596.5 168230 158249 234816 294898 42513.4 40531.4 5500.85 17702.5 9981.49 52121 56831.3 50522.8 121154 8782.07 193221 53550.8 36099.6 148585 4918.42 64014.3 19942 3820.99 41196.2 43096.8 152820 6908.76 3934.87 44072.2 81688 39098.1 30490.8 57139.4 15711.2 258109 36789.6 171253 14928.4 26340.5 145911 90182.1
internal_count=3599425 2584165 1800754 1345364 783411 1015260 1231673 534835 455390 352225 248576 663035 805761 488122 16702 203058 264526 429429 425912 471420 118645 37070 331777 314276 352775 345078 351039 91556 9709 87699 17501 113691 233606 81575 231658 15381 317639 160979 87597 199525 9100 127666 36576 6707 196495 111502 226387 12600 7455 91090 110312 114854 138455 103992 29643 295243 49835 199224 39178 95151 213787 137173
cat_boundaries=0 1 2 3 4 5 6 7
cat_threshold=15397 7332 33561 33280 15968 33553 37408
is_linear=0
shrinkage=0.05


Tree=9
num_leaves=63
num_cat=6
split_feature=146 146 28 32 147 20 24 13 17 24 24 109 10 48 3 40 3 28 48 3 106 13 24 13 48 20 13 24 146 3 14 13 146 13 40 3 24 40 23 24 147 3 32 48 35 146 24 106 95 48 39 48 13 147 111 48 10 43 40 24 49 100
split_gain=10657.9 2902.49 3259.38 2922.56 2205.13 1086.99 833.881 825.068 702.595 626.235 559.708 512.384 394.836 396.254 389.374 384.549 335.05 327.698 1789.27 332.733 324.151 301.393 246.996 238.91 221.769 212.425 197.819 197.723 197.167 188.658 172.604 170.431 167.245 164.609 244.423 164.013 157.403 204.447 153.925 153.779 152.221 145.804 145.174 225.32 216.315 211.69 135.951 134.678 168.672 130.146 124.546 122.158 119.656 118.942 114.089 103.104 100.754 109.469 99.6375 97.5503 97.1823 96.5666
threshold=4.5000000000000009 2.1666666269302373 503.50000000000006 4473.0000000000009 3.6000000238418584 1.0000000180025095e-35 2645.0000000000005 0.58333334326744091 6.5000000000000009 911.50000000000011 2394.5000000000005 310.50000000000006 3.5000000000000004 5039.5000000000009 0 4098.5000000000009 1 2315.0000000000005 5039.5000000000009 2 681.50000000000011 0.91666665673255932 6840.0000000000009 3.0833333730697636 4231.5000000000009 4.5000000000000009 0.58333334326744091 4487.5000000000009 1.1666666865348818 3 11.500000000000002 3.0833333730697636 0.83333334326744091 2.0833333730697636 8347.0000000000018 4 1329.5000000000002 8347.0000000000018 1.3044674992561343 2645.0000000000005 2.80012059211731 5 2435.0000000000005 5039.5000000000009 7.5000000000000009 3.1666666269302373 87.500000000000014 442.50000000000006 1.0000000180025095e-35 5841.5000000000009 0.92503201961517345 5566.5000000000009 1.7500000000000002 3.3000000715255742 501.58332824707037 6693.0000000000009 3.5000000000000004 4386.5000000000009 7097.5000000000009 2645.0000000000005 7179.0000000000009 618204352.00000012
decision_type=2 2 2 2 2 2 2 2 2 2 2 2 2 2 9 2 9 2 2 9 2 2 2 2 2 2 2 2 2 9 2 2 2 2 2 9 2 2 2 2 2 9 2 2 2 2 2 2 2 2 2 2 2 2 2 2 2 2 2 2 2 2
left_child=1 2 7 9 6 8 23 16 20 26 31 32 17 -14 22 27 46 21 24 -20 60 -13 49 25 -19 36 -4 -8 -26 -10 -31 -6 -11 58 -35 -15 61 54 -5 -30 -17 -9 43 44 -27 53 -1 48 -18 -7 -16 -12 -21 -46 -38 -48 -43 -58 -28 -51 -2 -3
right_child=5 4 3 38 10 14 15 41 29 11 51 12 13 35 50 40 47 18 19 52 -22 -23 -24 -25 28 42 33 -29 39 30 -32 -33 -34 34 -36 -37 37 -39 -40 -41 -42 56 -44 -45 45 -47 55 -49 -50 59 -52 -53 -54 -55 -56 -57 57 -59 -60 -61 -62 -63
leaf_value=0 0.035935598495996084 0 0 0 0.033149115605371086 0.029370371035058587 0.031512470486230452 0 0.26739872099941409 0 0.031512470486230452 0 0 7.6333167968750673e-05 0.019726479286914057 0.031481322919726565 0 0 0 -0.0016585510782226587 0.081481495292871089 0 0.11886853546474607 0.033570198689355471 0 0 0 0.031512470486230452 0 0.15521026983974612 0.3478203872713867 0.031723403847558583 0 0 -0.0020362656249999999 -0.0013778136818359489 0.034820142187499979 0.035053441257812505 0.035504114468652349 -0.0022562500000000043 0.033172701839843742 0 -0.0020634521368164019 9.1886486328124359e-05 7.9985363183593402e-05 -0.0066947021368164222 0 0 0 0.033419226581933581 0.031820088468554678 0.033250067206933576 -0.0016585510782226587 -0.0017568826836914077 -0.001762580494238275 0 0 -0.0015266633593750023 0 0.074130430392480476 0.067744652374902334 -4.594324316409271e-06
leaf_weight=86629.182586380048 21695.108423709869 7404.3397469539195 93338.495810031891 44658.938415527344 26183.228221856058 13173.764449119568 21538.491638183594 71762.784420892596 4519.1726092845201 77874.237049102783 28818.325225830078 97198.115155979991 4262.7309799194336 178.96621036529541 4054.3068075180054 21704.014686584473 3661.770528793335 42701.875573068857 3740.573296546936 8358.0025128498673 57527.067077636719 124146.33185891807 9025.8223266601562 25276.711589932442 3821.2581272125244 1173.4559830408543 69010.993270874023 17892.58617401123 1666.3372573852539 12429.440286204219 12630.185737609863 14645.386463202536 135285.8388671875 2919.1558890342712 3502.6190795898438 4916.0469923019409 27668.490877866745 12414.214576721191 7431.5030517578125 3460.4972763061523 22693.341064453125 36442.847009658813 2353.1418809890747 7736.2399668693542 2101.4415384531021 310.44960534572601 103718.17529058456 1716.5732116699219 47332.158107757568 9835.7342338562012 11620.645835876465 19919.71826171875 7562.1251259669662 161.39937591552734 30498.425313234329 100465.09228515625 571.63535141944885 645.91769194602966 48778.774673461914 9712.2413482666016 20199.77734375 51292.217590332031
leaf_count=95784 75281 12313 119283 92189 61781 42558 44618 93652 83162 120077 83886 133038 6776 307 15779 52645 8451 67648 7189 14667 261103 198943 61712 57710 6230 2124 93747 44222 2851 82502 159515 38171 237912 4869 6501 8728 56030 28621 21427 6519 62031 55926 4596 15037 3432 536 118279 3284 63273 33934 73639 64580 15395 286 56839 122157 879 1029 73708 46732 79933 94054
internal_value=0.0114455 0.010111 0.0112373 0.0131865 0.00603219 0.0227521 0.00363886 0.00785989 0.0252995 0.0140001 0.0127717 0.01495 0.0136251 0.00351402 0.017029 0.00771357 0.00665544 0.0139484 0.0110002 -0.00183661 0.0232863 0.0148982 0.0195537 0.00161034 0.0158867 0.000818793 0.0117505 0.00411985 0.00872759 0.0320655 0.0337779 0.00845278 0.0168271 0.0130577 0.0052604 -0.00589623 0.000188543 0.0017796 0.00174289 0.0023183 0.0109051 0.011641 0.00670694 0.00902551 0.0190893 0.0272009 0.00598981 0.0103245 0.0107902 0.0175375 0.0102851 0.0163894 -0.00498967 0.0325126 0.000536288 0.00669424 0.0141678 1.85973e-05 0.0134827 0.020127 0.0199397 -0.00172457
internal_weight=1.76597e+06 1.57955e+06 1.23776e+06 784813 341786 186423 252219 452946 129001 732723 89566.7 515173 302013 9357.74 57422.5 83828.4 343523 292655 71310.7 19660.7 99422 221344 41747.6 168391 51650 143114 217550 39431.1 8948.09 29578.8 25059.6 40828.6 213160 124212 6421.77 5095.01 129278 70581.1 52090.4 5126.83 44397.4 109423 13836.1 11483 3746.75 2573.29 290812 52710.5 50993.9 32721.7 15675 48738 15920.1 2262.84 58166.9 204183 37660.4 1217.55 117790 19548 41894.9 58696.6
internal_count=3600080 2584230 1800718 1238004 783512 1015850 535094 562714 741496 1124388 248418 826280 468291 15811 274354 203516 411228 452480 120499 37251 416317 331981 184936 331578 83248 273868 298108 88840 15600 325179 242017 99952 357989 178825 11370 9035 247857 141490 113616 9370 114676 151486 26011 21415 6378 4254 336220 75008 71724 123224 89418 148466 30062 3718 112869 240436 57834 1908 167455 80666 155214 106367
cat_boundaries=0 1 2 3 4 5 6
cat_threshold=13477 33561 41793 41544 33280 33553
is_linear=0
shrinkage=0.05


Tree=10
num_leaves=63
num_cat=7
split_feature=146 146 32 32 146 17 24 30 3 20 106 109 3 21 146 146 48 23 48 106 30 48 3 44 24 17 48 20 8 23 146 100 24 24 146 20 32 24 48 35 48 3 146 24 19 8 20 49 3 35 108 64 48 110 20 146 94 49 3 106 102 3
split_gain=9109.44 2997.97 3207.52 2860.37 2081.18 990.049 980.594 829.071 609.271 529.794 519.146 503.762 449.234 319.627 319.021 311.425 292.345 289.512 276.328 262.303 252.451 1625.1 266.466 237.486 378.996 230.063 189.746 177.187 172.294 169.573 168.415 152.182 147.773 147.012 139.884 137.072 205.803 155.56 171.307 144.756 159.982 220.962 143.615 135.416 131.144 139.887 122.765 120.477 115.227 115.158 111.733 105.218 104.735 103.493 102.965 100.751 100.428 93.1511 90.7311 89.4547 88.0423 85.1417
threshold=4.5000000000000009 2.1666666269302373 485.50000000000006 4473.0000000000009 3.5000000000000004 6.5000000000000009 2912.5000000000005 886.50000000000011 0 1.0000000180025095e-35 699.50000000000011 225.50000000000003 1 -3.4999999999999996 0.83333334326744091 0.83333334326744091 5039.5000000000009 0.39167489111423498 4231.5000000000009 681.50000000000011 2311.5000000000005 5039.5000000000009 2 7162.3332519531259 1329.5000000000002 11.500000000000002 4231.5000000000009 3.5000000000000004 1.5000000000000002 1.3044674992561343 1.1666666865348818 690358432.00000012 4487.5000000000009 2645.0000000000005 0.83333334326744091 3.5000000000000004 2435.0000000000005 1783.5000000000002 3742.5000000000005 7.5000000000000009 5039.5000000000009 3 3.1666666269302373 1783.5000000000002 5.5000000000000009 4.5000000000000009 1.0000000180025095e-35 8145.0000000000009 4 3.5000000000000004 351.50000000000006 148062.00000000003 7681.0000000000009 94.166667938232436 1.0000000180025095e-35 1.1666666865348818 164982288.00000003 6571.5000000000009 5 730.50000000000011 843372800.00000012 6
decision_type=2 2 2 2 2 2 2 2 9 2 2 2 9 2 2 2 2 2 2 2 2 2 9 2 2 2 2 2 2 2 2 2 2 2 2 2 2 2 2 2 2 9 2 2 2 2 2 2 9 2 2 2 2 2 2 2 2 2 9 2 2 9
left_child=1 2 8 7 6 9 23 14 15 19 28 34 25 16 31 52 -13 51 32 -2 27 26 -23 35 -25 56 -22 -15 -6 -5 -28 -4 -8 -32 -9 37 39 -3 -39 -37 41 -41 44 47 45 -43 -12 -30 49 -19 -20 -11 -1 -10 -52 -24 -7 -21 -16 -14 -45 -18
right_child=5 4 3 29 10 12 18 11 53 17 46 13 59 20 58 -17 61 48 50 57 21 22 55 24 -26 -27 30 -29 43 -31 33 -33 -34 -35 -36 36 -38 38 -40 40 -42 42 -44 60 -46 -47 -48 -49 -50 -51 54 -53 -54 -55 -56 -57 -58 -59 -60 -61 -62 -63
leaf_value=0 0.053099089530180679 -0.0014315928757763663 0 0 0.029676337021289058 0.11147182407822753 0.029947846180668924 0 0 -0.013056831462587893 0.030285266512504874 0 0.094942662363486349 0 0 0 6.8498974414066274e-05 0.14802950238369628 0.079116361463774418 0.068168602145415036 0 0 -0.0015756235243115314 2.2971621582157376e-07 0.033315420608886717 0.46489100266123534 0 0 0.0302217724128955 0.033728908745219735 0 0 0.02993684696191893 -0.0021434375000000008 0 0 -0.0019602795299755839 -0.0019753231121044878 0.031841709117490236 0 0.00016727752519531404 7.9985363183593402e-05 -0.0063599670299755995 0.030095367674711906 7.9185581669315532e-05 7.5986095024416233e-05 0.02993684696191893 0.031553563311333001 0.024211937353818359 0.050778239725493168 0.031696230732226563 0.027490974670126945 0 0 0.029907256773740232 -0.0015756235243115314 0.17693252581748534 0.10126411880752442 0 0.33907204163663085 0.031571191932524403 -0.0013089229977441552
leaf_weight=143738.19878772739 41967.329595565796 47812.36522102356 80748.183420181274 44813.746246337891 7685.2864265441895 3597.3357651233673 17068.784000396729 68020.14087677002 20957.534620285034 1441.2316379547119 19971.726187705994 2744.7170505523682 4051.7802855968475 120829.88863387704 51547.868202209473 53484.681274414062 181.85290908813477 2553.4891458153725 1866.373477935791 39353.200439453125 42169.107025951147 3964.6471381187439 5985.4324097633362 42006.431144714355 27949.741455078125 7040.9235496520996 3890.4605407714844 116709.32327747345 13486.673400878906 7440.3793029785156 1663.2761077880859 89227.746459960938 17988.025924682617 3425.6786041259766 125228.1611328125 4252.6717891395092 4539.7563324272633 9465.2071585655212 34605.262674808502 1100.0465800762177 3003.7755924612284 1693.5985493138433 253.83916473388672 15082.033107757568 435.65171456336975 326.56113139539957 17361.323372840881 11576.70166015625 9247.0516867041588 28854.746292114258 15268.820854187012 8862.1090545654297 113307.97589111328 44589.74577331543 17226.93635559082 10116.395568847656 17742.136913299561 18157.934143066406 79751.116172790527 3549.8184051513672 9671.3085784912109 3043.4927806854248
leaf_count=160298 155397 85895 101689 92339 18164 22890 36040 102290 33469 3327 59722 4267 42000 192800 85881 68934 347 18282 8024 170370 66985 7573 10384 81694 66214 110764 6369 164362 30150 21483 2847 124487 45981 6524 215472 8329 8798 17529 72912 1973 5390 2692 453 40111 719 559 50073 29662 48182 109512 40632 31392 133585 58538 43364 20085 138200 90667 113603 74513 28873 5279
internal_value=0.0113046 0.0100707 0.0112154 0.0128972 0.00592475 0.0217576 0.00350613 0.0136293 0.00736272 0.0199753 0.0122205 0.0148619 0.0292087 0.0136279 0.0115511 0.00643729 0.00216778 0.0158289 0.00854436 0.0220992 0.0138495 0.0112378 -0.000820816 0.00153506 0.00380244 0.0321067 0.0159687 0.0146324 0.00923935 0.00155917 0.0093671 0.0101209 0.0054208 0.00337811 0.0168715 5.93415e-05 0.00439178 -0.00067647 0.00146633 0.00806948 0.0125872 0.01939 0.0270123 0.0103144 0.0308127 0.0361778 0.0168119 0.00772291 0.0177263 0.0191783 0.0117308 0.00834115 0.00571516 0.011744 0.0110469 -0.00368063 0.0295295 0.0242931 0.0134025 0.0183206 0.0129379 -0.00803749
internal_weight=1.7657e+06 1.57928e+06 1.23758e+06 861502 341699 186419 246864 809247 376078 150437 94835.1 507973 35982 314724 301275 310531 5970.06 50958.6 69418.9 99478.5 308754 71215 20066.5 177445 69956.2 28380.4 51148.5 237539 57502 52254.1 8979.42 169976 35056.8 5088.95 193248 107489 15605.9 91882.8 44070.5 11066.1 6813.47 3809.7 2709.65 49816.7 2455.81 2020.16 37333 25063.4 40655.3 31408.2 34362.1 10303.3 257046 65547.3 32495.8 16101.8 21339.5 57511.1 131299 7601.6 24753.3 3225.35
internal_count=3599339 2583843 1799890 1345066 783953 1015496 527198 1231244 454824 627129 256755 805584 388367 487822 425660 362817 9893 210695 174041 416434 477929 120767 38042 353157 147908 271854 82725 357162 146960 113822 15740 226176 82021 9371 317762 205249 28913 176336 90441 20115 11786 6396 4423 128796 3970 3251 109795 59812 175976 127794 92020 34719 293883 92007 83996 30469 161090 261037 199484 116513 68984 5626
cat_boundaries=0 1 2 3 4 5 6 7
cat_threshold=33553 5541 41793 37408 13477 15968 41472
is_linear=0
shrinkage=0.05


Tree=11
num_leaves=63
num_cat=8
split_feature=146 146 28 32 13 17 13 147 75 10 48 20 3 106 13 28 48 23 3 32 106 3 124 14 30 32 23 3 48 147 35 30 40 3 106 95 32 40 6 83 20 3 19 35 32 48 3 146 147 121 3 146 13 40 146 36 13 146 94 10 62 10
split_gain=7493.96 3414.65 3226.46 2978.86 1377.77 989.374 839.79 669.294 567.119 612.052 560.55 536.651 375.905 369.212 345.004 463.911 1500.75 333.263 328.647 320.257 288.802 270.082 269.135 262.001 253.732 214.928 187.824 179.63 246.182 178.085 171.556 166.384 164.757 147.468 144.839 164.102 144.153 239.929 204.321 153.319 208.19 208.39 145.819 215.489 320.439 290.339 259.058 207.338 160.843 146.388 292.178 141.516 132.751 391.729 129.986 127.924 127.875 120.391 116.005 115.593 115.193 110.695
threshold=4.1666667461395273 2.1666666269302373 503.50000000000006 4473.0000000000009 3.0833333730697636 6.5000000000000009 0.58333334326744091 3.6000000238418584 1.0000000180025095e-35 3.5000000000000004 5039.5000000000009 1.0000000180025095e-35 0 699.50000000000011 0.75000000000000011 2315.0000000000005 4231.5000000000009 0.39167489111423498 1 1205.0000000000002 699.50000000000011 2 196.50000000000003 14.500000000000002 2843.5000000000005 1205.0000000000002 1.3044674992561343 3 5039.5000000000009 3.0278023481369023 5.5000000000000009 1159.5000000000002 4098.5000000000009 4 442.50000000000006 1.0000000180025095e-35 485.50000000000006 8910.0000000000018 1.0000000180025095e-35 5.5000000000000009 4.5000000000000009 5 5.5000000000000009 7.5000000000000009 2435.0000000000005 5039.5000000000009 6 3.1666666269302373 3.3000000715255742 38.500000000000007 7 1.1666666865348818 2.0833333730697636 8347.0000000000018 3.1666666269302373 1.5000000000000002 0.58333334326744091 3.1666666269302373 17433565.000000004 3.5000000000000004 72293.000000000015 3.5000000000000004
decision_type=2 2 2 2 2 2 2 2 2 2 2 2 9 2 2 2 2 2 9 2 2 9 2 2 2 2 2 9 2 2 2 2 2 9 2 2 2 2 2 2 2 9 2 2 2 2 9 2 2 2 9 2 2 2 2 2 2 2 2 2 2 2
left_child=1 2 6 8 7 11 18 24 19 14 -11 20 23 29 25 31 -17 60 58 56 -2 -12 -9 -7 36 -10 -5 -18 51 -6 -23 52 -26 -8 35 -20 37 38 -3 -39 41 54 43 49 45 46 -45 48 -48 -38 -51 -29 -16 -54 -41 -19 -4 -40 -1 -47 -13 -43
right_child=5 4 3 26 13 12 33 22 9 10 21 17 -14 -15 15 16 27 55 34 -21 -22 30 -24 -25 32 -27 -28 28 -30 -31 -32 -33 -34 -35 -36 -37 42 39 57 40 -42 61 -44 44 -46 59 47 -49 -50 50 -52 -53 53 -55 -56 -57 -58 -59 -60 -61 -62 -63
leaf_value=0 0.047312978599960712 2.2971621582157376e-07 0 0 0.030358710862128904 0.15147093568383765 0 0.02844000461382298 0 0 7.2516509570313972e-05 -0.012642099264458508 0.17612567926592726 0.02844000461382298 0 0 0 0.030319272999281978 0 0 0.07147458098971167 8.4579687499997122e-05 0.029935887618617898 0.42959299953295882 0.02844000461382298 0 0.032042463307958749 0 -0.0014968423480959505 0.030045855054164784 -0.0012434768478569503 0 0.029809718752914549 0 0 0 0.0001683022609763163 -4.3760939113846046e-06 0.00015910152201635832 2.1823040503021753e-07 -4.6058101272006274e-06 2.1823040503021753e-07 -0.001423971067979002 7.1986826865239051e-05 -0.0018622655534768053 0.00025563626612304938 0.00016387331319336342 -0.0060419686784768173 -0.0016728378542580581 0.00015970866850072987 -0.0018624056844788466 0 0 -0.0019344523437500039 -0.0021432192695949761 0.073917156391562253 0 -0.0068861572585357557 0 -0.0014227810528957387 0.026180021757611829 -0.0016067958320949761
leaf_weight=132199.23699877155 56440.936374664307 1494.7229363918304 46173.795410394669 44909.805267333984 15766.87088227272 20298.336998462677 71512.341420456767 22023.000335693359 91061.403549164534 5221.8337478637695 540.68128395080566 965.21181488037109 7576.368754863739 32796.647888183594 99509.226700752974 26009.277162253857 5092.4533066749573 40071.027411112329 3697.6659355163574 150624.43725585938 58475.29541015625 194.41258239746094 21237.14697265625 8164.6115493774414 29055.834428787231 104282.81945800781 7447.2197875976562 2054.0931067466736 14745.26568031311 21774.206230163574 7213.7100124359131 121495.01287740469 22019.676847457886 37678.914972305298 1720.8693923950195 47154.841440200806 66391.182470798492 2487.7163772583008 1059.7132234573364 648.05003905296326 964.25645082443953 1628.1206432506442 51555.117776870728 935.0467848777771 2593.6171873211861 3246.6384831666946 2000.4175936579704 231.41428375244141 136.91825866699219 840.35675048828125 12625.523620128632 4046.4583740234375 4424.7844803929329 4580.9970550537109 91.527380228042603 8463.2998441366944 44875.213353037834 122.07063579559326 158583.35512280464 1591.3584650754929 11863.139656066895 733.3449480086565
leaf_count=148202 203085 2438 62028 92428 35595 148057 93292 53722 115945 8173 855 2067 116633 91327 145085 42697 9746 154886 8461 255072 258663 339 61123 124334 63925 151701 21554 3447 28243 55725 12486 195027 54027 57956 3270 62959 135792 4481 1692 976 1658 2944 98138 1648 4856 5944 3155 386 226 1403 23653 7459 7650 8715 141 44413 68311 205 188008 2821 39025 1289
internal_value=0.0112379 0.0100334 0.0112184 0.0131579 0.00539506 0.0200486 0.00785633 0.00362873 0.0139818 0.0130049 0.00237146 0.0185051 0.0275977 0.0115653 0.0132983 0.0144173 0.0101492 0.0147292 0.00664165 0.0159644 0.0205212 -0.00598855 0.00927398 0.0302392 0.00242241 0.011683 0.00163624 0.0016388 -0.000419722 0.00817891 -0.0084839 0.0153812 0.00546976 0.0116759 0.010281 0.0107657 0.00139417 0.00744934 0.0200622 0.00229584 0.00827881 0.0145886 0.00100095 0.00220905 0.00885991 0.0137355 0.0251607 0.0338914 0.0389017 0.00131485 -0.00343831 0.00802696 0.0139578 0.00814255 0.0375613 0.0166237 0.0136229 0.0355957 0.00598306 0.00593053 0.00756082 0.00719584
internal_weight=1.76542e+06 1.5531e+06 1.23705e+06 784503 316050 212318 452547 245713 732146 490472 13170.6 176279 36039.3 70337.7 477302 281958 51947.5 61362.7 343356 241673 114916 7948.8 43260.1 28462.9 202453 195344 52357 25938.3 20845.8 37541.1 7408.12 230010 51075.5 109191 52573.4 50852.5 151377 9229.52 2676.51 6553.02 4065.3 3101.04 142148 90592.5 10735.4 8141.79 3303.8 2368.75 2137.34 79857.1 13465.9 6100.55 108515 9005.78 739.577 48534.3 91049 1181.78 290783 4838 12828.4 2361.47
internal_count=3599562 2508399 1799109 1236961 709290 1091163 562148 526643 1122979 737568 21853 702139 389024 182647 715715 448069 91592 240391 410900 385411 461748 13680 114845 272391 411798 267646 113982 48895 39149 91320 12825 356477 117952 151248 74690 71420 293846 15824 4335 11489 7008 5350 278022 179884 19036 14180 5415 3767 3381 160848 25056 10906 161450 16365 1117 199299 130339 1897 336210 8765 41092 4233
cat_boundaries=0 1 2 3 4 5 6 7 8
cat_threshold=5541 33561 33280 41793 33553 33296 37472 33280
is_linear=0
shrinkage=0.05


Tree=12
num_leaves=63
num_cat=0
split_feature=147 24 147 30 20 24 13 13 21 147 24 73 92 23 106 147 43 23 147 13 147 64 21 147 36 83 30 48 13 43 14 14 94 25 30 13 21 147 13 40 24 39 62 14 147 124 130 147 24 48 65 48 147 24 75 8 147 41 147 13 65 33
split_gain=5906.59 1634.38 2028.92 1964.23 1002.97 831.348 784.438 946.179 716.704 708.989 413.501 401.024 366.061 361.511 342.327 330.675 324.523 304.12 874.339 281.789 281.172 249.557 242.754 233.015 232.394 229.234 259.525 1100.1 208.836 189.087 183.198 180.4 157.928 150.677 148.093 136.639 136.619 148.868 131.861 197.648 171.71 130.025 127.2 121.413 120.75 118.291 118.065 113.745 109.398 130 106.786 105.853 118.085 117.451 105.753 103.024 101.056 100.883 95.6058 203.602 99.7216 94.2003
threshold=4.302898883819581 294.50000000000006 2.0004616975784306 3948.5000000000005 1.0000000180025095e-35 911.50000000000011 3.4166666269302373 1.0833333134651186 -2.4999999999999996 9.2000002861022967 3220.5000000000005 17758.500000000004 38000.423828125007 0.42857141792774206 699.50000000000011 1.6000000834465029 3922.5000000000005 0.9476255774497987 2.6000477075576787 0.58333334326744091 3.3000000715255742 1317867.0000000002 -3.4999999999999996 3.3000000715255742 1.5000000000000002 5.5000000000000009 2311.5000000000005 5039.5000000000009 0.91666665673255932 4193.0000000000009 15.500000000000002 2.5000000000000004 145382768.00000003 158.50000000000003 4369.0000000000009 0.41666667163372045 -3.4999999999999996 1.2500000000000002 2.0833333730697636 8347.0000000000018 416.50000000000006 0.86391466856002819 212352.50000000003 2.5000000000000004 0.90000000596046459 463.50000000000006 0.3416528999805451 3.3000000715255742 4487.5000000000009 4231.5000000000009 305893.50000000006 4231.5000000000009 0.90000000596046459 4487.5000000000009 1759.5000000000002 13.500000000000002 3.0278023481369023 4458.5000000000009 5.3999998569488534 1.7500000000000002 79712.000000000015 9851.0000000000018
decision_type=2 2 2 2 2 2 2 2 2 2 2 2 2 2 2 2 2 2 2 2 2 2 2 2 2 2 2 2 2 2 2 2 2 2 2 2 2 2 2 2 2 2 2 2 2 2 2 2 2 2 2 2 2 2 2 2 2 2 2 2 2 2
left_child=1 11 3 5 9 19 7 12 15 32 17 -1 56 58 47 16 -7 20 31 -3 41 30 29 57 45 43 28 51 33 -21 -11 -19 -2 -27 48 -13 -18 -38 -24 -40 -41 -9 -26 44 -10 -15 -34 -8 49 -5 -29 53 -53 -28 -25 -44 -4 -12 -6 -60 -61 -36
right_child=4 2 6 34 13 8 14 10 25 21 23 35 -14 24 -16 -17 36 18 -20 22 -22 -23 38 54 42 26 27 50 -30 -31 -32 -33 46 -35 61 -37 37 -39 39 40 -42 -43 55 -45 -46 -47 -48 -49 -50 -51 -52 52 -54 -55 -56 -57 -58 -59 59 60 -62 -63
leaf_value=0 0.03885911016336574 0 0 0 0 0 0.028759650577513673 -0.0012888146785885902 0 0.16289357185746267 0.027018004383131834 0 0 0.026780714621573744 0.027018004383131834 6.3164530740000838e-05 -0.0011657496871047225 0 0.026717581245304191 0 0.027017454422194345 0.15323389412537747 0 0.027598961337540775 0.024778329971236825 0.00010717187500000059 0 0 0 -0.0012807522147234261 0.42016680255152555 0 0.053201644545201668 0 0 0 0 0 0 9.9415246937988256e-05 -0.0018377297265625093 6.3793161205571994e-05 0.076602198977575198 -0.0017936927297043327 0 0.057909593194723163 0.072649308444962674 0.026977335663365732 0 0 -0.0014220002306911562 0 0 0 0.026943210232892079 0.34579511495870291 0 0.02848309248845218 -0.0021375000000000035 -0.012009994301235583 0.028143667807822039 0.043332484374999994
leaf_weight=65741.228563415818 26923.874801635742 162053.75274133682 32469.81579144299 6758.2879062630236 6759.8473892211914 19423.914442300797 12712.312044382095 16899.485320329666 58700.162181138992 21769.680408477783 27309.214666366577 173079.01384003274 23726.965526267886 29943.010386797483 28286.833618164062 10343.68701171875 4226.0409622192383 20185.372095108032 51421.045166015625 3086.0280723571777 30028.454956054688 4654.3349304199219 151461.13842335343 10840.321868896484 2005.3969542059349 2408.8978345971555 34894.233918070793 5821.828875541687 112430.43410796113 3021.8562431335449 7322.7479972839355 4917.380126953125 27812.973388671875 105894.75623321533 31927.406646728516 60643.269715951756 4326.6022758483887 2739.6034851074219 2632.6957746446133 500.06170654296875 3138.5899200439453 91446.457810878754 7779.3624990331009 1019.3736877441406 87448.734191894531 19108.506744384766 45899.589080810547 16793.274658203125 2376.8586945533752 3163.1169184707105 10434.070736885071 2246.16090965271 5124.1768493652344 1044.2693921327591 12616.049468994141 1959.6165887964889 25370.657348632812 12344.765600204468 1682.4168322682381 617.53462606668472 4444.0387684106827 1783.4402465820312
leaf_count=90311 92101 207808 39893 11983 14322 31748 30225 31315 89873 167184 61008 194719 49496 109327 82689 19562 7567 35293 108388 4994 69037 76975 212499 33095 7258 5729 55008 11083 179611 4906 116296 8862 107838 150341 66071 75181 7181 4861 4329 897 5686 179039 38666 1962 152299 101431 197373 44945 4567 6368 19928 3601 9273 2012 33075 26037 34356 31521 3204 1451 19929 6142
internal_value=0.0110986 0.01004 0.0108304 0.0122456 0.0189979 0.0128273 0.00798073 0.00711167 0.0141763 0.0215755 0.00572233 0.00672027 0.0118469 0.0143358 0.0133878 0.00786614 0.01047 0.00467727 0.00720666 0.0108878 0.00327841 0.0278477 0.0123502 0.00928073 0.0159796 0.0147824 0.0139432 0.0110139 0.0147337 0.00256847 0.0295679 0.0148559 0.019472 0.0131663 0.00220116 0.0057498 0.00372871 0.00798184 0.0127289 0.00562233 -0.00192694 0.00209177 0.0222984 0.0163807 0.0165007 0.0144663 0.0206695 0.00961923 0.00689761 0.00920581 -7.68948e-05 0.0151769 0.00971557 0.0162966 0.0132312 0.0246602 0.00970117 0.00694364 0.00693451 0.00272116 0.00773043 0.000487591
internal_weight=1.76595e+06 1.55726e+06 1.2578e+06 840430 208683 794421 417368 359576 468527 134383 278009 299464 81567.4 74299.7 57792.4 41059.8 30716.2 214898 76523.8 325894 138374 33746.8 163840 63110.4 60795.9 427467 280299 59564.7 220734 6107.88 29092.4 25102.8 100636 108304 46009.1 233722 11292.2 7066.21 157732 6271.35 3638.65 108346 11744.4 147168 146149 49051.5 73712.6 29505.6 12298.3 9921.4 16255.9 43308.8 7370.34 35938.5 23456.4 9738.98 57840.5 39654 13503.8 6743.99 5061.57 33710.8
internal_count=3599729 2520337 2160126 1287889 1079392 1192758 872237 714378 751639 757767 590633 360211 123745 321625 157859 70919 51357 431934 152543 441119 279391 360455 233311 158699 282719 680720 436586 100905 335681 9900 283480 44155 397312 156070 95131 269900 19609 12042 223411 10912 6583 210354 71961 244134 242172 210758 305211 75170 22918 18351 31011 69894 12874 57020 66170 64703 74249 92529 38906 24584 21380 72213
is_linear=0
shrinkage=0.05


Tree=13
num_leaves=63
num_cat=8
split_feature=12 146 32 32 147 14 32 32 13 3 13 109 28 48 39 12 145 3 106 3 3 13 94 48 23 33 13 40 146 147 13 27 40 14 104 25 40 13 12 106 48 15 23 48 146 89 3 3 3 97 95 48 14 48 28 92 147 25 39 106 48 3
split_gain=5174.18 3444.05 2968.65 2721.76 1579.57 794.805 756.507 630.226 622.305 573.194 571.613 544.688 376.404 1829.75 343.69 324.645 314.4 301.272 292.523 264.085 207.568 197.504 196.154 190.844 186.062 185.375 183.445 257.258 181.02 167.503 279.781 158.408 150.913 150.475 137.726 157.195 137.105 131.071 115.846 114.831 112.72 169.539 133.489 186.869 134.041 117.127 110.149 103.078 102.926 100.337 99.1921 96.924 93.7468 93.0262 92.552 91.972 91.4971 91.1709 90.4536 89.0508 88.5257 87.6079
threshold=4.1666667461395273 2.1666666269302373 485.50000000000006 4473.0000000000009 3.3000000715255742 8.5000000000000018 1205.0000000000002 2206.5000000000005 2.7500000000000004 0 0.58333334326744091 310.50000000000006 2315.0000000000005 5039.5000000000009 0.88890627026557933 0.83333334326744091 10.500000000000002 1 699.50000000000011 2 3 3.0833333730697636 129008884.00000001 4231.5000000000009 1.3044674992561343 3082.5000000000005 2.0833333730697636 8347.0000000000018 1.1666666865348818 2.6000477075576787 1.0833333134651186 308.50000000000006 4881.5000000000009 17.500000000000004 523288752.00000006 3129.0000000000005 4098.5000000000009 2.0833333730697636 0.83333334326744091 511.50000000000006 3742.5000000000005 1.3307163715362551 1.3044674992561343 5039.5000000000009 1.1666666865348818 69000.175781250015 4 5 6 9104581.5000000019 1.0000000180025095e-35 9133.5000000000018 43.500000000000007 9929.5000000000018 4362.5000000000009 366008.82812500006 5.3999998569488534 6665.5000000000009 0.88890627026557933 644.50000000000011 4763.5000000000009 7
decision_type=2 2 2 2 2 2 2 2 2 9 2 2 2 2 2 2 2 9 2 9 9 2 2 2 2 2 2 2 2 2 2 2 2 2 2 2 2 2 2 2 2 2 2 2 2 2 9 9 9 2 2 2 2 2 2 2 2 2 2 2 2 9
left_child=1 2 10 6 8 14 15 21 25 52 19 38 29 23 39 32 58 37 -10 53 -16 47 -9 -14 -5 31 -17 -28 -25 40 -31 59 -4 55 57 51 54 -15 56 -2 -13 -42 43 -43 -45 46 -46 -6 -12 -49 -21 -36 -7 -1 -24 -18 -8 -22 -11 -3 -61 -33
right_child=5 4 3 24 7 9 11 22 18 16 48 12 13 17 20 26 33 -19 -20 50 34 -23 36 28 -26 -27 27 -29 -30 30 -32 61 -34 -35 35 -37 -38 -39 -40 -41 41 42 -44 44 45 -47 -48 49 -50 -51 -52 -53 -54 -55 -56 -57 -58 -59 -60 60 -62 -63
leaf_value=0 0.018948484959630321 5.9259959587404379e-05 0 0 -0.0032085171277430255 0.055474334439609065 0 0.025433809326923976 0.028574506740073516 0.063920241718429652 0 0 0 -0.0013509002191566034 0.022553697103102968 0 0.10684693366918788 0 0.026954311424222312 0 0.02449785397512734 0.027104637457299963 0.025659205626382464 0 0.029089439923404216 0.025667104163975243 0 -0.0017458432402343794 0 0 -3.1896580602763793e-06 0.00014277819718776509 0 0.50667939870324619 0.026329333403057032 0.070450302470366113 0.027336183259987226 0.041517849780843386 0 0.02557402992243666 0 0 0 0 0.00011973568457008255 0 -0.0011230155211088722 0.027408182270778736 0 0.025324604070114422 0 0.056709472753151802 0.94383357207420393 0 0.025638056316254799 0.19555300673795648 -0.0020306250000000081 0.064490203586401521 0.12133527893519061 0.027025263982884053 0.033409897194891368 -0.0013162604309872818
leaf_weight=186103.25550108775 6135.2511978149414 58381.671073555946 86741.860015869141 44808.667694091797 3861.6258848309517 8750.5197784304619 64728.933640837669 12516.676208496094 30808.45074737072 4859.8826271891594 39683.494995117188 57353.021684058011 44071.987583696842 11143.142044730484 9040.7193331718445 150718.89874990284 2746.3744887569919 4073.5782299041748 22005.260864257812 2584.0530753135681 16964.441544055939 10473.118838261813 9160.2456359863281 3886.6885280609131 7445.9361572265625 23777.085266113281 3411.3282551020384 4481.9233856201172 5569.0288696289062 11047.173615209758 2241.633876144886 2869.2043762207031 104770.5712890625 5692.5044174930081 29607.626686096191 43454.03630065918 31135.423919677734 5797.5576317831874 119981.390625 22515.997436523438 107573.01723861694 3934.1467151641846 6283.0090637207031 1853.6446208953857 130.93644714355469 5528.3455998897552 2979.0068476200104 14545.646830592304 41937.354539707303 11571.058626368642 36764.238540649414 24394.994873046875 1157.741039276123 69583.796325683594 10155.31867980957 15006.341083526611 330.02645552158356 7912.5827789306641 14008.472437977791 5614.5940818786621 5666.6009836196899 63013.286903858185
leaf_count=209057 16940 112691 107365 92273 7560 77789 102067 31569 68636 26357 50002 78945 69882 19864 40411 221050 19007 7771 56021 5320 53563 26207 22161 6327 21497 54563 5716 8330 10185 15118 3948 4927 143212 104051 95071 189407 92503 12110 213975 75509 168719 6128 11044 2984 232 9760 5206 34989 60134 24225 47592 91889 45121 83264 30447 132971 764 34229 88570 11692 14037 116458
internal_value=0.0108083 0.0098076 0.0109965 0.0126164 0.00514474 0.0181307 0.0133311 0.0102113 0.00267471 0.0234872 0.00729422 0.0146675 0.0132498 0.0102191 0.0163826 0.0115809 0.0260234 -0.00228321 0.00737829 0.00626966 0.0174649 0.00534117 0.0133397 0.0151274 0.00155677 0.00111547 0.013254 0.00582202 0.0086801 0.0143854 0.00896104 0.000401101 0.0101951 0.029897 0.018006 0.0188554 0.0147299 -0.00521851 0.0167627 0.0114199 0.0147737 0.0155978 0.0114536 0.00880314 0.00531732 0.00269824 -0.00506288 0.00327581 0.0109976 0.00440245 0.0100844 0.0170531 0.0126158 0.00568194 0.0114192 0.0276257 0.0150628 0.0146852 0.0212231 0.00206339 0.00613017 -0.00135649
internal_weight=1.76534e+06 1.5531e+06 1.23754e+06 860885 315555 212247 808631 103419 212136 52221.8 376656 458506 273466 74542 160026 350125 42313.6 21014.3 52813.7 295035 131374 40451.5 62967.7 53527.7 52254.6 159322 158612 7893.25 9455.72 198924 13288.8 135545 191512 23445.2 122334 97456.7 50451 16940.7 185040 28651.2 185635 128282 20709.1 14426.1 10491.9 8638.29 3109.94 29978.3 81620.8 26116.7 39348.3 54002.6 9908.26 255687 19315.6 17752.7 65059 24877 18868.4 69662.9 11281.2 65882.5
internal_count=3599412 2508527 1799841 1344472 708686 1090885 1230702 269661 439025 493866 455369 745029 428223 126139 597019 485673 370956 39745 124657 345233 504570 92981 176680 86394 113770 314368 235096 14046 16512 302084 19066 259805 250577 256029 464159 376367 145111 31974 316806 92449 283018 204073 35354 24310 18182 15198 5438 66774 110136 59214 52912 186960 122910 292321 52608 151978 102831 87792 114927 138420 25729 121385
cat_boundaries=0 1 2 3 4 5 6 7 8
cat_threshold=600 7332 33553 33360 33280 33552 33552 33296
is_linear=0
shrinkage=0.05


Tree=14
num_leaves=63
num_cat=0
split_feature=12 146 28 32 24 17 13 13 75 146 10 48 39 146 62 32 28 48 24 17 40 80 12 88 130 24 21 48 24 100 109 12 24 24 13 40 88 42 13 40 48 75 13 52 32 8 135 40 27 24 32 132 80 17 65 95 106 10 43 48 16 112
split_gain=4251.29 3667.16 2997.64 2848.34 1751.32 790.247 754.365 640.834 625.62 598.396 527.591 666.817 350.683 327.333 314.413 305.568 289.762 1422.81 295.057 287.754 267.101 255.152 235.863 233.641 194.13 173.346 158.289 157.407 151.462 217.939 151.049 141.669 139.228 135.658 135.44 135.419 130.637 124.921 120.011 374.18 152.529 111.619 111.501 109.314 134.11 194.87 129.23 133.394 138.534 103.033 98.6097 97.1938 97.1093 95.993 95.5084 95.1017 131.151 93.6151 147.123 91.76 111.806 90.4331
threshold=4.1666667461395273 2.1666666269302373 503.50000000000006 4473.0000000000009 2645.0000000000005 6.5000000000000009 0.58333334326744091 3.0833333730697636 1.0000000180025095e-35 3.1666666269302373 3.5000000000000004 5039.5000000000009 0.78221485018730175 0.5000000149011613 1223859.5000000002 1205.0000000000002 2315.0000000000005 4231.5000000000009 1190.5000000000002 12.500000000000002 4098.5000000000009 37780.000000000007 2.8333333730697636 126224.23046875001 0.3278822153806687 4487.5000000000009 3.5000000000000004 5039.5000000000009 911.50000000000011 1143434112.0000002 1.0000000180025095e-35 1.1666666865348818 178.50000000000003 2645.0000000000005 7.2500000000000009 4881.5000000000009 399017.09375000006 6792.5000000000009 2.0833333730697636 8347.0000000000018 6693.0000000000009 1.0000000180025095e-35 0.58333334326744091 1.5000000000000002 2435.0000000000005 3.5000000000000004 26.357142448425297 4616.5000000000009 308.50000000000006 4487.5000000000009 1205.0000000000002 0.36721986532211309 37780.000000000007 28.500000000000004 79712.000000000015 7777885.0000000009 442.50000000000006 3.5000000000000004 4386.5000000000009 3986.0000000000005 4.5000000000000009 721.50000000000011
decision_type=2 2 2 2 2 2 2 2 2 2 2 2 2 2 2 2 2 2 2 2 2 2 2 2 2 2 2 2 2 2 2 2 2 2 2 2 2 2 2 2 2 2 2 2 2 2 2 2 2 2 2 2 2 2 2 2 2 2 2 2 2 2
left_child=1 2 6 8 7 12 21 22 15 20 13 -12 54 50 19 42 18 -18 38 36 25 55 43 -14 -25 -6 61 31 -24 -30 -13 -19 -23 -33 41 49 -7 -9 40 -40 -15 -26 -4 -3 45 46 47 48 -45 -11 -10 -38 57 -16 -2 56 -1 -8 -59 -20 -61 -5
right_child=5 4 3 26 9 14 52 37 10 35 11 30 23 16 53 -17 17 27 59 -21 -22 32 28 24 34 -27 -28 -29 29 -31 -32 33 -34 -35 -36 -37 51 -39 39 -41 -42 -43 -44 44 -46 -47 -48 -49 -50 -51 -52 -53 -54 -55 -56 -57 -58 58 -60 60 -62 -63
leaf_value=0 -0.012463481334155325 -7.1202871951836499e-06 0 0 0.022019198213588977 0.087056353276329643 0 0.025722666750000456 0 0.024354546073998187 0 0.00013440920310523464 0.022667395030831962 0 0.077276492828956503 0 0 0 0 0.43586601564503696 0.025974067453143103 0 -7.3385176002083163e-06 0.038790280574653974 0.06491457530070964 0.024383748955776476 0.026729618146390591 0 0.024638842538557193 0.028660753371152384 -0.0010668647450534309 0 0 -0.0020362656249999999 0.11483050386884928 0.025747249781085779 0.12041719636001309 0.026128415157527753 0 -0.0016585510782226587 0 0.044812417247579762 0 -1.0172700820042641e-05 -0.001706497480790603 -0.0012060729161023189 -4.8243907612142017e-05 0.00015386876460406164 0.00013041579285383854 0.024319388592764127 0 0.17040882265368498 0 1.1966418934704937 0.021197815423527666 0 -0.0023928281250000017 0 -0.00138629258067009 0 0 0
leaf_weight=16486.91641584388 986.0111455321312 89811.983626727015 46236.626114532351 23054.730247974396 17381.600021362305 4920.1017322540283 58420.626268476248 14128.740003228188 61264.987341672182 13612.705509185791 5217.597354888916 247.09494924545288 21228.672574102879 75667.649611219764 3617.7190570831299 150711.8251953125 34931.462217494845 2864.0114364624023 48930.01443862915 6688.7318210601807 32332.970893859863 140545.10983800888 15452.61572265625 54800.29595375061 30250.63645362854 13956.010810852051 4658.7229919433594 18645.555477142334 41000.5546875 14286.407958984375 7693.5380539894104 1691.8065795898438 96089.781137943268 3602.2470092773438 13263.32071018219 22896.639045715332 7578.5498459339142 21030.1533203125 4538.2669287621975 4512.0196533203125 59454.463272094727 44909.725918769836 44913.777447268367 193.95477766916156 1389.7443923950195 1442.2027111053467 782.36941342055798 708.57790191471577 1294.7253607958555 13943.172046661377 61912.389526367188 12417.309735059738 48960.58918762207 810.23803520202637 10520.218786239624 90048.114364624023 609.53546714782715 920.78745698928833 912.81346082687378 96992.613910675049 2837.0805969238281 24412.422797679901
leaf_count=25877 2182 167281 62146 45362 35492 32457 84847 31246 77607 32702 8155 412 72154 101001 42123 255277 56637 4736 70535 118252 82691 156758 30457 213516 129769 34843 14212 36075 85731 35108 13261 2913 115901 6846 83424 69144 54875 52370 7493 8387 88495 165376 68399 319 2482 2704 1387 1271 2069 41290 88681 105259 63620 35736 35401 111570 1225 1389 1391 161418 6090 54101
internal_value=0.0107042 0.00979793 0.0110245 0.0128936 0.00498707 0.0173462 0.00778566 0.00218431 0.0136968 0.00993619 0.0126714 0.0027939 0.0159646 0.0129434 0.0240927 0.0157784 0.0137147 0.010601 0.0143709 0.0258411 0.00671303 0.00663556 0.000888074 0.0165551 0.0172807 0.00342322 0.0016002 0.00193537 0.00307696 0.00430012 -0.00632949 0.00772786 0.00571889 0.00287988 0.0187303 0.0140036 0.0233676 0.00831755 0.0127586 0.00718272 0.013132 0.0179076 0.0134927 -0.000731156 0.00591419 0.0101726 0.0174745 0.0236868 0.0321848 0.0116412 0.0107225 0.0251642 0.0114058 0.0116108 0.00752463 0.00866002 0.0120795 0.0127501 0.00162207 0.0159333 0.0168031 0.000736852
internal_weight=1.76562e+06 1.55363e+06 1.23799e+06 784991 315645 211992 452994 201522 732865 114123 491003 13158.2 175959 477845 36032.7 241862 354667 61735.1 292932 31604.7 63670.6 343779 166363 164453 143224 31337.6 52125.9 26803.6 70739.6 55287 7940.63 8158.07 236635 5294.05 88423.7 50452.5 24916 35158.9 144172 9050.29 135122 75160.4 91150.4 95623.6 5811.57 4421.83 2979.63 2197.26 1488.68 27555.9 123177 19995.9 109215 4427.96 11506.2 107145 17096.5 60254.2 1833.6 148760 99829.7 47467.2
internal_count=3599928 2509404 1800817 1238239 708587 1090524 562578 412425 1124564 296162 738742 21828 701822 716914 388702 385822 550626 107207 443419 310843 153026 411331 328809 664239 592085 70335 113675 50570 151296 120839 13673 14495 272659 9759 378569 143136 192591 83616 205376 15880 189496 295145 130545 177513 10232 7750 5046 3659 2388 73992 166288 160134 151247 77859 37583 138672 27102 87627 2780 238043 167508 99463
is_linear=0
shrinkage=0.05


Tree=15
num_leaves=63
num_cat=8
split_feature=146 12 32 32 24 32 17 147 13 13 75 3 13 12 39 32 48 147 3 10 48 46 3 3 13 40 21 13 147 13 48 146 3 27 40 48 40 147 103 59 124 147 24 38 124 17 10 27 3 48 3 107 147 24 24 24 92 46 97 3 16 39
split_gain=3462.17 3873.45 2988.82 2666.12 1774.8 770.719 760.582 721.981 670.479 601.191 525.607 390.061 412.845 334.436 300.996 292.966 1495.46 275.186 255.066 247.729 353.701 234.316 209.849 204.16 200.068 273.957 180.697 176.294 166.397 243.027 158.096 210.395 185.093 157.635 154.277 152.466 151.77 151.531 148.686 139.533 132.695 124.503 119.393 117.005 111.894 108.464 107.754 276.113 239.08 192.457 105.079 104.971 101.566 100.932 98.8065 98.5074 96.4471 93.55 91.9848 91.7329 91.0006 89.4169
threshold=4.1666667461395273 2.1666666269302373 485.50000000000006 4473.0000000000009 2645.0000000000005 1205.0000000000002 5.5000000000000009 3.0278023481369023 3.0833333730697636 0.58333334326744091 939.50000000000011 0 11.750000000000002 0.83333334326744091 0.78221485018730175 2688.0000000000005 4231.5000000000009 3.6000000238418584 1 3.5000000000000004 5039.5000000000009 3984.5000000000005 2 3 2.0833333730697636 8347.0000000000018 3.5000000000000004 3.0833333730697636 2.6000477075576787 1.0833333134651186 5039.5000000000009 1.1666666865348818 4 1041.0000000000002 4881.5000000000009 3986.0000000000005 4881.5000000000009 3.0278023481369023 253100400.00000003 308966.50000000006 196.50000000000003 4.302898883819581 416.50000000000006 0.77065846323966991 825.50000000000011 16.500000000000004 3.5000000000000004 199.50000000000003 5 5039.5000000000009 6 1.0000000180025095e-35 7.8351268768310556 3628.5000000000005 87.500000000000014 2645.0000000000005 502323.56250000006 7222.5000000000009 1.0000000180025095e-35 7 1.5000000000000002 0.78221485018730175
decision_type=2 2 2 2 2 2 2 2 2 2 2 9 2 2 2 2 2 2 9 2 2 2 9 9 2 2 2 2 2 2 2 2 9 2 2 2 2 2 2 2 2 2 2 2 2 2 2 2 9 2 9 2 2 2 2 2 2 2 2 9 2 2
left_child=1 2 9 5 8 13 14 21 17 18 60 12 39 34 59 19 -17 38 54 28 -21 53 -22 36 46 -26 -5 33 35 -30 31 -18 -32 -9 -4 -12 44 -10 -3 -8 -38 -31 -27 -13 -16 -45 -15 -48 -49 -50 -11 -20 -42 -6 -1 -37 -14 -56 -24 -2 -7 -40
right_child=6 4 3 26 7 10 11 27 37 50 15 43 56 24 23 16 30 -19 51 20 22 -23 58 -25 25 42 -28 -29 29 41 32 -33 -34 -35 -36 55 40 -39 61 -41 52 -43 -44 45 -46 -47 47 48 49 -51 -52 -53 -54 -55 57 -57 -58 -59 -60 -61 -62 -63
leaf_value=0 0.020300444848207068 6.0557547120387857e-05 0 0 -0.0097973951435987982 0 0.12189634691285836 0.024530435503017579 0.026569174068554982 0 0 -0.0093268118199710155 0.14925498451846061 0 0.022412473724725202 0 0 0.024222446403309283 0 0 0.00017307892182275575 0.024550359689678627 0.00013766785370590841 0.02222471748482685 0 0.00042321892340795204 0.025517527864071066 0.023169231918524293 0 -0.0013357195793621936 0 0 -0.0012833552081987776 0.023098177475796525 0 0 0.032313103687543525 0.024486618878137925 -0.0013922401938086361 0.079256287643167486 0.052768374524091867 1.5948290301159852e-07 -0.0015756235243115314 0.083704971118113203 0.057861247272579734 0.63719603071077557 0 0.00011375502251033122 0 -0.0012707755010245793 0 0 0.12125795903909729 0.023164561507987649 0 0 0.32081254181924351 0 -0.0010135215078007631 -0.010130438037196843 0 -1.7739756579904233e-05
leaf_weight=86542.890733264387 8315.9136073589325 65082.189049959183 86633.404144287109 47492.967987060547 9258.2975521087646 44431.688872545958 18479.242886476219 19988.98719009757 14635.39261507988 55251.05996632576 74667.243150629103 1159.5295444205403 1515.9193115234375 145429.13567385077 29285.920119591057 43952.372222900391 3918.6563949584961 23977.707695007324 2540.183922290802 2644.0524654388428 207.22097682952881 27057.664735794067 89.205467104911804 21716.634846262634 3424.6928459703922 169.05612945556641 4636.8770751953125 22273.999101787806 12455.677998535335 1979.7054749131203 3855.6689715385437 5424.8079223632812 17554.668591022491 18028.958532333374 104918.154296875 130444.47905445099 31944.159008026123 20726.085273742676 5391.5167088508606 11722.774856567383 48982.321015954018 384.82837182283401 4343.4516983032227 5848.4983711242676 11742.455688476562 2151.331214427948 2742.4435305595398 352.08572196960449 524.25402784347534 1901.0922861099243 26237.827079296112 36975.361618041992 7732.177126288414 17598.286125183105 102516.46740722656 1001.5104885101318 8996.6826171875 66402.617065429688 3761.2663413286209 2562.3666356801987 112525.63659667969 71888.284377574921
leaf_count=95660 26958 127693 107173 99498 18102 68417 128682 60576 32415 71036 104221 9510 14371 213005 96921 70620 6513 56265 5263 4012 366 66717 170 98477 5719 321 14260 65256 17435 3328 7801 10149 33842 45379 143403 211326 110287 51718 9237 68590 186161 831 8048 50591 49657 65775 4256 499 708 2879 39082 47762 50584 39966 115971 1748 126891 80481 6641 7446 198802 135591
internal_value=0.0105871 0.00976921 0.0110299 0.0126534 0.00482722 0.013359 0.0165786 0.00980773 0.00200714 0.00731319 0.0147065 0.0219791 0.0240786 0.0115929 0.0149187 0.0134877 0.0107703 0.000677944 0.00626294 0.0143794 0.00490728 0.00560346 -0.0043641 0.0154959 0.0132891 0.0055501 0.0016931 0.0135671 0.0146667 0.00954792 0.00231301 0.00773957 -5.50261e-05 0.0114969 0.010186 0.0150347 0.016249 0.00825942 -0.000156655 0.0211129 0.0174142 -0.00514509 -0.00254145 0.0126052 0.0137348 0.0147704 0.0136959 0.00683627 -0.00427419 -0.00988473 0.0111148 0.0100028 0.0188664 0.00229458 0.00568379 0.0160599 0.0326201 0.00638793 -0.00703745 0.00688396 0.0170542 -0.00163956
internal_weight=1.7664e+06 1.55424e+06 1.23833e+06 861866 315907 809736 212156 114206 201701 376466 459299 49874 40714.6 350438 162282 302341 74706.2 166340 294978 227635 6701.75 53914.2 4057.69 151404 158886 7937.2 52129.8 60291.9 220933 14820.2 30753.8 9343.46 21410.3 38017.9 191552 206113 129687 35361.5 142362 30202 88658.7 2364.53 4512.51 9159.36 41028.4 7999.83 150949 5519.88 2777.43 2425.35 81488.9 39515.5 56714.5 26856.6 255462 131446 10512.6 168919 3850.47 10878.3 156957 77279.8
internal_count=3601062 2510161 1801246 1345991 708915 1232233 1090901 295996 412919 455255 746222 464410 338534 486011 626491 479003 128925 328786 345137 350078 11189 124785 7177 592087 235435 14088 113758 171211 338889 21594 58305 16662 41643 105955 250576 317295 493610 84133 272521 197272 347032 4159 8369 125876 146578 116366 221347 8342 4086 3587 110118 53025 236745 58068 292112 213074 141262 196452 6811 34404 267219 144828
cat_boundaries=0 1 2 3 4 5 6 7 8
cat_threshold=5541 33553 33280 13477 41793 33280 33553 15397
is_linear=0
shrinkage=0.05


Tree=16
num_leaves=63
num_cat=0
split_feature=146 146 32 32 147 30 17 94 13 13 109 10 48 64 38 30 146 30 48 46 32 17 80 106 13 13 106 40 23 48 146 65 13 40 128 100 147 146 146 94 40 65 30 33 80 115 35 32 147 13 147 147 18 32 111 109 32 100 38 130 13 106
split_gain=2717.37 3748.99 3014.08 2755.61 1572.79 815.155 720.905 626.976 612.688 584.324 539.397 364.012 498.773 343.647 316.877 292.643 282.304 266.376 1348.31 243.967 220.176 213.225 207.772 207.591 203.084 188.047 184.982 177.011 163.98 149.331 164.053 148.963 147.151 189.195 146.357 143.229 135.441 133.12 124.526 120.305 116.857 113.72 101.992 98.6963 94.4 93.6442 100.061 210.943 189.185 91.0638 90.8502 90.0006 175.399 114.291 85.1513 84.8925 84.5016 83.7978 83.3255 83.2627 83.1801 83.0602
threshold=4.1666667461395273 2.1666666269302373 485.50000000000006 4473.0000000000009 3.3000000715255742 886.50000000000011 7.5000000000000009 145382768.00000003 3.0833333730697636 0.58333334326744091 310.50000000000006 3.5000000000000004 5039.5000000000009 1317867.0000000002 0.77065846323966991 2562.5000000000005 0.83333334326744091 2311.5000000000005 5039.5000000000009 5519.0000000000009 2435.0000000000005 13.500000000000002 37780.000000000007 699.50000000000011 3.0833333730697636 0.75000000000000011 626.50000000000011 4334.0000000000009 1.3044674992561343 4231.5000000000009 1.1666666865348818 305893.50000000006 2.0833333730697636 8347.0000000000018 729.83334350585949 763662976.00000012 2.6000477075576787 7.1666667461395273 0.83333334326744091 145382768.00000003 4881.5000000000009 1311215.5000000002 1.0000000180025095e-35 3478.5000000000005 37780.000000000007 562.50000000000011 7.5000000000000009 2435.0000000000005 2.6000477075576787 1.0833333134651186 4.302898883819581 3.3000000715255742 2.5000000000000004 1205.0000000000002 501.58332824707037 351.50000000000006 2688.0000000000005 1435613376.0000002 0.77065846323966991 0.4484317153692246 1.4166666865348818 511.50000000000006
decision_type=2 2 2 2 2 2 2 2 2 2 2 2 2 2 2 2 2 2 2 2 2 2 2 2 2 2 2 2 2 2 2 2 2 2 2 2 2 2 2 2 2 2 2 2 2 2 2 2 2 2 2 2 2 2 2 2 2 2 2 2 2 2
left_child=1 2 9 5 8 16 14 24 15 22 38 17 -13 21 61 45 35 25 29 34 -9 39 42 -10 -6 -12 -21 43 -5 -19 -31 -20 -18 -34 -16 -4 -27 54 -7 -8 -22 60 -1 -17 -11 46 -3 48 -48 -38 51 52 -51 -54 -28 -29 -32 -24 -41 -36 -33 -2
right_child=6 4 3 28 7 10 13 20 23 44 11 12 -14 -15 19 27 32 18 31 26 40 -23 57 -25 -26 36 37 55 -30 30 56 41 33 -35 59 -37 49 -39 -40 58 -42 -43 -44 -45 -46 -47 47 -49 -50 50 -52 -53 53 -55 -56 -57 -58 -59 -60 -61 -62 -63
leaf_value=0 0.010468787780709444 5.434001170409042e-05 0 0 0.021745821058318071 0 0.084065095410541801 0.023519914559906721 0.023842551183712059 0 0 0 -0.00096284543241071947 0.15865007972803657 0.022884622375687835 -0.0018236895787126974 0 0 0 0.030573533638150765 0.021993349345068781 0.45268374577176407 0 0.023016044500762101 0.021890536138757168 0 0.066672474455038142 0.027603988956202075 0.025159188751710915 0 0 -0.0012191874477888388 0 -0.0014968423480959505 0.04764391419544254 0 0 0.10931875833297947 0 0.078586709258379461 0.023524950520473611 0.047571100011534556 0 0.022006333432588267 0 -1.7302661311460838e-05 0.00012375435739021826 -0.0016242319156303698 4.5476086987927823e-05 -0.0012689336003940844 -1.9169517841865097e-05 -0.0012839272592385931 -3.1896580602763793e-06 6.3755803810849887e-05 0.045362003905817461 0.021687676807645041 0 0 0.16562541094331346 0.081729285129752305 -0.0012191874477888388 0.022070362231823862
leaf_weight=3526.1120270208921 4547.0591549873352 53095.155384898186 94019.909681797028 44699.696899414062 28288.392490252852 72129.314528942108 2568.3680820465088 18296.822268247604 20214.746028065681 43967.468216493726 76852.509313985705 4312.4224376678467 5290.4381370544434 4583.9393310546875 51177.772395610809 14832.510796070099 125454.70574468374 41385.004295825958 7004.6524467468262 35701.434661865234 24461.171841859818 5158.3912296295166 161417.88034820557 15739.867401123047 11713.89229978621 145295.82423895597 7928.5114462971687 9022.2425899505615 7406.1833801269531 3808.7294635772705 698.35325622558594 4414.6496350392699 2400.9274798035622 3515.0161895751953 11728.17569732666 76029.5009765625 2039.6108566373587 19020.816354453564 130807.37890625 1228.0415080189705 20875.306304931641 169.53124046325684 79956.31494140625 15443.341596126556 37535.67554473877 68886.90274810791 1367.6438279151917 918.8495078086853 1043.6697959899902 848.15545693039894 199.39755016565323 793.87996035814285 99.422048002481461 286.89643248915672 32688.067920684814 12091.666912078857 4231.0504302978516 50114.004760742188 13572.191177070141 7505.7555770874023 7627.6527636423707 14693.756530761719
leaf_count=6447 13275 103701 119067 92178 63892 108500 18497 44130 46353 62529 104038 6841 9337 84726 186104 29662 188729 65644 13475 132551 67779 95899 180575 41238 29969 228370 34209 23511 21286 6208 1208 7585 4100 6567 54473 107141 3046 122313 225278 9539 64167 359 98383 35010 47531 127704 2222 1571 1822 1553 416 1239 131 411 121270 26888 7873 59807 123560 39645 15039 54488
internal_value=0.0105196 0.00979527 0.0110362 0.0126667 0.00493688 0.0133839 0.0158285 0.00998752 0.00247546 0.00730411 0.0146056 0.0132776 0.00369614 0.0234434 0.0147124 0.0012648 0.0113236 0.0135887 0.0108767 0.0154175 0.013071 0.025983 0.00626874 0.00842512 0.00508221 0.0144192 0.0170663 0.00444222 0.00152119 0.0151937 0.00925221 -0.000383553 0.0130647 0.00535663 0.0131848 0.00997846 0.0154523 0.0187708 0.0166037 0.0233296 0.0149397 -0.00371782 0.00838106 0.00199137 0.0110517 -3.82072e-05 0.00147198 0.00987886 0.0176468 0.00666951 -0.00031748 -0.00348833 0.00495452 0.0328602 0.0171531 0.0079562 0.00322829 0.00543506 0.0250637 0.0169041 -0.00429135 0.00863771
internal_weight=1.76673e+06 1.55463e+06 1.23834e+06 861821 316292 809715 212102 103636 212657 376517 508295 305358 9602.86 27110.9 184991 176702 301420 295755 69339.6 165751 63633.3 22527 295014 35954.6 40002.3 226416 95338.8 51389.8 52105.9 50123.1 8738.13 19216.5 131371 5915.94 70411.7 170049 149563 59637.4 202937 17368.6 45336.5 12211.8 83482.4 30275.9 81503.1 125312 56425.3 3330.16 2411.31 4267.36 2227.75 2028.35 1234.47 386.318 40616.6 21113.9 4929.4 211532 14800.2 19233.9 12042.3 19240.8
internal_count=3601059 2510510 1800891 1345619 709619 1232155 1090549 269937 439682 455272 806551 472773 16178 332221 758328 352091 425604 456595 117391 690565 176076 247495 345212 87591 93861 339204 410343 115071 113464 80933 15289 36458 199396 10667 280222 226208 235166 277792 333778 151596 131946 22983 104830 64672 110060 237020 109316 5615 4044 6796 3750 3334 2095 542 155479 50399 9081 240382 133099 94118 22624 67763
is_linear=0
shrinkage=0.05


Tree=17
num_leaves=63
num_cat=0
split_feature=13 146 147 28 32 24 13 75 10 48 106 14 24 40 24 146 28 48 13 24 56 80 40 65 35 102 48 21 24 146 35 12 24 14 24 100 13 147 32 49 24 112 65 80 13 40 48 135 43 20 65 20 94 16 48 62 124 112 101 25 106 24
split_gain=2179.32 2540.21 3166.11 3008.95 2867.21 889.087 763.615 600.396 516.982 582.57 470.637 390.354 387.454 322.879 302.684 295.832 287.89 1430.75 278.622 277.909 257.975 243.704 217.261 207.722 179.338 178.249 176.765 172.786 170.981 153.861 150.737 149.973 147.21 141.433 138.095 120.422 119.222 118.674 132.126 114.628 108.017 106.275 105.767 102.463 102.291 388.996 152.417 100.012 95.5524 92.8329 92.4337 91.4977 90.4781 89.0408 105.762 87.1809 85.6336 84.8502 84.7801 82.1641 180.432 81.8752
threshold=4.5833332538604745 2.1666666269302373 3.6000000238418584 503.50000000000006 4473.0000000000009 2645.0000000000005 0.58333334326744091 1.0000000180025095e-35 3.5000000000000004 5039.5000000000009 715.50000000000011 9.5000000000000018 1961.0000000000002 4616.5000000000009 1049.5000000000002 0.5000000149011613 2315.0000000000005 4231.5000000000009 3.0833333730697636 1190.5000000000002 1223859.5000000002 37780.000000000007 7873.0000000000009 57728.000000000007 4.5000000000000009 1025043840.0000001 5039.5000000000009 3.5000000000000004 4487.5000000000009 5.1666667461395273 5.5000000000000009 1.1666666865348818 2645.0000000000005 19.500000000000004 178.50000000000003 618204352.00000012 3.0833333730697636 5.3999998569488534 1205.0000000000002 8145.0000000000009 911.50000000000011 721.50000000000011 79712.000000000015 37780.000000000007 2.0833333730697636 8347.0000000000018 6693.0000000000009 39.500000000000007 1.0000000180025095e-35 1.0000000180025095e-35 305893.50000000006 1.0000000180025095e-35 145382768.00000003 4.5000000000000009 3986.0000000000005 284471.50000000006 320.50000000000006 649.50000000000011 1.0000000180025095e-35 1.0000000180025095e-35 442.50000000000006 2645.0000000000005
decision_type=2 2 2 2 2 2 2 2 2 2 2 2 2 2 2 2 2 2 2 2 2 2 2 2 2 2 2 2 2 2 2 2 2 2 2 2 2 2 2 2 2 2 2 2 2 2 2 2 2 2 2 2 2 2 2 2 2 2 2 2 2 2
left_child=1 3 5 6 7 18 21 14 15 -10 22 39 25 28 35 37 19 -18 48 44 33 59 42 -11 41 -4 31 57 49 36 -25 -19 -33 -13 -23 -5 56 38 -9 51 -27 -14 -2 -8 46 -46 -17 -24 -3 -7 55 52 -12 54 -21 -28 -26 58 -6 60 -1 -56
right_child=10 2 12 4 27 13 43 8 9 23 11 20 24 -15 -16 16 17 26 -20 53 -22 34 47 30 29 40 50 -29 -30 -31 -32 32 -34 -35 -36 -37 -38 -39 -40 -41 -42 -43 -44 -45 45 -47 -48 -49 -50 -51 -52 -53 -54 -55 61 -57 -58 -59 -60 -61 -62 -63
leaf_value=0 -0.0021434375000000008 5.3679192139732827e-05 0.018062765748703281 0 0.043071188281249999 0.022559003936592138 0 0 0 0.00018440043935356588 0.028683371699330287 0.15977420747883639 0.020595186163645276 0.022082696804487257 0 0 0 0 0.023709846386253553 0 0.13628717193344642 0 0.049161716938456862 0.00013078446102061104 0.020139828798565088 0.0197961596251819 0 0.022859301408281962 0.020906016760958858 0.024833418874017521 -0.0009579912371844413 0 -0.0019344523437500039 0.54098215371797487 0 0 0.020392807655499036 -0.0019237500000000131 0 0.082485364178839615 0.02171738460528674 0.054334005220918108 0.027173717292981681 0 0 -0.0014220002306911562 0 0.14260712826741845 -1.9866065583664167e-05 -0.0092163339009331165 -0.0011582280753993923 0.034774073845383606 0.06449050500823604 0 0 0 0.020840383116602634 0 0 0 -0.0022731867187499978 0.00016089037759743909
leaf_weight=4656.8239890441764 1319.8801956176758 64426.711418151855 21721.749298095703 34908.353006571531 1975.778219461441 10474.094890117645 60325.451941490173 61017.304664164782 5233.4939115047455 340.23996567726135 3896.2582736313343 16164.260387420654 9459.5488815307617 32906.476337432861 150385.12036132812 75451.90322804451 35067.734802961349 2854.9301815032959 22009.778564453125 47828.760831832886 6427.5455780029297 140488.7701048851 25186.231689453125 232.57383847236633 10106.524024963379 8826.8180541992188 4560.9815847873688 4618.62890625 19598.078491210938 13887.857719421387 7370.3200840950012 1725.8715133666992 3540.7716751098633 3301.4353218078613 95764.890982151031 56546.502868652344 28679.866027832031 564.34344744682312 61153.445987462997 9173.45458984375 16588.678161621094 29523.533027648926 25917.99340057373 48964.04035949707 4461.8693466186523 4368.1591949462891 59522.981582641602 3883.3070068359375 78729.421516418457 16124.854675769806 11689.473212957382 11090.338772267103 29229.194869995117 3886.3460268974304 94038.202280521393 2188.8267364501953 11367.793548583984 32465.64781498909 12316.254202365875 101958.80977630615 581.74488639831543 2492.0673332214355
leaf_count=9429 3957 126879 51755 45813 5116 23148 87696 77235 8130 529 14119 143841 31652 84788 255227 100750 56762 4733 49598 68632 95616 156791 120196 389 25548 22450 8866 14020 48604 50206 12699 2969 6726 69152 115583 84742 83212 1148 87153 47109 48367 118947 119604 63641 7385 8097 88529 33086 147479 32835 22402 46407 132937 7829 155020 4281 33345 69338 22614 127908 1183 5290
internal_value=0.0104292 0.00992255 0.00642903 0.0110378 0.0129143 0.00291669 0.00779324 0.0137163 0.0127094 0.00293906 0.01652 0.0190027 0.0121425 0.00727551 0.0157547 0.0129796 0.0137136 0.0106077 0.000829056 0.014369 0.0240413 0.00663484 0.013024 -0.0055942 0.0138606 0.00838727 0.00185374 0.00149651 0.00457921 0.0122324 -0.00730599 0.00799964 0.00299539 0.0269096 0.00573759 0.0134859 0.0135222 0.0108642 0.0109699 0.0165588 0.0112299 0.0165349 0.00981459 0.0114335 0.0128027 0.00758691 0.0131438 0.0160307 2.37825e-05 0.00196787 -0.000853098 0.0155027 0.0168192 0.0158884 0.0160895 0.00380507 0.0107037 0.000585024 -0.00262499 0.00861223 0.0147206 0.0170425
internal_weight=1.76557e+06 1.62998e+06 394432 1.23555e+06 782807 244269 452741 731431 489591 13176.6 135590 79282.5 150162 79103.5 241840 476414 353679 61628.6 165166 292050 25893.2 343451 56307.4 7943.13 103025 47137.2 26560.9 51376.3 46197 64042 7602.89 8121.57 5266.64 19465.7 236254 91454.9 50154.2 122735 122171 53389.2 25415.5 38983.1 27237.9 109289 143805 8830.03 134975 29069.5 143156 26598.9 18439.3 44215.8 33125.5 148245 144359 6749.81 21474.3 46757.7 14292 107197 5238.57 96530.3
internal_count=3599492 2773468 978813 1794655 1232424 513331 562231 1121336 735554 21747 826024 549181 465482 189375 385782 713807 548271 106739 323956 441532 308609 410894 276843 13617 342910 122572 49977 111088 104587 192311 13088 14428 9695 212993 272374 130555 142105 165536 164388 240572 70817 150599 123561 151337 204761 15482 189279 153282 274358 55983 35549 193463 147056 236771 228942 13147 58893 97068 27730 138520 10612 160310
is_linear=0
shrinkage=0.05


Tree=18
num_leaves=63
num_cat=3
split_feature=3 14 146 12 32 24 32 24 83 28 48 12 17 12 39 10 48 48 10 35 12 46 24 24 48 3 48 12 124 24 39 23 24 48 24 12 92 32 3 48 16 14 104 35 20 12 30 71 108 132 39 17 31 25 24 83 25 105 135 17 30 20
split_gain=1957.78 1787.21 2649.59 3524.62 2606.52 995.089 812.938 589.918 542.157 413.82 1794.36 402.509 388.52 382.455 349.463 333.625 381.708 324.419 313.86 464.513 242.192 238.237 382.548 231.563 230.091 226.425 207.825 207.411 199.407 187.638 184.163 176.339 173.09 162.156 166.048 144.263 132.083 130.402 125.404 117.464 117.332 112.483 109.795 108.355 108.23 104.073 101.312 100.522 98.3829 95.8812 95.456 93.7806 93.7635 95.1719 105.319 91.8566 96.8709 97.2973 90.8695 89.2972 88.1379 86.7023
threshold=0 7.5000000000000009 2.1666666269302373 3.5000000000000004 4473.0000000000009 2645.0000000000005 1205.0000000000002 294.50000000000006 5.5000000000000009 2315.0000000000005 5039.5000000000009 0.83333334326744091 10.500000000000002 2.1666666269302373 0.90921035408973705 3.5000000000000004 5039.5000000000009 4464.5000000000009 3.5000000000000004 5.5000000000000009 0.83333334326744091 7222.5000000000009 1190.5000000000002 2645.0000000000005 5039.5000000000009 1 4231.5000000000009 1.1666666865348818 196.50000000000003 4487.5000000000009 0.88890627026557933 1.3044674992561343 2645.0000000000005 4464.5000000000009 2645.0000000000005 0.5000000149011613 319005.67187500006 485.50000000000006 2 6693.0000000000009 4.5000000000000009 2.5000000000000004 523288752.00000006 5.5000000000000009 1.0000000180025095e-35 1.1666666865348818 2311.5000000000005 1.0783451199531557 351.50000000000006 0.39997261762619024 0.82969802618026745 16.500000000000004 443.59939575195318 1.0000000180025095e-35 911.50000000000011 4.5000000000000009 3505.5000000000005 1199696000.0000002 35.142856597900398 37.500000000000007 640.50000000000011 4.5000000000000009
decision_type=9 2 2 2 2 2 2 2 2 2 2 2 2 2 2 2 2 2 2 2 2 2 2 2 2 9 2 2 2 2 2 2 2 2 2 2 2 2 9 2 2 2 2 2 2 2 2 2 2 2 2 2 2 2 2 2 2 2 2 2 2 2
left_child=7 2 4 5 6 21 11 35 -8 15 26 38 30 20 44 33 -17 29 -13 -20 60 37 -23 -15 -21 -12 -11 -28 39 -7 -3 -6 -29 -10 40 -1 -32 58 -2 -16 41 46 -30 -18 -5 -27 -35 -36 -19 -38 -14 -52 53 54 -40 -44 57 -57 -4 -25 -9 -39
right_child=1 12 3 14 31 17 8 13 9 10 25 18 50 23 28 16 43 48 19 24 -22 22 -24 59 -26 45 27 32 42 -31 36 -33 -34 34 47 -37 49 61 52 -41 -42 -43 55 -45 -46 -47 -48 -49 -50 -51 51 -53 -54 -55 -56 56 -58 -59 -60 -61 -62 -63
leaf_value=0 0 0.048215190602256812 7.5637257568930358e-05 0.019552253700366163 0 0.021098244509616171 0 0 0 0 0 0 0.12092398655130743 0.00011656944350160182 0.018874613751504267 0 0.00011880302964855372 0.064790475720133897 0 0 0 -7.4267371269698406e-06 0.027425882317452001 0.021080253684179841 -0.0011593371641141271 -0.0011003166716294199 0 0 0.020496950919349912 0.019860715922910912 0.057920627248800476 0.02375260196286786 -0.0018377297265625093 0 0.045306123241530077 0 0.086658946491212627 -0.001367033075741042 0 0.021673865398450887 0 0 0.059643973571594705 -0.00086680359893096534 0.016204534105575274 -0.0011003166716294199 0.0002981327221512953 -8.0445188798683454e-06 0.020923312751461046 0.12384006143678979 0.22420729588699936 0.59382820592038288 0 0 -0.0021648859765625028 0.019461169245689237 0.053359028385749713 0.047308656777509575 0.00014011062474771354 1.6215213645287614 0 0.00010799618021944957
leaf_weight=154956.73872942477 83818.124655532418 8745.5604491233826 705.27216149866581 26448.599705442786 40545.782135009766 22818.381622314453 141229.47498703003 66504.794817022979 92657.411934912205 44581.082542419434 3421.319935798645 153808.47816467285 859.91764307022095 23607.812780328095 21495.764938354492 2467.6049675345421 130.48407363891602 1627.7678260803223 2514.7563934326172 577.3511905670166 64580.29052734375 29321.123527526855 28044.423095703125 24838.145618163049 2881.8087825775146 6304.5474576950073 3919.3613815307617 1869.8735504150391 26372.274917602539 17976.673439025879 6063.0039024353027 6532.1885681152344 3783.0771331787109 102511.19069595635 1469.5700767338276 81427.040933661163 15505.754348754883 81233.124423459172 3041.9712281227112 32589.53125 2161.6452269107103 1751.9940748214722 15408.033935546875 3541.9763412475586 15735.813048601151 11369.014312744141 645.84973913431168 1397.8318824768066 34965.421993255615 15671.617034912109 6365.3822931563482 2690.204666682519 1053.197338104248 120357.83726215363 104.08333206176758 22467.202678203583 25605.819599628448 9355.991455078125 489.10295486450195 592.29845837503672 32561.702354431152 7896.817381426692
leaf_count=173438 103527 46750 1245 81278 79904 48028 240290 81413 131324 70864 6564 229541 9477 52183 59637 3714 230 6724 3936 794 100968 57292 65185 155129 4512 10960 6410 3193 85784 45244 33268 17959 7108 167155 3815 99006 96563 154589 6651 102279 4471 3227 61616 6194 42042 22580 1146 2450 88715 114102 75584 61704 1862 161020 132 66782 102487 34003 846 32159 48289 14831
internal_value=0.0103428 0.0113151 0.0109273 0.00768726 0.0125486 0.00342145 0.0132269 0.00749114 0.0147162 0.013457 0.0102777 0.0115067 0.0200636 0.00940186 0.0125989 0.0146031 0.00311945 0.00801419 0.0133948 0.0021493 0.0105626 0.00101485 0.0035347 0.00552829 -0.00973708 -0.00209292 0.0150966 0.00841034 0.013708 0.00494781 0.0181274 0.00111772 0.00228047 0.0149511 0.0162501 0.00577225 0.019661 -0.000585484 0.0100588 0.011265 0.0165681 0.0168057 0.0150397 -0.00709836 0.00856841 -0.00437212 0.0170191 0.00437261 0.0114324 0.0209746 0.0290417 0.0305541 0.0110675 0.0111951 0.0197824 0.016041 0.0151205 0.0132772 0.0158225 0.00883875 0.00900925 -0.0008055
internal_weight=1.76598e+06 1.31691e+06 1.26101e+06 420557 840449 225078 793371 449069 425213 283984 75248.3 368158 55901.4 212685 195479 208736 6140.07 77388.2 159782 5973.92 163647 147690 57365.5 49038.3 3459.16 21094.9 54153.4 9572.31 153295 40795.1 45985.9 47078 5652.95 202595 109938 236384 37240.4 90324.3 208375 54085.3 107071 104909 99209.3 3672.46 42184.4 17673.6 103157 2867.4 36593.2 31177.4 9915.5 9055.59 124557 123504 3146.05 72837 57429 31823.2 1194.38 25430.4 99066.5 89129.9
internal_count=3600173 2857588 2420140 1118607 1301533 482699 1203670 742585 691695 451405 127679 511975 437448 470141 635908 323726 10138 188711 238783 9242 230670 293988 122477 239471 5306 40104 87575 16711 512588 93272 290683 97863 10301 313588 182264 272444 243933 171511 273192 161916 175999 171528 350672 6424 123320 33540 168301 6265 95439 210665 146765 137288 169665 167803 6783 264888 203272 100785 2091 187288 129702 169420
cat_boundaries=0 1 2 3
cat_threshold=33616 8193 9
is_linear=0
shrinkage=0.05


Tree=19
num_leaves=63
num_cat=3
split_feature=3 146 147 32 24 147 32 24 83 146 13 28 48 13 46 124 10 48 10 35 40 146 48 3 128 24 24 48 146 21 24 48 24 147 146 48 65 24 43 3 147 15 146 24 35 14 102 24 44 13 40 24 146 102 17 31 20 24 30 107 24 24
split_gain=1870.42 1604.62 5339.98 2571.21 963.705 911.527 810.517 575.927 561.399 413.995 408.996 370.051 1823.15 357.477 355.57 341.333 335.33 387.913 297.949 479.45 252.286 239.785 239.059 236.932 217.547 211.411 189.587 184.424 181.709 175.776 160.422 154.576 192.492 152.029 161.761 149.567 141.925 139.928 138.426 128.784 127.411 117.618 116.048 107.916 106.752 101.454 100.923 123.027 99.4948 98.8779 205.252 157.849 110.241 93.4525 90.1594 89.1626 86.8425 85.1434 84.0833 81.5108 133.377 81.3856
threshold=0 2.1666666269302373 3.6000000238418584 4473.0000000000009 2645.0000000000005 11.00000047683716 1205.0000000000002 294.50000000000006 5.5000000000000009 2.1666666269302373 0.58333334326744091 2315.0000000000005 5039.5000000000009 3.0833333730697636 3984.5000000000005 286.50000000000006 3.5000000000000004 5039.5000000000009 3.5000000000000004 5.5000000000000009 8347.0000000000018 0.83333334326744091 5039.5000000000009 1 729.83334350585949 2645.0000000000005 4487.5000000000009 4231.5000000000009 1.1666666865348818 3.5000000000000004 2645.0000000000005 4464.5000000000009 2645.0000000000005 6.80277442932129 4.5000000000000009 9929.5000000000018 79712.000000000015 1329.5000000000002 1.0000000180025095e-35 2 2.80012059211731 2.0548046827316289 1.1666666865348818 1961.0000000000002 5.5000000000000009 2.5000000000000004 1162815168.0000002 1190.5000000000002 7986.1667480468759 2.0833333730697636 8347.0000000000018 416.50000000000006 1.1666666865348818 971208896.00000012 15.500000000000002 443.59939575195318 3.5000000000000004 2645.0000000000005 640.50000000000011 1.0000000180025095e-35 911.50000000000011 1783.5000000000002
decision_type=9 2 2 2 2 2 2 2 2 2 2 2 2 2 2 2 2 2 2 2 2 2 2 9 2 2 2 2 2 2 2 2 2 2 2 2 2 2 2 9 2 2 2 2 2 2 2 2 2 2 2 2 2 2 2 2 2 2 2 2 2 2
left_child=7 3 4 6 13 15 10 35 -8 21 39 16 27 38 26 20 31 -18 49 -20 43 58 -21 -14 36 -11 -6 -13 -29 -5 -30 -10 41 34 57 56 -7 -22 -3 -2 -16 45 -25 -4 -19 61 -40 -48 -38 52 -51 -52 -12 -15 -26 59 -1 -17 -9 60 -41 -33
right_child=1 2 5 29 14 24 8 9 11 25 18 12 23 53 40 33 17 44 19 22 37 -23 -24 42 54 -27 -28 28 30 -31 -32 32 -34 -35 -36 -37 48 -39 46 55 -42 -43 -44 -45 -46 -47 47 -49 -50 50 51 -53 -54 -55 -56 -57 -58 -59 -60 -61 -62 -63
leaf_value=0 0 0.00011732213682222881 0.016759593515732609 0 0.018736985217149272 -0.018687395381825001 0 0 0 0.00011075188284677684 0 0 0 0.020801628841185239 0.019877147113887994 0.018546325121492159 0 0.00011830508648715266 0 0 0.019360436060982301 0 -0.0011013703059084225 -0.0010453008380479467 0.20167823843798988 0.020303786650287516 0.018867680126765363 0 0 0.020528706239724484 -0.0017458432402343794 0 0.00016129260354142972 0.078105339574785146 0.036693133025942661 0 0.11141281432585395 0.045514405673332183 -0.0013383768590979252 0 0.019840962694127287 0 -0.0010453008380479467 0.018612134553886762 -0.00082346341898441593 0 -0.0012550154884638399 0.029989358350063302 0.19335240291575795 0 0.0001009218749999985 -0.0013509002191566034 0 0.021515893111153851 0.57178203631503999 0 0 0.018989597399582659 0 0 -0.0020566416777343835 0
leaf_weight=42307.2177734375 90506.865105537232 57988.847449824214 19524.008208245039 43034.324356079102 21507.556526184082 474.85564470291138 141342.83819580078 66548.911383919418 92788.337125778198 23628.640289969742 87597.609065964818 44446.186939239502 3416.3663582801819 11107.18946261704 20017.007606506348 9634.9216160774231 2457.3110523223877 120.04917335510254 2525.2962265014648 552.9873161315918 14473.701312094927 64888.96826171875 2859.841136932373 6320.8621134757996 7274.4099721908569 25527.651031494141 17202.569427490234 3920.1931781768799 1839.4078369140625 4043.627685546875 3762.1444702148438 76308.354217529297 2869.0034942626953 31775.171129703522 49935.067868232727 75760.39501953125 6449.9045786857605 25043.606549233198 49885.967441558838 3132.6458292007446 21203.373046875 2189.0381660461426 11414.540161132812 44639.907759696245 3556.7591781616211 1738.929407119751 12145.98267364502 7736.32275390625 6617.4522442817688 3202.0594371706247 1104.6774368286133 3694.2386093139648 86623.507080078125 12576.804901123047 2077.8768930435181 1286.1807403564453 117897.12451171875 27067.930938720703 32688.975028991699 85090.84123134613 134.05952453613281 26932.912269592285
leaf_count=49786 112355 115416 48966 86000 44671 2329 240483 81538 131283 52223 120050 70725 6582 23959 47987 25227 3692 219 3975 766 42388 101432 4450 10980 77558 187570 42017 6409 3148 11773 7163 121173 6340 179277 183605 92345 56094 97221 91570 6889 57611 4529 22711 144317 6224 3214 22842 17232 72515 5375 1989 6885 132320 30544 48650 2338 129796 83816 48437 114375 167 47131
internal_value=0.0102691 0.0112194 0.00890093 0.0125331 0.00345347 0.0140456 0.0132065 0.00748245 0.0146932 0.00936569 0.0114892 0.0134119 0.0104017 0.00110908 0.0078952 0.0130662 0.014494 0.00297513 0.0131197 0.00209665 0.0109711 0.0105713 -0.0101231 -0.00204028 0.023545 0.00534018 0.00445362 0.0152782 0.00896136 0.00117979 0.00318144 0.0148423 0.0161102 0.0149006 0.0138151 0.00578052 0.0194921 0.0141142 6.30932e-05 0.00978622 0.011127 0.0164524 -0.00436297 0.00903517 -0.00730278 0.0166916 -0.00143734 0.00157473 0.0204679 0.0134788 0.00804149 0.00149827 0.0137285 0.00675107 0.0294119 0.0111326 0.00491474 0.0163357 0.00902563 0.0113241 0.0190774 0.0168933
internal_weight=1.76642e+06 1.31717e+06 476360 840812 231372 244989 793734 449248 425423 213283 368311 284080 75119.7 151441 79930.5 222094 208961 6134.12 188160 5938.12 103681 164127 3412.83 21151.8 22894.5 49156.3 38710.1 53967.9 9521.75 47078 5601.55 202827 110038 118413 86637.9 235965 13542.2 39517.3 127757 180151 41220.4 107169 17735.4 64163.9 3676.81 104980 69768.3 19882.3 13067.4 182222 8000.98 4798.92 174221 23684 9352.29 89643.7 160204 36702.9 99237.9 88357.5 3266.71 103241
internal_count=3600652 2857525 1555812 1301713 493849 1061963 1203940 743127 692006 471200 511934 451523 127718 301563 192286 804817 323805 10135 275810 9191 332892 231407 5216 40273 257146 239793 86688 87445 16720 97773 10311 313670 182387 471925 292648 271927 130938 139609 247060 236124 105598 176047 33691 193283 6443 171518 131644 40074 128609 266619 14249 8874 252370 54503 126208 123769 179582 109043 129975 121431 7056 168304
cat_boundaries=0 1 2 3
cat_threshold=33616 8193 13
is_linear=0
shrinkage=0.05


Tree=20
num_leaves=63
num_cat=3
split_feature=3 12 147 32 14 32 24 24 75 24 12 146 28 46 40 10 46 10 35 40 46 146 147 17 124 40 24 32 46 24 40 23 3 20 24 24 32 147 104 146 38 98 12 15 3 40 46 27 14 92 35 100 146 20 83 35 20 71 12 108 108 24
split_gain=1806.09 1740.49 4727.48 2601.78 901.633 844.372 586.041 566.205 557.247 549.83 440.496 390.289 361.095 1628.62 333.584 329.895 325.238 311.267 453.984 295.035 280.441 246.437 230.643 222.252 213.438 190.297 264.301 213.637 188.604 168.703 188.075 168.461 163.531 149.108 148.703 148.634 147.072 177.482 189.48 145.8 143.811 125.959 125.38 125.173 125 121.834 120.868 118.329 106.542 103.648 103.165 100.956 100.072 95.707 95.4167 94.7785 91.7635 91.1469 90.6792 90.1904 90.1732 87.9546
threshold=0 2.1666666269302373 3.3000000715255742 4473.0000000000009 10.500000000000002 1205.0000000000002 2645.0000000000005 294.50000000000006 939.50000000000011 1961.0000000000002 2.1666666269302373 0.83333334326744091 2315.0000000000005 4232.5000000000009 6207.0000000000009 3.5000000000000004 4770.0000000000009 3.5000000000000004 5.5000000000000009 9661.0000000000018 3984.5000000000005 0.83333334326744091 3.9006717205047612 14.500000000000002 320.50000000000006 7429.0000000000009 1190.5000000000002 485.50000000000006 4770.0000000000009 2645.0000000000005 3842.5000000000005 1.3044674992561343 1 4.5000000000000009 3628.5000000000005 8460.0000000000018 2435.0000000000005 2.6000477075576787 593026208.00000012 0.5000000149011613 0.77065846323966991 139872896.00000003 3.5000000000000004 2.0548046827316289 2 3842.5000000000005 4770.0000000000009 1.0000000180025095e-35 2.5000000000000004 426701.20312500006 7.5000000000000009 325894128.00000006 4.5000000000000009 1.0000000180025095e-35 7.5000000000000009 5.5000000000000009 1.0000000180025095e-35 1.0783451199531557 2.8333333730697636 106.50000000000001 490.50000000000006 3628.5000000000005
decision_type=9 2 2 2 2 2 2 2 2 2 2 2 2 2 2 2 2 2 2 2 2 2 2 2 2 2 2 2 2 2 2 2 9 2 2 2 2 2 2 2 2 2 2 2 9 2 2 2 2 2 2 2 2 2 2 2 2 2 2 2 2 2
left_child=7 3 6 5 9 11 25 39 -7 19 21 44 15 -14 24 29 -17 -13 -19 42 34 -9 -12 40 60 27 59 47 -20 30 -10 -5 -15 56 -8 51 37 38 50 -1 -6 -16 -4 48 -2 -31 -34 -3 -32 -42 -35 -26 61 -22 -43 -18 -29 -47 -52 -27 -11 -53
right_child=1 2 4 31 23 8 20 10 12 14 22 17 13 32 41 16 55 18 28 -21 53 -23 -24 -25 35 26 -28 33 -30 45 43 -33 46 36 -36 -37 -38 -39 -40 -41 49 54 -44 -45 -46 57 -48 -49 -50 -51 58 52 -54 -55 -56 -57 -58 -59 -60 -61 -62 -63
leaf_value=0 0 0.00012723898666921473 0.018935549025215648 0 0.048571825488749769 0 -0.010768448243943286 0 0 0.04877117175582231 7.0362218463926326e-05 0 0 0 0.023650032603921248 0 0.00011238983216279586 0 0 0.02070628603889867 0.019252407048830657 0 0.020218905329424275 0.42802675752931485 0.014685413249939095 6.3478782238718398e-05 0.026759070445281963 0.0001114245984578377 -0.0010463017906130023 0 0 0.020407620708581653 0 5.0026582207103652e-05 0.017924296120427098 0.066889161544649564 -0.0015469973121538085 2.7540661777152911e-05 0.00027337567159592678 0 0.081393069280013691 0.062913900870915848 0.015852462767789611 0 0 0.043032752449276492 -0.00099303579614554724 0.00013507329482443376 0 0.15615464514639199 0.00017322390857282268 0.017841122316289603 0.035723065909476673 0.018458368402956549 0.043623628219059546 -0.00078229024803520017 -0.0013390882586326149 -1.3403112629872815e-05 -0.0010412893508411891 -0.00080882248919279462 0.017144609317119086 0.017933456626310629
leaf_weight=155029.0393178463 83647.919777384959 570.85595513880253 11358.256201982498 40579.436180114746 2556.6776099801064 146586.82994270325 10886.627864837646 99097.706552505493 70650.157858431339 2637.1317234039307 22750.217013120651 153915.74029541016 49076.562236785889 4246.7602214813232 18850.963348388672 2462.9090538024902 113.14487075805664 2494.5874328613281 599.58372497558594 28457.351928710938 15888.975705623627 64883.86328125 26449.366351366043 4191.4902033805847 4470.7158046364784 2898.6520318984985 24255.687072753906 33274.974035963416 2868.9381561279297 2194.3493070006371 117514.75930547714 6540.8606567382812 4671.3034600764513 327.05031699687243 20753.926362991333 11919.291706085205 1714.2554702758789 2081.9779357910156 1123.3555567413568 81281.818714380264 3285.7687405943871 29671.965545654297 28424.549343824387 2341.4708938598633 124777.80170488358 1645.8875412940979 16812.070408865809 496.07229454815388 1858.3162727355957 14876.946308135986 936.06275627017021 8482.1766784172505 30994.978404702619 16716.116911411285 27775.556976318359 3473.0907440185547 39248.088038884103 1456.2012295722961 100.20518806576729 23348.933749198914 38349.889450073242 15034.470092773438
leaf_count=173513 103163 949 23883 79971 17621 249780 21481 129675 98050 10298 49116 229574 78908 7997 68180 3738 204 3922 832 87356 41031 101539 190793 83341 11910 5775 54925 64754 4494 3656 188617 17897 8277 577 47442 59845 3160 3941 2028 98889 24560 135280 74295 4677 169825 3972 31902 833 3387 140473 1459 21607 122500 40010 113296 6057 71422 2419 167 44656 111924 44473
internal_value=0.0102024 0.0111369 0.00872095 0.012505 0.0128655 0.013183 0.00272964 0.00746518 0.0147013 0.0119832 0.00933376 0.0114305 0.0133878 0.0104165 0.0133775 0.0144789 0.00297581 0.013289 0.00207935 0.00813809 0.00663818 0.0105787 0.0051841 0.0219473 0.0116388 0.000803568 0.00320587 -0.000715343 -0.00961911 0.0148309 0.0150733 0.00108997 0.000227421 -0.00101635 0.00328443 0.0132994 0.00637239 0.0110584 0.0200745 0.00577976 0.0198216 0.015927 0.00535716 0.0162647 0.0100048 0.00602535 -0.00154585 0.0215031 0.0164893 0.0213847 0.0326003 0.0122698 0.0128623 0.00989246 0.0170911 -0.00663088 -0.00165657 -0.0003515 0.0403257 -0.000271101 0.00876601 0.0153225
internal_weight=1.76598e+06 1.31649e+06 475960 840529 281338 793408 194622 449492 425104 256427 213181 368305 278517 74806.7 188187 203710 6049.14 159879 5963.11 68240.2 64245.6 163982 49199.6 24910.9 111889 130376 50503.3 79872.9 3468.52 197661 192365 47120.3 25730.1 78806 31640.6 70901.6 6282.91 4568.65 2486.67 236311 20719.4 76298.5 39782.8 121715 208426 5296.44 21483.4 1066.93 119373 18162.7 1363.32 58982.3 54511.6 32605.1 57447.5 3586.24 72523.1 3102.09 1036.27 26247.6 40987 23516.6
internal_count=3600296 2856771 1555452 1301319 1150842 1203451 404610 743525 691641 884847 471123 511810 441861 127084 699313 314777 9999 238822 9248 185534 149964 231214 239909 265995 382557 254646 105356 149290 5326 304778 294731 97868 48176 147508 68923 260335 11332 8172 4231 272402 182654 316756 98178 196681 272988 10047 40179 1782 192004 165033 2203 200490 188580 81041 248576 6261 136176 6391 1626 50431 122222 66080
cat_boundaries=0 1 2 3
cat_threshold=33616 8193 9
is_linear=0
shrinkage=0.05


Tree=21
num_leaves=63
num_cat=0
split_feature=32 12 147 32 30 94 13 27 17 146 10 48 80 28 48 46 130 30 13 13 48 130 32 27 21 13 46 48 12 100 16 110 49 147 65 83 20 8 146 12 20 38 93 110 28 28 65 30 13 16 27 26 58 147 48 32 35 12 112 10 27 56
split_gain=1566.86 2282.32 4202.24 2527.99 1195.19 794.07 576.693 540.184 517.036 434.025 399.35 547.793 376.704 375.788 1707.2 329.751 267.289 251.777 212.261 204.598 202.47 195.033 193.149 183.083 182.924 172.392 165.149 165.132 185.23 162.994 153.409 149.648 141.652 138.791 135.316 131.166 120.414 118.724 121.301 116.294 110.944 108.962 108.564 107.103 104.975 102.46 97.9434 97.0493 93.7057 92.229 90.08 88.2582 87.5875 85.8085 134.325 253.959 138.387 113.451 84.7153 81.9903 267.614 89.6983
threshold=351.50000000000006 2.1666666269302373 3.3000000715255742 4473.0000000000009 886.50000000000011 145382768.00000003 3.0833333730697636 421.50000000000006 5.5000000000000009 0.83333334326744091 3.5000000000000004 5039.5000000000009 37780.000000000007 2315.0000000000005 5039.5000000000009 8617.5000000000018 0.3416528999805451 2562.5000000000005 0.75000000000000011 11.750000000000002 3986.0000000000005 0.29959915578365331 485.50000000000006 1.0000000180025095e-35 3.5000000000000004 2.0833333730697636 3984.5000000000005 4231.5000000000009 1.1666666865348818 802368608.00000012 1.5000000000000002 704.50000000000011 7591.0000000000009 2.6000477075576787 305893.50000000006 7.5000000000000009 4.5000000000000009 3.5000000000000004 3.1666666269302373 0.83333334326744091 1.0000000180025095e-35 0.7026638686656953 1525004.0000000002 819.16665649414074 4944.1667480468759 1419.8333129882815 273932.50000000006 1024.0000000000002 1.0833333134651186 1.5000000000000002 779.50000000000011 1.0000000180025095e-35 1140432.0000000002 2.6000477075576787 4763.5000000000009 2435.0000000000005 7.5000000000000009 2.8333333730697636 649.50000000000011 3.5000000000000004 199.50000000000003 369295.50000000006
decision_type=2 2 2 2 2 2 2 2 2 2 2 2 2 2 2 2 2 2 2 2 2 2 2 2 2 2 2 2 2 2 2 2 2 2 2 2 2 2 2 2 2 2 2 2 2 2 2 2 2 2 2 2 2 2 2 2 2 2 2 2 2 2
left_child=12 3 6 4 9 15 17 39 20 29 13 -12 49 18 27 45 42 22 -9 52 -7 51 23 37 58 59 44 -15 -29 -2 -14 -8 -27 -20 46 -23 40 38 -3 -6 -24 -21 -10 -37 -19 -4 -16 -17 -35 -1 -28 -22 -18 54 55 56 -38 -58 -5 61 -61 -11
right_child=1 2 5 24 7 8 31 10 16 25 11 -13 30 14 34 47 19 26 33 41 21 35 36 -25 -26 32 50 28 -30 -31 -32 -33 -34 48 -36 43 53 -39 -40 -41 -42 -43 -44 -45 -46 -47 -48 -49 -50 -51 -52 -53 -54 -55 -56 -57 57 -59 -60 60 -62 -63
leaf_value=0 0 0.00011768737927547734 0.010564816989494387 0 0 0.016971825703861198 0.018666874706355221 0 0.046502002139006397 0 0 -0.00074317573563343904 0 0 0 0.018087688639019019 0.099692150711306909 -0.0014474644950570415 0 0.054267720981460245 0.11582511242285803 0.045934935548538315 0.00017349467204490489 3.4575943892445342e-07 0.019313985267886549 0 0.022093732208534691 0 0 0 0 0.016916453416135315 -4.9707623469008588e-06 0 -0.00094338400633826598 0.0185118032487941 3.8851853724793148e-05 -0.001210652614758112 -0.0061299108281930243 0 -0.0012549002519509967 0.28320675324410294 0.10189037771331538 0.055951297260198478 0.017028081314405741 0.015121067376194919 0 0.028949847665421857 0 0 0.016536216713623153 0.018358112122002213 0.040386194687358982 2.7875374090602367e-05 0.00012855713201236988 -0.0014764306716399612 0.00016453128162089993 -0.0009891966765734673 0 0 0 0
leaf_weight=50915.034741897602 129127.02268541604 1094.2308896556497 11929.286649048328 14372.727010965347 67114.550774335861 42820.453364435583 22527.381608903408 81188.767116755247 5768.188819821924 105723.22214262933 4481.3841323852539 5611.9186019897461 161658.82755401731 43262.100028753281 4964.7154331207275 10172.867185592651 16641.92431640625 19156.685626506805 148560.45724001527 571.43061017990112 724.07398986816406 48768.089630126953 46164.429568812251 1643.9905605316162 4711.621826171875 2588.8475841656327 9456.2944364547729 3992.4769096374512 5146.15869140625 101495.14038085938 50435.927344053984 13836.915618896484 4005.5347442626953 2135.0839142203331 12872.694215774536 29958.523010253906 415.11032513529062 323.94888210296631 149.97177149355412 124154.302734375 60211.032704509795 8444.7166676521301 8682.5315551757812 9615.250244140625 9150.5555024147034 45901.675832748413 2366.2586669921875 22546.599367141724 2350.1544758677483 34624.511594664305 13628.78320980072 46952.280410766602 2117.2423095703125 5083.9752197265625 3432.7855377197266 605.41100406646729 1112.5544648170471 123.2726092338562 33188.806344747543 2675.1580190658569 2508.4306268692017 40109.428953319788
leaf_count=63141 160792 1868 27893 28050 100661 144015 52654 110492 44851 149975 7102 9889 181172 68580 9568 29456 118940 38709 234240 6246 5038 197143 91553 2752 14385 4413 24402 6512 9442 139247 62865 36194 7408 3228 24306 101528 702 596 266 213240 111641 138828 92524 41509 21713 139969 4488 90380 4058 53664 30376 159148 12773 10180 6326 1008 1722 201 71472 4194 3686 66387
internal_value=0.0101287 0.0107992 0.00813591 0.0122582 0.0128814 0.0118101 0.00263444 0.0144772 0.0134256 0.0107925 0.0132107 0.0034239 0.00682059 0.0135326 0.0103893 0.00786621 0.0184023 0.00142331 0.0145069 0.021272 0.0122504 0.0131945 0.000172331 0.0122675 0.00156969 0.0128149 0.00435297 0.01515 0.00904098 0.00941036 0.00569084 0.00835451 0.00489988 0.0156033 -0.00195809 0.0145856 -0.000159319 0.0244869 0.0315047 0.0165758 -0.000669508 0.0274639 0.0128854 0.0124459 0.00179306 0.00559641 0.00346365 0.0118777 0.00693468 0.00962166 0.00749164 0.0106166 0.0182951 0.0048777 0.00909579 0.0185712 0.0287276 0.0371151 0.00063858 0.0131605 0.00697798 0.0133802
internal_weight=1.76607e+06 1.46844e+06 519732 948707 896434 311615 208117 508201 221065 388233 316932 10093.3 297634 306839 72604.4 90550.4 42226 171753 234234 27775.3 178839 136018 120361 3212.14 52273.2 157611 51392.3 52400.7 9138.64 230622 212095 36364.3 6594.38 153046 20203.7 88341.9 117149 1568.15 1244.2 191269 106375 9016.15 14450.7 39573.8 28307.2 57831 7330.97 32719.5 4485.24 85539.5 23085.1 47676.4 18759.2 10773.1 5689.13 2256.35 1650.94 1235.83 47561.5 151016 5183.59 145833
internal_count=3599761 3238919 1783104 1455815 1341908 1350241 432863 805806 1062543 536102 491905 16991 360842 474914 122896 287698 414162 344015 352018 276787 648381 504366 228815 5482 113907 236063 115200 84534 15954 300039 244037 88848 11821 241526 38362 340180 223333 2730 2134 313901 203194 145074 137375 143037 60422 167862 14056 119836 7286 116805 54778 164186 131713 20139 9959 3633 2625 1923 99522 224242 7880 216362
is_linear=0
shrinkage=0.05


Tree=22
num_leaves=63
num_cat=3
split_feature=3 146 147 32 32 14 24 83 24 24 146 28 48 10 109 10 48 32 104 13 48 41 146 109 41 3 145 146 124 48 146 13 48 24 13 108 23 83 107 115 3 60 48 23 146 145 24 83 10 88 146 41 24 111 109 101 146 147 147 26 31 106
split_gain=1676.79 2321.23 3856.16 2517.23 970.994 853.554 601.372 543.554 522.147 468.887 446.681 353.423 1765.31 344.694 520.317 343.219 423.436 323.464 314.934 293.01 278.771 260.325 258.672 247.971 241.142 227.517 221.623 214.326 195.569 184.502 187.162 180.921 214.462 164.838 161.367 157.128 155.849 149.623 156.673 146.579 141.022 138.879 138.493 123.858 138.9 116.462 116.398 113.29 120.403 113.228 113.175 112.879 110.763 109.423 107.81 106.383 103.73 97.2445 107.014 96.2178 90.0831 89.8546
threshold=0 2.1666666269302373 3.3000000715255742 4473.0000000000009 1205.0000000000002 10.500000000000002 2912.5000000000005 5.5000000000000009 1961.0000000000002 294.50000000000006 0.83333334326744091 2315.0000000000005 5039.5000000000009 3.5000000000000004 1.0000000180025095e-35 3.5000000000000004 5039.5000000000009 485.50000000000006 1270281664.0000002 2.7500000000000004 5039.5000000000009 8541.5000000000018 2.1666666269302373 1.0000000180025095e-35 3973.5000000000005 1 19.500000000000004 0.83333334326744091 360.50000000000006 4231.5000000000009 1.1666666865348818 2.0833333730697636 8492.0000000000018 2645.0000000000005 0.91666665673255932 106.50000000000001 1.3044674992561343 7.5000000000000009 826.50000000000011 562.50000000000011 2 43423.666015625007 9929.5000000000018 0.90010616183280956 3.1666666269302373 28.500000000000004 2645.0000000000005 7.5000000000000009 3.5000000000000004 399017.09375000006 3.5000000000000004 3973.5000000000005 4487.5000000000009 501.58332824707037 1.0000000180025095e-35 780723200.00000012 1.1666666865348818 3.3000000715255742 4.302898883819581 1.0000000180025095e-35 443.59939575195318 626.50000000000011
decision_type=9 2 2 2 2 2 2 2 2 2 2 2 2 2 2 2 2 2 2 2 2 2 2 2 2 9 2 2 2 2 2 2 2 2 2 2 2 2 2 2 9 2 2 2 2 2 2 2 2 2 2 2 2 2 2 2 2 2 2 2 2 2
left_child=9 3 6 4 10 8 17 -6 18 42 40 15 29 31 -15 34 -17 23 50 39 -16 28 27 35 52 -14 41 -11 51 -13 -31 -12 -33 -32 -9 -3 -5 59 -39 -19 -2 -7 -1 44 -37 -24 57 -25 -49 -43 -4 -10 -8 -53 -18 -21 -27 -36 -59 -30 -42 -57
right_child=1 2 5 36 7 26 24 11 21 22 13 12 25 14 20 16 54 19 -20 55 -22 -23 45 47 -26 56 -28 -29 37 30 33 32 -34 -35 46 43 -38 38 -40 -41 60 49 -44 -45 -46 -47 -48 48 -50 -51 -52 53 -54 -55 -56 61 -58 58 -60 -61 -62 -63
leaf_value=0 0 0.00011179964095279581 0.014832746912324057 0 0 -0.031125424141190485 0.017091140291444352 0 0.014131237787212238 0 0 0 0 0 0 0 0.00010677034055465718 9.7178634932704188e-05 0.018675500378943055 0.015587399196431297 -0.00099398670108235003 0.056167822221710788 0.0094868292571494324 -0.001993666709239924 0.016929423477472106 -0.00089621480602135599 0.36894146256843163 0 0.31078690843209222 0 0 0 -4.7975556326629316e-06 -0.0016585510782226587 0 0.00011180301031170626 0.018421540409758241 0.015377496607696684 0.044019762282998892 -0.001192155239353443 0 0.064517349951787178 0 1.9753244091241796e-05 -0.0084038757171633893 0.31562711935363252 0 0.00016489523016899877 -0.0013540510846163777 0.13736783270768296 0.013685592331055275 0.028984993532915927 0.016176677248685458 0.015730177514106391 -0.00070601694885176209 0.019957706186849458 -0.00089621480602135599 0 1.1099846499551536e-06 0.041082155845794534 0 0.019900392553434287
leaf_weight=155235.54824829102 112902.6125625507 1311.2016267776489 11896.315961837769 41040.300941467285 145881.36101531982 338.03714609146118 14830.57239151001 97914.010017190129 20789.578882217407 69534.393228419125 161027.34128677845 45341.457427978516 3878.2833142280579 2736.6533743441105 646.20927557349205 2511.8629188537598 131.91711962223053 53181.788403082639 30156.623657226562 9403.8419594280422 3177.3881282806396 29564.690063476562 33952.065050236881 1347.3439598083496 26373.225587844849 6306.4463763237 5326.2356719970703 42188.711181640625 345.60684776306152 4025.96240234375 1877.9349899291992 3003.9643009901047 4716.6399230957031 3830.8755569458008 108619.42456128076 1107.0440536141396 6671.6148986816406 23395.25732421875 16098.804931640625 55284.843974113464 124069.87986850739 4387.5485174655914 73714.82958984375 287.91071152687073 128.77420347929001 2910.3081703186035 2316.1624082922935 1482.6655205860734 811.48462828248739 15121.355403184891 29171.134191036224 17887.717643737793 13731.825216293335 33932.18140411377 3725.3834518194199 13136.425882339478 11366.147338867188 1035.2578518465161 320.26037287712097 48955.365001678467 1069.7169189453125 8302.0439052581787
leaf_count=173804 139526 2490 24866 80890 247544 1270 30521 141719 58457 91885 236706 72059 7362 4297 897 3798 234 104230 92176 19193 4944 134979 137300 2449 66666 11012 96197 67606 3653 6580 3220 5028 8778 7264 175850 1864 18189 75182 66393 102349 168417 30812 89527 490 234 70917 4640 2598 1467 141057 75521 64845 32577 108304 6496 29039 22636 1655 630 196834 1884 20133
internal_value=0.0100793 0.0108829 0.00810642 0.0123886 0.0130141 0.0118207 0.00278872 0.0146515 0.0109763 0.00712392 0.0112748 0.0134105 0.0104916 0.0131902 0.00194452 0.0144431 0.00300696 0.00110865 0.0073224 0.000600777 -0.00996709 0.012339 0.00931147 0.0120314 0.00724707 -0.00164032 0.0206154 0.0105099 0.0115487 0.0152388 0.00899139 0.0136273 0.00614876 0.00316772 0.0147896 0.0231188 0.00121229 0.0131228 0.0108289 -0.000621965 0.0098641 0.0181835 0.00570451 0.0340378 0.0409166 0.00567913 0.0160836 0.00339641 0.0101551 0.0187342 0.004473 0.00962362 0.00406349 0.0108725 -0.0073954 0.00490103 -0.0040471 0.0163172 0.00300212 0.0149602 0.0110226 0.00684587
internal_weight=1.76577e+06 1.38823e+06 488087 900145 852433 287366 200721 439083 262193 377536 413350 293201 76627.1 175308 6560.25 216574 6369.16 145785 71224.1 139309 3823.6 190969 148585 6476.42 54935.6 21550.9 25173.2 111723 161405 55076.2 9734.77 168748 7720.6 5708.81 210205 2834.93 47711.9 88795 39494.1 108467 238042 19846.9 228950 1523.73 1235.82 36862.4 112291 3641.49 2294.15 19508.9 41067.5 72609.5 28562.4 51819.9 3857.3 30842.3 17672.6 109975 1355.52 49301 125140 21438.5
internal_count=3600140 2969101 1586846 1382255 1283176 1170546 416300 712699 901210 631039 570477 465155 130133 260650 10138 335022 10528 286536 192563 274944 5841 708647 367708 11592 129764 41010 269336 159491 573668 89123 17064 250512 13806 10484 324494 5078 99079 342062 141575 206579 309827 173139 263331 2588 2098 208217 182775 6514 4065 171869 100387 231606 63098 173149 6730 68365 33648 178135 2285 200487 170301 49172
cat_boundaries=0 1 2 3
cat_threshold=33360 8449 265
is_linear=0
shrinkage=0.05


Tree=23
num_leaves=63
num_cat=11
split_feature=146 147 32 32 30 94 13 109 13 13 3 32 10 44 28 41 94 146 88 3 40 110 3 13 35 3 38 21 3 3 44 100 14 147 13 40 3 96 146 109 13 107 146 13 3 146 32 35 3 108 23 38 13 3 13 115 95 100 3 112 115 39
split_gain=1850.87 3659.42 2990.1 2742.64 756.194 726.845 652.553 558.731 534.588 411.179 443.047 390.823 342.85 444.146 357.639 1524.85 312.539 287.681 282.869 261.774 252.304 223.545 222.619 208.992 190.597 190.465 181.053 178.308 154.214 148.831 147.726 145.898 140.153 139.565 138.661 188.593 131.645 164.482 128.867 128.409 128.166 126.515 124.292 147.488 120.508 119.721 116.346 115.432 149.477 158.928 146.756 111.462 108.861 108.71 108.075 105.634 104.08 100.405 97.9052 96.3446 96.0722 93.4768
threshold=2.1666666269302373 3.3000000715255742 485.50000000000006 4473.0000000000009 886.50000000000011 145382768.00000003 2.7500000000000004 310.50000000000006 0.58333334326744091 8.2500000000000018 0 485.50000000000006 3.5000000000000004 4937.0000000000009 2315.0000000000005 4218.0000000000009 164982288.00000003 0.83333334326744091 5661513.7500000009 1 8910.0000000000018 689.50000000000011 2 0.75000000000000011 4.5000000000000009 3 1.839870870113373 3.5000000000000004 4 5 4937.0000000000009 763662976.00000012 19.500000000000004 2.6000477075576787 2.0833333730697636 8347.0000000000018 6 7923412.0000000009 0.83333334326744091 269.50000000000006 1.7500000000000002 680.50000000000011 4.1666667461395273 5.0833332538604745 7 3.1666666269302373 2688.0000000000005 5.5000000000000009 8 106.50000000000001 0.90010616183280956 0.84289106726646434 4.5833332538604745 9 3.0833333730697636 562.50000000000011 1.0000000180025095e-35 1435613376.0000002 10 649.50000000000011 1.0000000180025095e-35 0.93853029608726513
decision_type=2 2 2 2 2 2 2 2 2 2 9 2 2 2 2 2 2 2 2 9 2 2 9 2 2 9 2 2 9 9 2 2 2 2 2 2 9 2 2 2 2 2 2 2 9 2 2 2 9 2 2 2 2 9 2 2 2 2 9 2 2 2
left_child=2 6 8 4 17 20 11 38 19 24 32 45 14 -14 23 -16 25 31 51 57 44 61 -17 -9 36 -13 41 59 -15 -22 -24 -4 -11 -25 58 -36 37 -7 -6 46 -32 -26 54 -44 -3 47 -18 48 -2 60 -51 -12 -39 -45 -43 -27 -21 -1 -19 -5 -50 -8
right_child=1 5 3 27 7 9 21 12 -10 10 18 16 13 28 15 22 39 34 -20 56 29 -23 30 33 26 55 -28 -29 -30 -31 40 -33 -34 -35 35 -37 -38 52 -40 -41 -42 42 43 53 -46 -47 -48 -49 49 50 -52 -53 -54 -55 -56 -57 -58 -59 -60 -61 -62 -63
leaf_value=0 4.7994422203762045e-05 0.013499722688477812 0 0 0 0.147814985806133 0.013905293787358398 0 0 0.11973286259389991 -0.010770362691224201 -0.00044146404838643074 0 0.00029565634692079183 0 0 0.0003331132577801785 0 0.20517640395210723 0 0.022050344257980182 0.015900388197562176 0 0 0.015009885921312416 9.2319703186066756e-05 -0.0034309443045999369 0.017280479014270333 -0.00067071610140917448 0.011503771883661897 -0.00085140406572028484 0 0.42816338299367768 0 0 -0.0012828667922997973 0.015616420936681565 0.027950009130465327 0 0.00022688019562763231 0.033026034049406808 0.014717949230819462 0.019350866518806732 0.05657206109672306 -0.0052331571897553117 -0.0029019265754837587 0.018054349130730941 5.2049170098078529e-05 5.4260804003769539e-05 0.00010621285979612317 1.8765581886681648e-05 0.068205123283398825 0.10455024532098217 0.033093688015687753 0.015351394910861127 -0.0011497810711357582 0 0 0 0 0.00013263556290521838 0.018986659400606822
leaf_weight=199100.1879595248 1582.3853841125965 53138.384019494057 94128.405570268631 14402.74004149437 72027.84214758873 1794.1920925378799 11295.36728322506 76281.756527334452 81599.414835527539 16763.303883470595 2269.2480699270964 7115.2411193847656 4735.1870307922363 161.65119457244873 46809.697582155466 4671.7193856239319 18151.889240145683 48747.362122535706 3293.1856384277344 2548.7321982383728 29132.809921622276 21824.150817871094 5999.2466078996658 143761.28744196892 46972.977882385254 36450.073784828186 3325.4207992553711 4660.4177551269531 4764.1605882644653 6225.8414455652237 7055.0303859189153 75936.05126953125 2564.5716035738587 4220.0471858382225 2406.8173919022083 3556.0445861816406 8097.0905261039734 34455.28883433342 130614.119140625 37033.252189159393 6949.0259689614177 12644.578640878201 28077.626715838909 18429.523716017604 4661.0990127325058 581.81771659851074 17408.850879311562 3352.5036766529083 798.96922319382429 1010.9669479727745 256.4019660949707 10858.680966377258 7599.0470888614655 10532.86404402554 13276.11092376709 35984.557334899902 34380.118980407715 58910.561340332031 76607.308125942945 33091.803140878677 286.6369509473443 20607.579559087753
leaf_count=224238 2330 157202 119163 28041 108381 13011 24066 103185 110216 139375 16096 12169 7527 287 74786 8754 36720 80716 53798 5297 107254 55005 10591 225832 145317 71308 10136 14246 8430 19332 12288 107114 50984 6716 4069 6645 33668 122150 224870 73812 14207 33395 95817 86367 10091 1035 42064 5590 1497 1669 428 120930 53745 48778 39144 66423 44660 70981 108092 71388 570 47817
internal_value=0.00993799 0.00745886 0.0109949 0.0126193 0.0133354 0.010893 0.00241199 0.0145125 0.00727802 0.0124548 0.0173646 0.000811088 0.0131617 0.00389178 0.0134645 0.0103844 0.000249041 0.011351 0.0113004 0.006287 0.00718868 0.00717975 0.000326077 0.0144462 0.011507 -0.00191576 0.0105053 0.00150576 -0.00661842 0.0105157 -0.00197013 0.00999337 0.0224986 0.0155423 0.0131092 0.00565756 0.0140765 0.0151597 0.0165483 0.00262133 -0.0047836 0.0108002 0.0119744 0.0106692 0.00515323 0.0116758 0.00476732 0.0134186 0.0192269 0.0271866 0.0393285 0.00801939 0.0145301 0.0131729 0.014846 -0.00114792 0.0102259 0.00572258 0.0134636 0.000589805 0.013246 0.00451184
internal_weight=1.76598e+06 527852 1.23813e+06 861588 809433 314112 213741 508051 376539 220954 35749 160014 305409 9661 295748 71484.7 152144 301382 16421.1 294940 93158.1 53727.1 24675 224263 185205 79549.9 133259 52155 4925.81 35358.7 20003.3 170064 19327.9 147981 131318 5962.86 51945.6 43848.5 202642 72594 14004.1 129934 82960.7 57040 57799.5 7869.68 35560.7 7287.86 3935.36 2352.98 1267.37 13127.9 42054.3 28962.4 25920.7 72434.6 36928.9 258011 125355 47494.5 1085.61 31902.9
internal_count=3599813 1799093 1800720 1345328 1231653 1356590 442503 805854 455392 1062711 381183 315615 472603 16244 456359 120626 302496 425799 190824 345176 293879 126888 45840 335733 681528 149900 458954 113675 8717 126586 37086 226277 190359 232548 199522 10714 222574 188906 333251 152596 26495 448818 303501 230962 167293 13119 78784 12084 6494 4164 2097 137026 175895 135145 72539 137731 49957 295219 188808 99429 2067 71883
cat_boundaries=0 1 2 3 4 5 6 7 8 9 10 11
cat_threshold=6021 33561 41729 33408 33280 15365 13349 11333 33624 3973 15968
is_linear=0
shrinkage=0.05


Tree=24
num_leaves=63
num_cat=0
split_feature=12 147 32 32 30 24 24 109 13 46 28 41 40 12 13 56 33 21 40 13 32 21 76 13 17 46 24 12 24 101 46 109 13 40 40 24 113 147 44 44 24 12 65 38 83 107 98 112 40 95 57 24 146 24 40 46 13 13 147 147 145 32
split_gain=2168.04 3413.21 2999.86 2742.09 748.787 741.622 643.197 560.737 535.551 472.049 342.561 1623.91 303.949 291.368 278.634 278.037 360.128 229.818 252.725 215.276 232.051 186.563 184.962 184.348 177.312 171.54 168.786 152.772 152.213 278.239 215.549 151.538 148.936 199.632 146.675 140.036 135.711 135.376 132.226 127.27 126.271 123.412 123.167 119.939 117.754 108.534 108.195 102.765 102.515 102.425 101.223 93.5966 113.71 93.5727 92.706 84.6518 83.1221 81.5041 85.5047 104.303 139.985 123.166
threshold=2.1666666269302373 3.3000000715255742 485.50000000000006 4473.0000000000009 886.50000000000011 2645.0000000000005 2645.0000000000005 269.50000000000006 0.58333334326744091 7593.5000000000009 2315.0000000000005 4218.0000000000009 9661.0000000000018 0.83333334326744091 2.7500000000000004 1138936.0000000002 9851.0000000000018 -3.4999999999999996 5111.5000000000009 3.0833333730697636 485.50000000000006 3.5000000000000004 27894.166992187504 0.75000000000000011 13.500000000000002 3984.5000000000005 1329.5000000000002 4.5000000000000009 911.50000000000011 569595808.00000012 7222.5000000000009 387.50000000000006 2.0833333730697636 8347.0000000000018 5383.5000000000009 911.50000000000011 1098.5000000000002 2.6000477075576787 3656.8332519531255 4937.0000000000009 416.50000000000006 0.83333334326744091 305893.50000000006 0.86952012777328502 5.5000000000000009 826.50000000000011 139872896.00000003 649.50000000000011 5111.5000000000009 1.0000000180025095e-35 40824.000000000007 4487.5000000000009 4.5000000000000009 87.500000000000014 4334.0000000000009 7222.5000000000009 1.7500000000000002 1.0833333134651186 4.302898883819581 3.3000000715255742 4.5000000000000009 1205.0000000000002
decision_type=2 2 2 2 2 2 2 2 2 2 2 2 2 2 2 2 2 2 2 2 2 2 2 2 2 2 2 2 2 2 2 2 2 2 2 2 2 2 2 2 2 2 2 2 2 2 2 2 2 2 2 2 2 2 2 2 2 2 2 2 2 2
left_child=2 5 8 4 13 19 12 41 22 15 17 54 26 34 31 16 25 18 -9 20 36 47 49 -19 46 27 -3 -8 29 44 -30 48 -15 -34 -4 -14 -2 -25 -28 -13 -35 -6 -41 -17 -22 -45 -11 -5 -7 -1 -27 52 -52 -24 -12 -55 -44 -39 59 60 61 -59
right_child=1 6 3 21 7 14 9 10 -10 24 11 39 35 32 -16 43 -18 23 -20 -21 28 -23 53 37 -26 50 38 -29 30 -31 -32 -33 33 40 -36 -37 -38 57 -40 42 -42 -43 56 45 -46 -47 -48 -49 -50 -51 51 -53 -54 55 -56 -57 -58 58 -60 -61 -62 -63
leaf_value=0 0.00010090221680631451 0.0079328994145504983 0 0 0 0.015388903220187766 0.01339818725597134 0 0 0.034334165202614876 0 0 0.014889285416505105 0 0.014776512626274019 0.0036892796312221533 0.13046365412736805 0 -0.000637180296338713 0.017513470236472272 0.00021960942935136951 0.016563185033290784 0 0 0.39558162042164879 -0.017040078154224404 0.0052077551532320188 0.018149677911876539 -0.0010370257973767478 -0.0012570400883072147 0.027659063828583998 0.014851590694287009 0 0.00065404433389328889 0 0.024122003663725924 4.581910610348608e-05 0 0.01383932610560258 0 -0.0012187234526848112 0 -0.00080883386243426616 0.014177457730407284 6.6452094160879337e-05 0.05652527854647893 0.069797505806445087 0 0.019958555573308112 0 0.014063256683386717 0.056911991832323629 0.031280756401367141 0 0 0 -0.0025027057681906275 -3.0301751572592296e-06 1.1099846499551536e-06 -0.0012197308962766608 -0.0012054869203743769 6.0568013620310168e-05
leaf_weight=3543.0882935104892 1602.3870945125818 18788.714126586914 87844.012830018997 14450.994099378586 69742.175364255905 15113.62322473526 18562.889412522316 1833.4806137084961 81555.645958736539 7686.5958995819092 45479.976271033287 7961.8986396789551 12004.103881835938 125248.5973309949 23648.527491092682 6837.485595703125 8026.9802551269531 78651.171122729778 2278.0333518981934 19339.198804855347 1099.5702438205481 4655.7579956054688 80838.401153564453 149039.82790808752 3457.518383026123 646.34062576293945 7330.4465179443359 20503.762290358543 66972.648429870605 22235.315704345703 26486.549835205078 23258.557085037231 2405.9095354601741 218.06397747993469 82028.641235351562 32281.968383789062 6701.0263748168945 2069.2525214739144 49571.009902954102 6643.6218874156475 3366.0678279399872 127490.9697265625 5657.1946725994349 28124.18669128418 1336.7307434082031 6037.7438049316406 29783.257543563843 33112.23154759407 5766.3638696670532 72429.620338439941 14549.688398972154 30016.870638847351 20206.337305411696 82482.108642578125 2861.8625049591064 55715.227294921875 6071.5845840126276 106.45556788891554 224.78895884752274 804.69201451539993 835.75732421875 277.5821487903595
leaf_count=6373 2536 44115 110977 28070 104916 34824 50460 2725 110024 37076 72357 14096 33393 188718 60999 30117 75178 106627 3871 43479 1783 14225 89097 234903 77812 2420 16962 79894 124537 39185 56544 48891 4076 428 115042 116719 11450 3097 138088 12894 6255 219538 9870 145829 2133 42413 184364 71456 15665 89210 41120 159786 81891 93068 5085 67397 12216 139 479 1247 1575 396
internal_value=0.00983837 0.00715571 0.0109825 0.01261 0.0133266 0.00227773 0.0104689 0.0144977 0.00725988 0.0122454 0.0131742 0.0102221 0.00758982 0.0113508 0.00659854 0.0109732 0.0122578 0.0141078 0.00238826 0.000268435 -0.000483011 0.00150488 0.00626839 0.0143155 0.017017 0.0114735 0.0056646 0.00885126 -0.00105097 -0.00454415 -0.000128751 0.00425185 0.0131205 0.00541638 0.00998353 0.0108801 0.00759612 0.0153251 0.00702138 0.000232011 -0.00206113 0.0165831 -0.00205602 0.0074477 0.0114947 0.00865758 0.0160166 0.000569686 0.00734392 0.00839435 0.0130393 0.0132358 0.0114685 0.00553096 0.0156641 0.00632145 -0.00513723 0.00659491 3.9123e-06 -0.00324478 0.00596966 0.0309381
internal_weight=1.7659e+06 527976 1.23792e+06 861361 809142 213560 314416 508030 376564 194440 310797 74676.1 119976 301111 67787.1 153512 112513 236121 4111.51 145773 126434 52219 295008 232010 40927.4 104486 75690.2 39066.7 118131 24671.6 93459.2 44138.5 131239 5990.04 169873 44286.1 8303.41 153358 56901.5 26334.3 3584.13 197233 18372.4 40999.4 2436.3 34161.9 37469.9 47563.2 20880 75972.7 65419.2 64772.9 34756 219036 48341.8 138197 11728.8 4318.53 2249.28 2024.49 1219.8 384.038
internal_count=3600110 1799663 1800447 1345278 1231527 442026 1357637 806031 455169 1008360 481577 126518 349277 425496 160379 709108 490749 355059 6596 281647 238168 113751 345145 348463 299252 415571 199165 130354 224182 43101 181081 99380 199477 10759 226019 150112 13986 241836 155050 49076 6683 324454 34980 218359 3916 188242 221440 99526 50489 95583 285217 282797 123011 249562 77442 160465 22086 6933 3836 3357 2110 535
is_linear=0
shrinkage=0.05


Tree=25
num_leaves=63
num_cat=7
split_feature=12 28 147 28 24 13 75 94 17 3 44 24 3 24 28 48 3 23 13 49 13 3 97 107 28 98 24 3 12 48 12 24 145 24 103 106 95 12 24 17 97 31 13 16 24 24 40 113 13 40 13 24 26 48 3 48 3 24 13 25 48 19
split_gain=2457.25 3002.59 2953.17 2441.82 744.078 705.423 609.016 602.471 429.76 333.177 283.492 264.099 255.242 241.913 400.385 1604.71 262.66 234.277 227.647 225.986 216.921 200.01 187.605 187.338 165.987 165.212 164.077 160.168 154.042 153.975 169.749 158.218 151.654 150.847 144.862 144.155 155.945 143.295 134.288 133.671 132.854 125.437 125.025 122.743 122.799 121.767 117.776 117.526 176.691 202.923 116.567 116.454 111.85 110.862 106.141 104.795 101.336 101.282 99.5241 97.9165 96.057 92.7694
threshold=2.1666666269302373 503.50000000000006 3.3000000715255742 3908.166625976563 2645.0000000000005 0.58333334326744091 1.0000000180025095e-35 145382768.00000003 9.5000000000000018 0 4137.0000000000009 1049.5000000000002 1 911.50000000000011 2315.0000000000005 5039.5000000000009 2 0.50043934583663952 6.4166667461395273 8758.5000000000018 3.0833333730697636 3 52956486.000000007 215.50000000000003 4362.5000000000009 1963355648.0000002 4487.5000000000009 4 0.5000000149011613 4231.5000000000009 1.1666666865348818 2645.0000000000005 1.5000000000000002 1329.5000000000002 253100400.00000003 442.50000000000006 1.0000000180025095e-35 4.5000000000000009 87.500000000000014 19.500000000000004 9104581.5000000019 2815.489868164063 3.0833333730697636 4.5000000000000009 2645.0000000000005 4487.5000000000009 4881.5000000000009 978.50000000000011 2.0833333730697636 8347.0000000000018 1.7500000000000002 1617.5000000000002 4355.5000000000009 3986.0000000000005 5 7298.5000000000009 6 4487.5000000000009 4.5833332538604745 8286.5000000000018 4231.5000000000009 2.5000000000000004
decision_type=2 2 2 2 2 2 2 2 2 9 2 2 9 2 2 2 9 2 2 2 2 9 2 2 2 2 2 9 2 2 2 2 2 2 2 2 2 2 2 2 2 2 2 2 2 2 2 2 2 2 2 2 2 2 9 2 9 2 2 2 2 2
left_child=1 5 4 6 20 9 11 19 12 38 26 46 18 47 28 29 -17 -14 22 33 23 -10 41 -2 57 -19 -6 34 -15 45 -31 -32 -26 -4 -25 36 -11 42 -1 -23 -18 -9 -24 44 51 -16 -3 -8 -49 -50 -42 -30 -13 -46 -21 -40 -7 60 -39 -34 -5 -45
right_child=2 3 7 24 10 56 13 8 21 35 -12 52 17 14 15 16 40 25 -20 54 -22 39 37 27 32 -27 -28 -29 43 30 31 -33 59 -35 -36 -37 -38 58 55 -41 50 -43 -44 61 53 -47 -48 48 49 -51 -52 -53 -54 -55 -56 -57 -58 -59 -60 -61 -62 -63
leaf_value=0 4.9256808498410193e-05 0 -0.0014072352302104685 0 0.014496126959574696 0 0 0.029668456831426562 0.19120641363711904 0 0.014886082098149622 0 0.0058373804865668125 0 0 0 0.045562475900594451 0.015086384058885606 0.075977011790349325 -0.011648666355803418 0.016757390261313756 0.16144182400847532 0.01266940942661895 0.00019527049788232721 0 0.050508697446705178 0.014240867356925681 -0.00050156318598399286 0 0 0 -0.0015756235243115314 0.015808280186892266 0.012314979860850473 -0.0010232071339601357 0 0 0.0065112256979554251 0 0.61877377025544023 -0.00076839216931254848 0.18237064494427629 0.013275821268720423 0 0 0 0 0 0 -0.0011577872800505706 -0.00090105585552756611 0 0 8.1015694074548794e-05 0.01933904201505603 0 0 0 0.026667559091385098 0.040922110156249997 0 0
leaf_weight=86854.550925210584 9584.4276118278503 38917.353383719921 12102.504147529602 7175.5243570953608 20020.940032958984 71410.367562219501 68492.647561848164 43768.233776420355 3723.63467438519 3693.6443405151367 32453.248321533203 150611.5548248291 13894.273442909122 59908.020092189312 43722.364095896482 4161.7417888641357 501.80546439439058 46746.548858642578 25488.387293696404 683.4940299987793 19257.0712018013 9666.1201420128345 13291.770181357861 45172.25381565094 21763.113815307617 14608.520690917969 15238.056243896484 18915.989005088806 122505.75855398178 3974.3948879241943 1951.4444028735161 3752.0115907788277 14342.387954711914 50848.342715263367 52825.144840240479 1723.7407836914062 47345.638376235962 12076.01149469614 119645.86351394653 1647.6106357574463 8767.6487476602197 1134.0072021484375 18480.815826416016 2339.0010223388672 1729.0834608078003 1262.7759495675564 52734.381225585938 75111.181176353246 1777.5414036028087 3284.1475372314453 8227.6604005247355 71752.737696647644 746.66604232788086 2598.1503987312317 29752.507434844971 84528.826171875 37637.250539779663 3105.7405128479004 16526.879318237305 2734.6583862304688 3277.4050519317389 3803.0889358520508
leaf_count=96049 17400 51447 27434 12709 41113 93284 86320 165203 77360 8475 82157 257433 51055 83233 69308 8202 1356 180893 161006 1434 43370 113982 32301 88748 43819 72576 37073 33854 184728 6552 3335 7191 32311 156393 98494 3258 63279 38063 136847 43733 15460 9582 52909 5046 3091 2604 79489 105968 3008 6009 16803 117122 1399 5599 108990 103512 57839 6141 64174 9058 6768 6775
internal_value=0.00977556 0.0109936 0.00691934 0.0128639 0.00238053 0.0077513 0.0136097 0.0100006 0.0114232 0.00663981 0.00671155 0.0156561 0.0108275 0.012594 0.013328 0.0101371 -0.00138057 0.00850198 0.012164 0.0066332 0.000368451 0.0195839 0.0111382 -0.000384117 0.00243663 0.00983077 0.0036074 -0.000935089 0.0142482 0.0147008 0.00897752 0.0034481 0.000773755 0.00492272 -0.000121667 0.0102968 0.010779 0.00931753 0.00597622 0.0228924 -0.00406619 0.013586 0.011629 0.0149009 0.0151163 0.0159318 0.0135374 0.0109106 0.0122103 0.00316651 -0.00481763 0.0153019 0.0169389 0.00678245 0.0101707 0.00667699 0.0112554 0.00719954 0.00674961 0.00430082 0.00955502 0.0079368
internal_weight=1.76578e+06 1.23787e+06 527907 785032 213467 452840 732633 314440 221053 343792 67712.2 243010 206015 489623 340958 76321.8 21658.9 75249.3 130766 93386.8 145755 15037.4 105278 126498 52398.8 61355.1 35259 116913 264636 54663 9677.85 5703.46 38840.2 62950.8 97997.4 52763 51039.3 60375.5 291029 11313.7 17497.1 44902.2 31772.6 204728 198586 44985.1 91651.7 148666 80172.9 5061.69 16995.3 194258 151358 4327.23 30436 204175 109048 13558.7 28602.9 17077 10452.9 6142.09
internal_count=3600124 1800827 1799297 1238284 442209 562543 1127478 1357088 1062837 411420 160343 389768 827762 737710 536405 130811 41821 304524 523238 294251 281866 235075 362232 238496 110806 253469 78186 221096 405594 88990 17078 10526 85188 183827 187242 75012 71754 187447 336408 157715 33619 174785 85210 322361 310540 71912 130936 201305 114985 9017 32263 301850 258832 8690 110424 240359 151123 25618 102237 41369 19477 11821
cat_boundaries=0 1 2 3 4 5 6 7
cat_threshold=33561 13325 41793 34880 15397 144 33553
is_linear=0
shrinkage=0.05


Tree=26
num_leaves=63
num_cat=9
split_feature=12 32 32 146 30 24 20 109 3 17 10 48 39 30 48 146 39 48 3 84 23 3 12 111 48 146 24 20 146 3 3 100 40 24 107 15 24 12 107 3 39 51 49 10 27 3 3 48 20 32 145 48 12 3 12 17 100 112 90 24 39 100
split_gain=2718.45 2971.54 2811.86 2677.73 738.525 718.936 667.131 543.409 517.214 416.27 366.176 514.986 293.998 291.319 1443.65 289.204 269.273 249.479 215.778 191.706 189.758 183.903 178.747 176.395 173.82 167.929 167.371 164.884 151.585 151.117 146.68 144.439 144.003 214.572 137.54 133.415 119.41 117.031 116.341 110.162 134.458 168.043 109.854 108.558 267.77 106.701 105.503 166.626 102.614 155.234 179.702 269.959 114.664 101.819 99.2654 99.092 97.8991 97.1967 97.0914 96.3028 94.5065 92.8296
threshold=2.1666666269302373 485.50000000000006 4473.0000000000009 3.1666666269302373 886.50000000000011 2645.0000000000005 1.0000000180025095e-35 269.50000000000006 0 9.5000000000000018 3.5000000000000004 5039.5000000000009 0.96368896961212169 2311.5000000000005 5039.5000000000009 0.83333334326744091 0.92503201961517345 4464.5000000000009 1 1.5000000000000002 1.3044674992561343 2 0.83333334326744091 149.58333587646487 4231.5000000000009 1.1666666865348818 4487.5000000000009 3.5000000000000004 0.83333334326744091 3 4 763662976.00000012 8347.0000000000018 1190.5000000000002 680.50000000000011 2.0548046827316289 2645.0000000000005 0.83333334326744091 1.0000000180025095e-35 5 0.78221485018730175 5.5000000000000009 7179.0000000000009 3.5000000000000004 199.50000000000003 6 7 5039.5000000000009 4.5000000000000009 2435.0000000000005 3.5000000000000004 5039.5000000000009 2.8333333730697636 8 1.1666666865348818 16.500000000000004 1435613376.0000002 649.50000000000011 1.0000000180025095e-35 2645.0000000000005 0.78221485018730175 1321292352.0000002
decision_type=2 2 2 2 2 2 2 2 9 2 2 2 2 2 2 2 2 2 9 2 2 9 2 2 2 2 2 2 2 9 9 2 2 2 2 2 2 2 2 9 2 2 2 2 2 9 9 2 2 2 2 2 2 9 2 2 2 2 2 2 2 2
left_child=1 8 4 5 15 23 9 37 22 16 13 -12 30 27 24 31 60 26 -16 53 57 -13 56 39 -15 -26 -7 35 38 32 -8 -3 48 -34 61 59 -27 -6 -10 40 41 -2 -36 45 -45 -17 -46 -48 -25 50 51 52 -50 58 -20 -11 -1 -4 -14 -9 -5 -18
right_child=3 2 20 6 7 17 12 10 28 55 11 21 19 14 18 43 34 -19 54 -21 -22 -23 -24 29 25 36 -28 -29 -30 -31 -32 -33 33 -35 42 -37 -38 -39 -40 -41 -42 -43 -44 44 46 -47 47 -49 49 -51 -52 -53 -54 -55 -56 -57 -58 -59 -60 -61 -62 -63
leaf_value=0 -2.0998713783779469e-05 0 0 0.0079737286351763813 0 0.013663260847253856 0.010978970765801644 0 0 0.13246598637538615 0 0.00030466543467256516 0.032274832669568231 0 0 0 0.014493988277465564 0.014254928340433893 -0.0007299725608469255 0.066849532616098523 0.01636876639670426 -0.00060532128152177575 0 -0.0009610460627156093 0 0 0.013060913815810295 0 0 -0.00043479707448909057 -0.0053639335210388332 0 -0.001009822107218794 0.023000164047210371 0.034005114354910625 0 -0.0014968423480959505 0 0 0.00010950533539236239 -1.1390595906979329e-05 6.1917264460081842e-05 0.060616851480098412 0 8.9493045393066739e-05 0 0 -0.00094428736602822924 0.00026571724368367188 -0.001364661373724474 -0.00098291727956633821 0.00015441222887543416 1.8144158859688379e-07 0.01158180196682408 -0.0007299725608469255 0.4518920701786841 0 0 0.01322244644093622 0 0.015103458389078551 0.030016813033494461
leaf_weight=164745.8623046875 471.22878241539001 93875.305466771126 13571.77513885498 9633.7044862918556 69610.488336443901 19481.954423904419 31533.452807426453 113832.86138880253 3224.18616530695 9636.8338158130646 4397.8898391723633 184.64715385437012 7609.9381984472275 41316.939734458923 3752.8425142765045 49275.331577062607 50364.664803821594 29306.343196868896 5951.2544705867767 5203.3281896341359 7396.2051391601562 5255.6573047637939 37296.432861328125 71547.451130598783 3863.8685836791992 1580.4425201416016 14963.883913040161 113676.09002590179 39412.9541015625 20119.767448663712 10883.359250068665 75892.693115234375 15011.721298217773 15047.974670410156 53471.758331298828 1572.6838836669922 3313.9866790771484 127360.29296875 79550.936309814453 7482.9124069213867 2309.3374471664429 407.64005398750305 14886.746185302734 2308.2014147043228 386.76708030700684 76972.776325464249 459.81993281841278 1942.6466383934021 1379.2390512228012 1538.5093994140625 1570.5785982608795 1385.5536607801914 260.45044708251953 22793.532263971516 9700.5805053710938 4073.3945655822754 52034.149169921875 31173.240333557129 44006.872368454933 1874.0487512350082 39164.781005859375 22879.91796875
leaf_count=183874 686 118895 25989 31146 104764 40163 94915 180519 6126 106402 6944 334 30981 65608 7146 82160 162233 75366 10351 35139 21412 9261 46840 134732 6277 2721 37622 159555 57495 36626 36069 106979 29012 34603 228343 2859 6292 219372 98663 15829 4053 577 80868 3669 562 109342 631 3116 2254 2820 3010 2503 465 97858 19258 105887 61971 66200 144952 3420 138784 87355
internal_value=0.0096934 0.010976 0.0125966 0.00669153 0.0133225 0.00217207 0.00949464 0.014487 0.00726959 0.0112432 0.0131829 0.00368996 0.00656985 0.0134938 0.0106547 0.0113609 0.0106372 0.00656606 -0.000923009 0.00836125 0.00134262 -0.00659457 0.00598306 0.000149908 0.0151412 0.00874091 0.00368071 0.0143479 0.00994341 -0.000365498 0.00320734 0.00999772 0.000377426 0.003316 0.0117411 0.0156635 0.00258767 0.0165412 0.00872869 0.0063257 -0.00146456 0.0151682 0.0133545 0.0131227 0.00596649 0.0134116 -0.00445681 -0.0083597 -0.000759583 0.00544621 0.0100485 0.0171717 0.0308986 0.00771222 -0.00350543 0.0196584 0.00543313 0.000116128 0.00894221 0.0158601 0.0074337 0.0102352
internal_weight=1.76519e+06 1.23676e+06 860499 528427 808358 202285 326142 507245 376265 204112 310274 9838.19 122030 300436 69479.9 301114 190402 63752.2 19404.7 79613.7 52141.2 5440.3 254076 138532 50075.2 8758.3 34445.8 230956 122188 127861 42416.8 169768 107741 30059.7 141603 117280 4894.43 196971 82775.1 10671.1 3188.21 878.869 68358.5 131346 5097.44 126248 2789.23 2402.47 77681.8 6134.33 4595.82 3025.24 1639.69 74410.3 15651.8 13710.2 216780 44745 51616.8 115707 48798.5 73244.6
internal_count=3599858 1798605 1343636 1801253 1230035 420321 1380932 804681 454969 941018 480545 16539 439914 464006 117653 425354 728729 153151 36755 308930 113601 9595 292685 267170 80898 15290 77785 346353 162284 246025 130984 225874 209399 63615 558799 186798 9013 324136 104789 21145 5316 1263 309211 199480 7978 191502 4309 3747 145784 11052 8232 5222 2719 273791 29609 212289 245845 92189 175933 183939 169930 249588
cat_boundaries=0 1 2 3 4 5 6 7 8 9
cat_threshold=33296 41793 33280 15397 13349 33616 15968 33280 13476
is_linear=0
shrinkage=0.05


Tree=27
num_leaves=63
num_cat=0
split_feature=12 32 32 147 30 24 13 109 124 28 48 40 46 12 17 24 13 32 48 80 12 24 146 24 24 39 39 24 101 40 108 13 16 48 147 9 13 40 24 40 100 65 67 12 75 147 107 114 59 147 146 20 32 147 48 13 56 14 24 20 145 30
split_gain=3092.01 2977.58 2744.46 2486.85 760.551 711.403 542.833 537.74 518.54 347.458 1797.73 307.215 298.743 296.942 270.415 243.759 217.582 207.543 197.871 197.1 192.875 181.092 177.549 165.508 164.386 164.332 159.749 155.597 255.613 218.63 148.1 145.459 197.132 163.85 205.498 258.991 144.933 158.672 148.866 142.15 141.826 138.951 135.767 123.439 123.266 120.099 108.903 107.816 104.159 107.61 113.44 98.0374 121.837 118.541 171.776 95.8272 93.2742 113.128 92.8231 92.451 92.2285 105.417
threshold=2.1666666269302373 485.50000000000006 4473.0000000000009 3.3000000715255742 886.50000000000011 2645.0000000000005 0.58333334326744091 269.50000000000006 603.50000000000011 2315.0000000000005 5039.5000000000009 8910.0000000000018 3984.5000000000005 0.83333334326744091 9.5000000000000018 1961.0000000000002 3.0833333730697636 485.50000000000006 4231.5000000000009 37780.000000000007 1.1666666865348818 1329.5000000000002 4.5000000000000009 4054.5000000000005 2645.0000000000005 0.86391466856002819 0.82969802618026745 911.50000000000011 569595808.00000012 7429.0000000000009 263.50000000000006 0.75000000000000011 3.5000000000000004 5039.5000000000009 1.6000000834465029 3.5000000000000004 2.0833333730697636 8347.0000000000018 416.50000000000006 4334.0000000000009 763662976.00000012 305893.50000000006 5.5000000000000009 0.83333334326744091 939.50000000000011 3.3000000715255742 1.0000000180025095e-35 1037.5000000000002 1150473.0000000002 6.80277442932129 4.1666667461395273 4.5000000000000009 2435.0000000000005 2.6000477075576787 4763.5000000000009 1.9166666865348818 1317867.0000000002 21.500000000000004 87.500000000000014 1.0000000180025095e-35 1.5000000000000002 8115.0000000000009
decision_type=2 2 2 2 2 2 2 2 2 2 2 2 2 2 2 2 2 2 2 2 2 2 2 2 2 2 2 2 2 2 2 2 2 2 2 2 2 2 2 2 2 2 2 2 2 2 2 2 2 2 2 2 2 2 2 2 2 2 2 2 2 2
left_child=1 6 4 5 13 16 19 43 11 31 18 15 23 40 25 -5 17 47 -11 46 -20 -13 -17 -7 -22 -10 -16 28 42 51 -4 -9 45 -34 35 -35 -15 -38 -39 -24 -3 -12 -19 -6 -41 -33 -1 -2 49 50 -27 -29 53 54 -53 -43 57 -28 -21 -14 -32 -62
right_child=3 2 30 8 7 12 -8 9 14 10 41 21 59 36 26 22 -18 27 20 58 24 -23 39 -25 -26 48 56 29 -30 -31 60 32 33 34 -36 -37 37 38 -40 44 -42 55 -44 -45 -46 -47 -48 -49 -50 -51 -52 52 -54 -55 -56 -57 -58 -59 -60 -61 61 -63
leaf_value=0 8.7757916509594665e-05 0 0.045124999999999998 0.010214596253677856 0 -0.012303241928408615 0 0 0.0096919377962268582 0 0 0.012279298422691588 0.013635899139836672 0 -0.034078384807096553 0.011197024460432603 0.014894110706096864 0.0002384498377641565 0 0 0 0.041901595013435378 0.0059228264357177986 0.012853612087276478 -0.0014220002306911562 0.012359680151016229 0.15756317390324914 -0.0010226180973160527 -0.0010979780168540955 0.025533255442001513 0 0 0 -0.0005750552174456858 0 0 0 0.00079926071885424999 -0.0010998979160480426 0.039748704411494057 0 -0.00069347393280457805 2.205609845656875e-06 0 0.018376758940856532 0 0 3.9217649093464817e-05 0.0081082979577685073 0.081789031417621866 0.029975849899812435 0.00023221009031214343 -0.0012964283050382554 -3.0329785510081368e-05 0.00015344814565415002 -0.0007698526449015586 0.34915089914606784 0.53257979233614849 0 0.013007855717598571 0.013294078076869043 0.038887582773437492
leaf_weight=3650.0014709155075 1425.2966348081827 94055.762947797775 2161.0876159667969 39651.927576065063 69699.167955636978 14989.905807495117 81503.889551639557 78913.860965549946 6769.9910926818848 43950.325355991721 7684.4272831678391 22385.592746734619 16483.440402984619 125428.41800688952 673.10833358764648 53293.108124651015 19291.489492893219 1068.0629399865866 3893.6367034912109 79944.794303894043 1837.4082946777344 46356.718044281006 20446.369097791612 18442.928634643555 3761.4890441894531 15054.903489410877 5120.7548828125 60976.750992551446 22266.893814086914 27004.657173156738 28459.207103729248 134712.81586774066 7942.0709609985352 3723.09716796875 7043.749641418457 1654.9936065673828 2413.2226791456342 210.72218501567841 3322.3002148866653 21595.21372795105 76192.328247070312 7738.6090903133154 1343.5787296295166 127544.0068359375 30339.6617603302 1987.4894288741052 79767.428375244141 6922.8697738647461 2407.6594924926758 21096.615346908569 25708.551014602184 1299.9766374528408 1590.3845484256744 1954.1242752075195 997.92591513693333 5569.1824776083231 1895.5468230247498 1957.8272271156311 131477.22021484375 18134.603008270264 18886.677829742432 2569.2833099365234
leaf_count=6628 2246 119004 8219 96946 104879 30090 110120 107156 27158 69775 14798 64130 42627 189028 7143 144701 43439 1752 6312 87966 3141 229367 78505 43667 7100 45900 61118 113689 39138 57700 55529 210026 12394 6362 13005 2805 4054 413 6211 107102 107343 13675 2144 219592 134598 3181 97992 11789 17173 145071 98225 2104 2912 3656 1779 11340 49931 51286 152485 44497 41139 8542
internal_value=0.00961917 0.0109866 0.0126077 0.00641938 0.0133236 0.00226338 0.00727642 0.0145052 0.00924755 0.0132079 0.0102289 0.00805594 0.00648612 0.0113349 0.0127043 0.00688777 0.000297014 -0.000455324 0.0150989 0.00627795 0.00855066 0.0108653 0.00796622 0.00311477 0.00260561 0.0116373 0.0205599 -0.000992169 -0.00452481 -6.29046e-05 0.00148162 0.0141474 0.0150276 0.0104369 0.00684952 -0.000509501 0.013121 0.00549162 -0.00125763 0.00635334 0.00995662 -0.00216904 0.0109353 0.0165468 0.00774369 0.0157114 0.00833619 0.00716421 0.0124178 0.012815 0.011314 -0.00159735 0.00458942 0.00900555 0.016703 -0.00526029 0.022322 0.0249608 0.00546582 0.00974181 0.000926632 0.00340192
internal_weight=1.76665e+06 1.2377e+06 861355 528946 809279 214193 376343 507656 314754 310413 74435.1 234069 68050.9 301623 80685 165326 146142 126851 53442.9 294839 9492.53 68742.3 125674 33432.8 5598.9 71037.7 9647.24 118502 24678.5 93823.8 52076.3 235978 157064 20363.9 12421.8 5378.09 131375 5946.25 3533.02 72381.2 170248 20992.2 2411.64 197243 51934.9 136700 83417.4 8348.17 64267.7 61860.1 40763.5 66819.2 5842.41 4252.03 2297.9 13307.8 8974.13 7078.58 211422 34618 49915.2 21456
internal_count=3601797 1800214 1345023 1801583 1231594 443229 455191 805541 1358354 481070 126141 855349 160881 426053 503005 561852 282348 238909 86328 345071 16553 293497 464906 73757 10241 333527 169478 224874 43034 181840 113429 354929 247773 34566 22172 9167 199706 10678 6624 320205 226347 39813 3896 324471 241700 213207 104620 14035 306369 289196 144125 124140 10451 7539 3883 25015 162335 112404 240451 87124 105210 49681
is_linear=0
shrinkage=0.05


Tree=28
num_leaves=63
num_cat=7
split_feature=12 28 32 13 24 13 75 20 12 13 3 32 24 28 48 3 109 48 12 145 39 3 109 24 39 106 95 13 16 36 124 24 3 48 90 3 56 88 100 145 9 13 100 113 13 40 94 12 20 13 32 145 48 12 35 33 13 135 3 3 30 24
split_gain=3405.69 2955.18 3085.68 2060.86 917.108 721.872 638.012 434.73 382.461 358.408 331.275 301.962 258.836 357.668 1866.41 285.381 232.594 190.19 193.073 189.441 173.432 161.956 180.555 161.35 160.372 151.754 161.868 148.217 148.554 146.317 141.382 136.641 132.129 131.094 160.767 144.989 128.012 123.16 121.607 117.311 167.993 116.973 115.452 114.053 180.593 198.266 113.983 111.797 111.356 134.697 124.541 122.435 243.385 197.148 137.054 109.543 105.341 111.336 103.724 96.1783 93.4926 90.2127
threshold=2.1666666269302373 503.50000000000006 4473.0000000000009 3.0833333730697636 2645.0000000000005 0.58333334326744091 1.0000000180025095e-35 1.0000000180025095e-35 3.5000000000000004 9.7500000000000018 0 1205.0000000000002 911.50000000000011 2315.0000000000005 5039.5000000000009 1 387.50000000000006 4231.5000000000009 1.1666666865348818 3.5000000000000004 0.88890627026557933 2 118.50000000000001 2645.0000000000005 0.96368896961212169 442.50000000000006 1.0000000180025095e-35 0.75000000000000011 3.5000000000000004 1.0000000180025095e-35 603.50000000000011 178.50000000000003 3 5039.5000000000009 99014.335937500015 4 284471.50000000006 5661513.7500000009 618204352.00000012 3.5000000000000004 3.5000000000000004 2.0833333730697636 618204352.00000012 978.50000000000011 2.0833333730697636 8347.0000000000018 336534448.00000006 4.1666667461395273 4.5000000000000009 2.0833333730697636 2435.0000000000005 3.5000000000000004 5039.5000000000009 2.8333333730697636 7.5000000000000009 456.50000000000006 5.7500000000000009 39.500000000000007 5 6 3948.5000000000005 2645.0000000000005
decision_type=2 2 2 2 2 2 2 2 2 2 9 2 2 2 2 9 2 2 2 2 2 9 2 2 2 2 2 2 2 2 2 2 9 2 2 9 2 2 2 2 2 2 2 2 2 2 2 2 2 2 2 2 2 2 2 2 2 2 9 9 2 2
left_child=1 5 6 4 8 10 11 9 21 20 31 42 43 27 17 -16 38 -15 -19 -4 -5 -2 55 -20 59 26 -12 -14 61 -26 -18 -1 46 -30 -35 -36 60 -34 -6 40 -37 -17 -3 -8 -45 -46 -11 -38 49 -24 51 52 53 54 -50 -23 57 -49 -7 -9 -22 -29
right_child=3 2 19 7 16 58 12 24 -10 32 25 -13 13 14 15 41 30 18 23 -21 36 22 48 -25 29 -27 -28 28 33 -31 -32 -33 37 34 35 39 47 -39 -40 -41 -42 -43 -44 44 45 -47 -48 56 50 -51 -52 -53 -54 -55 -56 -57 -58 -59 -60 -61 -62 -63
leaf_value=0 -0.00023664196160591664 0 0 0.011435210931459184 0.01168791110570463 0 0 0.011117198032013709 0.01005802082008066 0.086670647713900151 0 0 0 0 0 -0.00071671163993431992 0.010370477947309898 0 0 0.013461469548602967 0.022600363859406603 8.672076100625371e-05 -0.00097357336428008931 -0.0013509002191566034 0.012169502830040391 0 0 0 0 0.065008563173973771 0.012109010685405397 0 0.074641493016691027 0 0.00032223449837410215 -0.00054630245657339988 0.011781328009011561 0.19920285378165759 0.017586062522171288 0 0 0.038396686061748148 0 0 0 -0.0010449030202456355 0.16438918195827626 0.011752378761716309 -0.0017181155435327122 0.00019702489067402885 -0.0012369418060510396 -0.00081350479862777334 0.00017623351868875455 -0.00073124795724851535 0.000259433890867533 0.0048236625724545797 0.045456957399252887 0.043149608316887904 0 -0.00044948257683496973 0.060321406350901198 0
leaf_weight=161068.44437490008 22381.462041854858 34295.606059402227 46837.832214355469 24135.462351888418 29145.030700683594 71607.14293281734 68435.866965919733 19036.836302995682 37253.164855957031 5448.9542892463505 3630.7785558700562 150404.03295898438 97900.868030846119 45714.937905758619 4250.9792065620422 11868.832761317492 30021.917007446289 4070.9862594604492 1915.8664932250977 5464.2764282226562 21855.701956659555 9385.6322734355927 22139.226425170898 3887.6197738647461 42854.247417021776 1706.4524345397949 47238.605358123779 141011.80414316058 9092.10888671875 6652.9232677926775 15170.099243164062 130378.95104598999 7064.5543679706752 8458.455867767334 276.94561576843262 3814.508386939764 26971.429238796234 2325.1484375 22243.527725219727 1027.4133768081665 976.911158233881 5845.2300872504711 56938.616027832031 75290.278518293053 1742.9386447928846 3258.4722900390625 8416.8652267456055 25969.207003355026 106.21573966741562 35062.612762451172 1378.8052921295166 1697.9931692481041 1647.1114193201065 345.41629791259766 1052.3914136886597 49001.897594451904 27421.15149474144 10147.010009765625 37769.31321811676 11156.53117442131 10773.921131134033 1983.7130737304688
leaf_count=180911 40296 44972 97818 81812 79858 93560 86243 63072 92968 47995 8389 254896 138190 72877 8283 21415 66450 6648 3280 16105 78003 19637 38721 7407 170005 3234 63109 221229 14603 49868 39536 155946 88907 16379 499 6637 71794 43063 73858 1851 1679 12212 85614 106130 2968 5984 101247 86670 177 68741 2515 3319 2936 610 1681 99069 145367 46991 58023 39680 55981 3731
internal_value=0.00953408 0.0109681 0.0128248 0.00617289 0.00321013 0.00775441 0.0136626 0.0094648 0.00111503 0.0108896 0.00662942 0.0157659 0.0126271 0.0133843 0.010398 -0.00194136 0.00714625 0.0152737 0.00897913 0.00109174 0.00997858 -5.17059e-05 0.000666605 0.00312187 0.00641612 0.0102838 0.0107778 0.0142598 0.0151672 0.00816776 0.00452942 0.00596959 0.0166585 0.0114947 0.00855095 0.00235946 0.0107383 0.0120263 0.00944737 0.000641008 -0.00264487 -0.00473308 0.0134961 0.0108855 0.0121641 0.00296198 0.0197715 0.00976998 -0.00118014 -0.00187149 0.0051685 0.00893912 0.0147707 0.0293091 0.0391899 0.00267303 0.00862465 0.00685012 0.0112928 0.00354376 0.0134238 0.0157744
internal_weight=1.76643e+06 1.23816e+06 784765 528262 278033 453400 732463 250230 181452 170529 344023 241638 490825 342097 77554.5 21965 96580.6 55589.4 9874.47 52302.1 147274 144199 121817 5803.49 79700.5 52575.8 50869.4 264543 166642 49507.2 45192 291447 23255.5 23646.3 14554.2 6095.78 123138 9389.7 51388.6 5818.83 4791.42 17714.1 91234.2 148728 80291.7 5001.41 13865.8 90508.8 63429.8 57201.8 6227.93 4849.13 3151.13 1504.02 1158.61 58387.5 63537.4 36116.2 109376 30193.4 32629.6 142996
internal_count=3601649 1800822 1237650 1800827 630372 563172 1123727 1170455 370670 847830 411589 385482 738245 536920 132122 41910 259702 90212 17335 113923 566618 277702 237406 10687 322625 74732 71498 404798 266608 219873 105986 336857 281212 41648 27045 10666 484806 131970 153716 10167 8316 33627 130586 201325 115082 8952 149242 350822 118700 107462 11238 8723 5404 2468 1858 118706 279028 133661 151583 102752 133984 224960
cat_boundaries=0 1 2 3 4 5 6 7
cat_threshold=33561 41793 33664 6021 33280 33553 15373
is_linear=0
shrinkage=0.05


Tree=29
num_leaves=63
num_cat=0
split_feature=146 28 32 147 24 146 75 124 17 21 48 80 32 146 28 48 44 24 100 32 24 21 35 20 48 24 100 24 110 24 146 24 100 37 24 36 142 61 100 48 27 65 48 31 64 32 147 65 132 43 27 20 77 111 112 100 147 147 83 97 19 21
split_gain=3852.82 2939.72 3090.21 2004.23 757.603 642.139 639.724 435.414 340.746 311.3 405.501 298.292 297.357 275.421 294.855 1575.7 267.789 255.274 247.621 215.073 213.511 199.141 193.237 192.749 185.414 174.829 165.903 164.171 160.735 156.786 148.541 154.908 147.379 145.174 141.611 127.797 132.213 136.386 111.78 111.056 110.605 107.149 106.03 105.213 105.088 104.369 113.163 102.606 99.4125 98.166 96.4273 95.1341 95.0748 93.1132 92.6101 92.2773 90.111 87.4418 103.901 149.484 86.0508 87.2303
threshold=2.1666666269302373 503.50000000000006 4473.0000000000009 3.3000000715255742 2645.0000000000005 0.83333334326744091 1.0000000180025095e-35 360.50000000000006 12.500000000000002 -3.4999999999999996 5039.5000000000009 37780.000000000007 1205.0000000000002 0.5000000149011613 2315.0000000000005 4231.5000000000009 4137.0000000000009 1190.5000000000002 1227620864.0000002 485.50000000000006 1190.5000000000002 3.5000000000000004 7.5000000000000009 1.0000000180025095e-35 5039.5000000000009 4487.5000000000009 802368608.00000012 1464.5000000000002 819.16665649414074 2645.0000000000005 1.1666666865348818 2645.0000000000005 618204352.00000012 342.50000000000006 178.50000000000003 1.5000000000000002 7.5000000000000009 118489.75000000001 618204352.00000012 9929.5000000000018 199.50000000000003 305893.50000000006 3986.0000000000005 927.14965820312511 1317867.0000000002 1205.0000000000002 5.3999998569488534 57728.000000000007 0.39997261762619024 3922.5000000000005 1.0000000180025095e-35 1.0000000180025095e-35 2948.4167480468755 756.25000000000011 649.50000000000011 618204352.00000012 1.450000047683716 2.6000477075576787 7.5000000000000009 1.0000000180025095e-35 5.5000000000000009 -1.4999999999999998
decision_type=2 2 2 2 2 2 2 2 2 2 2 2 2 2 2 2 2 2 2 2 2 2 2 2 2 2 2 2 2 2 2 2 2 2 2 2 2 2 2 2 2 2 2 2 2 2 2 2 2 2 2 2 2 2 2 2 2 2 2 2 2 2
left_child=1 5 6 4 18 11 12 23 22 10 49 -1 38 45 17 -16 25 -15 19 50 -20 54 26 39 30 -6 53 55 43 -19 -17 -32 -29 -25 -13 -35 37 -37 -3 -5 -12 -26 -31 -24 -10 -11 -47 -42 -28 -8 -2 -18 -44 -9 -4 57 -7 58 59 -21 -60 -62
right_child=3 2 21 7 16 56 9 8 44 13 40 34 -14 14 15 24 51 29 20 27 -22 -23 28 33 41 -27 48 32 -30 42 31 -33 -34 35 -36 36 -38 -39 -40 -41 47 -43 52 -45 -46 46 -48 -49 -50 -51 -52 -53 -54 -55 -56 -57 -58 -59 60 -61 61 -63
leaf_value=0 7.1894380426468227e-05 0 0 0.011153714085550393 0.011047285882421454 0 0 0.018846165340644018 0.2650731444483011 0 0.00013112863065487535 0 0 0 0 0 0.012305336091239261 0 1.5661371048847251e-05 9.856410527400719e-05 0.020915577228085003 0.012312863195595436 0.011395217212767039 0.00750409432919964 0 0.011246663623290465 0.042805446810786796 -0.0010482935768538471 0.039419277864038718 0 0 -0.0012833552081987776 0.016923262913425764 0.009976608161250811 0 -0.0059250064774913442 -0.0030933523903565519 0.059806647374769296 0 0.025919088380569888 0.00017070576511623583 -0.00062296465416763482 0.090459175310412823 -0.00048219781657454774 0.34477676935108609 0 -0.001827562500000013 -0.00051898733374472483 0.074710770635394219 9.7401996756996126e-05 1.9798069027800991e-05 0.011551877017736235 -1.1425147952104364e-05 0.070508408701442926 0 -0.0010354835115399697 0 -0.0010189954437187082 0.00031590562601726548 -0.0010929152712029766 0.00086293014174754776 -0.00099372775940425044
leaf_weight=114168.09199055913 1445.3066298365593 34386.415703296661 14386.769418239594 70993.476745605469 20132.518093109131 62297.271026611328 2892.1670722961426 41314.963521122932 5037.6217631101608 61213.130149364471 259.16970992088318 139616.83539199829 150422.35595703125 145713.97645352781 35528.992530122399 2852.4749374389648 15581.435917854309 145956.68857288361 25002.756935119629 3053.270699441433 15967.925476074219 4668.9597473144531 30123.207321166992 45724.805725097656 6978.8749746084213 15298.78995513916 14880.741584777832 21951.020372390747 21624.236328125 1895.9404277801514 1779.7188720703125 3716.5079956054688 36622.824048995972 20643.364428303204 96096.997386932373 908.79717264510691 1370.3281134357676 6491.823518037796 56691.895843505859 31363.339233398438 164.29365208745003 12200.651699662209 266.65516021847725 6216.840087890625 2236.9701385498047 61508.915462970734 557.70868253707886 4333.1090295016766 12251.029388427734 454.09841156005859 1018.9203672409058 17030.82114315033 2766.2582137286663 3190.595555305481 33141.870443820953 33162.282897949219 41139.293914794922 4061.96630859375 1035.6654348373413 1423.0456193685532 517.22295808792114 496.45455980300903
leaf_count=146891 2277 45175 28034 237924 41201 81412 4395 176206 92040 77587 434 155644 254852 207857 57788 4707 40460 231796 47792 5043 37165 14258 110211 125551 13662 37270 75796 39860 109472 3307 3065 7062 75881 69732 115471 2794 4164 35879 85340 134541 256 23394 943 26644 60161 87695 1166 7420 77088 732 1645 41794 5721 18988 71443 59524 63725 7103 1595 2290 816 793
internal_value=0.00943402 0.0109593 0.0128111 0.00585866 0.00212379 0.00775365 0.0136487 0.00839869 0.0105178 0.0126124 0.00289224 0.0067304 0.0157557 0.0127754 0.0134746 0.0103692 0.00647997 0.0141348 9.01664e-05 -0.00119843 0.00338601 0.00105684 0.00992657 0.00676451 0.00138969 0.00347035 0.0116634 -0.00155002 0.00777983 0.0155765 0.00760912 0.00280282 0.000180776 0.00484121 0.00571428 0.00758148 0.012638 0.0152794 0.0135005 0.00817631 -0.00648852 -0.00131745 0.006803 0.00574835 0.0210481 0.0107356 0.0121808 -0.00832051 0.0147457 0.0162271 0.0133966 0.00974949 0.00100239 0.00978417 8.87262e-05 -0.00386737 0.0112148 0.000196156 0.00378149 -0.000486626 0.0131045 0.00274003
internal_weight=1.76623e+06 1.23806e+06 784738 528174 213802 453318 732540 314372 136876 491039 8102.84 349882 241501 482936 359657 63057.2 68043.6 296600 145759 104788 40970.7 52197.6 129602 177496 27528.2 35431.3 71637.3 102324 57964.3 150886 8348.7 5496.23 58573.8 75139.1 235714 29414.3 8770.95 7400.62 91078.3 102357 4756.57 19179.5 4928.85 36340 7274.59 123280 62066.6 4497.4 27131.8 3346.27 2464.23 32612.3 3032.91 44505.6 47528.6 43749.9 103437 10587.6 6525.66 4476.32 2049.34 1013.68
internal_count=3600932 1801232 1238089 1799700 442509 563143 1124354 1357191 746606 738987 13237 418006 385367 725750 559302 109678 160725 449624 281784 196827 84957 113735 594405 610585 51890 78471 348078 192905 246327 241767 14834 10127 115741 238120 271115 112569 42837 38673 130515 372465 8110 37056 9971 136855 152201 166448 88861 7676 152884 5127 3922 82254 6664 195194 99477 77164 145137 17640 10537 7333 3204 1609
is_linear=0
shrinkage=0.05


Tree=30
num_leaves=63
num_cat=6
split_feature=12 32 32 147 32 83 24 24 3 28 48 41 146 3 10 48 100 32 41 14 3 124 146 23 48 146 16 10 35 24 24 44 112 24 3 48 12 16 3 124 48 17 56 147 12 24 16 35 45 56 83 20 32 100 12 35 23 24 16 48 3 107
split_gain=4189.34 2969.43 2943.92 1819.46 747.145 561.48 555.977 553.223 517.056 373.491 1842.28 359.026 333.153 280.155 275.662 350.898 248.561 229.029 225.577 223.658 211.73 199.058 223.542 198.416 186.174 192.046 179.492 165.521 300.743 165.252 163.771 306.432 162.94 245.385 159.345 200.263 155.648 152.888 143.745 175.532 142.702 123.686 118.246 120.301 113.592 110.414 106.112 104.161 102.109 101.806 98.1897 96.2171 134.536 127.561 141.575 121.157 129.863 94.1651 92.0508 90.0195 86.1869 84.7071
threshold=2.1666666269302373 485.50000000000006 4473.0000000000009 3.0278023481369023 1205.0000000000002 5.5000000000000009 2645.0000000000005 1961.0000000000002 0 2315.0000000000005 5039.5000000000009 6864.0000000000009 0.83333334326744091 1 3.5000000000000004 5039.5000000000009 1435613376.0000002 485.50000000000006 3973.5000000000005 7.5000000000000009 2 825.50000000000011 4.5000000000000009 1.3044674992561343 4231.5000000000009 1.1666666865348818 1.5000000000000002 3.5000000000000004 5.5000000000000009 2645.0000000000005 911.50000000000011 7162.3332519531259 856.50000000000011 2645.0000000000005 3 5039.5000000000009 3.1666666269302373 1.5000000000000002 4 1306.5000000000002 5301.0000000000009 16.500000000000004 1138936.0000000002 6.00000023841858 1.1666666865348818 4487.5000000000009 4.5000000000000009 5.5000000000000009 4500.3334960937509 1138936.0000000002 9.5000000000000018 4.5000000000000009 2435.0000000000005 618204352.00000012 2.8333333730697636 7.5000000000000009 0.9476255774497987 911.50000000000011 1.5000000000000002 3508.5000000000005 5 1.0000000180025095e-35
decision_type=2 2 2 2 2 2 2 2 9 2 2 2 2 9 2 2 2 2 2 2 9 2 2 2 2 2 2 2 2 2 2 2 2 2 9 2 2 2 9 2 2 2 2 2 2 2 2 2 2 2 2 2 2 2 2 2 2 2 2 2 9 2
left_child=1 8 4 6 12 58 17 16 26 14 24 21 40 -12 32 -16 36 -2 45 -13 -17 22 -9 59 -11 -26 -1 -14 -29 -27 -19 51 -7 46 48 -36 -5 61 39 -23 -3 49 43 -24 -15 -8 -34 -22 -30 -21 -40 -32 53 54 55 -53 60 -18 -6 -4 -57 -10
right_child=3 2 23 7 5 9 18 11 37 10 13 19 27 44 15 20 57 30 -20 41 47 38 42 -25 25 29 -28 28 34 -31 31 -33 33 -35 35 -37 -38 -39 50 -41 -42 -43 -44 -45 -46 -47 -48 -49 -50 -51 -52 52 -54 -55 -56 56 -58 -59 -60 -61 -62 -63
leaf_value=0 4.321588496683515e-05 0 0 -0.0013234754893011657 0 0 -0.012694501329760455 0.0099233740058331747 0 0 0 0.02498213906337883 0 -0.00066665853886405113 0 0.000320982726900243 0.0098480830595038659 -0.00081003666175625275 0.011537627144244323 0.090469845125479953 0.00011221140406691422 0.029981756537265848 0.0078325701780014526 0.013352743501862264 0 0 0 0 -1.0162403395164166e-05 -0.0012191874477888388 -0.00094277798721831285 0.018934188387194628 0 1.2414130290960834e-06 0 -0.00087112363103958312 0.0085435622380837014 0 0.039597738874460303 0.094472773736239912 0 0.43411512367544802 0.0038160785093463326 0.034421281361936562 -0.00059181642145925703 0.010615139582596656 0 -0.00049303796705748584 0.00016217047686042376 0.054736706001277072 0.0080753244864981265 -1.6126101416436001e-05 -0.0011226800369057988 -0.00025522165109326256 -0.00091822074919900923 -0.00035723129029696654 -0.00078057267117571764 0.016314648445940327 0 0 0.00026280932615904343 0
leaf_weight=191982.79713439941 7681.8662414550781 94567.564544677734 26415.328806042671 14482.121909379959 42712.627838134766 92776.479942023754 15355.223808288574 66467.800640821457 2458.593556531705 45781.061168968678 4257.8814702033997 49792.741758346558 152337.51377105713 6315.5044875144958 2696.0227680206299 212.99715900421143 13327.325317382812 23625.899375915527 27357.152153015137 17239.330463409424 126.50006723403931 10123.72465133667 24169.490558862686 7489.4207458496094 4093.6500377655029 1868.9171295166016 61602.459701538086 2621.0377044677734 124.95119333267212 3832.3159027099609 58084.386802554131 28947.810115814209 124726.43947315216 3242.9912080764771 585.24244403839111 2503.8473043441772 46748.785912275314 49306.715148925781 18107.022914886475 5327.304931640625 97158.782592773438 2663.8440914154053 20418.950576782227 26358.865592002869 11404.679962158203 11444.552490234375 2653.9169158935547 3772.7083477973938 362.55992650985718 6890.7495803833008 7590.2316284179688 378.52639895305037 1467.6604741513729 1592.3959967792034 358.46520018950105 81.509517312049866 225.89803719520569 20976.453491210938 108855.23828125 18287.226034045219 974.760382771492 70695.824737548828
leaf_count=216435 12909 117434 51543 28854 65758 130668 30937 175359 4473 72948 8300 188378 225434 11012 4080 365 35626 41571 67570 139119 230 45197 77395 21645 6707 3227 75579 4117 162 7302 108414 62742 201959 7071 818 3964 118313 71167 121621 38466 133267 70562 98634 139434 22656 27235 5370 6616 543 54516 38973 683 2650 2969 625 123 379 69709 192084 40590 1540 86999
internal_value=0.0093768 0.0109677 0.0125854 0.00564906 0.0133274 0.0146538 0.00152536 0.00773716 0.00726034 0.0134269 0.0104255 0.00895237 0.0115878 -0.00182868 0.014438 0.00452539 0.00449154 -0.000327892 0.00574882 0.0118164 -0.00466474 0.00772392 0.00681024 0.00107552 0.0152717 0.00901334 0.00597095 0.0132838 0.00527206 0.00307917 -0.000882852 6.96548e-05 0.01474 0.0158783 -0.00415559 -0.00835288 0.00258245 0.00992896 0.0107749 0.0145922 0.0101854 0.0155003 0.00485807 0.00615571 -0.00459575 0.00248817 0.0162241 -0.00734955 0.0221291 0.0143705 0.00847026 -0.00188263 0.00471597 0.00990371 0.0182471 0.0243979 0.0317334 0.00789897 0.017145 -0.000186274 0.0390894 0.008479
internal_weight=1.76609e+06 1.23783e+06 861783 528261 809591 459330 177576 350685 376046 307762 77554 255150 350261 21978.1 230208 6808.23 95534.7 123419 54156.9 76586.7 4112.21 178563 137415 52192 55575.9 9794.88 253585 158535 6197.64 5701.23 115737 92111.4 223400 130623 3576.6 3089.09 61230.9 122461 41148.3 15451 191726 26793.9 70947.3 50528.4 17720.2 26799.8 127380 3899.21 487.511 24130.1 25697.3 63163.6 5079.22 3611.56 2019.16 1660.69 1282.17 34303.8 151568 44702.6 1056.27 73154.4
internal_count=3601026 1800523 1345870 1800503 1232092 746353 360347 1440156 454653 488511 132152 1187654 485739 41968 356359 11291 252502 234605 125742 452575 7211 735079 490822 113778 90184 17236 292014 235038 9604 10529 221696 180125 345068 214400 5487 4782 147167 162639 244257 83663 250701 264197 315463 216829 33668 58172 207329 6846 705 193635 160594 117383 8969 6319 3350 2725 2042 105335 257842 92133 1663 91472
cat_boundaries=0 1 2 3 4 5 6
cat_threshold=33296 41793 33280 33280 1157 33280
is_linear=0
shrinkage=0.05


Tree=31
num_leaves=63
num_cat=0
split_feature=146 32 32 24 32 146 40 75 13 28 48 146 10 48 17 83 21 41 48 12 46 24 73 32 24 13 13 40 24 40 16 39 24 10 27 65 32 62 13 65 60 33 112 95 146 24 46 12 133 24 48 65 23 62 16 40 146 13 146 14 52 32
split_gain=4480.49 2991.42 2930.92 1569.91 741.265 731.409 563.016 558.721 543.498 386.987 1820.81 335.351 270.8 346.431 265.55 228.735 201.756 193.973 186.421 194.621 186.269 238.958 184.368 184.079 181.369 180.341 179.774 273.473 166.051 150.519 143.511 130.074 129.58 123.675 288.852 123.128 118.84 117.286 117.199 130.532 115.211 129.291 110.368 108.052 106.478 106.364 102.011 100.401 98.691 93.3112 90.3499 135.45 89.0604 87.4921 86.6862 85.127 84.1959 107.18 82.0338 81.9653 79.4293 120.88
threshold=2.1666666269302373 485.50000000000006 4473.0000000000009 2645.0000000000005 1205.0000000000002 3.1666666269302373 4881.5000000000009 939.50000000000011 0.58333334326744091 2315.0000000000005 5039.5000000000009 0.83333334326744091 3.5000000000000004 5039.5000000000009 14.500000000000002 4.5000000000000009 3.5000000000000004 5754.5000000000009 4231.5000000000009 1.1666666865348818 6898.0000000000009 1190.5000000000002 17758.500000000004 485.50000000000006 2645.0000000000005 0.91666665673255932 2.0833333730697636 8347.0000000000018 4054.5000000000005 4881.5000000000009 4.5000000000000009 0.78221485018730175 416.50000000000006 3.5000000000000004 199.50000000000003 305893.50000000006 485.50000000000006 39200.500000000007 8.2500000000000018 1196502.0000000002 1177300.6250000002 9851.0000000000018 649.50000000000011 1.0000000180025095e-35 2.8333333730697636 2645.0000000000005 11879.000000000002 4.1666667461395273 23.844706535339359 178.50000000000003 5039.5000000000009 57728.000000000007 0.27318796515464788 284471.50000000006 1.5000000000000002 5664.5000000000009 4.1666667461395273 5.0833332538604745 1.1666666865348818 2.5000000000000004 3.5000000000000004 2435.0000000000005
decision_type=2 2 2 2 2 2 2 2 2 2 2 2 2 2 2 2 2 2 2 2 2 2 2 2 2 2 2 2 2 2 2 2 2 2 2 2 2 2 2 2 2 2 2 2 2 2 2 2 2 2 2 2 2 2 2 2 2 2 2 2 2 2
left_child=1 8 4 5 11 20 28 54 22 12 18 29 25 -14 15 48 42 52 -11 -20 23 36 43 -2 -21 -9 33 -28 44 -3 45 -19 -29 55 -35 53 -22 -17 56 -40 41 47 -4 -1 -5 59 -33 -30 -8 -24 -36 -52 -7 -12 -6 -13 -39 -58 -37 -27 -25 -62
right_child=3 2 16 6 7 17 14 9 -10 10 35 26 13 -15 -16 37 -18 31 19 24 21 -23 49 60 -26 30 27 32 40 -31 -32 46 -34 34 50 58 -38 38 39 -41 -42 -43 -44 -45 -46 -47 -48 -49 -50 -51 51 -53 -54 -55 -56 -57 57 -59 -60 -61 61 -63
leaf_value=0 8.2513578650050823e-05 0 -0.00066470390384345548 -0.012116762753258226 0 -0.0085466242446577689 0.055879269763601185 0 0 0 0 0 0 -0.00046838606870460711 0.32128507922622973 -0.02699712769947963 0.011356262495067149 0.0017812011841151665 0 0 2.997686578770087e-05 0.019061682244864077 0 -0.00078597324519646961 -0.0011582280753993923 0 0 0.00069134904989218149 0.010010425390125045 0 0 0.0095304446637891182 -0.0009926578692333488 0 0 -0.00055848349451605996 -0.00087395104296443386 0.0099579019604461149 0.078345846346181233 0.013673645628835274 0.0085814054130698651 0.067047590325566203 0 0 0.0087311815366358791 0 0.019098781912478647 0.017723185899394523 0.018709915629244012 0 0.00011508131253148979 -0.00079072976518981266 0.0077358887669385481 0 0 0 0.01339123251380865 0.033661638896862113 -0.00056222560038629024 0 0.00011705116227830881 -0.001069735693120788
leaf_weight=2418.2577602916863 1529.7930800542235 86851.711791992188 14409.547653913498 13827.23300062865 44242.362529277802 4787.7923730611801 19181.071592498571 100782.06914967299 81494.237321928144 45570.650024086237 5317.1696434020996 55431.556408062577 2697.7305679321289 4037.3312911987305 5137.2166155092418 743.39385271072388 4604.4233703613281 7819.3447799682617 4051.5296058654785 1895.0141296386719 7427.6721796989441 27086.634155273438 149796.96171665192 72940.051236299798 3887.4347839355469 109421.86161330342 3430.0380114167929 193.06148147583008 28554.015405423939 104919.67126464844 3347.2810745239258 60506.325416564941 4343.596019744873 2665.378155708313 603.09089183807373 5135.4190521240234 25658.614807605743 38108.877658784389 18679.967353343964 3323.33154296875 19748.461408615112 6663.109375 33091.662764787674 63510.539037704468 27110.175446636975 1836.9451838731766 23061.827850341797 27513.455070726573 6664.7720642089844 79265.712890625 222.56782512366772 1926.5551893264055 30747.18798828125 2547.6145782470703 112507.88793945312 89651.054454803467 20814.898603498936 26466.741956710815 8827.0692749023438 2613.3685722351074 2710.1897537801415 1083.9946322441101
leaf_count=4733 2464 107558 27983 27885 68253 9903 103408 144808 110028 72485 10238 76000 4043 7061 118884 2560 14179 21768 6640 3242 13062 60754 167808 135031 7382 176604 5724 344 73916 143450 6404 173418 8093 4134 819 9020 49097 104025 147919 27282 96485 47653 71437 78805 72095 3586 81953 114531 33227 93768 322 2947 76190 4896 198765 136634 74923 124442 17536 4617 4791 1932
internal_value=0.00933127 0.0109764 0.0126019 0.00547457 0.0133422 0.00276241 0.00821587 0.0146648 0.00725868 0.0134075 0.0103537 0.01161 0.0144568 0.00458081 0.0103968 0.00996888 0.00110769 0.00550391 0.0151724 0.00892716 0.000248884 0.00234058 0.00626011 -0.00135925 0.0030378 0.0147619 0.0133121 0.00599079 0.00575739 0.0102034 0.0160957 0.0067228 -0.00206343 0.0136996 0.00627981 -0.00187749 -0.000510197 0.00895868 0.00909572 0.0123502 0.00704952 0.00809811 0.000138862 0.00859023 0.00315386 0.0163957 0.00729982 0.00731528 0.0141951 0.00558941 -0.00508019 -0.00988027 0.00236902 0.00312566 0.017087 0.0139766 0.00825698 0.00684695 -0.00469603 0.0165914 -0.00170174 0.0053507
internal_weight=1.76544e+06 1.23755e+06 861063 527896 808957 265359 262537 458719 376486 301968 77231.9 350238 224737 6735.06 139120 133983 52105.6 126922 55404.6 9833.98 138437 60172.9 294991 78264 5782.45 218002 158467 7966.7 123416 191771 117219 91387.5 4536.66 150500 5417.59 21827.3 33086.3 108137 107394 22003.3 82479 62730.6 47501.2 65928.8 40937.4 113872 83568.2 56067.5 25845.8 229063 2752.21 2149.12 35535 7864.78 156750 145083 85390.5 47281.6 13962.5 112035 76734.2 3794.18
internal_count=3599944 1800346 1345204 1799598 1231605 630363 1169235 745580 455142 478562 131439 486025 347123 11104 736670 617786 113599 363232 89749 17264 267131 122913 345114 144218 10624 336019 235017 14161 432565 251008 191211 277139 8437 220856 8222 41690 62159 481151 478591 175201 332585 236100 99420 83538 99980 184807 255371 188447 136635 261576 4088 3269 86093 15134 267018 212634 303390 199365 26556 181221 141754 6723
is_linear=0
shrinkage=0.05


Tree=32
num_leaves=63
num_cat=10
split_feature=12 32 32 106 30 12 109 3 83 10 44 28 41 145 12 146 110 39 3 117 40 44 3 3 23 16 44 37 32 100 40 3 12 10 109 32 40 100 145 25 3 146 108 2 100 14 40 3 44 12 40 83 42 3 3 35 35 3 40 91 30 44
split_gain=4905.34 3015.42 2464.34 1210.71 726.67 722.01 544.082 524.075 461.332 349.674 453.033 357.119 1510.19 309.7 296.964 282.991 277.034 251.523 212.347 205.008 185.085 176.925 176.874 164.816 164.691 160.529 155.981 145.456 145.355 140.645 140.272 134.285 120.739 116.573 234.969 116.48 237.04 123.682 141.981 106.248 106.152 102.057 100.171 103.792 99.0215 97.5364 88.1729 87.3128 131.045 85.9973 84.6181 106.248 84.0668 80.9943 80.6202 80.529 78.6883 78.4643 77.8521 76.9402 76.3142 74.802
threshold=2.1666666269302373 485.50000000000006 4473.0000000000009 699.50000000000011 886.50000000000011 3.1666666269302373 269.50000000000006 0 7.5000000000000009 3.5000000000000004 4937.0000000000009 2315.0000000000005 4218.0000000000009 13.500000000000002 0.83333334326744091 0.83333334326744091 819.16665649414074 0.96368896961212169 1 993.41665649414074 4334.0000000000009 3656.8332519531255 2 3 1.3044674992561343 4.5000000000000009 4937.0000000000009 1507.5000000000002 485.50000000000006 763662976.00000012 5383.5000000000009 4 0.83333334326744091 3.5000000000000004 179.50000000000003 1205.0000000000002 7429.0000000000009 618204352.00000012 3.5000000000000004 1.0000000180025095e-35 5 1.1666666865348818 714.50000000000011 974.50000000000011 1143434112.0000002 2.5000000000000004 4334.0000000000009 6 4937.0000000000009 1.0000000180025095e-35 8910.0000000000018 5.5000000000000009 9091.0000000000018 7 8 4.5000000000000009 4.5000000000000009 9 4881.5000000000009 55014.031250000007 1425.5000000000002 4673.5000000000009
decision_type=2 2 2 2 2 2 2 9 2 2 2 2 2 2 2 2 2 2 9 2 2 2 9 9 2 2 2 2 2 2 2 9 2 2 2 2 2 2 2 2 9 2 2 2 2 2 2 9 2 2 2 2 2 9 9 2 2 9 2 2 2 2
left_child=1 7 4 5 15 27 32 14 13 11 -11 21 46 20 44 29 19 23 -14 -10 -5 -8 -12 58 -4 45 -20 28 50 -3 -18 -19 -6 40 -35 37 53 38 57 -9 -17 -28 43 -15 -1 49 -13 61 -49 -23 51 -2 -33 -37 -47 -22 -26 -30 -7 -59 -51 -36
right_child=3 2 24 8 6 17 9 39 16 10 22 12 18 42 -16 33 30 31 26 -21 55 25 -24 -25 56 -27 41 -29 35 -31 -32 52 -34 34 47 36 -38 -39 -40 -41 -42 -43 -44 -45 -46 54 -48 48 -50 60 -52 -53 -54 -55 -56 -57 -58 59 -60 -61 -62 -63
leaf_value=0 7.8387899717546905e-05 0 0 0.01092028233211223 0 0.003207454176604352 0 0 0.0061699462447622477 0 0.00033944230723285121 0 0 0.02206498204201477 0 0 0.010407088214683969 0.0076686392228198404 0 0.012398721730080497 0.056910239629981554 0 -0.00044496676526937232 -0.0035961203965157343 0.022251600137925431 0 -0.00053055931979025808 0.017248310853950399 -0.00015447646373820503 0 0.056346929505822797 0.010365245706159787 0 0 -9.6542832254020726e-06 0.0098033220775082374 0.015666817897322327 -0.00086490494502348145 -0.0011050276256335618 0 0 -0.00053411432036697408 0.22954329526541539 0.16801060952283328 0 5.6150776055441388e-05 0 0 -0.00078803096122810341 0 2.8478022498318323e-05 5.3411451059010022e-05 0.021308897498747471 -0.00076765120237678292 0 0.023999215875012372 0.010937302611546563 0.00021324630779169241 0.0094774375609364969 -0.00066423128013477794 0 0.00014830788739083058
leaf_weight=164667.75368209346 1216.8657865524292 93715.279289960861 44707.901580810547 40442.299578666687 69567.272129297256 13175.14174079895 80930.809138178825 2762.9140434265137 46602.126007080078 4745.5531101226807 179.82143020629883 44161.021194577217 4745.5836696624756 1496.9397231340408 53577.50341796875 49229.133958339691 20943.778305053711 18363.893190383911 6093.1372637748718 35268.332977294922 11101.479904174805 8825.5463256835938 4921.5202178955078 15944.27296257019 1941.4085845947266 2198.6800308227539 5174.9910912513733 2522.791633605957 302.64324903488159 75916.03515625 12893.850601196289 55539.914793014526 127568.94921875 2513.7641395628452 64.249994516372681 17991.112372756004 27674.651880264282 29836.619140625 1034.1890330314636 62792.754150390625 77218.967627048492 8924.4389953613281 5271.7809219360352 2934.4067629575729 92518.40869140625 568.88541758060455 2761.8456439971924 465.58689317107201 1772.0129761695862 73083.119718000293 6326.5538177490234 1309.4903774261475 24438.677795410156 56044.997190117836 1615.4388431310654 35839.534515380859 5468.1165924072266 1848.8526641055942 41472.242172241211 562.30479992181063 62446.223238542676 241.93968462944031
leaf_count=184317 1981 118839 92201 133316 104634 33886 110812 5982 128924 7560 320 70105 8875 14267 69103 82154 89735 80765 10758 141656 58594 12528 8688 48887 7193 4020 8972 8563 450 107081 99652 173663 219660 3971 81 38227 61538 54925 1784 85914 109727 17730 90800 37514 109690 996 4901 642 2845 110432 11260 2164 95096 106079 2896 148742 14259 3006 133555 905 102469 363
internal_value=0.00928026 0.0110016 0.0126322 0.00524709 0.0133106 0.00328181 0.0144633 0.00726742 0.00816185 0.0131618 0.00388888 0.0134646 0.010388 0.0107035 0.00640961 0.0113639 0.00602918 0.00551016 0.000445193 0.00445616 0.00976223 0.0144272 -0.00645412 0.00323283 0.00209347 0.0154511 -0.00179263 0.00071518 0.000506816 0.0100141 0.00983486 0.00714478 0.016519 0.0131049 0.00565883 0.000100622 0.000943685 -0.00245242 0.00610764 0.011331 0.0134027 -0.00468254 0.0191786 0.0136322 0.00570428 0.0156524 0.0156722 -0.0050527 -0.0084805 0.0158111 0.0067136 0.014449 0.00803015 -0.000532023 0.00516091 0.0118984 0.00899744 0.0121154 0.00453736 0.0150941 0.0161226 0.0195917
internal_weight=1.76649e+06 1.23809e+06 861767 528400 809650 315605 508513 376319 212795 311377 9846.89 301530 71861 97086.4 310764 301137 115708 168934 24938.2 81870.5 87383.3 229669 5101.34 70591.7 52117.4 148738 20192.6 146671 144148 169631 33837.6 98342.5 197136 131506 5057.55 135295 101711 33584.6 3747.99 65555.7 126448 14099.4 9703.13 4431.35 257186 146539 46922.9 2543.79 2237.6 144355 8852.91 2526.36 79978.6 74036.1 2184.32 46941 7409.53 2713.8 54647.4 2411.16 135529 306.19
internal_count=3600652 1800718 1345712 1799934 1232059 856734 806356 455006 943200 482062 16568 465494 121341 483233 363110 425703 459967 565852 46335 270580 340652 344153 9008 216328 113653 233341 37460 290882 282319 225920 189387 349524 324294 199783 7902 266914 205844 61070 6145 91896 191881 26702 142581 51781 294007 229321 75006 3931 3487 225429 15405 4145 268759 144306 3892 207336 21452 4361 167441 3911 212901 444
cat_boundaries=0 1 2 3 4 5 6 7 8 9 10
cat_threshold=33553 41729 33280 13357 33744 15968 33280 12384 41289 33280
is_linear=0
shrinkage=0.05


Tree=33
num_leaves=63
num_cat=5
split_feature=12 24 26 24 12 20 3 29 48 46 24 24 24 12 124 24 44 24 75 44 24 16 33 24 109 3 48 33 3 24 96 25 65 48 16 3 12 49 146 45 38 120 110 23 128 3 45 12 38 24 35 146 48 24 48 40 24 49 121 26 23 88
split_gain=5300.44 2919.16 1864.49 1366 643.802 611.067 588.51 547.764 474.777 466.833 331.625 308.84 293.132 284.446 261.005 231.306 188.026 248.807 181.394 175.592 175.322 162.183 161.817 139.816 136.082 127.087 116.594 799.791 205.861 175.354 112.399 106.409 276.833 104.771 104.477 103.128 102.093 101.122 97.82 95.1495 94.3955 93.5693 96.5852 91.049 89.1039 95.4489 88.2021 95.2858 84.7423 81.4846 81.4476 81.1411 78.0349 74.1423 258.311 112.575 76.9292 73.0115 71.8017 69.4482 68.5056 67.4877
threshold=2.1666666269302373 416.50000000000006 4355.5000000000009 2645.0000000000005 3.1666666269302373 2.5000000000000004 0 2359.5000000000005 4231.5000000000009 3984.5000000000005 1190.5000000000002 911.50000000000011 4487.5000000000009 0.83333334326744091 825.50000000000011 4487.5000000000009 7162.3332519531259 1329.5000000000002 2488.5000000000005 4937.0000000000009 294.50000000000006 1.5000000000000002 7207.5000000000009 4054.5000000000005 387.50000000000006 1 5039.5000000000009 2050.5000000000005 2 2645.0000000000005 33025462.000000004 158.50000000000003 237427.00000000003 9929.5000000000018 4.5000000000000009 3 23.500000000000004 12383.500000000002 4.1666667461395273 8014.7500000000009 3.9421279430389409 31.500000000000004 671.50000000000011 1.3044674992561343 1182.666687011719 4 8738.4165039062518 4.1666667461395273 0.77065846323966991 178.50000000000003 7.5000000000000009 2.8333333730697636 5566.5000000000009 2645.0000000000005 4231.5000000000009 3619.5000000000005 1464.5000000000002 8758.5000000000018 1.0000000180025095e-35 5670.5000000000009 0.49870468676090246 126224.23046875001
decision_type=2 2 2 2 2 2 9 2 2 2 2 2 2 2 2 2 2 2 2 2 2 2 2 2 2 9 2 2 9 2 2 2 2 2 2 9 2 2 2 2 2 2 2 2 2 9 2 2 2 2 2 2 2 2 2 2 2 2 2 2 2 2
left_child=1 6 5 4 16 7 13 11 15 23 21 -3 24 33 18 -9 20 -18 41 60 -2 52 -16 51 31 -21 -26 29 -29 34 -14 32 -12 49 -28 48 -37 50 -25 53 -8 -11 -43 -4 -40 -46 47 -20 -24 -1 -27 -5 -7 55 -55 -13 -57 -44 -58 -52 -6 -33
right_child=3 2 43 9 19 10 40 8 -10 14 12 39 30 -15 22 -17 17 -19 46 25 -22 -23 35 38 26 37 27 28 -30 -31 -32 61 -34 -35 -36 36 -38 -39 44 -41 -42 42 57 -45 45 -47 -48 -49 -50 -51 59 -53 -54 54 -56 56 58 -59 -60 -61 -62 -63
leaf_value=0 7.4468504731667329e-05 0 0 -0.012169085191894694 -0.0076008135053026024 0 0 0 0 0.069746454706283753 -0.0022562500000000043 0 0.043014797695192168 0 0.036324892711625312 0 -2.4363565901963646e-06 0.01751277888651729 0.0084204841722181466 0.0045237527538179671 -0.00054486852659508395 0 -0.07730631772947244 0.008963890004013186 0 0.011035478816541766 0 0 -0.00050740860434862485 -0.00050403135380074906 0 0 0.047601813281249995 0 0 0.10912994143254649 0.56732632079524947 0.022354308361231201 0.006881896120264153 0 0 0.014326658777760893 0.03477367993798193 0.010463691886235261 0.069252039042801791 0.022693016049032844 0.041096215274815467 0.014919087010796452 0.19553800106778901 0 0.0062058682911342207 0.0073098853734857696 0 0 0.042981562499999994 0 0 0.10164924570082362 0 -0.038610141674932603 0.0067389918644409135 0
leaf_weight=108827.83697663713 951.56872820854187 99081.780239462852 33170.142974853516 10538.458188652992 6933.354373216629 79693.097802877426 61161.666017532349 14291.783757090569 20624.308111190796 2676.0656127929688 889.45195007324219 49456.035183589906 1468.6693661212921 54596.586181640625 23502.393630981445 2096.9934051036835 35539.084655761719 20326.251525878906 32149.050114870071 15200.364582538605 81513.475280761719 110416.12094116211 338.71781694889069 31759.93052136898 104998.26156133413 46371.330455303192 30246.727881491184 1610.9789242744446 6298.300281047821 920.84884643554688 6035.7325029373169 37916.554668903351 2624.8729667663574 70338.327514648438 860.185791015625 6258.5257428884506 934.39610481262207 13818.006713867188 24236.789788842201 16869.407608032227 4556.693603515625 23461.431688308716 20481.357172012329 5041.2816772460938 2732.9997177124023 5605.961856842041 15637.750534057617 39426.126192808151 2086.2150716781616 77658.1015625 28193.322845458984 18021.515749335289 61844.26904296875 9622.4941020794213 6534.2146767377853 69312.98845378682 33421.917954687029 2527.6260795593262 29369.679001525044 254.09967041015625 16279.175378799438 25286.401731014252
leaf_count=119741 1492 143392 67953 20883 14364 98320 83431 24623 41144 16444 1326 72732 5791 70082 121171 4139 67838 46543 82083 40692 151218 158455 3580 83435 152572 138693 46832 2844 11038 1676 12544 60753 8854 84201 1536 56864 24951 52142 107198 31674 9072 99533 98153 13881 17389 39184 96680 184301 48637 89735 77021 46113 83650 17235 14048 109336 60205 22926 49659 487 40053 47303
internal_value=0.00921265 0.0110023 0.0126107 0.00501736 0.00248799 0.0131127 0.00733462 0.0146931 0.00893994 0.00757566 0.0119363 0.015372 0.0133588 0.00642648 0.00913715 0.0152926 0.000127794 0.00236749 0.00816996 0.00505769 -0.00138941 0.0106989 0.0131188 0.00472679 0.0137032 0.00593656 0.0128426 0.0105423 -0.00369556 0.0140585 0.00364632 0.0155724 0.00710027 0.0057299 0.0146951 0.018583 0.0215922 0.00666074 0.00601924 0.0164382 0.0116351 0.0105995 0.0100755 0.001814 0.00409373 0.00855198 0.00680075 0.00605726 0.0095242 0.00510956 0.00593549 0.00181512 0.00957819 0.0167459 0.0134974 0.0170349 0.017797 0.0123778 0.0190657 0.00382877 0.00112597 0.0160433
internal_weight=1.7649e+06 1.23714e+06 860004 527755 265380 821792 377139 350682 37013.1 262375 471110 313669 219157 311421 169480 16388.8 138330 55865.3 136359 127050 82465 251953 33120.2 92895.7 211653 103837 144935 39937 7909.28 32027.8 7504.4 66717.3 3514.32 256824 31106.9 9617.85 7192.92 88636.8 64335.7 214587 65718.4 49146.5 46470.4 38211.4 32575.8 8338.96 87212.9 71575.2 2424.93 186486 74818.8 28560 141537 197717 16156.7 181561 132105 23009 62791.6 28447.4 23212.5 63203
internal_count=3599845 1799777 1343515 1800068 630543 1261681 456262 568187 69906 1169525 693494 498281 353069 363759 855323 28762 267091 114381 600120 363452 152710 340425 255203 314202 334734 309035 216498 63926 13882 50044 18335 118236 10180 293677 48368 134032 81815 268343 247206 354889 92503 237056 220612 81834 163771 56573 363064 266384 52217 209476 216201 66996 181970 323215 31283 291932 219200 121079 109864 77508 54417 108056
cat_boundaries=0 1 2 3 4 5
cat_threshold=33553 33744 41217 8256 1157
is_linear=0
shrinkage=0.05


Tree=34
num_leaves=63
num_cat=6
split_feature=146 24 30 13 30 24 3 109 39 30 48 14 146 13 147 13 40 3 3 7 26 48 64 12 16 13 14 24 109 12 48 24 13 30 23 17 147 86 24 48 3 6 48 24 16 147 48 9 3 3 107 12 13 56 24 13 13 147 48 112 109 30
split_gain=5640.25 2904.2 1987.74 1283.82 671.797 600.996 599.146 476.907 337.402 335.236 1334.08 333.433 308.66 298.566 247.881 200.546 216.907 194.33 184.833 180.129 171.657 160.904 159.496 148.944 148.819 150.072 161.195 144.697 143.321 141.674 131.403 131.369 130.734 128.54 124.874 124.256 123.727 123.411 118.155 346.715 117.884 124.798 113.878 204.553 112.845 129.194 214.742 267.734 135.053 110.466 107.877 118.856 120.287 105.012 104.127 103.626 102.849 147.387 97.5884 95.7992 95.1746 94.1645
threshold=2.1666666269302373 416.50000000000006 3948.5000000000005 3.0833333730697636 886.50000000000011 2645.0000000000005 0 269.50000000000006 0.88890627026557933 2311.5000000000005 5039.5000000000009 14.500000000000002 0.83333334326744091 0.41666667163372045 3.3000000715255742 2.0833333730697636 8347.0000000000018 1 2 -0.25000000000000006 4355.5000000000009 4231.5000000000009 1317867.0000000002 1.1666666865348818 4.5000000000000009 0.75000000000000011 2.5000000000000004 2645.0000000000005 387.50000000000006 0.83333334326744091 5039.5000000000009 4487.5000000000009 5.0833332538604745 392.50000000000006 0.59999999403953563 21.500000000000004 3.3000000715255742 1.7303703427314761 2645.0000000000005 4231.5000000000009 3 -0.93301269412040699 8492.0000000000018 1190.5000000000002 3.5000000000000004 1.6000000834465029 5039.5000000000009 3.5000000000000004 4 5 826.50000000000011 4.1666667461395273 5.7500000000000009 1317867.0000000002 1617.5000000000002 1.7500000000000002 1.0833333134651186 4.302898883819581 5039.5000000000009 597.50000000000011 59.500000000000007 4369.0000000000009
decision_type=2 2 2 2 2 2 9 2 2 2 2 2 2 2 2 2 2 9 9 2 2 2 2 2 2 2 2 2 2 2 2 2 2 2 2 2 2 2 2 2 9 2 2 2 2 2 2 2 9 9 2 2 2 2 2 2 2 2 2 2 2 2
left_child=1 6 4 5 12 14 13 20 40 24 21 18 30 -1 33 -14 -17 -12 19 32 29 31 35 -23 25 -9 36 -25 59 -6 -3 -11 -10 -2 -20 -13 44 50 54 -40 41 -5 -35 -44 -27 46 -46 48 -48 -16 51 -21 -53 -36 -31 -19 -38 -58 -26 -7 -51 -4
right_child=3 2 61 8 7 28 -8 9 11 10 17 22 15 -15 49 16 -18 55 34 37 -22 23 -24 27 58 26 -28 -29 -30 38 -32 -33 -34 42 53 -37 56 -39 39 -41 -42 -43 43 -45 45 -47 47 -49 -50 60 -52 52 -54 -55 -56 -57 57 -59 -60 -61 -62 -63
leaf_value=0 3.1560341204828202e-05 0 0 -0.021950269291430371 0 0.0012207582718092636 0 0 0.014799163066745492 0 0 0.15327637163189856 0 0 -0.0057993529471600273 0 -0.00094302497577167807 -0.00050403135380074906 0.0036652538745656884 0.0079753138383541148 0 0 0.13094426023367189 0 0 0 0 -0.0011003166716294199 0.0075382805870367608 0 0 0 0.057550527205162849 -0.00062034717740019343 0.018910368893005104 0.62035116626383813 0 -0.026960048313168894 0 0.042975921874999989 -0.0030042341366768089 0.010316998750744422 -0.00078630375970138451 0.019431984867093112 0 0 0.00032247019187121032 0 -0.0004500335498345831 0.0090021409376222494 0.039018901321856148 0.0039845712134279013 0.031706132475082006 0.0020365879808156074 0 0.030494990528911262 -0.001158744351462826 1.0544854174565632e-06 0 0.010504138745133751 0.0048667101530354365 3.3235195192171667e-05
leaf_weight=217629.37413197057 7989.8990262001753 73876.338633537292 13731.021545410156 2506.0381469726562 69508.642183303833 4495.4924850463867 65303.983366012573 79469.436148133129 43338.074924170971 40783.856061220169 3941.7988796234131 7520.2277669906616 124927.81201094389 93602.926937222481 8820.810115814209 2308.2241981625557 3415.7333221435547 8336.2293166816235 15956.890512637794 22546.129282841459 1210.7535696029663 3757.3630199432373 4679.7937316894531 1718.7161641120911 1973.1894245147705 133848.39849101868 2783.5326232910156 3495.3814921379089 45432.098815917969 65642.914056777954 96739.99951171875 1025.7126185894012 23389.943508446217 86351.653180554509 30670.550018310547 1117.2638149261475 980.48672677832656 1275.0970458984375 11841.141678094864 8354.174674987793 11719.979406356812 30724.295230150223 18236.270950317383 13896.613189697266 2772.3859329223633 9099.6195678710938 117.50237846374512 1438.6714172363281 2781.0420780181885 28443.116945192218 14578.053100585938 20422.407849295065 13272.20745177567 6162.7838439941406 41184.242963552475 7947.8534508049488 795.06880220025778 223.98975664377213 2730.8654155731201 46730.334419250488 17809.215227201581 37530.65185546875
leaf_count=246996 13619 93090 25659 7354 105130 11138 92021 107821 149142 64570 7572 99665 190093 116551 18995 3867 6368 14655 54956 56887 2287 6111 87124 2945 3150 208432 4818 6643 106431 104647 134243 1867 137292 159313 133365 33405 1489 4669 22459 19284 44455 122124 34648 31069 4178 15735 206 2444 4674 74621 71425 65327 67336 35147 73714 16311 1228 479 5038 142275 38589 82681
internal_value=0.00915668 0.0110036 0.0126065 0.00483092 0.0132115 0.00249445 0.00734133 0.0143214 0.0074322 0.0130975 0.0100805 0.00829271 0.0113409 0.00642692 0.000798725 0.0131699 0.00401661 -0.000778732 0.00776091 0.00871905 0.0162403 0.0144057 0.0159433 0.00832795 0.0139937 0.0141705 0.0150773 0.00285734 0.00567938 0.0163559 0.00994019 0.0157097 0.010592 -0.000420413 0.00523852 0.0199714 0.0152955 0.00698662 0.0173493 0.01384 0.00350899 0.00502879 -0.00083439 0.0017066 0.0154602 0.0115182 0.0064662 -0.000480484 -0.00923331 0.00359852 0.00726425 0.00627041 0.00438978 0.00684013 0.0180126 -0.00319068 0.00293606 -0.00818204 0.00518597 0.00749266 0.00457588 0.00305838
internal_weight=1.76491e+06 1.23683e+06 860293 528085 809031 278206 376536 507763 249880 310021 71006.9 204929 301268 311232 181548 130652 5723.96 20225.9 191612 138822 197742 50781 13317.3 8971.46 239014 234310 154841 5214.1 96657.9 196531 170616 41809.6 66728 126474 52790.2 8637.49 152057 72093.9 127022 20195.3 44950.3 33230.3 118485 32132.9 150058 16209.2 7109.6 4337.22 2898.54 55073.1 70818.8 56240.7 33694.6 36833.3 106827 16284.1 1999.55 1019.06 4704.05 51225.8 46252.3 51261.7
internal_count=3599827 1799456 1343888 1800371 1235548 630698 455568 807887 1169673 480366 120674 995740 427661 363547 370854 200328 10235 38538 775546 552078 327521 82136 220194 15699 359692 351504 243683 9588 259844 325234 227333 66437 286434 238649 223468 133070 238865 265644 220104 41743 173933 129478 225030 65717 235669 27237 11502 7324 4880 132205 260975 189550 132663 168512 178361 30966 3196 1707 8188 153413 113210 108340
cat_boundaries=0 1 2 3 4 5 6
cat_threshold=33553 41793 7309 48133 33280 33680
is_linear=0
shrinkage=0.05


Tree=35
num_leaves=63
num_cat=0
split_feature=146 32 32 13 32 13 24 75 28 44 146 39 13 109 10 44 65 83 146 80 17 13 21 10 27 40 14 24 44 40 16 13 40 24 109 147 32 13 95 17 40 109 65 39 24 16 24 44 40 14 59 24 40 65 65 26 146 124 35 40 42 13
split_gain=5929.7 2876.01 2981.78 1106.44 684.188 546.272 522.742 488.712 406.494 1582.31 339.939 293.279 342.858 254.431 251.247 272.912 219.73 214.89 332.207 198.546 185.689 181.011 180.826 174.794 345.929 163.025 176.482 173.33 151.914 148.023 129.945 127.117 280.208 140.059 120.11 118.775 137.244 115.218 112.138 110.103 109.586 123.045 103.575 96.8201 93.2192 92.7795 124.654 366.305 97.4047 107.517 94.0063 91.3015 86.9923 114.063 86.898 84.0281 83.4508 83.4075 82.5288 82.4836 81.0959 79.4132
threshold=2.1666666269302373 485.50000000000006 4473.0000000000009 3.0833333730697636 1205.0000000000002 0.58333334326744091 2645.0000000000005 939.50000000000011 2315.0000000000005 4137.0000000000009 0.83333334326744091 0.82969802618026745 8.2500000000000018 225.50000000000003 3.5000000000000004 4937.0000000000009 1196502.0000000002 4.5000000000000009 4.1666667461395273 37780.000000000007 19.500000000000004 4.5833332538604745 2.5000000000000004 3.5000000000000004 199.50000000000003 4616.5000000000009 2.5000000000000004 2645.0000000000005 4937.0000000000009 4881.5000000000009 4.5000000000000009 2.0833333730697636 8347.0000000000018 416.50000000000006 387.50000000000006 3.3000000715255742 485.50000000000006 2.4166666269302373 1.0000000180025095e-35 32.500000000000007 8910.0000000000018 1.0000000180025095e-35 305893.50000000006 0.96368896961212169 87.500000000000014 1.5000000000000002 2645.0000000000005 3893.5000000000005 4334.0000000000009 2.5000000000000004 221710.00000000003 1783.5000000000002 4881.5000000000009 57728.000000000007 79712.000000000015 2558.5000000000005 0.83333334326744091 825.50000000000011 5.5000000000000009 5664.5000000000009 7106.5000000000009 2.4166666269302373
decision_type=2 2 2 2 2 2 2 2 2 2 2 2 2 2 2 2 2 2 2 2 2 2 2 2 2 2 2 2 2 2 2 2 2 2 2 2 2 2 2 2 2 2 2 2 2 2 2 2 2 2 2 2 2 2 2 2 2 2 2 2 2 2
left_child=1 5 4 6 10 19 13 45 14 -10 29 -5 17 35 25 -16 20 -13 -19 38 57 -20 -4 31 -25 56 27 30 -11 -3 51 59 -33 -34 43 36 40 -15 -1 -18 41 -2 -30 -8 -21 -6 48 -48 49 -47 -49 -27 -26 -54 -37 -24 -9 -14 -17 -12 -46 -44
right_child=3 2 22 11 7 -7 34 8 9 28 23 12 16 37 15 58 39 18 21 44 -22 -23 55 24 52 26 -28 -29 42 -31 -32 32 33 -35 -36 54 -38 -39 -40 -41 -42 -43 61 -45 60 46 47 50 -50 -51 -52 -53 53 -55 -56 -57 -58 -59 -60 -61 -62 -63
leaf_value=0 7.6597563393644995e-05 0 0 0.0047553488191949822 0 0 0.0054921707026694862 0 0 0 0 0.044104068110490037 0.060170481450133512 -0.00066221259846762639 0 0.00012613613740238521 0.012044846412299215 0.0079355278946885988 0.0026285025756777494 0 0.4856377907374535 0.020327592624345671 0.034309933591682544 0 0 0 0 0.00016751357984844397 0 0 0 0 0.00065678159739757103 -0.00089587372698309855 0.0070815868473788849 -0.0062796386266680314 0.00010485971081785062 0.0045523390267190765 0 1.3335725074107252 2.4606233292912008e-05 3.847230121371446e-05 -0.00047882978611071272 0.010616811663490334 0 0 0 0.040827125781249987 0 -0.0020362656249999999 0.085806125880829684 0 6.4021051703788958e-05 -0.00074862941316670159 0.0081544213513594869 0.0099388455321638876 0 0.10348854027460037 -0.00040021674951418174 0 0 0.036018503657611591
leaf_weight=3626.5833644198719 1414.4448485225439 87022.144195556641 43005.048828125 25660.564575195312 44412.913789957762 81498.924248337746 13988.053249359131 55157.418587803841 49069.325251251459 8962.9669322967529 55523.850509725511 26350.342636108398 18207.082666397095 47828.482666015625 2874.0394191741943 115.10233116149902 6211.6680965423584 61313.718410491943 38298.157245635986 80043.975433349609 1959.6889705657959 61043.297317504883 1353.5713729858398 2757.7873517274857 666.66192424297333 76623.164441466331 1819.5676574707031 2302.5900519490242 6809.4450756311417 104845.58679199219 2205.0150184631348 3048.0950163975358 146.9979362487793 3942.1372108459473 45285.793121337891 3179.9120637178421 57807.802564993501 31470.47998046875 79892.31078338623 534.23198890686035 5493.6099243164062 803.892578125 9349.5241548195481 37258.110507965088 79597.7646484375 41615.703620910645 12632.976327419281 7393.0547109395266 49929.664848327637 630.53948974609375 664.61727707087994 25361.334554970264 253.36076709628105 2472.6697314083576 33488.445350646973 7767.3263320922852 54407.96337890625 10416.328048706055 3668.8982238769531 89904.274513244629 51819.323974609375 2952.2229215726256
leaf_count=6631 2235 107743 88388 95290 68439 110115 36769 74669 78735 15970 76114 139568 143539 86334 4377 208 62043 159890 121559 88027 55628 260505 5221 4332 935 122473 3355 5015 13184 143319 4473 5115 258 7362 106094 6601 113662 64667 98144 27565 9487 1308 17035 116519 89786 65124 23789 16126 90750 1110 2301 44712 368 3876 86471 20107 80805 103920 6522 136933 62603 6404
internal_value=0.00902896 0.0109209 0.0125138 0.0045925 0.0132601 0.00727517 0.00242206 0.0145306 0.0133524 0.0102208 0.0115969 0.00700621 0.00758542 0.000840812 0.0144283 0.00485893 0.0119607 0.006712 0.00602546 0.006274 0.0137624 0.00423909 0.000922404 0.0133089 0.00504293 0.0147207 0.0160966 0.0163605 0.000753453 0.0101806 0.0166603 0.0136421 0.00712502 -0.00142757 0.00539485 0.00249 0.00121463 -0.00128434 0.00833822 0.00379136 0.00747974 0.0168587 -0.00176517 0.00705291 0.00545867 0.0167905 0.0175527 0.0140436 0.0183403 0.0165718 0.00571204 0.01692 -0.00564671 -0.00960689 0.00476865 0.00731685 0.0133603 0.0127422 -0.00396221 0.0139618 0.00627806 -0.00450386
internal_weight=1.76616e+06 1.23815e+06 861668 528014 809542 376479 278019 458958 301679 77143.5 350584 249995 224335 181487 224535 6658.04 37329 187006 160655 294980 30583.1 99341.5 52125.9 158716 6150.48 217877 108312 106492 28074.2 191868 104190 152565 7137.23 4089.14 96532 102188 65519.7 79299 83518.9 6745.9 7711.95 2218.34 19111.2 51246.2 211461 157279 112867 20690.6 92175.9 42246.2 8057.67 101984 3392.69 2726.03 36668.4 9120.9 109565 28623.4 3784 145428 131417 12301.7
internal_count=3600607 1800953 1345647 1799654 1231931 455306 630147 745576 477937 131328 486355 1169507 1074217 370765 346609 11107 392695 681522 541954 345191 303087 382064 113716 235293 9511 335502 180028 176673 52593 251062 171658 225782 12735 7620 259382 219764 126692 151001 104775 89608 13030 3543 36623 153288 240416 267639 199200 42216 156984 66234 18427 167185 5179 4244 93072 25328 155474 247459 6730 213047 152389 23439
is_linear=0
shrinkage=0.05


Tree=36
num_leaves=63
num_cat=7
split_feature=146 32 32 24 30 13 13 27 40 10 48 28 48 3 146 3 27 3 21 14 13 48 12 14 46 24 94 104 13 40 24 3 40 15 3 39 12 24 48 83 108 146 12 124 7 24 24 107 32 3 41 107 39 88 13 24 24 108 3 13 12 10
split_gain=6250.73 2858.05 2968.34 1063.3 703.652 536.667 523.748 470.109 398.934 380.162 508.544 378.595 1687.68 306.085 281.978 255.761 236.968 212.377 205.142 200.833 193.237 168.872 174.254 162.304 147.763 146.902 145.178 141.307 138.703 174.228 147.15 137.279 135.749 133.436 126.951 122.202 116.53 167.332 440.265 116.202 113.982 129.298 109.449 108.198 108.172 103.786 99.3143 98.674 97.8182 96.4089 95.9617 93.643 86.4879 82.8684 82.7419 83.7116 83.8086 79.5793 79.4951 97.7389 79.0947 75.8195
threshold=2.1666666269302373 485.50000000000006 4473.0000000000009 2645.0000000000005 886.50000000000011 0.58333334326744091 2.7500000000000004 308.50000000000006 5664.5000000000009 3.5000000000000004 5039.5000000000009 2315.0000000000005 5039.5000000000009 0 0.83333334326744091 1 308.50000000000006 2 3.5000000000000004 16.500000000000004 0.75000000000000011 4231.5000000000009 1.1666666865348818 2.5000000000000004 11879.000000000002 2645.0000000000005 129008884.00000001 739233088.00000012 2.0833333730697636 8347.0000000000018 416.50000000000006 3 2880.5000000000005 2.0548046827316289 4 0.78221485018730175 0.83333334326744091 2645.0000000000005 4231.5000000000009 7.5000000000000009 217.50000000000003 2.8333333730697636 1.1666666865348818 1306.5000000000002 -0.25000000000000006 1617.5000000000002 87.500000000000014 1.0000000180025095e-35 485.50000000000006 5 6864.0000000000009 826.50000000000011 0.82969802618026745 3510130.1250000005 4.0833332538604745 2645.0000000000005 1783.5000000000002 542.50000000000011 6 2.0833333730697636 4.5000000000000009 3.5000000000000004
decision_type=2 2 2 2 2 2 2 2 2 2 2 2 2 9 2 9 2 9 2 2 2 2 2 2 2 2 2 2 2 2 2 9 2 2 9 2 2 2 2 2 2 2 2 2 2 2 2 2 2 9 2 2 2 2 2 2 2 2 9 2 2 2
left_child=1 5 4 6 14 15 16 36 32 11 -11 20 21 -14 27 46 31 -12 57 26 -9 -13 -23 33 35 -24 -10 -3 49 -30 -31 -2 -5 54 53 -8 -6 45 -39 43 -33 48 -15 -34 -36 -38 -1 -17 -42 -16 -48 60 -21 -28 55 56 -22 -4 -7 61 -41 -60
right_child=3 2 18 8 7 58 24 9 19 10 17 12 13 42 28 47 -18 -19 -20 52 23 22 25 -25 -26 -27 34 -29 29 30 -32 40 39 -35 44 -37 37 38 -40 51 41 -43 -44 -45 -46 -47 50 -49 -50 -51 -52 -53 -54 -55 -56 -57 -58 -59 59 -61 -62 -63
leaf_value=0 -2.5671104727087447e-05 0 0.038574572615240381 0.0045637337639614865 0 0 -0.0061346662240597044 0 0.0066426686020394704 0 0.000332344303981863 0 0 -0.00050435998399253059 0 0 -0.00058651770430480843 -0.00040270758953020458 0.0085365534747122943 0.011202898250990767 0 0 0 0 0.016367589611676472 -0.0010453008380479467 0.0068519904872855752 0 0 0.00057942541712187432 -0.00085108004063394471 0.0044453350541369899 0.0096009255447284565 0 0.045072698616843737 0.0075089899369011675 0 0 0.038785769492187483 0.007171914957155856 0.00011317078362156835 0.0083887968727163528 -0.00052936555888760672 0.060091234156629161 0.017210964433976485 0 0 0 -0.00038752527808373074 0 0 0.0094825495635190941 0.233281033499188 0.053811161845077927 -0.0020362656249999999 0 0 0 0 0 -0.0011870597920896398 0
leaf_weight=86700.004691240378 16599.54502248764 93886.618780612946 4177.9355182647705 31674.963134765625 66308.377420902252 36017.918701171875 8203.5227432250977 82244.77807559073 16494.582045332063 4473.0024662017822 203.62216758728027 43230.173257723451 3943.6566572189331 6114.401686668396 48668.903557538986 2519.0682501792908 68356.96727180481 5348.2436351776123 4625.9613342285156 825.611953004729 109191.9429813996 3941.6048069000244 1682.9039001464844 2834.1240463256836 23713.551025390625 3465.1816711425781 16054.262752532959 76045.9189453125 2429.1704024970531 216.9525740146637 3320.2540452480316 9968.7997574806213 64407.077514648438 3299.0929412841797 30221.043014526367 74456.552867889404 63878.096313476562 11556.31885433197 7907.6348810195923 23637.337669372559 438.44762444496155 33258.009315252304 10084.222808837891 5427.8408203125 32089.04610824585 39717.132568359375 97209.594543457031 34142.827919006348 30817.413545608521 76820.230162888765 73949.285583496094 16339.487060546875 6933.1844730377197 5495.2452392578125 579.4087965413928 1790.3270083963871 36321.590084701777 43516.143674850464 42957.668593347073 1452.9352837949991 12810.793067932129 1138.2979471683502
leaf_count=95868 31004 118902 12241 99482 99556 45153 20763 112093 60060 7039 350 68567 7667 10645 80453 5244 127167 9451 14211 9267 167478 6470 2876 4929 83786 6565 66844 107207 4109 430 6205 23953 235378 5949 155375 206925 101708 21389 17538 55643 712 77468 19956 42972 142988 70946 109764 44401 59054 108340 89333 75599 137156 35615 1290 3395 60125 87541 60719 2584 52496 1696
internal_value=0.00894954 0.0108926 0.0124797 0.00439587 0.0132257 0.00725571 0.00216693 0.0143611 0.00665368 0.0131887 0.00360536 0.0134999 0.0103378 -0.00196006 0.0113115 0.00626167 0.000354037 -0.00650204 0.000937247 0.00898275 0.0144696 0.0150723 0.00887545 0.0155148 0.00488414 0.00281616 0.00838336 0.00996615 0.0130505 0.00559989 -0.00147968 0.00202396 0.00502169 0.015737 0.00922684 0.00388586 0.0163344 0.0172453 0.01299 0.00577547 0.00294015 0.00217152 -0.00500112 0.00711378 0.0103719 0.0180446 0.00570522 0.0101709 -0.00013732 0.0134047 0.0064039 0.00400483 0.0167337 0.00590785 0.0159589 0.0160331 0.0161653 -3.77569e-05 0.0108449 0.0122387 0.00259454 0.0126619
internal_weight=1.76613e+06 1.23791e+06 861824 528223 809504 376088 265813 508116 262410 318748 10024.9 308723 72462.1 20142.3 301388 294521 159439 5551.87 52320 108113 236261 52319.9 9089.69 154016 106374 5148.09 100354 169933 131456 5966.38 3537.21 91082.2 154297 151182 83859.6 82660.1 189368 123059 19464 122623 74482.7 64513.9 16198.6 69834.9 62310.1 103595 257859 36661.9 31255.9 125489 171159 52787.6 7758.8 21549.5 147883 147304 145514 47694.1 81566.8 45548.9 36448.1 44096
internal_count=3600090 1800383 1345621 1799707 1231628 454762 630832 805982 1168875 494845 16840 478005 122746 38268 425646 344610 319358 9801 113993 607305 355259 84478 15911 243166 311474 9441 460882 226109 199537 10744 6635 192191 561570 238237 400822 227688 311137 211581 38927 462088 161187 137234 30601 278350 298363 172654 294965 49645 59766 188793 199097 183738 146423 102459 232288 230998 227603 99782 110152 64999 108139 62415
cat_boundaries=0 1 2 3 4 5 6 7
cat_threshold=41793 33561 33280 33680 2144 15968 33296
is_linear=0
shrinkage=0.05


Tree=37
num_leaves=63
num_cat=0
split_feature=146 32 32 24 30 146 12 27 40 10 48 30 48 12 147 80 23 48 12 56 48 24 16 24 48 24 100 65 24 44 12 24 44 10 27 69 57 24 17 147 9 24 12 12 38 63 24 25 21 33 108 38 147 17 79 65 90 12 111 48 65 10
split_gain=6897.45 2888.7 2962.65 1061.49 711.703 502.161 479.155 466.026 409.423 369.514 511.589 319.261 1522.99 292.213 247.443 229.786 214.281 181.839 165.049 161.67 157.644 186.324 157.928 149.903 145.223 259.991 142.009 136.561 133.862 123.132 122.653 153.694 466.096 118.344 267.877 113.994 112.562 110.726 109.746 107.659 162.917 99.2351 97.6344 97.5046 93.5241 93.4343 92.7348 88.8313 88.038 86.0676 81.935 81.6017 78.7159 74.9934 74.2956 72.2201 72.0359 70.2585 70.1689 70.0921 107.375 69.4453
threshold=2.1666666269302373 485.50000000000006 4473.0000000000009 2394.5000000000005 886.50000000000011 0.83333334326744091 3.1666666269302373 421.50000000000006 4616.5000000000009 3.5000000000000004 5039.5000000000009 2311.5000000000005 5039.5000000000009 0.83333334326744091 11.00000047683716 37780.000000000007 1.3044674992561343 4231.5000000000009 1.1666666865348818 1138936.0000000002 4464.5000000000009 2645.0000000000005 4.5000000000000009 3628.5000000000005 8492.0000000000018 1190.5000000000002 763662976.00000012 305893.50000000006 2645.0000000000005 4937.0000000000009 0.83333334326744091 2645.0000000000005 3893.5000000000005 3.5000000000000004 199.50000000000003 82505.000000000015 40824.000000000007 1617.5000000000002 21.500000000000004 2.0004616975784306 2.5000000000000004 1464.5000000000002 0.83333334326744091 2.8333333730697636 0.86952012777328502 37418.890625000007 178.50000000000003 1.0000000180025095e-35 1.0000000180025095e-35 9851.0000000000018 842.50000000000011 0.84289106726646434 6.80277442932129 28.500000000000004 3234.767456054688 273932.50000000006 2628053.6250000005 4.1666667461395273 251.25000000000003 5039.5000000000009 57728.000000000007 3.5000000000000004
decision_type=2 2 2 2 2 2 2 2 2 2 2 2 2 2 2 2 2 2 2 2 2 2 2 2 2 2 2 2 2 2 2 2 2 2 2 2 2 2 2 2 2 2 2 2 2 2 2 2 2 2 2 2 2 2 2 2 2 2 2 2 2 2
left_child=1 5 4 6 13 15 24 30 23 11 -11 20 17 26 35 47 -4 -13 -19 36 42 22 39 43 -2 -26 -3 55 -20 -8 -6 37 -33 -15 -35 52 -16 -32 -38 41 48 -22 -9 -5 -21 49 -17 -1 -41 57 -37 -31 56 -46 61 -14 -10 -25 -18 -36 -61 -7
right_child=3 2 16 8 7 54 29 9 14 10 -12 12 27 33 19 46 58 18 28 44 21 -23 -24 45 25 -27 -28 -29 -30 51 31 32 -34 34 59 50 38 -39 -40 40 -42 -43 -44 -45 53 -47 -48 -49 -50 -51 -52 -53 -54 -55 -56 -57 -58 -59 -60 60 -62 -63
leaf_value=0 -0.00039136159100755443 0 0 -0.0024702167944192673 0 0 0.0013160600101783438 0 0.0097571309266460959 0 -0.00037336498159714628 0 0 0 -0.038766126136581792 0 0.063141136912599441 0 0 -0.025312427032747123 0 0 0 0.0072314612951832509 -2.0007448379832927e-05 0.015616748543614046 0 -0.00042967029760555554 -0.00099303579614554724 0.0039989931968452018 0 0 0.036846481017578106 0 0 0.0061824454281390277 0.11256617423413595 0 0.56525707790538415 0 0 0 0 0.0055916272065184352 0.069044251246871954 0.0057788657180268266 0 0 0 0.055627500997058189 0.053320388552074882 0.0079240707642524669 0.04773528897224702 1.1655129376366786 0 0 0.004346087860153525 0.010968515409327795 0.0090150755818200756 4.7334401642074035e-05 -0.00071119794250836812 0
leaf_weight=3455.7182066447567 85162.65648651123 94000.498685359955 44737.686431884766 12801.280403614044 66862.745195865631 36007.029688835144 19060.363349914551 54932.388755310327 78334.795669555664 4498.2074756622314 5520.758846282959 41761.343059550971 4896.1676864624023 126094.64641571045 370.89510917663574 138889.80038833618 651.32149887084961 3852.3364295959473 1623.4768753051758 1616.8899307250977 64025.01449008286 1790.1246032714844 2073.1171045303345 24365.986109256744 26534.422668457031 16217.220642089844 76053.678588867188 12570.823791503906 3398.1445846557617 20015.354290008545 64443.119995117188 11712.863095283508 7910.4418363571167 2277.1497923731804 527.93781405687332 34871.76416015625 13049.23117236048 40025.752807617188 999.63971158117056 7688.3337531536818 2649.3858642578125 46461.008714675903 49918.616455078125 20824.536490917206 6384.5896759033203 36967.494828224182 72037.76904296875 85408.27685546875 6994.549072265625 5123.56396484375 1805.3839111328125 72676.739459991455 23478.939210891724 617.20148468017578 39656.804779052734 2250.9401245117188 6812.2219657897949 20011.939960956573 6772.5489540100098 259.95115423202515 1984.8441205024719 1213.8652391433716
leaf_count=6142 157028 118930 92329 24906 100356 52212 43847 72708 248717 7096 9773 66554 9326 191297 2017 154714 3393 6291 2795 15580 96983 3602 3796 62149 50439 37286 107156 23850 6457 54917 102511 21825 17483 3595 721 125174 143851 71590 29755 11323 4811 77232 72802 52706 71521 145530 84782 105120 12537 37871 9440 214951 135706 30836 50497 4303 22942 81972 18034 377 3187 1808
internal_value=0.00885868 0.0108997 0.012497 0.00407454 0.0132417 0.00724739 0.00161534 0.0143838 0.00611792 0.0132079 0.00375771 0.0135164 0.0105589 0.0113159 0.00770905 0.00632284 0.000947301 0.0151496 0.00864762 0.0125235 0.014396 0.0155481 0.0157689 0.0038875 -0.000474276 0.00190346 0.00994803 -0.00122974 0.00267338 0.00400719 0.0163351 0.0172657 0.0132039 0.0130895 0.00558159 0.00694562 0.015762 0.0180285 0.01648 0.015991 0.0123252 0.0165659 0.0129489 0.00105455 0.00710414 0.0049891 0.00542424 0.00845564 0.0143844 0.00640954 0.00453504 0.0047598 0.00775947 0.00960714 0.0108526 0.0042882 0.0070524 0.00570081 0.00881401 -0.00485294 -0.00870943 0.0124576
internal_weight=1.76599e+06 1.23789e+06 861220 528103 809058 376669 239667 507860 288436 316905 10019 306886 70353.2 301199 168342 299792 52161.6 50635.3 8873.96 23038.4 236533 131682 129891 120095 127914 42751.6 170054 19717.9 5021.62 111752 190955 124092 19623.3 131145 5049.88 145303 14419.8 104469 14048.9 127818 17332.3 110486 104851 33625.8 8618.68 86469 210928 88864 14682.9 49501.5 36677.1 92692.1 108626 7001.79 76877.7 7147.11 85147 44377.9 7423.87 2772.73 2244.8 37220.9
internal_count=3599439 1800298 1345023 1799141 1231267 455275 558468 806004 1240673 492239 16869 475370 119576 425263 835539 350758 113756 82097 15543 293560 355794 210284 206682 405134 244753 87725 226086 37479 9252 313715 313765 213409 39308 199177 7880 541979 175623 174101 173606 202886 28671 174215 145510 77612 117937 327522 239496 111262 23860 181992 134614 269868 407365 102357 104517 13629 271659 144121 21427 4285 3564 54020
is_linear=0
shrinkage=0.05


Tree=38
num_leaves=63
num_cat=7
split_feature=146 24 25 24 3 146 24 48 24 24 12 100 13 109 13 40 10 48 25 147 20 147 13 124 95 8 3 100 40 25 48 29 3 147 146 100 10 27 48 3 35 24 64 147 38 88 25 3 132 13 13 100 3 69 3 83 46 40 35 56 112 24
split_gain=7104.05 2800.56 2222.1 981.932 581.489 550.489 622.204 1355.13 525.498 501.854 489.939 323.336 299.747 297.896 224.784 445.51 209.164 337.308 180.987 184.169 175.917 171.234 149.218 142.304 137.232 134.118 123.925 123.544 121.717 120.029 302.324 165.972 127.049 121.843 119.512 109.662 107.479 136.805 111.264 258.455 104.83 104.206 100.102 99.5031 99.4645 96.7317 96.3891 95.9764 93.8896 92.5637 90.3553 90.3292 88.442 86.5457 92.5936 81.997 80.1678 74.9881 89.359 74.4009 72.5233 70.3376
threshold=2.1666666269302373 416.50000000000006 4349.5000000000009 2645.0000000000005 0 0.5000000149011613 2645.0000000000005 4231.5000000000009 1190.5000000000002 4487.5000000000009 3.1666666269302373 840945664.00000012 0.41666667163372045 351.50000000000006 2.0833333730697636 8347.0000000000018 3.5000000000000004 5039.5000000000009 884.50000000000011 5.3999998569488534 2.5000000000000004 11.00000047683716 2.7500000000000004 708.50000000000011 7777885.0000000009 1.5000000000000002 1 325894128.00000006 4616.5000000000009 2321.0000000000005 5039.5000000000009 2137.0832519531255 2 2.6000477075576787 4.1666667461395273 546882560.00000012 3.5000000000000004 199.50000000000003 5039.5000000000009 3 9.5000000000000018 8460.0000000000018 1289403.0000000002 2.80012059211731 3.9421279430389409 833027.71875000012 8286.5000000000018 4 0.36721986532211309 0.75000000000000011 0.58333334326744091 618204352.00000012 5 82505.000000000015 6 4.5000000000000009 8617.5000000000018 16576.000000000004 7.5000000000000009 1138936.0000000002 803.50000000000011 4487.5000000000009
decision_type=2 2 2 2 9 2 2 2 2 2 2 2 2 2 2 2 2 2 2 2 2 2 2 2 2 2 9 2 2 2 2 2 9 2 2 2 2 2 2 9 2 2 2 2 2 2 2 9 2 2 2 2 9 2 9 2 2 2 2 2 2 2
left_child=1 4 5 10 12 18 8 9 14 -8 22 23 55 35 20 -16 29 -18 -3 61 51 53 -2 27 -9 -4 -19 -5 -12 33 -31 -32 -33 60 43 -10 52 -38 -39 -40 41 -25 -43 -29 50 -23 -27 -30 -47 -14 -6 -7 -22 54 -13 -1 -37 58 -49 -36 -15 -20
right_child=3 2 25 11 44 6 7 24 13 -11 28 21 49 16 15 -17 17 26 19 -21 36 45 -24 40 -26 46 -28 34 47 30 31 32 -34 -35 59 56 37 38 39 -41 -42 42 -44 -45 -46 48 -48 57 -50 -51 -52 -53 -54 -55 -56 -57 -58 -59 -60 -61 -62 -63
leaf_value=0 -0.00012147169072398203 0 -1.6617597596080281e-06 -0.0050366560183037201 0 0 0 0.12926575751613675 0 0 0.00078335953443954282 0.029492390521273483 0 0 0 -0.00080852603860224201 0 0.00029016646285914848 0 -0.0017416850998022795 0 0.056952950519147949 0.0099320698158210652 0.0082231377556136308 0 0.0086355467870572588 -0.00036390396097383263 0.0073521458861396166 0.0020328698516179911 0 0 0 -0.00038494332431096014 0 0.010591472136668778 0 1.45048348439758e-05 0 0.00018190708071103709 -0.00059927746719745656 0.005581593682136044 0.061089874862171149 0.02182797200696527 0.0066570245967280785 0 0.09814474650540124 0.036929963750006012 0.0090012280698196223 0.17101396482161216 0 0 0 0 0.0071813988597867473 0.010113588851325451 0 0.047853372841939724 0.023680751096627862 0.0042197256394556296 -0.00096452438779526251 0 0
leaf_weight=45945.715055899695 115132.18631052971 103348.06140136719 21938.5419921875 11326.276390075684 33712.807761725038 33371.395585864782 43698.010496303439 418.4918384552002 46078.691840007901 5197.9523634016514 17416.635948419571 34488.334434509277 60944.286092728376 36169.894386447966 5545.0430277585983 5701.2663879394531 2561.6802272796631 129.75312232971191 101373.77753868699 877.24642500281334 71566.389720678329 5718.6171875 23421.91651058197 24303.572486877441 32693.456232070923 14168.625335693359 3086.4746513366699 23298.392174094915 13958.760184764862 13993.83127117157 1788.6825733184814 793.27744817733765 4844.416268825531 846.12288125604391 34434.257976204157 55550.945571899414 732.22070288658142 716.95598530769348 186.76904797554016 1469.2086598873138 16298.572143554688 10612.844207286835 2973.6700749397278 35260.534698486328 4566.962646484375 4989.8679695129395 2712.6524963378906 54224.538536548615 6171.5912590026855 32680.757317811251 27035.300289575011 92238.390441894531 63302.026876091957 19748.932769775391 18513.647590637207 172058.57873535156 7343.6663208007812 7707.4842529296875 33885.373031616211 14068.90548324585 85014.827501296997 1113.6379015445709
leaf_count=54869 216385 135581 43884 29282 42927 45231 75759 2365 71606 11077 40255 147598 73211 50956 9302 10652 3911 221 143480 1789 94877 54781 50719 87139 67867 31672 5438 51219 37593 21552 3183 1484 8669 1536 140658 98983 1103 986 282 2227 66002 76770 37594 92233 9079 71694 8996 162741 97500 43383 39915 139817 93865 79000 74427 192493 16172 30125 93171 63132 137709 2204
internal_value=0.0088406 0.0109123 0.0124865 0.00398468 0.00731826 0.0130387 0.013789 0.00973421 0.0144128 0.0150234 0.00184274 0.00615551 0.00641839 0.0160326 0.0128909 0.00596707 0.014581 0.00525184 0.0108063 0.0122858 0.0131863 0.00859192 -0.000214198 0.00489006 0.00192352 0.000796648 -0.00552848 0.00391856 0.00408344 0.0149567 0.011503 0.00334782 -0.000862036 0.0155628 0.00444392 0.0180204 0.0119535 0.00275391 -0.003075 -0.0102 0.0070124 0.00845485 0.0119623 0.00596434 0.0116088 0.0131294 0.00414701 0.00469953 0.0158392 0.00878497 0.0110752 0.0145404 0.0121653 0.00753896 0.00859178 0.00540228 0.0193787 0.00526361 0.00485029 0.00260813 0.0156949 0.0124811
internal_weight=1.76547e+06 1.23752e+06 860572 527955 376944 821753 615040 82007.9 533032 48896 265747 262208 311629 258202 274830 11246.3 149229 5777.91 206713 103365 263583 89631 138554 172577 33111.9 38819.8 3216.23 118388 127193 143451 21420.2 7426.38 5637.69 122031 107062 108973 137974 3105.15 2372.93 1655.98 54188.7 37890.1 13586.5 58558.9 65315.1 16880.1 16881.3 109776 11161.5 93625 60748.1 125610 134868 72750.9 53002 218004 62894.6 95817.4 88109.9 48503.2 121185 102487
internal_count=3600331 1800313 1344436 1800018 455877 1259884 976830 157068 819762 86836 630989 1169029 363956 421420 398342 19954 234659 9570 283054 147473 378388 525000 267104 644029 70232 84552 5659 376524 363885 225089 34888 13336 10153 190201 347242 186761 193340 4598 3495 2509 267505 201503 114364 143452 91921 223975 40668 323630 169194 116594 82842 185048 188742 301025 222025 247362 115155 286037 255912 203790 188665 145684
cat_boundaries=0 1 2 3 4 5 6 7
cat_threshold=33553 33280 1 33280 976 33053 38149
is_linear=0
shrinkage=0.05


Tree=39
num_leaves=63
num_cat=8
split_feature=12 32 32 24 30 13 12 83 100 10 48 28 48 3 12 3 17 83 3 13 10 27 23 48 146 24 14 44 24 106 38 24 48 24 100 147 146 38 3 106 13 40 24 59 107 28 107 145 100 13 3 25 40 3 146 24 44 12 124 3 3 13
split_gain=7465.69 2788.55 2761.01 891.54 663.278 544.656 396.175 384.233 373.842 336.385 467.666 347.945 1720.2 329.848 274.746 261.133 224.214 201.25 196.326 175.044 168.948 200.111 164.553 164.411 163.191 158.192 155.834 148.332 158.471 146.088 150.045 141.673 140.414 220.608 137.527 131.221 121.438 119.289 119.01 114.505 111.209 193.562 154.719 107.496 107.116 102.041 158.831 142.405 98.7174 97.6374 97.201 96.4963 102.439 95.0548 92.9479 137.961 321.787 88.6648 90.2485 118.69 79.9966 111.285
threshold=2.1666666269302373 485.50000000000006 4473.0000000000009 2394.5000000000005 886.50000000000011 0.58333334326744091 3.1666666269302373 5.5000000000000009 618204352.00000012 3.5000000000000004 5039.5000000000009 2315.0000000000005 5039.5000000000009 0 0.83333334326744091 1 16.500000000000004 4.5000000000000009 2 0.75000000000000011 3.5000000000000004 199.50000000000003 1.3044674992561343 4231.5000000000009 1.1666666865348818 2645.0000000000005 2.5000000000000004 8561.1665039062518 1190.5000000000002 763.50000000000011 1.5136205554008486 3628.5000000000005 8492.0000000000018 1190.5000000000002 763662976.00000012 2.6000477075576787 1.1666666865348818 0.84289106726646434 3 681.50000000000011 2.0833333730697636 8347.0000000000018 416.50000000000006 204406.00000000003 1.0000000180025095e-35 4362.5000000000009 761.50000000000011 1.5000000000000002 1435613376.0000002 1.0833333134651186 4 4349.5000000000009 4334.0000000000009 5 1.1666666865348818 2645.0000000000005 3893.5000000000005 4.1666667461395273 1306.5000000000002 6 7 2.0833333730697636
decision_type=2 2 2 2 2 2 2 2 2 2 2 2 2 9 2 9 2 2 9 2 2 2 2 2 2 2 2 2 2 2 2 2 2 2 2 2 2 2 9 2 2 2 2 2 2 2 2 2 2 2 9 2 2 9 2 2 2 2 2 9 9 2
left_child=1 5 4 6 14 15 32 27 31 11 -11 19 23 -14 34 48 17 39 -12 -9 40 -22 45 -13 -25 -26 35 54 -29 50 43 -5 -2 -34 -3 -21 -15 38 -8 -10 53 -42 -43 -31 -17 46 -4 51 -1 -37 -19 -48 -53 -16 -6 -56 -57 -33 -59 -60 -7 -62
right_child=3 2 22 8 7 60 37 9 16 10 18 12 13 36 20 44 -18 29 -20 26 21 -23 -24 24 25 -27 -28 28 -30 30 -32 57 33 -35 -36 49 -38 -39 -40 -41 41 42 -44 -45 -46 -47 47 -49 -50 -51 -52 52 -54 -55 55 56 -58 58 59 -61 61 -63
leaf_value=0 -0.00038291833560138815 0 0 0.0025385284356782114 0 0 0.0045542224427630893 0 0.016960324508461345 0 0.00031988701471966644 0 0 -0.0004576584699126252 0 0 0.30881755506160302 0.0079714521130763941 -0.00033883081686724716 0 0 -3.9919381083830533e-06 0.0086335376239035765 0 0 -0.00094338400633826598 0 0 0.042963893857903016 0.052269589375288229 0.00010401030554864078 0.0063393424819093384 -1.7432587800564351e-05 0.014466094027015564 0 0 -0.00039106658831283836 0.0068485665172136282 -0.01129431124770597 0.052419014167912947 0 0.00071516503070323534 -0.00076809973667213427 0.016434394170975277 0 -1.5786717716292921e-06 3.3235195192171667e-05 -0.00063146870865128386 0 8.4467646371890037e-07 0.0043368780139070306 3.3318283180150399e-05 8.3087987978736077e-08 0 0 0 0.035004156966699194 0.0049540622718882822 0.070627951002723968 0.017658890355111655 0 0
leaf_weight=197278.1746752602 85248.727223396301 94102.020767688751 7868.3981018066406 33556.581787109375 85984.042617321014 39602.855834960938 20077.620354652405 93066.637799710035 18128.773281380534 4658.3685474395752 221.77454853057861 44436.174160391092 4030.8882875442505 6320.5979166030884 46793.173878967762 2544.6454701423645 4030.4958741217852 43713.18560218811 5537.9103879928589 152402.19029854238 2256.8176856637001 2792.1965584158897 7484.3721923828125 4047.6114635467529 1691.9702835083008 3559.6129684448242 3070.3135452270508 3760.5624256134033 5259.3326244354248 7579.743763178587 5729.5643616020679 42681.894896864891 26489.376037597656 16302.086364746094 76132.426879882812 2352.991903886199 10336.153442382812 86665.069580078125 4930.2524890899658 14659.462121963501 2128.4675779938698 161.63518458604813 3041.7615897059441 48107.02604842186 37011.009460449219 33315.517028808594 1193.9340366125107 1185.4475708007812 58419.283508300781 2387.8837919533253 26782.818771362305 919.75666312873363 267.20355685055256 73913.802016854286 61483.319091796875 7699.484375 5228.1068725585938 34040.241135239601 2788.8381748199463 6329.8795528411865 40341.597433686256 1413.1797693520784
leaf_count=221995 157077 119194 16057 77261 130915 49938 54294 128975 76165 7373 384 70625 7849 10986 77562 5271 104456 157085 9855 240667 3616 4325 21562 6628 2929 6805 5386 6792 11129 44032 25387 110036 50343 37383 107227 3722 20581 248212 11349 90129 3609 301 5661 231471 47810 69627 2171 2353 70306 4141 108827 1546 530 104176 103200 14723 11438 151233 18927 45705 57470 2515
internal_value=0.00872485 0.0108481 0.0124177 0.00374606 0.0131372 0.00725946 0.00149316 0.0142405 0.00562037 0.0132665 0.0044205 0.0135477 0.0105417 -0.00170934 0.0112788 0.00626127 0.00713543 0.00685022 -0.00510587 0.0144309 0.0129995 0.00402924 0.00127627 0.0152583 0.00921049 0.00339373 0.015433 0.0161842 0.00994299 0.0059787 0.00776151 0.00347925 -0.00040512 0.00193186 0.00995373 0.015651 -0.00481528 0.0036697 0.000627305 0.0103561 0.0133588 0.00628956 -0.00147482 0.00855423 0.0100434 0.000128437 0.00420382 0.012956 0.00567553 0.00745585 0.0044254 0.020005 0.0301004 0.013671 0.0165351 0.0178297 0.0131322 0.00455611 0.00295781 0.00737542 0.0108818 0.0124154
internal_weight=1.76555e+06 1.2377e+06 861093 527842 808858 376611 239713 507536 288129 338121 10418.1 327703 74423 20687.6 301322 295253 168731 164701 5759.68 253280 131088 5049.01 52234.6 53735.4 9299.19 5251.58 160213 169415 9019.9 131912 61416.3 119397 128040 42791.5 170234 157143 16656.8 111673 25007.9 32788.2 126039 5331.86 3203.4 55686.8 39555.7 44750.3 11434.7 3566.34 255697 4740.88 70496 2380.89 1186.96 120707 160395 74410.9 12927.6 85840.9 43159 9118.72 81357.6 41754.8
internal_count=3599297 1799925 1344620 1799372 1230774 455305 558658 805103 1240714 526906 17612 509294 126403 39416 425671 345382 837552 733096 10239 382891 199250 7941 113846 86987 16362 9734 253916 278197 17921 566802 300890 403162 244803 87726 226421 248530 31567 313855 65643 166294 191309 9571 5962 275503 53081 92284 22657 6600 292301 7863 265912 4247 2076 181738 260276 129361 26161 325901 215865 64632 109923 59985
cat_boundaries=0 1 2 3 4 5 6 7 8
cat_threshold=41793 33553 33280 39973 38149 15968 1157 33552
is_linear=0
shrinkage=0.05


Tree=40
num_leaves=63
num_cat=5
split_feature=146 28 28 13 13 35 24 3 147 21 48 3 3 30 12 147 146 9 28 48 13 3 48 35 106 107 39 24 89 41 37 24 24 44 24 48 12 24 28 8 24 13 40 13 24 24 100 14 31 3 108 24 44 35 31 24 30 30 24 41 81 112
split_gain=7722.13 2687.38 2738.15 810.566 717.136 409.016 343.309 321.68 293.716 274.909 531.997 330.119 263.637 308.992 244.352 243.956 226.595 199.324 192.947 1511.01 370.712 275.523 182.25 160.992 156.292 159.191 153.513 142.002 141.604 141.476 215.095 184.627 150.296 397.7 196.379 137.334 142.131 136.072 131.827 167.741 131.82 138.409 506.666 130.264 127.07 122.009 117.83 173.187 111.06 109.278 107.663 104.328 100.991 100.759 126.071 100.711 97.5872 96.3793 95.6653 144.161 93.4113 92.2258
threshold=2.1666666269302373 503.50000000000006 3908.166625976563 2.7500000000000004 0.58333334326744091 5.5000000000000009 2645.0000000000005 0 6.80277442932129 -3.4999999999999996 5039.5000000000009 1 2 11247.500000000002 0.83333334326744091 2.0004616975784306 4.1666667461395273 2.5000000000000004 2315.0000000000005 5039.5000000000009 0.91666665673255932 3 9133.5000000000018 4.5000000000000009 442.50000000000006 1.0000000180025095e-35 0.86391466856002819 178.50000000000003 37000.814453125007 8541.5000000000018 182.50000000000003 1190.5000000000002 2645.0000000000005 3893.5000000000005 1190.5000000000002 4231.5000000000009 1.1666666865348818 1190.5000000000002 4362.5000000000009 1.5000000000000002 1464.5000000000002 2.0833333730697636 8347.0000000000018 1.0833333134651186 2645.0000000000005 4487.5000000000009 618204352.00000012 2.5000000000000004 443.59939575195318 4 459.50000000000006 1961.0000000000002 6272.6667480468759 4.5000000000000009 1632.0860595703127 2645.0000000000005 8115.0000000000009 75.500000000000014 911.50000000000011 8541.5000000000018 91071.000000000015 1014.5000000000001
decision_type=2 2 2 2 2 2 2 9 2 2 2 9 9 2 2 2 2 2 2 2 2 9 2 2 2 2 2 2 2 2 2 2 2 2 2 2 2 2 2 2 2 2 2 2 2 2 2 2 2 9 2 2 2 2 2 2 2 2 2 2 2 2
left_child=1 4 5 6 7 14 23 27 16 10 -7 -12 13 22 58 18 51 28 20 35 37 -21 53 -2 25 -9 -19 -1 -17 32 31 -31 34 -34 -16 45 -37 61 48 -40 41 -22 -43 -28 -38 -20 47 -36 -4 -6 -8 52 -5 -10 -55 -42 -41 -35 -3 -60 -14 -11
right_child=3 2 38 8 49 9 50 24 12 15 11 -13 60 -15 29 17 -18 26 19 21 40 -23 -24 -25 -26 -27 43 -29 -30 30 -32 -33 33 57 46 36 44 -39 39 56 55 42 -44 -45 -46 -47 -48 -49 -50 -51 -52 -53 -54 54 -56 -57 -58 -59 59 -61 -62 -63
leaf_value=0 0.00055835679486821832 0 0 -0.0055999371707779492 0 0 0.022318781491852204 0 0.049798900618671121 0 0.00029790587975517816 -0.00032876722208178281 0.0059909107377005945 0.14487797490839957 0 0 0.0059717128618341333 6.4440733929427282e-05 0 0 0 -0.00038530385922964651 0.063295689661385088 -0.00025622363688782343 0 0 0 0 0 0 0.040768776215978492 0.042959136665007863 0 0.12280246964032991 0 0 0 0 -1.4997381830528234e-06 0.0077008675821810257 0 0 -0.00072969474983852756 -2.8075388027737347e-06 -0.00089621480602135599 -0.0026587713980536672 0 -0.0019344523437500039 0 0 0.0053047715304333394 0.0057673463281013417 0.006598122298506837 0.025459997875533526 -0.024136381969335676 0 0.035116779691286459 0.033253949118364233 0 0 0.073327909108492725 0
leaf_weight=160521.96607555542 63781.041948437691 36865.36149263382 8681.9795227050781 9120.3913108110428 71540.324611470103 3198.4169769287109 7088.6484680175781 3631.8209524154663 11124.265358686447 59988.474547965452 281.89278411865234 4303.8749046325684 16198.351014137268 6377.2222290039062 55631.332839846611 45419.066982060671 105159.03935718536 695.49817411601543 36650.021132707596 3363.7845859527588 94146.780904769897 13732.409954071045 20420.644104003906 95305.469482421875 1716.877742767334 47241.273561477661 910.11719591915607 130045.10425806046 15144.047023773193 8180.725938051939 5660.6057434082031 2000.2690341770649 12093.552216611803 281.42693851143122 36868.83626550436 3488.9631748199463 1476.2265356779099 67735.79740524292 21730.544353485107 14557.973377227783 56469.577773571014 6787.7218266595155 5130.0379333496094 5219.0901353359222 2709.7149316072464 737.19390940666199 32050.781840443611 697.19902038574219 4962.7671508789062 37535.012522697449 72154.85986328125 62831.84342956543 26760.954406738281 24616.876647949219 2604.62841796875 1444.7228555679321 2656.1371765136719 8091.6344208717346 65368.944041728973 2434.866828918457 4574.2462921142578 36757.070793151855
leaf_count=180228 138487 48672 16162 18455 93388 4893 29083 8386 72884 75037 464 7366 128769 80763 82435 64759 357301 1171 57554 6441 138286 25701 159470 180604 3245 63055 1600 155622 26720 13975 12689 4159 23587 1601 59079 5757 2516 95721 43745 32696 92485 11309 9713 9386 5079 1330 58875 1215 9595 57771 180600 167009 61745 143895 12995 2738 8879 18268 101081 4782 68358 50090
internal_value=0.00866341 0.0108245 0.012594 0.00360208 0.0077546 0.0133857 0.00144207 0.00663199 0.00537851 0.012492 0.00317347 -0.00774194 0.00783067 0.00939444 0.0149492 0.0126504 0.00434508 0.00987164 0.0131298 0.0105747 0.0136133 -0.00208141 0.00826122 0.000102703 0.0102317 0.0107344 0.00176995 0.00597988 0.0107845 0.0161687 0.0116793 0.0160237 0.0166566 0.0126826 0.0173059 0.0153764 0.00928163 0.0119358 0.00157379 9.18687e-05 0.0152958 0.0142477 0.00916931 -0.000756093 0.00306754 0.0166272 0.0190763 0.0171748 0.00580296 0.0112863 0.00413086 0.00606561 0.00391423 0.00622885 0.00458992 0.0172149 0.00377881 0.00430499 0.0130668 0.0141818 0.00292038 0.0107321
internal_weight=1.76496e+06 1.23684e+06 784605 528118 452232 732016 238330 343157 289788 465791 7784.18 4585.77 85916.2 65143.6 266226 458006 203872 67387.8 390618 62158.3 328460 17096.2 58766.4 159087 52590 50873.1 6824.71 290567 60563.1 161556 15841.6 10181 145715 20466.6 125248 45062.1 7674.9 164481 52589.4 38944.7 163979 106065 11917.8 6129.21 4185.94 37387.2 69616.8 37566 13644.7 109075 79243.5 98713.2 35881.3 38345.8 27221.5 57914.3 17214.1 8373.06 104669 67803.8 20772.6 96745.5
internal_count=3599724 1799306 1237611 1800418 561695 1126534 528774 410536 1271644 696116 12723 7830 667134 470007 430418 683393 604510 103636 579757 104378 475379 32142 389244 319091 74686 71441 12157 335850 91479 275883 30823 18134 245060 43456 201604 72236 13352 220848 111077 85320 254531 159308 21022 10986 7595 58884 119169 60294 25757 151159 209683 247209 80200 229774 156890 95223 41575 19869 154535 105863 197127 125127
cat_boundaries=0 1 2 3 4 5
cat_threshold=33561 33280 38053 41793 33553
is_linear=0
shrinkage=0.05


Tree=41
num_leaves=63
num_cat=0
split_feature=12 32 32 13 30 13 75 10 48 28 48 24 12 39 13 44 80 24 13 109 48 23 12 56 14 35 12 24 65 48 13 48 24 13 15 14 25 33 44 24 100 100 8 12 48 14 57 6 24 81 24 44 100 14 24 24 65 24 24 100 10 103
split_gain=8070.67 2725.36 3121.46 746.021 641.012 544.048 369.267 347.063 472.988 348.43 1703.96 318.061 281.798 273.204 274.074 209.266 197.369 196.908 191.534 187.93 181.366 180.134 176.729 174.834 193.075 160.615 234.485 147.832 139.9 137.877 136.164 149.226 131.379 115.318 112.494 114.086 112.357 101.871 111.637 99.3846 209.093 148.239 137.489 110.171 99.1995 99.0862 95.6354 94.5874 91.5651 89.0963 86.6768 611.661 197.058 164.942 111.468 101.347 84.2284 78.8746 98.2248 78.1175 77.7591 170.446
threshold=2.1666666269302373 485.50000000000006 4473.0000000000009 2.7500000000000004 886.50000000000011 0.58333334326744091 1.0000000180025095e-35 3.5000000000000004 5039.5000000000009 2315.0000000000005 5039.5000000000009 2912.5000000000005 0.83333334326744091 0.88890627026557933 7.2500000000000009 8561.1665039062518 37780.000000000007 1190.5000000000002 0.75000000000000011 225.50000000000003 4231.5000000000009 1.3044674992561343 1.1666666865348818 1317867.0000000002 25.500000000000004 4.5000000000000009 4.1666667461395273 2645.0000000000005 305893.50000000006 5039.5000000000009 2.0833333730697636 8492.0000000000018 416.50000000000006 4.5833332538604745 1.8856180310249331 2.5000000000000004 1.0000000180025095e-35 7207.5000000000009 9264.0000000000018 1049.5000000000002 918353088.00000012 618204352.00000012 3.5000000000000004 2.8333333730697636 5039.5000000000009 43.500000000000007 40824.000000000007 -0.93301269412040699 87.500000000000014 1.0000000180025095e-35 2645.0000000000005 3893.5000000000005 618204352.00000012 2.5000000000000004 1464.5000000000002 1617.5000000000002 273932.50000000006 2645.0000000000005 1783.5000000000002 1435613376.0000002 3.5000000000000004 595131072.00000012
decision_type=2 2 2 2 2 2 2 2 2 2 2 2 2 2 2 2 2 2 2 2 2 2 2 2 2 2 2 2 2 2 2 2 2 2 2 2 2 2 2 2 2 2 2 2 2 2 2 2 2 2 2 2 2 2 2 2 2 2 2 2 2 2
left_child=1 5 4 11 12 16 15 9 -9 18 20 19 29 46 25 50 36 -17 -8 39 -11 -4 -22 24 37 -15 -27 -24 56 -3 60 -32 -33 -28 35 57 -1 38 -16 41 -41 42 43 -2 -37 -25 -5 -48 -18 -13 52 -52 53 54 -6 -54 -12 58 -20 -50 -14 -62
right_child=3 2 21 13 6 -7 7 8 -10 10 28 49 30 14 23 17 48 -19 34 -21 22 -23 27 45 -26 26 33 -29 -30 -31 31 32 -34 -35 -36 44 -38 -39 -40 40 -42 -43 -44 -45 -46 -47 47 -49 59 -51 51 -53 55 -55 -56 -57 -58 -59 -60 -61 61 -63
leaf_value=0 0.00023258534749187045 0 -1.424751273904068e-06 -0.021630844880502237 0 0 0 0 -0.00028982718348595781 0 0 0.12613490887059331 0 0.031899489397064489 0.02885878513462399 0 0 0.039105545160986521 0 -0.00053222382740129913 0 0.0081003347493192497 0 0.0032526851805769644 0.45789780496586163 0.0056314399760840411 0.00095087615994615682 -0.00085140406572028484 -0.00036603866626816473 0 0 0.000596973049151528 -0.00069321001234660127 0.014427020199780483 0 0 0 0.095637701754382409 0.069197104747892188 0.00034089267259681535 0.015846269308191673 -6.1731161397902349e-05 -0.00099847956478632234 -3.6624884589941953e-05 0 0.82233386253740015 -0.013257382683674601 0.005249822677379546 0 0.0055074890874010525 0 0.031591251662446022 0 -0.0018377297265625093 0 0 0 0 0 0 0 -3.6808562996171192e-05
leaf_weight=3605.3044121246785 1798.9464959800243 74367.22793674469 44781.647766113281 1155.3794555664062 37314.182448893785 81597.362562775612 93144.115545749664 4717.3282642364502 5877.1035537719727 44506.732446938753 5131.5362968444824 587.06005096435547 120803.57113197446 31008.736526489258 15819.281105041504 3772.3253517150879 79974.280769348145 5226.370662689209 113529.29149565101 70335.822486877441 4111.0370025634766 7448.1967163085938 1726.7108001708984 6966.0897674560547 1741.4074668884277 77657.291923522949 38663.816398620605 3593.4323272705078 13162.828382492065 95429.265747070312 2398.5334441363811 215.74379467964172 3336.5069224834442 46245.632522583008 3834.0926055908203 1060.349925994873 79764.896240234375 8816.0001525878906 10502.469951629639 43013.611431121826 22476.079456329346 30729.112243652344 1214.1859236061573 788.8829231262207 2006.8474235534668 872.34535217285156 4102.7818164825439 46067.320966720581 104210.10229492188 67480.40567779541 16112.856021881104 8068.4644470214844 39622.795869588852 777.01992797851562 40605.724803924561 18035.237426757812 2377.017822265625 2098.2818201035261 37934.912753865123 27477.226318359375 2549.3591156005859 1934.9779739379883
leaf_count=6588 2836 93393 92259 3268 52235 110275 128936 7454 10421 70706 9937 4214 181850 150702 100552 6763 87982 11090 174617 131514 6718 21496 2974 64088 47790 195448 121207 6847 24998 132477 4060 419 6189 189003 7071 1701 97991 90880 84973 90213 57508 59041 2316 1428 3715 37474 11647 173420 118646 179605 29161 17088 63169 1335 63887 33704 4552 4087 63258 34011 3899 2948
internal_value=0.00860947 0.0108166 0.0123675 0.00343382 0.013132 0.00726859 0.0142149 0.0132615 0.00435339 0.013549 0.010545 0.00136246 0.0113033 0.00513902 0.00585174 0.0161202 0.00626914 0.00869853 0.0144327 0.00020807 0.0152228 0.000520335 0.00892249 0.00937992 0.0108213 0.00503665 0.00440754 0.00290419 -0.00166051 0.00995821 0.0130436 0.00565159 -0.000853554 0.00259138 0.0154798 0.0156869 0.00832986 0.0100154 0.00845656 0.00160071 0.00274518 -0.000569695 0.00874296 0.0152554 0.00613476 0.00259747 0.00182991 0.00215757 0.00545741 0.00425154 0.0165361 0.0137753 0.0170256 0.015398 0.0156266 0.0192469 0.00378513 0.0158777 0.0160111 0.00626793 0.0133946 0.00692598
internal_weight=1.76628e+06 1.23824e+06 861612 528043 809382 376629 508347 338812 10594.4 328217 74609.3 238424 301035 289619 238293 169535 295032 8998.7 253608 170357 53937.9 52229.8 9431.18 44717.6 36879.2 193575 162567 5320.14 20671.4 169796 131239 5950.78 3552.25 84909.4 160464 156630 83370.2 35137.8 26321.8 100021 65489.7 34531.1 3802.02 2587.83 3067.2 7838.44 51325.5 50170.1 211662 68067.5 160536 24181.3 136355 78696.9 77919.9 57658 7508.55 153562 151464 131687 125288 4484.34
internal_count=3600034 1800907 1345414 1799127 1231659 455493 806424 527992 17875 510117 126732 528675 425235 1270452 1082117 278432 345218 17853 383385 344856 87245 113755 16539 425757 324195 656360 505658 9821 39487 225870 199365 10668 6608 310210 254449 247378 104579 276405 185525 213342 147721 65621 6580 4264 5416 101562 188335 185067 240639 183819 260579 46249 214330 117457 116122 96873 14489 241962 237875 152657 188697 6847
is_linear=0
shrinkage=0.05


Tree=42
num_leaves=63
num_cat=0
split_feature=12 32 32 24 30 146 83 10 48 46 30 48 12 146 80 145 48 46 24 12 146 24 23 65 48 24 89 15 104 24 94 24 48 104 14 14 39 58 48 146 24 48 24 24 24 24 147 25 48 20 23 35 48 32 146 30 130 10 103 35 65 48
split_gain=8367.18 2746.57 2991.09 663.558 620.509 504.549 352.892 356.82 523.303 328.269 292.833 1470.85 283.955 244.796 234.885 215.29 200.949 198.138 201.409 159.904 159.351 147.149 145.556 139.429 137.917 135.105 133.12 129.634 125.524 176.094 123.06 122.814 672.351 184.705 126.634 119.419 115.899 112.672 108.94 108.458 107.918 106.706 101.816 100.637 98.0678 94.2055 88.1931 88.1376 86.9237 86.8711 99.383 110.516 127.883 171.959 120.208 83.8535 81.9105 81.4719 181.925 126.767 91.255 80.3787
threshold=2.1666666269302373 485.50000000000006 4473.0000000000009 2165.5000000000005 886.50000000000011 0.83333334326744091 5.5000000000000009 3.5000000000000004 5039.5000000000009 3984.5000000000005 2311.5000000000005 5039.5000000000009 0.83333334326744091 3.1666666269302373 37780.000000000007 15.500000000000002 4231.5000000000009 8617.5000000000018 1190.5000000000002 1.1666666865348818 0.83333334326744091 3628.5000000000005 1.3044674992561343 32773.500000000007 5039.5000000000009 2645.0000000000005 853700.75000000012 2.0548046827316289 1182082944.0000002 1190.5000000000002 116169116.00000001 2645.0000000000005 4231.5000000000009 555747776.00000012 2.5000000000000004 2.5000000000000004 0.78221485018730175 319891.50000000006 9133.5000000000018 4.1666667461395273 2645.0000000000005 5039.5000000000009 1464.5000000000002 1617.5000000000002 1617.5000000000002 178.50000000000003 2.80012059211731 1.0000000180025095e-35 4464.5000000000009 3.5000000000000004 0.9476255774497987 7.5000000000000009 5039.5000000000009 2435.0000000000005 2.8333333730697636 157.50000000000003 0.38916951417922979 3.5000000000000004 595131072.00000012 5.5000000000000009 57728.000000000007 3986.0000000000005
decision_type=2 2 2 2 2 2 2 2 2 2 2 2 2 2 2 2 2 2 2 2 2 2 2 2 2 2 2 2 2 2 2 2 2 2 2 2 2 2 2 2 2 2 2 2 2 2 2 2 2 2 2 2 2 2 2 2 2 2 2 2 2 2
left_child=1 5 4 13 12 14 17 10 -9 21 20 16 24 28 47 23 -12 31 -19 -18 48 46 -4 -11 -3 -21 -17 35 49 -30 -25 33 -33 34 42 40 -15 -13 -32 -23 44 -37 -6 -35 -22 -16 -5 -1 -8 55 51 -51 53 54 -53 -2 -28 -14 -59 -60 -61 -42
right_child=3 2 22 9 6 -7 7 8 -10 15 11 37 57 36 45 26 19 18 -20 25 27 39 -24 30 -26 -27 56 -29 29 -31 38 32 -34 43 -36 41 -38 -39 -40 -41 61 -43 -44 -45 -46 -47 -48 -49 -50 50 -52 52 -54 -55 -56 -57 -58 58 59 60 -62 -63
leaf_value=0 4.5043600917956029e-05 0 -1.3535137102116403e-06 -0.001510212903671742 0 0 0 0 -0.00027533582431166215 -0.026497906109502013 0 0 0 -0.0059702565337475325 0 0.047421127905765609 0 0 0.036821983096159604 0 0 0.0056055236466589281 0.0078836061138431446 0.0040465411835495018 0 -0.00080883386243426616 0.12679221263116683 0 -2.0522270182798952e-05 0.013476355443063659 0.0081670107457986526 0 0.030011689079323722 0 -0.0017458432402343794 0 0.005539666350619166 -0.00033394613262229813 0.032929617197900642 0.0052507842266281248 0 0 0 0 0 0 0.0035900351411363388 0 0 -5.8823507875657812e-05 -0.00066992580585211359 0.00061004236769987563 0.00021000396193774515 -0.00078021297953482496 -0.00019106942230913824 -0.00059968390793470056 0.22155833171342698 0 8.5335409855648967e-05 9.83841049233103e-05 -0.00062719578586376565 0
leaf_weight=3478.769061410334 374.51811854541302 74356.80876994133 44700.00537109375 12356.83668756485 34017.302329659462 76627.873291015625 59228.107646390796 4673.4799060821533 5834.7121734619141 1077.1186246722937 43109.698441103101 7362.8588771820068 126240.50679016113 9892.6455056667328 138883.49925613403 6020.312490478158 3982.3618011474609 3690.3826713562012 5111.5708351135254 1635.5559387207031 86667.128550767899 37602.773910403252 7443.7598876953125 29891.230523407459 95762.118896484375 3532.6252746582031 4203.4224853515625 3907.60986328125 24163.656066894531 12495.391052246094 133829.15160912275 16011.61941421032 8185.4452716112137 43809.74722635746 670.08555603027344 1065.8772144317627 87193.270385742188 13027.282932281494 30710.527359008789 34872.202652096748 1328.5826607942581 2020.5687389373779 37940.690147399902 20220.759765625 52384.159925341606 71764.201416015625 18992.321485042572 85417.5146484375 46646.673881530762 2976.5402736663818 3992.8866233825684 1811.7099213004112 2533.0762904286385 321.6702721118927 359.45163536071777 68475.809190347791 4109.8169860839844 2647.5156555175781 175.00875854492188 300.65357358753681 1944.2400268763304 1913.0104854106903
leaf_count=6187 592 93385 92214 23203 47500 104179 78718 7453 10308 3205 68727 14089 191608 24867 154661 60149 6529 6658 10826 2843 132434 96343 21473 94232 132950 6724 75899 7122 46163 28712 500007 28807 17392 69455 1157 1693 243340 24944 157583 170706 2176 3725 59441 37408 86618 84468 46289 105176 69144 5272 7897 2873 4402 514 612 126162 81231 4075 267 432 3162 3849
internal_value=0.00856737 0.0108158 0.0123722 0.00329923 0.0131199 0.00725122 0.0141864 0.013253 0.00418266 0.00476498 0.0135437 0.0107427 0.0113226 0.00115672 0.00632499 0.00590276 0.0151865 0.0160476 0.00874105 0.00845501 0.0143412 0.0024653 0.000764871 0.00546905 0.00997413 0.00265136 0.0118179 0.0153938 -0.000378276 0.00204851 0.00556846 0.0164474 0.0131624 0.0170289 0.0153023 0.0156354 0.00301459 -0.000646764 0.00610463 0.00370329 0.0158464 0.00590144 0.0155038 0.0189872 0.0160567 0.00541534 -0.00039663 0.00848039 0.012857 -0.00147875 0.00244766 0.00566259 0.0101843 0.0182232 0.0232785 -0.00216291 0.0159187 0.0130695 0.00685013 -0.00305729 -0.0062574 0.00682382
internal_weight=1.76598e+06 1.23772e+06 861549 528256 809405 376172 507978 338320 10508.2 313666 327812 72650.4 301427 214591 299544 209842 52260.2 169658 8801.95 9150.54 255162 103824 52143.8 195508 170119 5168.18 14333.6 149287 117505 36659 194431 160856 24197.1 136659 72628.1 145379 97085.9 20390.1 164540 72475 142293 3086.45 71958 64030.5 139051 210648 31349.2 88896.3 105875 80845.7 11995.3 8002.45 5025.91 2492.83 2171.16 68850.3 8313.24 131308 5067.42 2419.9 2244.89 3241.59
internal_count=3600230 1799977 1345306 1800253 1231619 454671 805740 527096 17761 1308847 509335 123856 425879 491406 350492 972306 84823 278644 17484 16096 385479 336541 113687 755027 226335 9567 217279 237617 223199 74875 751822 261160 46199 214961 108098 230495 268207 39033 657590 267049 225077 5418 106941 106863 219052 239129 69492 111363 147862 148324 21570 13673 8401 3999 3485 126754 157130 199544 7936 3861 3594 6025
is_linear=0
shrinkage=0.05


Tree=43
num_leaves=63
num_cat=6
split_feature=146 32 32 24 30 3 29 46 46 146 147 20 44 104 28 62 146 33 24 44 24 146 21 104 147 147 3 24 10 44 107 24 35 10 43 3 35 3 23 44 109 35 31 24 44 20 10 127 106 3 24 107 146 104 44 2 75 91 107 128 3 147
split_gain=8708.22 2753.57 2942.97 660.899 631.3 512.91 350.143 1305.76 298.159 264.631 257.005 252.251 241.606 211.951 189.334 185.299 180.049 176.289 162.314 513.488 149.843 147.595 143.534 140.066 136.316 132.451 128.834 128.341 123.958 161.161 120.904 120.885 112.493 105.247 225.581 143.737 112.172 101.386 97.6159 96.245 93.1413 92.1836 102.259 91.933 81.5385 89.7465 78.8725 135.949 77.0562 76.58 76.3869 75.8163 74.9307 74.2154 72.9394 72.8552 76.2865 72.8497 70.2086 70.0148 76.7812 69.6668
threshold=2.1666666269302373 485.50000000000006 4473.0000000000009 1961.0000000000002 886.50000000000011 0 2359.5000000000005 4232.5000000000009 3984.5000000000005 0.83333334326744091 6.80277442932129 2.5000000000000004 8561.1665039062518 1379720256.0000002 2315.0000000000005 1138936.0000000002 0.83333334326744091 9851.0000000000018 2645.0000000000005 3893.5000000000005 2912.5000000000005 0.83333334326744091 2.5000000000000004 739233088.00000012 3.6000000238418584 2.0004616975784306 1 1464.5000000000002 3.5000000000000004 4937.0000000000009 1.0000000180025095e-35 911.50000000000011 5.5000000000000009 3.5000000000000004 4658.0000000000009 2 5.5000000000000009 3 0.7500000298023225 8561.1665039062518 387.50000000000006 4.5000000000000009 1632.0860595703127 294.50000000000006 4937.0000000000009 1.5000000000000002 3.5000000000000004 1.0000000180025095e-35 763.50000000000011 4 2394.5000000000005 571.50000000000011 4.1666667461395273 555747776.00000012 3893.5000000000005 1227.5000000000002 43778.000000000007 496700.09375000006 826.50000000000011 1182.666687011719 5 2.80012059211731
decision_type=2 2 2 2 2 9 2 2 2 2 2 2 2 2 2 2 2 2 2 2 2 2 2 2 2 2 9 2 2 2 2 2 2 2 2 9 2 9 2 2 2 2 2 2 2 2 2 2 2 9 2 2 2 2 2 2 2 2 2 2 9 2
left_child=1 5 4 13 9 16 11 25 20 23 40 12 18 24 -9 17 39 41 27 -20 -5 30 51 -3 -2 54 -16 53 38 -30 -7 -15 -31 37 -35 43 -37 -11 -13 -1 -10 -12 48 -36 -28 -46 -23 -48 -43 -34 -39 -4 61 -6 -8 56 -19 -17 -59 -54 -61 -22
right_child=3 2 22 8 6 21 7 14 10 33 15 28 -14 31 26 57 -18 55 19 -21 52 46 -24 -25 -26 -27 44 -29 29 32 -32 -33 49 34 35 36 -38 50 -40 -41 -42 42 -44 -45 45 -47 47 -49 -50 -51 -52 -53 59 -55 -56 -57 -58 58 -60 60 -62 -63
leaf_value=0 -0.00028587181706687395 0 0.036839942152717665 -0.00084421612343861259 0 0 0 0 0.010513795477927079 0 0.067015298639498427 0 0 3.9015703898919449e-05 0 0.0081457000465066983 0 0.16797862015714943 0 0.028507914967297255 0.0055771070533643281 0 0.0078675273790704599 0 0.0035038008858520597 0 0 0 0 8.9866846010755452e-05 0 0.011173368315149756 0.0003832366245612673 0 -2.4263423429760069e-06 0.00014546571415099407 -0.00062579986993045462 0 0 0 0.0044147922956507156 0.027074707157206702 -0.0090083177636208333 0.00011755024617529641 0.030660182750357534 -0.00033103942632364272 0 -0.0011659657642868581 0.054899480243328802 -0.00027230203527662812 0 -1.2858380247005031e-06 0.0010007602090828739 0 0 0.22509245838948236 -0.031252113599618082 0.030804385065219899 0.12397411478694501 0.010020145038954587 0.051617110756949192 0.005095195451208301
leaf_weight=145802.49499511719 96582.234185695648 93654.325219631195 3003.7853088378906 21370.715209960938 33297.514071464539 3226.3101437683217 39784.213937669992 2378.4487221091986 63102.675873756409 43788.940300226212 12530.28012752533 155040.71575927734 21494.696601390839 26293.636108398438 4240.5248916298151 11103.864859997528 37284.25830078125 1218.3979597091675 9126.0503487586975 6253.3741912841797 19145.293756008148 38223.465850830078 9153.0085144042969 75775.98095703125 37289.847265720367 6791.0494774281979 5563.2653588056564 89042.411422252655 2547.0025968551636 375.94142627716064 79642.336380004883 30807.212524414062 72.619048357009888 2749.5674324035645 72.302363827824593 96.004834651947021 1846.680504322052 82055.223466217518 55024.414367675781 70890.573852539062 103569.07070922852 13285.037334442139 2679.3839874267578 336.58374266326427 6105.0008805990219 7347.1193273067474 595.69799557328224 645.85202273726463 14040.036952972412 1737.4806754589081 673.83212131261826 40014.483520507812 29783.008514881134 57645.276145935059 4026.858996629715 2138.9525709152222 490.60698890686035 3604.186806262238 1669.2120056152344 5499.5483703613281 2962.8736934661865 29273.353302001953
leaf_count=162130 179827 118652 8560 44930 46871 6152 64170 4498 200967 74027 97540 221515 40664 59606 8249 89233 46816 18545 16066 12900 41417 55570 25486 106888 98324 11781 10075 148808 3809 673 98764 91317 130 4220 96 162 2976 116893 89125 83536 300004 82223 17655 507 12569 13495 939 959 107749 2884 1031 79973 124126 90489 7041 38146 5255 39966 28307 36358 20532 77805
internal_value=0.00851985 0.0108144 0.0123736 0.00314682 0.0131159 0.00724641 0.0141913 0.011067 0.004477 0.0113015 0.00549686 0.0147431 0.0159463 0.000796232 0.00187296 0.00822407 0.00596431 0.00983852 0.0164999 0.0115678 0.00231107 0.00990681 0.000863465 0.00999473 -0.00029161 0.0157244 0.000498379 0.0169213 0.0135284 0.00552381 0.00870879 0.00334673 -0.004433 0.0129836 0.00593965 -0.00542774 -0.01109 0.0132676 0.0137087 0.00541225 0.00446988 0.00891096 0.0074061 0.021196 -0.00126016 -0.00336656 0.0124247 1.81183e-05 0.00832016 -0.00960456 0.0122281 -0.000346172 0.00323578 0.0155994 0.0167318 0.0200878 0.0123798 0.00365127 0.00849015 0.00158132 0.00559462 0.00454249
internal_weight=1.76587e+06 1.23743e+06 861115 528439 808943 376311 507894 76236.5 337466 301049 229432 431657 216859 190973 25634.4 62760 253977 46382.7 195365 15379.4 108035 122334 52171.3 169430 133872 50602.1 23255.9 179985 214798 4733.04 82868.6 57100.8 2186.04 131619 5101.14 2351.57 1942.69 126518 210065 216693 166672 42534.7 30004.5 408.886 19015.4 13452.1 39465 1241.55 27325.1 1810.1 82729.1 43018.3 86664.1 90942.8 43811.1 3847.96 1709 16377.3 5273.4 38245.4 8462.42 48418.6
internal_count=3599981 1800149 1345283 1799832 1231264 454866 805812 131878 1370758 425452 1025590 673934 355798 429074 48886 524619 292482 367113 315134 28966 345168 162384 114019 225540 278151 82992 44388 286168 318136 7496 104916 150923 3687 199912 7961 3741 3138 191951 310640 245666 500971 305167 207627 603 36139 26064 57468 1898 189972 3014 117924 88533 300238 137360 71211 61946 23800 157506 68273 181016 56890 119222
cat_boundaries=0 1 2 3 4 5 6
cat_threshold=33296 41793 33280 15456 512 4192
is_linear=0
shrinkage=0.05


Tree=44
num_leaves=63
num_cat=6
split_feature=16 32 32 13 14 17 15 32 3 13 32 44 14 20 32 44 37 40 15 13 27 100 106 83 71 16 3 45 3 31 40 40 33 13 40 100 17 108 43 57 31 13 57 69 13 38 13 107 60 128 3 23 59 3 14 16 57 106 3 64 108 101
split_gain=5266.19 2228.03 2593.12 1883.4 1239.92 570.255 644.751 606.78 482.937 342.61 338.359 1625.04 329.625 232.608 203.473 180.381 178.68 177.649 155.717 155.182 166.44 151.222 144.47 159.138 141.966 129.949 111.714 135.732 111.302 114.797 107.151 105.433 100.133 98.8538 272.546 116.281 95.2239 93.4803 92.6696 91.8094 89.4861 88.9648 87.4861 83.3136 82.9617 80.6787 79.2697 78.6866 77.5162 75.6394 73.8669 85.5793 85.4935 70.7096 70.4588 86.8458 65.699 65.5303 65.5293 64.7621 64.2566 64.6494
threshold=3.5000000000000004 485.50000000000006 4473.0000000000009 1.0833333134651186 2.5000000000000004 1.5000000000000002 1.0000000180025095e-35 1205.0000000000002 0 0.58333334326744091 2688.0000000000005 3893.5000000000005 6.5000000000000009 2.5000000000000004 4473.0000000000009 8561.1665039062518 22.500000000000004 8910.0000000000018 1.3307163715362551 2.0833333730697636 671.50000000000011 1435613376.0000002 715.50000000000011 7.5000000000000009 1.2175206542015078 1.5000000000000002 1 4500.3334960937509 2 443.59939575195318 3842.5000000000005 3842.5000000000005 1.0000000180025095e-35 2.0833333730697636 8347.0000000000018 802368608.00000012 25.500000000000004 809.50000000000011 3922.5000000000005 157688.00000000003 727.91879272460949 1.9166666865348818 1112285.5000000002 82505.000000000015 2.0833333730697636 0.93523722887039196 0.41666667163372045 1.0000000180025095e-35 126819.83203125001 116.16666793823244 3 0.63157895207405101 221710.00000000003 4 1.5000000000000002 4.5000000000000009 1124816.0000000002 644.50000000000011 5 104356.50000000001 424.50000000000006 1.0000000180025095e-35
decision_type=2 2 2 2 2 2 2 2 9 2 2 2 2 2 2 2 2 2 2 2 2 2 2 2 2 2 9 2 9 2 2 2 2 2 2 2 2 2 2 2 2 2 2 2 2 2 2 2 2 2 9 2 2 9 2 2 2 2 9 2 2 2
left_child=1 8 4 14 5 7 -7 9 21 28 13 -12 16 17 48 22 50 30 -6 20 -19 46 53 45 32 47 -13 -28 -3 -30 -9 -15 39 35 -35 -11 58 -25 -20 -18 -29 60 -41 49 -27 -24 -1 -10 -2 -34 52 -52 54 -14 55 -5 -54 -56 -17 -23 -4 -62
right_child=3 2 41 12 18 6 -8 10 25 33 11 26 15 31 -16 36 24 19 38 -21 -22 59 23 37 -26 44 27 40 29 -31 -32 -33 43 34 -36 -37 -38 -39 -40 42 -42 -43 -44 -45 -46 -47 -48 -49 -50 -51 51 -53 56 -55 57 -57 -58 -59 -60 -61 61 -63
leaf_value=0 0 0 0.035166425923577375 0 0.00035157311180094691 0 -0.0004072288717517747 0 0 0 0 0 0.015013709829645894 0 0.0052179010101169321 0.054964748023895706 -0.0022026853455886066 0 0 0.039358624461115189 0 0 0.02596309277205533 0.00033809438490723932 0 0 0 -0.00029524028879190922 0 0 0 0 0.00012532999770130117 0 -0.00065854951172926728 0 0.76213440383152153 0.036925900417587788 0 0.10204237253754884 0.00016089037759743909 0.0067839934446318308 0.015968838591432655 0.0017529676137851614 0 0.065965493446171711 0 0 0 0.0064999369105979039 0 0.0024572732191180504 0 -0.0080214328583497318 0.00019512456408030883 1.3448630307771507e-05 0.0020987455098657294 0.0073461917051314664 0.032149674886150996 0 0.023636741894779323 -1.2215461234643678e-06
leaf_weight=146770.28189174831 10400.157319307327 96394.798032939434 2206.394106566906 2825.6575901024044 23465.875549316406 7536.1671142578125 14547.091796875 44063.887409210205 2459.2481132340617 64157.545036315918 55349.46700668335 5115.7176055908203 15104.853848990053 76440.939222335815 5670.0230522155762 18400.198746487498 495.42700242996216 4336.9126379787922 5000.2762336730957 3321.8264257609844 5227.7233691215515 33512.705322265625 5974.441162109375 9790.9376831054688 8223.1376953125 44697.931819275022 12529.041590213776 12819.084322452545 65406.848623275757 1451.8517150878906 86123.638946533203 85122.925321578979 58978.06228107959 2773.1918447613716 3439.6891479492188 90716.322761535645 754.06670379638672 9254.02734375 3611.6348991394043 1707.3493752479553 2377.2289342880249 10894.696961700916 1125.1942873001099 50385.819761276245 1419.0979658812284 14840.479125976562 37877.507414892316 70715.738311767578 28960.503776550293 105806.45820575207 33467.170566558838 30658.667827606201 49897.640335083008 7185.374292794615 35609.764791727066 4800.710950423032 38328.066589355469 21344.673196554184 8013.425955966115 31950.02978515625 3981.3504435420036 29230.806321442127
leaf_count=163012 16012 120163 6948 4752 46184 13235 27096 64794 4448 85827 90193 10082 76350 105518 16070 138158 1429 8451 8971 6891 9225 42282 44776 56414 18242 63245 23257 24002 90167 2573 141943 133303 134078 4603 6315 133942 30235 80932 6560 11340 5167 25382 4855 142102 2549 132987 44819 87013 54868 299857 74171 81524 113949 44048 79503 9388 96349 64412 61497 37142 9927 55703
internal_value=0.0084536 0.0103594 0.0118154 0.00453969 0.0125054 0.012923 0.00500862 0.0131667 0.00713656 0.011566 0.0144883 0.0117605 0.00371005 0.0152779 0.0143588 0.00648139 0.0031521 0.0167464 0.00288146 0.0111444 0.0143779 0.00588703 0.00499555 0.0067983 0.00413365 0.00975496 0.00294897 0.00169321 0.00995151 0.0115237 0.0173008 0.0139774 0.00437638 0.013202 0.00701535 0.0134502 0.00988012 0.00349493 0.00863179 0.0129833 -0.00148251 0.000324044 0.0164566 0.00424321 0.0118349 0.00982037 0.00515512 0.00844532 0.0156346 0.00478728 0.00212622 0.000701444 0.00272388 0.00177155 0.00410644 0.00862006 0.00171208 0.00350189 0.00937928 0.00795227 -0.000891247 -0.00144033
internal_weight=1.76505e+06 1.18705e+06 817643 578002 771330 739252 22083.3 717169 369403 324340 392828 88190.5 532972 304638 45030.7 89317.8 443654 143074 32077.8 12886.5 9564.64 250111 62150.1 39859.9 226721 119292 32841.1 27725.4 163253 66858.7 130188 161564 218498 161087 6212.88 154874 27167.7 19045 8611.91 3327.97 15196.3 46313.2 2832.54 215170 46117 20814.9 184648 73175 39360.7 164785 216932 64125.8 152807 22290.2 64580.8 7626.37 88225.7 56954.4 26413.6 65462.7 35418.6 33212.2
internal_count=3599230 1710932 1266422 1888298 1168462 1106747 40331 1066416 444510 443590 622826 152701 1801348 470125 86950 665397 1135951 231304 61715 24567 17676 287255 435507 315109 611903 157255 62508 52426 212903 92740 206737 238821 593661 230687 10918 219769 229890 137346 15531 17624 29169 97960 16195 576037 65794 177763 207831 91461 70880 433935 524048 155695 368353 120398 158055 14140 210298 143915 199655 79424 72578 65630
cat_boundaries=0 1 2 3 4 5 6
cat_threshold=33296 41537 33053 38421 38181 40197
is_linear=0
shrinkage=0.05


Tree=45
num_leaves=63
num_cat=4
split_feature=146 32 28 16 13 3 24 146 13 24 48 32 40 37 13 145 24 23 106 25 83 58 41 127 28 48 3 13 13 40 43 40 109 106 89 24 20 37 145 21 3 3 108 100 14 108 119 33 130 40 24 146 70 13 21 24 109 13 130 17 123 71
split_gain=8306.58 2248.68 2988.89 1421.24 2210.81 596.495 516.151 449.789 338.844 305.257 1346.04 268.197 256.417 238.253 230.569 199.408 197.963 151.39 148.422 161.87 140.999 140.203 134.284 129.72 205.835 375.494 225.373 124.681 122.038 501.244 120.005 118.818 113.6 112.62 108.595 101.531 98.9909 95.985 93.5889 93.3947 161.159 91.0945 89.346 82.1329 101.186 81.4468 79.9407 87.267 79.8271 77.8457 73.7883 82.4717 70.4521 70.1964 70.2909 70.0908 69.2823 113.142 68.5799 68.3591 67.8655 65.6956
threshold=2.1666666269302373 4473.0000000000009 503.50000000000006 3.5000000000000004 1.0833333134651186 0 2394.5000000000005 0.83333334326744091 0.41666667163372045 2645.0000000000005 4231.5000000000009 1205.0000000000002 3619.5000000000005 22.500000000000004 2.7500000000000004 16.500000000000004 1464.5000000000002 1.3044674992561343 442.50000000000006 1.0000000180025095e-35 7.5000000000000009 1049418.0000000002 8541.5000000000018 1.0000000180025095e-35 2315.0000000000005 5039.5000000000009 1 2.0833333730697636 2.0833333730697636 8347.0000000000018 4386.5000000000009 4881.5000000000009 225.50000000000003 782.50000000000011 853700.75000000012 178.50000000000003 2.5000000000000004 -246.49999999999997 1.5000000000000002 -2.4999999999999996 2 3 842.50000000000011 580375328.00000012 2.5000000000000004 424.50000000000006 443.50000000000006 1256.5000000000002 0.38916951417922979 8910.0000000000018 3628.5000000000005 4.1666667461395273 0.975724756717682 0.41666667163372045 -3.4999999999999996 87.500000000000014 351.50000000000006 2.0833333730697636 0.3416528999805451 1.5000000000000002 878.25000000000011 1.2175206542015078
decision_type=2 2 2 2 2 9 2 2 2 2 2 2 2 2 2 2 2 2 2 2 2 2 2 2 2 2 9 2 2 2 2 2 2 2 2 2 2 2 2 2 9 9 2 2 2 2 2 2 2 2 2 2 2 2 2 2 2 2 2 2 2 2
left_child=1 2 5 7 -5 8 14 11 35 16 -11 31 50 21 32 20 28 -3 19 -7 33 30 23 43 -25 -26 -27 61 36 -30 38 -4 59 41 -17 -1 -9 -16 -6 40 -32 45 52 44 -18 -14 47 -47 -36 -48 -8 -52 -22 -21 -55 -10 -24 -58 -35 -2 -60 -15
right_child=6 17 3 4 13 18 12 9 55 10 -12 -13 15 27 37 34 22 -19 -20 53 42 -23 56 24 25 26 -28 -29 29 -31 39 -33 -34 58 48 -37 -38 -39 -40 -41 -42 -43 -44 -45 -46 46 49 -49 -50 -51 51 -53 -54 54 -56 -57 57 -59 60 -61 -62 -63
leaf_value=0 -1.1048918736892297e-05 -1.1604688172961454e-06 0 0 0 0.045119909335937507 -0.0012277598547692275 0 0 0 0 0 0.077184030664256678 -6.2664998850658911e-06 0.0010438700976703186 0.044797392826510275 0 0.0065587870045828445 0 0 0.0072326502134278606 -0.00010493727549328869 0.037480883941351628 0 0 1.4762014439595461e-05 -0.00043621680205501172 0.03303518275035755 0 -0.00062562203614280332 0.00021657389542809849 0 -0.00045666234850750832 0.012280057724861139 0.12521613617117974 0 0 0.0061971787643130272 0 0 -0.00031771980915152876 0.0053740389846659966 0.035168874782217065 0 -0.0016585510782226587 -0.046223254436200158 0.012872715884897558 0.0057332384701824337 0.21894415094995878 0.053342301439097461 0.0044961442914874588 0.0012449808743570047 0.0032632241808460919 0 0 0 0 0.041032358711271394 0.031266616534775783 0.0024600642010458086 0.069493898854947306 0
leaf_weight=140200.99263778003 52014.446436986327 44668.800659179688 68746.778631210327 29851.612792611122 5224.0113891363144 4073.1581916809082 17613.192138671875 107976.92371883988 23345.97619253397 25601.621103286743 19234.551870346069 165606.48168945312 1631.1367771085352 15372.36494474113 25885.597778320312 5615.8565140608698 21235.687276959419 7472.5540771484375 1982.8332481384277 37235.145827077329 19845.335597276688 4667.6221179962158 2497.9001519680023 53809.369740962982 8578.9361241310835 883.42663069069386 3406.6088132858276 4980.269922927022 6529.7686901688576 5188.1684875488281 225.13016700744629 73888.401428222656 59210.305545806885 3528.2141265869141 3995.7320289611816 102089.73302078247 73932.194325953722 66461.035977363586 2583.3840465545654 4262.2401332855225 2590.2355976104736 31230.073696345091 7437.14013671875 19666.830009818077 500.11241149902344 232.14752721786499 34779.832283973694 22594.302021980286 3863.3493614196777 5065.7480039596558 28766.226127570961 24301.202827507164 67593.471073865891 764.2342586517334 49072.399436213076 94015.554801940918 3332.9669235832989 1954.2497609965503 5596.5019760131836 36102.856937304139 4603.6903686523438 675.17900562286377
leaf_count=156505 105259 92213 85145 54845 8724 9854 38605 163385 27448 44129 38870 246184 9263 26930 71430 57681 33859 21606 3956 48801 73717 8296 5466 85267 13384 1649 6045 10320 11000 9875 356 100728 109163 17117 75636 120948 105312 194638 4478 7311 4278 126128 41172 36260 886 429 132719 76366 79331 30746 72580 116288 235277 1183 72278 121287 6058 4173 27373 78335 30720 1089
internal_value=0.00812349 0.010363 0.0108099 0.0127828 0.00602987 0.00761586 0.00287247 0.0135007 0.00669161 0.0147158 0.0108594 0.0121038 0.00429791 -0.00156781 0.00115784 0.00514776 0.0152745 0.00020047 0.0111832 0.0114788 0.00475882 0.00240505 0.0169096 0.0173665 0.0160008 0.0103185 -0.00175811 -0.00526216 0.014296 0.00934822 0.00477613 0.0105143 -6.99292e-05 0.00598339 0.0110391 0.00562359 0.0146146 0.00311664 0.00905043 6.00869e-05 -0.00700556 0.0053747 0.0033485 0.0195657 0.0174451 0.00645099 0.00616469 0.00380479 0.0148337 0.00751642 0.0016813 0.00261204 0.00290089 0.0110228 0.0122504 0.00889702 0.0105645 0.0138067 0.0102184 0.00106815 0.012297 -0.007407
internal_weight=1.76589e+06 1.23792e+06 1.18578e+06 733003 70432.1 452780 527967 662571 359652 354329 44836.2 308242 288293 40580.4 239674 217613 309493 52141.4 93127.8 91144.9 204138 19552.6 115866 108081 66678.3 12869 4290.04 21027.8 193627 11717.9 14885 142635 147328 109262 13474.9 242291 181909 92346.6 7807.4 7077.61 2815.37 95533.2 94875.9 41402.6 21735.8 64303.2 62672 22826.4 7859.08 39845.6 70680.6 53067.4 87438.8 87071.8 49836.6 117362 7785.12 5287.22 13728.4 88117.3 10200.2 16047.5
internal_count=3600354 1800381 1686562 1124302 126627 562260 1799973 997675 426188 565618 82999 432057 1241148 71782 558825 1013675 482619 113819 136072 132116 801027 33443 193047 177350 106345 21078 7694 38339 289572 20875 25147 185873 292757 450861 212648 277453 268697 266068 13202 11945 4634 375651 350166 71005 34745 249523 240260 76795 154967 163465 227473 188868 308994 122262 73461 148735 15697 10231 75210 183594 58093 28019
cat_boundaries=0 1 2 3 4
cat_threshold=33553 8961 33280 5381
is_linear=0
shrinkage=0.05


Tree=46
num_leaves=63
num_cat=4
split_feature=146 32 32 15 13 28 13 13 32 48 12 94 12 37 38 9 15 146 23 17 40 41 13 109 96 57 48 3 64 19 3 94 145 75 40 28 59 10 48 59 28 3 146 40 60 48 38 75 32 64 12 27 121 31 27 8 13 13 40 10 3 27
split_gain=8538.62 2369.95 2962.26 944.496 2050.88 626.075 528.951 497.053 289.956 1764.1 256.501 245.543 226.621 224.807 219.3 214.787 170.011 268.163 156.042 151.078 141.362 127.764 265.852 174.697 125.29 122.719 129.115 117.931 117.711 115.133 114.083 124.546 110.967 108.095 105.947 181.335 132.781 101.198 99.0536 163.152 122.094 116.008 101.826 97.8861 97.4934 96.6763 95.7869 94.9851 124.28 92.3129 89.6712 99.2121 88.6181 110.109 85.3611 84.1983 82.0203 81.621 166.637 81.4769 135.533 123.699
threshold=2.1666666269302373 485.50000000000006 4473.0000000000009 1.5236033797264101 1.0833333134651186 873.16665649414074 2.7500000000000004 0.41666667163372045 2688.0000000000005 4231.5000000000009 0.83333334326744091 164982288.00000003 0.83333334326744091 22.500000000000004 0.91699558496475231 7.5000000000000009 1.3307163715362551 1.8333333134651186 1.3044674992561343 21.500000000000004 4881.5000000000009 8541.5000000000018 2.0833333730697636 351.50000000000006 1.0000000180025095e-35 1124816.0000000002 5039.5000000000009 0 1317867.0000000002 3.5000000000000004 1 336534448.00000006 11.500000000000002 10983.500000000002 4334.0000000000009 2315.0000000000005 103939.50000000001 3.5000000000000004 5039.5000000000009 73697.000000000015 2315.0000000000005 2 1.1666666865348818 3842.5000000000005 1177300.6250000002 5039.5000000000009 1.1012470722198489 26107.500000000004 9516.5000000000018 54735.000000000007 1.1666666865348818 1558.5000000000002 38.500000000000007 1632.0860595703127 1.0000000180025095e-35 1.5000000000000002 2.0833333730697636 2.0833333730697636 8347.0000000000018 3.5000000000000004 3 95.500000000000014
decision_type=2 2 2 2 2 2 2 2 2 2 2 2 2 2 2 2 2 2 2 2 2 2 2 2 2 2 2 9 2 2 9 2 2 2 2 2 2 2 2 2 2 9 2 2 2 2 2 2 2 2 2 2 2 2 2 2 2 2 2 2 9 2
left_child=1 7 3 5 -5 10 11 33 12 -10 20 -2 43 25 30 52 21 -18 -4 28 -3 34 23 -23 -13 26 44 -9 32 -19 31 47 -17 -1 -14 -36 -37 -29 50 -40 46 -42 -43 -7 55 -38 -41 -8 -49 -32 51 -11 -16 -54 -39 -6 -15 -12 -59 -28 -61 -62
right_child=6 2 18 4 13 8 14 27 9 38 57 24 16 56 15 19 17 29 -20 -21 -22 22 -24 -25 -26 -27 59 37 -30 -31 49 -33 -34 -35 35 36 45 54 39 40 41 42 -44 -45 -46 -47 -48 48 -50 -51 -52 -53 53 -55 -56 -57 -58 58 -60 60 61 -63
leaf_value=0 -9.6990992134863785e-05 0 -1.1024453764330033e-06 0 0 0 0.0054227465001603255 0 0 0 0 0.066457329558674075 0 -5.9531748908159267e-06 0.013081244968699302 0.026073891077542433 0 0 0.0065592841048062074 0.47850125691604772 0 0 0.033172827998776813 0 0.0035707862534716584 -9.969041171862259e-05 0 0 0.0042280503468467012 0 -0.024514899367391429 0.019987762799803344 0.086002547207132324 0 0 1.5045219229566793e-05 0 0 0.025661554252570065 0.00017565239203703455 0 -0.00033239409234536927 -0.00026412400013264836 0 5.2468637746660997e-06 -7.3810072197533223e-07 0.00015279035948506658 -0.00029638514334850985 -0.042172088765175246 -0.00066839014951061151 0 0 0.0043312250909509744 -0.011293570174670387 -0.0011076674760725159 0 0.030109703457132288 0 -0.00059434093433565762 0.00020668195339119678 0 -0.0003018338186939529
leaf_weight=100199.50392533932 120657.79275512695 70326.687082462013 44647.149505615234 30861.980027489364 2937.6640190556645 77224.498266048729 28635.219258069992 70735.151489257812 57824.281219482422 2150.2102122306824 102235.75543114543 1758.7448022738099 73021.727725982666 13742.863168887794 44930.550993919373 30992.18080329895 15390.607803344727 3549.8516502380371 7384.1771545410156 2106.8656806945801 92729.590942382812 6496.3189015053213 4310.0937188006938 8830.8962299823761 115830.46149655432 3311.2517585754395 4728.2141151428223 56946.603887394071 6635.0348968505859 7485.1444435119629 906.22097516059875 16739.773468017578 12730.231013298035 147027.88268658519 96984.439952544868 932.43492681533098 436.72067730128765 496.058753490448 6017.8567963838577 831.55250489711761 2623.3215174674988 5429.6598362922668 7622.3202514648438 84321.216491699219 196.72064208984375 1715.3917470723391 1764.257933139801 13300.250085830688 1158.7225494384766 23976.012760162354 6108.992919921875 3345.8138070106506 102932.47929382324 4340.9827575683594 685.70042276382446 1493.4766352176666 4041.6901148036122 1697.7862482368946 2629.6008987426758 307.0329761505127 809.69616937637329 2706.8292117118835
leaf_count=121241 243144 87552 92200 57413 4708 103552 97888 86789 94596 4048 148272 9860 107246 23973 171517 161689 24201 6290 21377 70185 127796 12359 8745 15128 275552 5931 8160 79693 56387 13050 2979 86885 138684 165233 157077 1809 715 762 12663 1399 5206 9553 15225 125336 319 3085 3958 39904 3501 101990 11508 5522 320346 19055 1023 2522 8425 2841 4829 492 1501 4494
internal_value=0.00802113 0.0102922 0.0117383 0.0124819 0.00670826 0.0129873 0.00269547 0.00698076 0.0140808 0.011589 0.0110633 0.000950679 0.0146942 -0.00171033 0.00413192 0.00501748 0.0157418 0.0119796 0.000173952 0.00777644 0.00981632 0.0162575 0.0124337 0.0155187 0.00257666 0.00249459 0.00465676 0.00949855 0.00722732 0.00603008 0.00199239 0.00317532 0.00816904 0.00566836 0.0166913 0.0177485 0.00581015 0.0111709 0.0028819 0.00106604 -0.00128557 -0.00294913 -0.00487626 0.013273 0.0113837 -0.00101708 0.00875689 0.0017539 -0.00154929 -0.000852916 0.00668181 0.0113156 0.00406641 0.00328547 -0.00330472 0.00985009 -0.00560962 0.0129711 0.00624193 0.00101536 -0.00441078 -0.00720684
internal_weight=1.76493e+06 1.2373e+06 861206 809174 65137.4 744037 527632 376091 474418 93718.3 269619 238247 380699 34275.4 289385 204668 219154 26425.6 52031.3 52464.3 163056 192728 19637.3 15327.2 117589 16490.9 13179.6 128864 50357.4 11035 84716.2 59834 43722.4 247227 173091 100069 3084.55 58128.4 35894 24289 18271.1 15675.3 13052 161546 4627.86 2152.11 2595.81 43094.2 14459 24882.2 11605 5496.02 152204 107273 1181.76 4431.14 17784.6 106563 4327.39 8551.77 3823.56 3516.53
internal_count=3599383 1799817 1345076 1231499 117938 1113561 1799566 454741 742271 163678 371290 528556 578593 60525 1271010 937863 349705 43541 113577 426945 215348 306164 36232 27487 285412 28127 22196 168267 356760 19340 333147 228178 300373 286474 269932 162686 5609 81478 69082 48004 35341 29984 24778 228888 7549 3800 5357 141293 43405 104969 21078 9570 510918 339401 1785 7230 32398 155942 7670 14647 6487 5995
cat_boundaries=0 1 2 3 4
cat_threshold=33552 39949 41537 33280
is_linear=0
shrinkage=0.05


Tree=47
num_leaves=63
num_cat=0
split_feature=12 32 32 16 13 12 24 13 32 32 48 40 37 24 147 24 41 13 109 147 56 40 12 23 24 33 70 13 61 48 64 80 75 62 100 33 39 147 38 125 13 40 24 109 41 24 100 147 24 67 6 83 48 62 23 13 100 100 109 31 25 24
split_gain=8961.92 2307.13 2918.67 1166.88 2157.26 574.331 514.34 509.825 364.227 357.674 1569.38 311.385 271.764 242.652 199.982 183.414 177.355 216.411 220.539 167.611 163.298 154.799 150.737 150.003 141.234 132.647 128.508 134.188 126.523 131.666 126.164 115.852 107.28 97.9194 94.8473 160.941 91.3499 87.9533 85.3716 93.5677 83.802 195.955 107.198 83.6036 80.3195 140.286 88.6393 171.454 157.904 172.995 101.891 147.385 79.2788 78.5338 91.8764 77.9339 76.6925 75.8065 75.6749 70.0844 69.7461 68.4524
threshold=2.1666666269302373 485.50000000000006 4473.0000000000009 3.5000000000000004 1.0833333134651186 0.83333334326744091 1783.5000000000002 0.41666667163372045 1205.0000000000002 2688.0000000000005 4231.5000000000009 4616.5000000000009 22.500000000000004 911.50000000000011 6.80277442932129 2912.5000000000005 8541.5000000000018 2.0833333730697636 351.50000000000006 5.3999998569488534 1138936.0000000002 4881.5000000000009 3.1666666269302373 1.3044674992561343 1190.5000000000002 9851.0000000000018 1.3843718171119692 1.9166666865348818 1125928.5625000002 5039.5000000000009 1210603.0000000002 37780.000000000007 14267.500000000002 39200.500000000007 546882560.00000012 2263.5000000000005 0.78221485018730175 3.0278023481369023 0.86952012777328502 954.00000000000011 2.0833333730697636 8347.0000000000018 416.50000000000006 387.50000000000006 8541.5000000000018 911.50000000000011 618204352.00000012 2.6000477075576787 1329.5000000000002 7.5000000000000009 -0.25000000000000006 7.5000000000000009 9929.5000000000018 1112285.5000000002 0.63157895207405101 2.0833333730697636 325894128.00000006 840945664.00000012 269.50000000000006 443.59939575195318 158.50000000000003 87.500000000000014
decision_type=2 2 2 2 2 2 2 2 2 2 2 2 2 2 2 2 2 2 2 2 2 2 2 2 2 2 2 2 2 2 2 2 2 2 2 2 2 2 2 2 2 2 2 2 2 2 2 2 2 2 2 2 2 2 2 2 2 2 2 2 2 2
left_child=1 7 3 5 -5 8 22 32 21 13 -11 15 28 40 43 37 34 18 24 -10 25 59 44 -4 -18 33 27 -14 29 30 53 55 -1 -16 -15 58 -24 -8 -22 -40 57 -42 -43 -13 46 -46 47 48 50 -50 51 -2 -35 54 -6 -9 -17 -7 -36 -3 -61 -34
right_child=6 2 23 4 12 9 11 31 19 10 -12 14 26 16 20 56 17 -19 -20 -21 38 -23 36 -25 -26 -27 -28 -29 -30 -31 -32 -33 61 52 35 -37 -38 -39 39 -41 41 42 -44 -45 45 -47 -48 -49 49 -51 -52 -53 -54 -55 -56 -57 -58 -59 -60 60 -62 -63
leaf_value=0 -0.0006334824633818072 0 -1.0473231076169042e-06 0 0 0 -0.0011337993510079807 0 0 0 0 0.0097891634920720845 -5.6555161462745753e-06 0 -0.030116015555788401 -0.00050094961658766481 0 0.037523935222691818 0 -0.0017416099105531529 -0.017725989716742951 0 -0.0071130520389619291 0.0061792508332221613 0.035606839744284045 0.17433890040673924 2.9765874454135144e-07 0.019020468394243418 -9.4705891132695896e-05 0 5.2468637746660997e-06 0 0 0.033380455991441106 0 0 0.004129114095735964 0.0025419945424041803 0.019915936184276783 0.13738140420878758 0 0.00065977470428117419 -0.00056462388761887585 0.0035721906817973159 -6.2954234394318822e-05 0.013254413624534767 -0.00059436108284486189 -0.00079937177127803135 -0.0010336014750864804 0.00063689930998119882 0.00024128888696804327 0.00056295071758783756 0.065479218557537647 -9.4705891132695896e-05 0 0 0.0047088378982071523 0 0 -0.0021648859765625028 0 0
leaf_weight=101516.93874633173 1232.6083297729492 85842.68335723877 44773.295440673828 33082.880999982357 3535.0815969109535 46294.83745174855 17570.389321804047 61093.545266896486 165592.84204912186 32835.137729644775 25442.956508636475 62500.073058366776 14446.238569587469 70695.605815887451 645.6469714641571 18332.50106716156 3525.2198031209409 4470.2256945110857 8888.3093708753586 710.50463056564331 3414.823860168457 105074.89918518066 8195.4003490805626 7466.0706176757812 4180.9825000762939 3132.6575775146484 715.17141628265381 6573.8915564119816 2811.7797470092773 11185.777923583984 275.42183542251587 66407.587837219238 59305.214445710182 25439.591857910156 47570.643969208002 2041.6827464997768 63340.727996826172 16166.525076389313 12875.275817871094 1852.1639633178711 1910.0902978852391 148.10903167724609 2522.4833374023438 100410.08660888672 18125.459045410156 14914.983337402344 45796.912679195404 6769.0217399597168 3130.7743988037109 1554.8298797607422 2611.7967243790627 1353.5166778564453 12566.219591140747 467.44606781005859 1709.7855067253113 1396.002767726779 86349.97549533844 58584.059761047363 67007.872778654099 511.21663475036621 375.0507984161377 86585.10986328125
leaf_count=122909 1956 106044 92327 61163 5712 62057 32442 84040 246351 55319 49938 197396 24959 104150 2885 58006 6441 9229 15310 1480 24111 143545 20140 21574 8777 53356 1126 13384 5022 19265 440 81841 64511 168457 81025 3751 171592 38735 105546 38502 3128 272 4611 289585 33639 32672 83828 11979 5312 2546 4220 2116 108069 790 2904 2475 313485 87391 106199 795 494 99211
internal_value=0.00791599 0.0102432 0.0116702 0.0124099 0.00646051 0.013016 0.0024641 0.00697715 0.0115827 0.0143806 0.0107792 0.00352494 -0.00110053 0.0150409 0.0046819 0.00166233 0.0160423 0.0116911 0.0143214 0.0132953 0.00715166 0.0100977 0.000169626 0.000215615 0.0081291 0.00887158 -0.00497014 -0.00567959 0.00310769 0.00471763 0.0107013 0.00952695 0.00564869 0.00806912 0.0165316 0.0174081 0.00190506 -0.00154362 0.00319005 0.00484177 0.0131343 0.00651123 -0.00223331 0.00377335 -0.00113042 0.000863084 -0.00218522 0.000938427 0.00513724 -0.00151827 0.0111373 0.00409848 0.00839725 0.00910421 0.010855 0.0110725 0.00269559 0.0134234 0.017656 0.00853387 -0.00544859 0.00478002
internal_weight=1.76585e+06 1.23757e+06 861268 809029 74803.5 734225 528282 376304 358107 376118 58278.1 361256 41720.6 317840 222837 138419 208381 21064.7 16594.5 166303 59926.4 191804 167026 52239.4 7706.2 41784.1 21735.3 21020.1 19985.3 17173.5 5987.74 128897 247407 38651.5 187316 116620 71536.1 33736.9 18142.3 14727.4 109460 4580.68 2670.59 162910 95489.9 33040.4 62449.5 16652.5 9883.53 4685.6 5197.92 2586.13 38005.8 5712.31 5244.87 62489.5 104682 104879 114579 86729 886.267 145890
internal_count=3600535 1799960 1344973 1231072 134765 1096307 1800575 454987 498709 597598 105257 1430575 73602 492341 987907 442668 334882 39757 30528 247831 500926 250878 370000 113901 15218 332767 39469 38343 34133 29111 9846 168356 286631 279411 295125 190975 191732 71177 168159 144048 157459 8011 4883 486981 178268 66311 111957 28129 16150 7858 8292 4072 276526 9406 8616 86515 371491 149448 187224 107333 1289 163722
is_linear=0
shrinkage=0.05


Tree=48
num_leaves=63
num_cat=6
split_feature=16 28 32 147 19 17 20 30 28 48 16 48 14 16 147 104 14 147 14 22 32 3 17 17 48 88 56 147 147 41 3 30 39 39 19 39 3 127 147 40 32 3 33 106 75 8 3 147 46 147 147 44 9 20 21 62 147 32 3 103 8 86
split_gain=7701.55 2343.01 2681.88 1537.99 1078.85 727.061 571.829 517.579 336.41 2149.72 335.284 288.226 268.308 285.286 265.029 246.418 227.987 244.17 193.414 285.076 177.864 170.996 169.027 144.73 141.756 141.104 127.584 125.987 122.571 117.807 116.357 118.976 110.853 108.238 159.312 107.272 107.249 115.649 102.063 94.1907 112.342 94.149 92.8788 92.5103 89.8826 89.1463 87.736 99.0607 86.4359 84.6907 79.4807 77.1878 74.3599 73.8655 70.8001 70.5928 70.4853 68.9857 67.79 67.3188 111.831 66.8164
threshold=3.5000000000000004 380.50000000000006 4473.0000000000009 2.0004616975784306 2.5000000000000004 1.5000000000000002 1.0000000180025095e-35 886.50000000000011 2315.0000000000005 5039.5000000000009 1.5000000000000002 4231.5000000000009 2.5000000000000004 5.5000000000000009 6.80277442932129 739233088.00000012 2.5000000000000004 1.0500000119209292 2.5000000000000004 0.66737589240074169 4473.0000000000009 0 1.0000000180025095e-35 28.500000000000004 3986.0000000000005 1912526.6875000002 1138936.0000000002 2.4000790119171147 5.3999998569488534 8541.5000000000018 1 75.500000000000014 1.3563219904899599 0.86391466856002819 3.5000000000000004 0.78221485018730175 2 4.5000000000000009 0.90000000596046459 4334.0000000000009 2688.0000000000005 3 9851.0000000000018 699.50000000000011 1.0000000180025095e-35 1.5000000000000002 4 2.4000790119171147 8617.5000000000018 1.0500000119209292 2.80012059211731 5729.6667480468759 2.5000000000000004 1.5000000000000002 5.5000000000000009 58161.000000000007 2.4000790119171147 2688.0000000000005 5 595131072.00000012 1.5000000000000002 0.86632013320922863
decision_type=2 2 2 2 2 2 2 2 2 2 2 2 2 2 2 2 2 2 2 2 2 9 2 2 2 2 2 2 2 2 9 2 2 2 2 2 9 2 2 2 2 9 2 2 2 2 9 2 2 2 2 2 2 2 2 2 2 2 9 2 2 2
left_child=1 10 3 7 12 18 14 15 16 11 21 -10 13 20 35 49 17 24 19 27 50 -1 -20 26 -9 43 42 33 -29 39 31 -15 -14 -5 -35 -6 -11 -38 44 -19 -41 -12 48 46 -13 -4 47 -8 -16 -3 -2 -23 59 -39 -33 -45 -43 -21 -17 -48 -61 -28
right_child=4 2 45 5 6 -7 25 8 9 36 41 38 32 30 23 58 -18 29 22 57 -22 51 -24 -25 -26 -27 61 28 -30 -31 -32 54 -34 34 -36 -37 37 53 -40 40 -42 56 -44 55 -46 -47 52 -49 -50 -51 -52 -53 -54 -55 -56 -57 -58 -59 -60 60 -62 -63
leaf_value=0 0 0 -9.949569522382796e-07 0 -0.00063558688506601966 5.8024333293937863e-06 2.8277580731428388e-07 0 0 0 0 0 0.00045060103842561416 0.14511990933593752 0.025234399861654745 0 0 0 0 0 0.0039921398624805258 0 -0.0005356014411557953 0.80110055064867314 0 0.0090618057592458667 -0.039114885708211672 0 -0.0015673713486274001 0 0 0 0.038179869990878426 0 -3.0492811201376927e-06 0.0044208101076366078 0.025802631164364168 -0.00090823059308063896 0 0 0.00014406323911571596 0 0.10583432940040161 -0.025542115344234562 0 0.0059116796321896595 0 0 0.053225719128155061 0 -0.00046868324414492076 0 0 -0.00033257742313793639 0.019747442766977975 0.0020328166146092565 -0.00013289151359601974 0 0 -0.00037633669765222972 -5.3727403389602912e-06 0.019159941413830331
leaf_weight=150532.60740661621 32418.535252783448 89054.362075857818 25047.981781005859 1113.4733551219106 10196.244463980198 27729.731201171875 4668.9245804138482 81272.774495117366 53689.794067442417 3502.111189365387 60875.752380371094 903.88865160942078 13378.143807020038 895.29946535825729 27436.863635063171 65687.173183441162 3585.8850708007812 52098.105820484459 5958.71728515625 13500.803283691406 5052.9118347167969 45448.370323654497 7016.6162109375 1202.953483581543 102045.00583934784 19902.915100097656 1337.5137376785278 50435.16015625 780.34175515174866 14048.830932617188 5369.9191646575928 4854.3117188513279 4490.9086303710938 3306.8025753498077 4169.2564361095428 192129.234554708 5148.3610372543335 5133.7381420135498 7141.9037780761719 69784.299719572067 1472.9862625598907 41119.47713470459 4379.6255950927734 609.61581420898438 2395.004950761795 21262.0498046875 26828.824336823076 5692.6051865033805 14669.172550678253 24931.76611328125 877.14969062805176 67590.7109375 71870.30043727532 7566.3950886726379 7192.9421244561672 77754.665313720703 714.46091461181641 3376.8428344726562 68005.201694488525 9556.8572166962549 22326.071066995151 12685.266613006592
leaf_count=168533 58379 112892 49170 1557 24228 53916 7228 110438 86598 6979 74740 1635 38587 6783 170364 89470 6416 77488 10973 23048 13829 53235 13282 52795 154377 86980 8791 66924 1651 26198 12220 11879 22537 4371 7331 541841 10650 10133 13106 114392 2914 60022 53367 1540 3863 48680 51463 11526 115407 34694 1855 86206 171117 13283 29112 231297 1270 6680 104287 17424 46571 100839
internal_value=0.00789034 0.0101941 0.0116774 0.012376 0.0031557 0.00710402 0.00232421 0.0133173 0.014408 0.0116171 0.00686852 0.0161922 0.00876999 0.0104548 0.00392846 0.0115126 0.0151436 0.0152837 0.00929239 0.0102477 0.0129065 0.00592411 0.00364602 0.00679683 0.014089 0.00055345 0.00645517 0.00862786 0.00956773 0.0168776 0.00531992 0.0078838 0.00342735 0.00302302 0.000855734 0.00305353 -0.0021247 -0.00369395 0.00858944 0.0173718 0.0185539 0.00929196 0.00771622 0.000187591 0.0158634 -1.06504e-05 -0.00057811 0.00384815 0.00699504 0.0098043 0.0142331 0.00739455 -0.000929604 -0.00625861 0.00658181 0.00156482 0.0111231 0.0159868 0.012969 -0.00224978 -0.00380287 0.00227431
internal_weight=1.76522e+06 1.18745e+06 821165 774855 577778 117388 503248 657468 409789 85481.2 366281 64130.6 74530.1 56661.1 264037 247679 324308 320722 89658 76682.7 38348.6 263572 12975.3 61711.4 183318 239211 60508.4 59805 51215.5 137404 18312.5 12942.6 17869.1 8589.53 7476.06 202325 21350.6 17848.5 10440.8 123355 71257.3 102710 46485.7 219308 3298.89 46310 140944 10361.5 42106 113986 33295.7 113039 130582 12700.1 12047.3 78364.3 41833.9 16877.6 133692 58711.8 31882.9 14022.8
internal_count=3599361 1711402 1267396 1169546 1887959 189733 1692778 979813 638470 146247 444006 105202 195181 134057 1067632 341343 492223 485807 135817 111562 74063 307974 24255 501563 264815 625146 448768 81834 68575 220992 59994 47774 61124 13259 11702 566069 41045 34066 18604 194794 117306 136032 339138 538166 5498 97850 305329 18754 285771 147586 60234 139441 286575 23416 40991 232837 61292 29728 193757 115458 63995 109630
cat_boundaries=0 1 2 3 4 5 6
cat_threshold=4624 13409 41537 37392 33296 33033
is_linear=0
shrinkage=0.05


Tree=49
num_leaves=63
num_cat=0
split_feature=146 28 28 16 13 12 24 28 48 13 28 46 24 13 35 19 23 37 40 28 8 24 13 40 98 48 24 57 13 24 24 46 77 13 70 26 40 13 39 48 81 38 24 130 31 67 24 109 13 69 19 35 8 12 48 13 48 109 92 48 40 12
split_gain=9364.35 2244.27 2416.34 1689 1904.8 576.654 483.526 447.76 1495.61 433.595 346.713 309.538 288.16 163.423 150.801 146.908 146.862 144.773 142.77 139.032 156.719 136.148 133.985 472.557 126.273 123.412 148.715 120.047 118.257 115.126 113.515 111.01 110.645 109.647 128.306 107.701 105.993 104.694 99.9573 95.4823 95.4358 118.798 102.949 118.35 89.7968 86.1661 83.8866 82.2332 125.738 80.1091 78.7338 107.728 131.545 170.826 171.828 78.1486 77.9692 77.7136 76.3576 75.1662 72.8986 71.5998
threshold=2.1666666269302373 380.50000000000006 3908.166625976563 3.5000000000000004 1.0833333134651186 0.83333334326744091 1783.5000000000002 2315.0000000000005 4231.5000000000009 0.41666667163372045 873.16665649414074 6898.0000000000009 1464.5000000000002 2.4166666269302373 4.5000000000000009 2.5000000000000004 0.39167489111423498 22.500000000000004 4881.5000000000009 4362.5000000000009 1.5000000000000002 2645.0000000000005 2.0833333730697636 8347.0000000000018 465106416.00000006 5039.5000000000009 2645.0000000000005 1124816.0000000002 9.7500000000000018 4487.5000000000009 87.500000000000014 8617.5000000000018 20778.250000000004 2.0833333730697636 1.2817010283470156 4355.5000000000009 4616.5000000000009 0.91666665673255932 0.78221485018730175 3986.0000000000005 1664.0000000000002 1.839870870113373 5864.5000000000009 0.35558357834815985 443.59939575195318 3.5000000000000004 416.50000000000006 351.50000000000006 2.0833333730697636 49474.000000000007 5.5000000000000009 7.5000000000000009 3.5000000000000004 2.8333333730697636 5039.5000000000009 2.0833333730697636 6412.5000000000009 351.50000000000006 1119352.0625000002 5039.5000000000009 2880.5000000000005 1.0000000180025095e-35
decision_type=2 2 2 2 2 2 2 2 2 2 2 2 2 2 2 2 2 2 2 2 2 2 2 2 2 2 2 2 2 2 2 2 2 2 2 2 2 2 2 2 2 2 2 2 2 2 2 2 2 2 2 2 2 2 2 2 2 2 2 2 2 2
left_child=1 9 3 5 15 10 13 12 29 30 18 16 22 50 -13 -5 58 27 -3 44 -21 31 37 -24 60 26 -10 -6 -16 35 -1 36 55 34 -19 -9 -14 -7 -15 -23 -26 42 -42 49 59 -17 -25 -33 -49 -44 51 57 53 54 -53 -11 -32 -2 -8 -4 -18 -12
right_child=6 2 19 4 17 7 11 8 25 32 61 14 21 38 28 45 24 33 -20 20 -22 39 23 46 40 -27 -28 -29 -30 -31 56 47 -34 -35 -36 -37 -38 -39 -40 -41 41 -43 43 -45 -46 -47 -48 48 -50 -51 -52 52 -54 -55 -56 -57 -58 -59 -60 -61 -62 -63
leaf_value=0 -5.3162787084322147e-05 0 0 0 0 0 0.0011757199559828569 0 0 0 0 0.034035867893968598 0 -0.0039308842521276312 0.0066344125636861213 -0.00022104050538183096 -0.0012105702721223134 -5.3727403389602912e-06 0 -9.4520910463025134e-07 0.0068431802958784267 0 0 0.00055155044423433404 0.14047766260921402 -7.0119568588156158e-07 0 -8.9970596576061102e-05 0.063182364856583906 -0.0017953105186900632 0 0.033826497757069841 0 0.030745766757891591 2.6863701694801455e-07 0 0 0 0.0039502013237275426 0.025795428002408385 0.0041418922585161116 -0.015165517514398276 0.022252764939012848 0.036854090470245841 0 0 -0.0005363926932379304 0 0.039945612680307233 -0.00096978507413059134 -0.00049485321532637366 0.00061455876252333958 -0.00049783417915801986 -0.00062961512746247095 0.00043786780579266999 0 0 -0.00075759839785018027 -0.0076194596636601263 -0.00039509281522794872 0.0034760998824452161 0
leaf_weight=78995.194972552126 57610.61318230629 70491.747825622559 6976.5063402801752 26417.377481013536 16148.798234790564 98068.019352465868 36826.016571044922 32107.115494251251 2867.8609298728406 51035.585858732462 25052.6708984375 20151.05078125 47026.347630500793 8664.1639928817749 65388.859237670898 1247.3879228830338 14542.821948051453 15533.26168692112 92230.071533203125 21725.364406585693 17168.039707183838 1668.009192943573 6667.0850479453802 201.20864868164062 537.34301376342773 18011.468553543091 5399.3246875740588 4045.734884262085 13269.261611938477 879.08736228942871 80410.885620117188 2375.6017117500305 71129.641244888306 5079.7070564031601 1030.9588384628296 621.31649541854858 42405.438080787659 107488.25517724454 66590.200836181641 2438.6988434791565 52878.893465518951 2799.5497608184814 6363.3609156608582 22356.958883285522 4924.1659545898438 4805.2799758911133 5454.951171875 2947.2997815869749 1632.5204803682864 8058.7000179290771 20887.197666168213 1306.6336894929409 2588.0184673368931 1356.9688301086426 2360.6499481201172 1108.122142598033 91800.86328125 5706.2446410655975 8232.9148559570312 1736.3532788604498 109465.15590000153 169811.037109375
leaf_count=87749 114000 86810 12577 51388 27164 139065 95765 53587 4957 71952 35206 119961 72289 20984 236757 2207 36035 27247 125128 43768 41575 3058 11188 353 4318 36054 10341 7209 156587 1827 92992 5236 89006 10663 1634 1033 74024 162796 175153 5431 163045 12130 34471 150633 9565 7612 10338 5386 3506 58611 36716 2029 4928 2369 3992 2013 113699 10084 24618 3628 336706 249123
internal_value=0.00778664 0.0101657 0.0115688 0.0122426 0.0050583 0.0129681 0.00221164 0.0143291 0.0103622 0.00693338 0.0115284 0.00324122 0.0150752 -1.22233e-05 0.00562606 0.0141453 0.00234199 -0.00199388 0.00982441 0.0011766 -0.000346446 0.0172905 0.0140534 0.00898766 0.00288136 0.00142614 0.00648359 0.00105083 0.00463722 0.0173492 0.00574147 0.0176704 0.00936219 -0.0048349 -0.00680567 0.0178288 0.0181438 0.0143571 0.00171505 0.00837075 0.00427419 0.00415194 0.00446868 0.00650036 0.00552063 0.00711667 -0.00164178 0.0115824 0.015498 0.00296829 -0.00142798 -0.000633344 0.00498617 0.0097035 0.0153115 0.0111121 0.0064614 -0.00130906 -0.000255462 0.00857069 0.0018368 0.0129512
internal_weight=1.76511e+06 1.23716e+06 862684 810154 74308.5 735845 527942 378260 59886.2 374480 357586 360871 318373 167071 98809.2 32470 262062 41838.5 162722 52530.4 38893.4 100494 217880 12323.2 217003 26278.7 8267.19 20194.5 78658.1 33607.5 251207 96387.2 123273 21643.9 16564.2 32728.4 89431.8 205556 75254.4 4106.71 92994.8 92457.5 89657.9 36779 13637 6052.67 5656.16 6955.42 4579.82 14422.1 91816.3 70929.1 7612.27 5024.25 3667.28 52143.7 172212 63316.9 45058.9 8712.86 124008 194864
internal_count=3600276 1800384 1342973 1231860 135124 1096736 1799892 600469 107799 457411 496267 1429637 492670 370255 513305 61207 916332 73917 211938 111113 85343 168930 323740 21879 795949 51352 15298 34373 393344 56447 294440 160441 162971 39544 28881 54620 146313 301861 196137 8489 423208 418890 406760 243715 25770 9819 10691 14128 8892 93082 174118 137402 13318 8390 6021 73965 206691 124084 120383 16205 372741 284329
is_linear=0
shrinkage=0.05


Tree=50
num_leaves=63
num_cat=5
split_feature=12 32 32 10 147 9 30 147 12 28 40 35 24 104 147 51 23 111 3 30 51 23 147 3 40 44 23 3 40 24 147 44 3 44 99 147 12 46 40 32 20 109 33 10 147 3 44 44 40 145 12 24 24 32 38 109 24 121 37 57 20 30
split_gain=9730.45 2251.42 2964.62 1056.74 526.255 532.387 549.242 462.845 383.288 339.606 2039.14 320.479 254.053 251.447 222.336 221.806 213.019 207.569 185.258 217.694 184.361 183.25 181.606 174.633 155.622 146.447 146.145 140.751 132.313 145.281 131.599 126.112 125.42 118.303 116.995 114.845 114.727 114.032 123.93 140.351 104.561 104.504 103.973 93.9508 91.3529 90.4252 159.97 136.642 89.3344 87.2272 85.1479 84.7787 80.7224 80.2896 79.0196 78.553 135.444 77.0494 77.0286 86.2392 75.6302 74.6175
threshold=2.1666666269302373 485.50000000000006 4473.0000000000009 3.5000000000000004 2.0004616975784306 3.5000000000000004 886.50000000000011 6.00000023841858 0.5000000149011613 2315.0000000000005 4334.0000000000009 4.5000000000000009 1329.5000000000002 703073344.00000012 0.90000000596046459 3.5000000000000004 1.3044674992561343 188.91666412353518 0 11247.500000000002 4.5000000000000009 0.9476255774497987 2.2001736164093022 1 7873.0000000000009 4673.5000000000009 1.3044674992561343 2 5956.5000000000009 2645.0000000000005 5.3999998569488534 3893.5000000000005 3 3893.5000000000005 2900787584.0000005 3.0278023481369023 4.1666667461395273 8617.5000000000018 4616.5000000000009 2688.0000000000005 1.0000000180025095e-35 387.50000000000006 128.50000000000003 3.5000000000000004 1.0500000119209292 4 4937.0000000000009 4673.5000000000009 11388.000000000002 23.500000000000004 1.1666666865348818 1464.5000000000002 2645.0000000000005 2688.0000000000005 1.5136205554008486 351.50000000000006 1190.5000000000002 1.0000000180025095e-35 22.500000000000004 1124816.0000000002 1.5000000000000002 157.50000000000003
decision_type=2 2 2 2 2 2 2 2 2 2 2 2 2 2 2 2 2 2 9 2 2 2 2 9 2 2 2 9 2 2 2 2 9 2 2 2 2 2 2 2 2 2 2 2 2 9 2 2 2 2 2 2 2 2 2 2 2 2 2 2 2 2
left_child=1 8 3 4 5 6 13 12 32 14 31 40 48 44 33 -6 21 -18 19 24 -7 22 -17 -10 42 -12 -4 50 29 35 -24 -11 -1 -8 -20 -14 -31 38 -16 51 -5 -30 -9 -25 61 47 58 -13 -2 -21 -27 -40 -35 -23 -44 56 -39 -45 59 -47 -29 -3
right_child=7 2 26 11 15 20 9 18 23 10 25 45 28 -15 37 16 17 -19 34 49 -22 53 30 43 -26 27 -28 60 41 36 -32 -33 -34 52 -36 -37 -38 55 39 -41 -42 -43 54 57 -46 46 -48 -49 -50 -51 -52 -53 -54 -55 -56 -57 -58 -59 -60 -61 -62 -63
leaf_value=0 -0.00028340499268568784 0 -8.9794864940317973e-07 -0.00020998848011274387 0 0 0 0.20497790596297835 0 0 0 -2.8470845051484674e-07 -0.00076062138608190934 0 0 0 0.043425455047104093 0 -0.00055020125078795166 0.071279900274050401 0 0 0 0 0.037697018501791239 3.5059784292412742e-08 0.0057066238545625874 9.1886486328124359e-05 0.010500959740784478 0.0031427460120824757 -0.0014890056895137116 0 0 0 0.12807804832601066 0.0029815044156133678 -0.00046199999940821357 0 0 0.00015966661047939757 0 0.0025105051008389892 0.015102112301091554 0 0 0 -0.00024254151580163088 0.00018040276248094364 0.00037096262974347771 0.36714776341281774 0.025743745022303623 0 -1.752476741401221e-06 1.4037694013868675e-07 -0.018991193914085616 0 0.032135172869216348 -0.0010334672673862789 0 -6.8392160828928271e-06 -0.00029670138576548544 0
leaf_weight=131742.66181945801 69622.764801025391 3890.9986631199718 44675.447631835938 800.53484344482422 9697.2079444602132 5713.5215740203857 72992.528372943401 409.3736207485199 93378.572372436523 53774.737250082195 6923.4821548461914 316.4373140335083 35029.720615386963 142897.86364746094 81279.927357025445 7296.7385795116425 2694.5336759090424 16067.661880731583 20535.507553339005 6673.4290781021118 13619.476745605469 15264.981170654297 51388.240142822266 58731.652919769287 32947.145538330078 1380.9487709999084 7386.9281005859375 8253.2957468032837 51834.7353515625 84877.031534180045 775.27054524421692 4397.6563663482666 91209.361911145505 71193.859127044678 1360.143798828125 29100.658386230469 36546.077501311898 2954.9812188148499 44636.224028110504 1713.5030155181885 5281.3797225952148 80097.682006835938 44392.759152412415 550.65277588367462 23245.95849609375 2793.5230550169945 8239.9161825180054 669.36899089813232 29997.578125 1357.6082754135132 2045.6661224365234 35773.354159832001 758.53865432739258 3827.9216613769531 2926.3663568496704 10361.517450809479 3575.2622003555298 630.56822097301483 2607.4362096786499 919.35929399728775 9386.3600888252258 79372.107360839844
leaf_count=146732 133456 6891 92142 1365 18102 9693 98668 4086 113466 86818 12532 428 64638 209799 120827 12894 7089 29459 159198 62538 22951 26464 67989 82401 228143 2735 21450 16596 152621 211122 1619 7733 110606 106647 28886 66348 117887 5258 69422 3485 9018 217421 236497 852 33279 4311 14415 1064 67195 35423 4142 61993 1498 7658 13314 18750 7439 943 4266 1465 16914 99258
internal_value=0.00773207 0.0101569 0.0115671 0.0123116 0.0126111 0.013124 0.0133633 0.00204756 0.00693042 0.0144857 0.0116942 0.00140789 0.00128502 0.0115117 0.0152252 0.00935161 0.00863284 0.00384565 0.00492319 0.00593958 0.00494492 0.00977615 0.00840734 0.00885511 0.00515858 0.000604948 1.99488e-06 -0.00146826 0.00197625 0.00111551 0.00944082 0.0170297 0.00560706 0.0137668 0.000802087 -0.000809554 0.00213228 0.0163976 0.016802 0.0181725 0.0111384 0.00318678 0.0033338 0.0109646 0.00967251 -0.00239879 -0.00339264 0.0121803 -0.000917851 0.013791 0.00779017 0.0184743 0.015206 0.0140384 0.00311646 0.0124845 0.00818688 -0.00299051 0.00258841 0.0072142 -0.00326978 0.00889845
internal_weight=1.7648e+06 1.23709e+06 860845 808782 787154 680142 660809 527709 376243 411402 86162.1 21628 417106 249407 325240 107013 97315.3 18762.2 110602 88706.7 19333 78553.2 59460.2 153291 80675.6 27989.8 52062.4 21066.3 317486 185553 52163.5 58172.4 222952 144945 21895.7 64130.4 121423 180295 163403 82123.1 6081.91 131932 47728.5 59912.9 106509 15546 14560.2 985.806 99620.3 8031.04 3426.61 80409.6 71952.4 19092.9 47319.1 16891.8 6530.24 1181.22 6320.32 3712.88 17639.7 83263.1
internal_count=3598299 1799526 1344526 1230934 1194602 1023328 990684 1798773 455000 641457 147470 36332 1030688 349227 493987 171274 153172 36548 768085 580001 32644 116624 82502 197662 482040 52919 113592 40387 830037 459995 69608 94551 257338 206813 188084 130986 329009 287174 255727 134900 10383 370042 253897 84196 139428 25949 24457 1492 200651 97961 6877 131415 108145 34122 249811 31447 12697 1795 10042 5776 33510 106149
cat_boundaries=0 1 2 3 4 5
cat_threshold=15397 37648 41537 4624 33280
is_linear=0
shrinkage=0.05


Tree=51
num_leaves=63
num_cat=3
split_feature=146 28 28 16 13 12 28 48 13 24 28 24 40 147 37 147 20 48 24 3 147 146 28 145 35 13 40 20 46 24 106 83 35 24 106 48 26 24 48 37 48 24 38 3 13 31 48 13 70 24 94 109 13 23 108 19 43 3 33 39 48 37
split_gain=9956.18 2246.91 2403.17 1576.9 1762.48 560.989 530.838 1419.33 410.662 401.837 328.493 262.687 257.275 193.197 180.503 176.385 165.317 149.383 148.108 144.091 141.318 133.622 132.879 157.358 121.716 118.256 445.347 116.19 112.641 112.401 109.825 126.746 109.035 108.089 107.375 107.183 107.131 102.906 96.4359 95.9467 95.096 141.83 93.6068 93.0706 90.7058 89.1913 88.4434 88.2914 106.889 87.8628 86.7303 86.4398 138.392 80.7942 79.2808 74.1941 72.559 71.2534 71.1446 70.2366 70.0642 69.1926
threshold=2.1666666269302373 380.50000000000006 3908.166625976563 3.5000000000000004 1.0833333134651186 0.83333334326744091 2315.0000000000005 4231.5000000000009 0.41666667163372045 1783.5000000000002 873.16665649414074 1464.5000000000002 3619.5000000000005 9.2000002861022967 22.500000000000004 2.0004616975784306 1.0000000180025095e-35 5841.5000000000009 2645.0000000000005 0 5.3999998569488534 3.1666666269302373 4362.5000000000009 1.5000000000000002 4.5000000000000009 2.0833333730697636 8347.0000000000018 2.5000000000000004 8617.5000000000018 87.500000000000014 782.50000000000011 7.5000000000000009 7.5000000000000009 4487.5000000000009 478.50000000000006 3986.0000000000005 4355.5000000000009 3628.5000000000005 3986.0000000000005 4386.0000000000009 5039.5000000000009 2645.0000000000005 1.5136205554008486 1 2.0833333730697636 381.03485107421881 4231.5000000000009 2.0833333730697636 1.2817010283470156 416.50000000000006 145382768.00000003 351.50000000000006 2.0833333730697636 0.33426444232463842 424.50000000000006 6.5000000000000009 1975.5000000000002 2 1397.5000000000002 0.78221485018730175 6412.5000000000009 1507.5000000000002
decision_type=2 2 2 2 2 2 2 2 2 2 2 2 2 2 2 2 2 2 2 9 2 2 2 2 2 2 2 2 2 2 2 2 2 2 2 2 2 2 2 2 2 2 2 9 2 2 2 2 2 2 2 2 2 2 2 2 2 9 2 2 2 2
left_child=1 8 3 5 16 10 11 15 29 21 17 25 37 32 -6 33 59 -3 28 -10 -12 -2 45 -24 39 27 -27 -7 35 -1 57 -32 43 36 60 -13 -8 -11 -20 -15 41 -9 -33 54 -21 46 -4 48 -16 -28 -25 -30 -53 -23 -14 56 58 -26 61 -5 -31 -56
right_child=9 2 22 4 14 6 7 40 19 12 20 18 13 24 47 -17 -18 -19 38 44 -22 53 23 50 30 26 49 -29 51 34 31 42 -34 -35 -36 -37 -38 -39 -40 -41 -42 -43 -44 -45 -46 -47 -48 -49 -50 -51 -52 52 -54 -55 55 -57 -58 -59 -60 -61 -62 -63
leaf_value=0 -0.00016034282602808272 0 0 5.3330793528033606e-05 0 0 0 0 0 -0.0011072094466571044 0 0 0.03855436288488099 0.067570345642462254 -5.1041033220178283e-06 0 0 0 0 0 -0.0014092007725751811 -0.0060028895883881724 -8.5305121693135539e-07 -0.0052857897624702726 0.030469436621271218 0 0.00056288825574201122 0 0.030528414225755529 0 0.1145691323606965 0.047037183073688475 0.0024979974789273831 -0.0021521533049296986 -0.0020362656249999999 0 0 0.0024120125241428704 0.02450487643371977 0.30683023444545166 -2.9683465223831765e-06 0 -0.038716047530500355 0.0031352791154310223 0 8.3087987978736077e-08 0 0.028212290614805471 2.693439564660505e-07 -0.00050957305857602948 0.015694558268295723 0 0.037948332046291867 0.0035170070510096131 0.0021301617194181333 0.023538305908997217 0.0029210309128671176 -0.013197252296517449 0.01123358708723108 -0.00019948905610710501 0 -0.0431761833939317
leaf_weight=79162.603301222436 95663.231222748756 89252.578353881836 5409.3271425813437 81.792343504726887 20269.013278886676 119081.82164177299 29393.801253765821 2925.1191611289978 89842.793544843793 26600.68701171875 194422.61384393275 33246.34517288208 4952.3654553592205 8793.5800700187683 15570.069489359856 2789.646728515625 31209.925186157227 73181.351684570312 1647.6033613681793 32564.556484088302 671.34172247350216 10195.281525969505 21726.240455627441 2004.2074203491211 8583.6372223198414 6744.3618410974741 205.22567749023438 86575.564214959741 2346.598564863205 80241.333678901196 4578.0527701377869 9019.861900806427 104950.23992919922 760.46345022320747 421.8202543258667 56379.065821409225 565.49231696128845 53049.309936523438 2434.145955324173 1206.1734008789062 18047.848728179932 5394.0512127876282 1269.5083904266357 36590.212910443544 963.2841130644083 5830.8278160095215 2390.0475560575724 5053.659534573555 998.05901622772217 5343.2637939453125 15066.479736328125 2982.9080394171178 1661.8007799722254 61335.275764465332 1126.1495432853699 10423.691634178162 29177.290427684784 5807.6164130866528 54542.469129562378 1138.7329670861363 91692.630025207996 395.19926452636719
leaf_count=87990 178511 110965 9592 131 34434 179293 48652 5065 112358 56009 283216 49928 21802 89166 27281 5192 58740 100602 3030 48908 1405 23323 43859 4000 70724 11333 365 122863 5139 92823 65894 105595 316268 1590 608 96420 934 188863 5455 22294 36010 10279 11077 120720 1739 11317 4846 10553 1601 10170 37373 5448 3542 168335 2829 38961 88810 49296 180266 2032 113516 760
internal_value=0.00768491 0.0101376 0.0115419 0.0122131 0.00527184 0.012914 0.0142556 0.00993567 0.00690564 0.00193832 0.0114935 0.0150673 0.00287672 0.00358678 -0.00150282 0.0167642 0.0140228 0.00983233 0.0171797 0.00926859 0.0128765 -8.81902e-05 0.00116718 -0.000324726 0.00684058 0.0140912 0.00932558 0.014376 0.0175739 0.00574657 0.00521253 0.00822644 0.00305924 0.0178574 0.00646297 0.0180508 0.0183299 0.000367893 0.00784677 0.0116032 0.00125707 0.00567973 0.00514588 0.00398718 0.0120709 0.00541396 0.008911 -0.00468062 -0.00644523 -0.00116607 0.00326746 0.0114577 0.0154095 0.00154642 0.00477248 0.00445348 0.0039664 0.00209836 0.00501883 -0.00402454 0.00652483 -0.005643
internal_weight=1.76595e+06 1.23769e+06 862801 810374 74321.3 736053 378525 59876.4 374889 528260 357528 318649 361066 281416 41890.8 33509.4 32430.5 162434 100698 123371 195094 167194 52427.1 38796.9 39258.4 217950 12292.9 205657 96616.7 251518 29258.7 14867.4 242158 30719.8 172356 89625.4 29959.3 79650 4081.75 9999.75 26367 8319.17 10289.4 137207 33527.8 13630.2 7799.37 21621.8 16568.1 5548.49 17070.7 6991.31 4644.71 71530.6 100617 95664.8 85241.1 14391.3 56063.8 1220.53 171934 1521.35
internal_count=3600100 1800597 1342655 1231668 134772 1096896 600708 107722 457942 1799503 496188 492986 1429334 1184462 73869 56368 60903 211567 168962 163005 284621 370169 110987 85232 414046 324024 21868 302156 160477 294937 302586 182566 770416 51176 206947 146348 49586 244872 8485 111460 51354 15344 116672 454148 50647 25755 14438 39435 28882 10535 41373 14129 8990 191658 333428 311626 272665 120020 183855 2163 206339 3589
cat_boundaries=0 1 2 3
cat_threshold=33553 15365 38181
is_linear=0
shrinkage=0.05


Tree=52
num_leaves=63
num_cat=0
split_feature=12 32 32 15 13 24 13 32 48 13 107 147 10 100 147 24 13 48 46 13 109 24 23 48 32 35 95 9 24 40 100 24 83 13 79 31 145 13 40 24 75 13 109 62 13 147 146 27 14 13 12 112 70 38 24 51 61 35 57 10 10 2
split_gain=10234.9 2283.06 2926.34 949.145 1630.33 467.92 461.83 460.208 1954.18 397.869 317.201 260.282 252.628 234.027 225.773 225.22 187.092 186.674 237.636 203.046 309.786 223.197 181.216 165.95 151.788 150.916 150.3 142.803 135.768 132.047 130.935 153.446 139.433 130.625 123.777 120.964 116.359 116.089 174.365 158.731 112.43 109.49 107.607 106.634 104.737 101.189 97.0098 100.463 95.4765 102.153 89.4744 88.3016 86.6107 104.585 84.8987 84.0569 97.1563 82.4147 81.9437 78.3019 77.8146 76.621
threshold=2.1666666269302373 4473.0000000000009 485.50000000000006 1.5236033797264101 1.0833333134651186 911.50000000000011 0.41666667163372045 2688.0000000000005 4231.5000000000009 5.0833332538604745 101.50000000000001 2.0004616975784306 3.5000000000000004 763662976.00000012 2.4000790119171147 1190.5000000000002 1.0833333134651186 3742.5000000000005 8617.5000000000018 2.0833333730697636 351.50000000000006 1190.5000000000002 0.33426444232463842 5039.5000000000009 1352.5000000000002 4.5000000000000009 7777885.0000000009 3.5000000000000004 2645.0000000000005 8347.0000000000018 878307296.00000012 2645.0000000000005 4.5000000000000009 19.750000000000004 1840.885681152344 1632.0860595703127 1.5000000000000002 2.0833333730697636 8347.0000000000018 416.50000000000006 14267.500000000002 1.0833333134651186 269.50000000000006 1223859.5000000002 0.75000000000000011 3.0278023481369023 1.1666666865348818 1558.5000000000002 2.5000000000000004 1.0833333134651186 0.83333334326744091 883.50000000000011 0.975724756717682 0.98674803972244274 1617.5000000000002 3.5000000000000004 118489.75000000001 5.5000000000000009 157688.00000000003 3.5000000000000004 3.5000000000000004 3504.5000000000005
decision_type=2 2 2 2 2 2 2 2 2 2 2 2 2 2 2 2 2 2 2 2 2 2 2 2 2 2 2 2 2 2 2 2 2 2 2 2 2 2 2 2 2 2 2 2 2 2 2 2 2 2 2 2 2 2 2 2 2 2 2 2 2 2
left_child=1 2 6 5 55 13 40 10 11 15 24 -9 14 50 17 -2 -16 54 27 20 21 -20 -11 46 29 -24 -17 28 42 61 31 45 -32 35 60 43 -3 44 -39 -40 -1 -13 -19 52 -15 -28 47 -10 49 -44 -4 -38 -27 -54 -12 -5 -57 -6 -26 -46 -8 -7
right_child=9 36 3 4 57 7 34 8 23 22 12 41 -14 37 16 26 -18 18 19 -21 -22 -23 25 -25 58 33 30 -29 -30 -31 32 -33 -34 -35 -36 -37 51 38 39 -41 -42 -43 48 -45 59 -47 -48 -49 -50 -51 -52 -53 53 -55 -56 56 -58 -59 -60 -61 -62 -63
leaf_value=0 -0.00014434211197927044 -8.1039865608145693e-07 0 0 0 -0.0021434375000000008 0 0 0 -0.003240540091748212 0 0 -5.3395545612708984e-06 0 0 0.18361720250980409 -2.6798916198659791e-07 0 0 0.034360819418873499 0 0 0.069010275167199805 -5.5637660076879316e-07 -0.0022853742187500027 0.032143708464754762 -0.00061009869464546799 0 0 0.038690903239829433 0.015732293294464184 0.0024500049623299436 0.0025925066012602474 0.18558294903571426 0 -0.0088121930569810217 0.0023803147484196653 0 0.00057106403406829715 -0.0004840944056472285 0 -7.0188470036036676e-09 0 -0.010887213189805345 0 0.0022814674803334988 0 0 0 0 0 0.034353020305894925 0.0027806809855248638 0.024039571640867854 0 0 0 0 0.047500000000000001 -0.00018951460330175475 0 -0.0020577141015625023
leaf_weight=101658.27470368845 83162.506256103516 29167.31201171875 89621.620128631592 13407.259182155132 7828.1123846173286 783.64098596572876 56072.123034253716 52060.722439557314 2110.8245009183884 11487.858154296875 63579.813466340303 3206.9235539957881 1943.9269390106201 74431.747749853879 19622.599957674742 585.68892860412598 3124.2966270446777 84482.021356448531 5086.9161243289709 4784.4813506752253 11996.867955446243 5641.4383640289307 12207.894912719727 23912.919687271118 129.29400444030762 19061.138983726501 44746.445051848888 1274.7398736476898 1241.6451776027679 528.72386121749878 27152.581119537354 135168.1423227787 87947.920654296875 4986.8618850708008 71811.708862304688 7501.5011291503906 17621.743186950684 1598.0663096755743 263.40957641601562 3009.7208251953125 146186.73886045814 2270.2324434891343 55734.997571174055 4184.9265575408936 65112.602459635586 38496.293700277805 6106.4800415039062 3319.1552563905716 1826.4654400348663 64238.914974402636 39224.7626953125 5249.5156021118164 17616.740484893322 33797.133678734303 48355.489288330078 4420.200026512146 13013.095200538635 26129.667938232422 1383.5001773834229 430.47309875488281 1125.7074546813965 1523.7668948173523
leaf_count=123098 166856 57830 110572 24210 14426 1126 77438 84794 3953 46913 85487 5126 3283 102151 26814 5345 5320 137277 9013 9889 20217 11352 126192 47570 183 105389 82727 2228 2257 1255 93627 386641 235824 110362 89325 48522 40842 2714 522 5513 164028 4103 79305 24081 96066 89900 11558 5491 3151 103388 52503 14863 87650 189462 70929 6967 26242 45624 4553 675 1697 3082
internal_value=0.00763438 0.010121 0.0105709 0.0122666 0.00646243 0.0127721 0.00693183 0.0137288 0.0105778 0.0018068 0.0145053 0.0162672 0.0146619 0.0111282 0.0147561 0.00109943 0.00992883 0.0150714 0.0158683 0.011499 0.01347 0.00729549 0.00446954 0.00134314 0.00107851 0.00515699 0.001679 0.0164439 0.0165464 -0.0057423 0.00163452 0.000915294 0.00299925 0.0044275 0.00935797 0.00395045 -0.000129256 0.0125073 0.00491714 -0.00169185 0.00566893 0.00589719 0.0166456 0.0045586 0.0127714 -0.000773445 0.00626838 0.0111305 0.0156939 0.0158667 0.00957775 0.00254061 0.0050191 0.00395157 0.0133889 0.0147845 0.0124935 -0.00109564 0.0138669 0.0142294 0.0110936 -0.0109081
internal_weight=1.76576e+06 1.23765e+06 1.18562e+06 808762 64798.3 743963 376855 470271 92987.3 528104 377284 57537.9 372935 273692 370991 417260 22746.9 348244 236308 27509.7 22725.2 10728.4 110844 35449.4 4348.93 99356.2 334097 208799 207524 2836.13 333511 218411 115101 87148.3 129010 82161.4 52038.6 144846 4871.2 3273.13 247845 5477.16 206282 74659.9 139975 83242.7 11536.5 5429.98 121800 119974 128846 22871.3 70475 51413.9 111935 30840.6 17433.3 33957.8 1512.79 65543.1 57197.8 2307.41
internal_count=3599501 1800010 1686475 1230889 117469 1113420 455586 742704 162595 1799491 580109 94023 569910 370716 566627 1060920 32134 534493 378077 50471 40582 20365 738571 68572 10199 691658 894064 327606 325378 5463 888719 559268 329451 565466 168460 455104 113535 207641 8749 6035 287126 9229 323121 406582 198892 172627 21002 9444 185844 182693 163075 55705 382501 277112 156416 57419 33209 60050 4736 96741 79135 4208
is_linear=0
shrinkage=0.05


Tree=53
num_leaves=63
num_cat=0
split_feature=147 32 28 13 10 9 13 13 13 13 24 28 46 13 40 24 41 13 109 14 10 100 24 24 24 23 80 147 32 109 40 17 147 44 13 40 56 44 24 37 10 13 147 38 24 37 38 7 31 27 108 100 19 133 100 41 39 19 13 14 30 65
split_gain=8224.66 2376.63 2641.33 1919.71 1701.44 696.264 493.55 463.248 390.211 332.863 318.412 353.493 2056.97 285.812 212.04 291.59 233.554 228.144 317.115 191.604 186.205 181.328 180.084 171.391 160.692 158.533 148.23 142.286 145.339 141.202 156.028 132.746 130.522 125.794 124.815 201.726 114.792 103.908 103.191 103.129 92.9531 98.878 92.6894 92.5259 96.2194 91.314 88.4617 87.2567 80.3934 79.7393 78.1594 77.9735 75.3666 74.7692 74.0732 71.9723 67.7773 67.4703 67.3228 67.2379 67.0676 66.3535
threshold=2.0004616975784306 4473.0000000000009 503.50000000000006 1.0833333134651186 3.5000000000000004 3.5000000000000004 0.41666667163372045 1.0833333134651186 1.0833333134651186 0.41666667163372045 911.50000000000011 2315.0000000000005 4232.5000000000009 5.7500000000000009 3842.5000000000005 2645.0000000000005 8541.5000000000018 2.0833333730697636 351.50000000000006 2.5000000000000004 3.5000000000000004 690358432.00000012 1617.5000000000002 1190.5000000000002 1190.5000000000002 0.49870468676090246 37780.000000000007 5.3999998569488534 485.50000000000006 387.50000000000006 6207.0000000000009 28.500000000000004 5.3999998569488534 3893.5000000000005 2.0833333730697636 8347.0000000000018 1138936.0000000002 4673.5000000000009 178.50000000000003 22.500000000000004 5.5000000000000009 2.0833333730697636 0.90000000596046459 1.839870870113373 11879.000000000002 182.50000000000003 0.93523722887039196 -0.93301269412040699 443.59939575195318 1.0000000180025095e-35 424.50000000000006 1663603776.0000002 2.5000000000000004 9.0901055335998553 1435613376.0000002 10105.500000000002 1.3563219904899599 2.5000000000000004 0.91666665673255932 1.5000000000000002 75.500000000000014 50294.500000000007
decision_type=2 2 2 2 2 2 2 2 2 2 2 2 2 2 2 2 2 2 2 2 2 2 2 2 2 2 2 2 2 2 2 2 2 2 2 2 2 2 2 2 2 2 2 2 2 2 2 2 2 2 2 2 2 2 2 2 2 2 2 2 2 2
left_child=1 2 6 9 5 10 38 57 -7 27 21 14 33 24 42 16 19 18 23 22 26 -4 -16 45 51 61 -8 28 -2 30 46 36 59 -13 58 -36 43 -14 54 -10 41 -31 -12 44 55 -18 -26 -9 -40 -47 -3 -5 -22 -38 -1 -27 -43 -6 -23 -11 -17 -15
right_child=3 50 4 13 7 8 20 47 39 32 11 12 37 25 15 60 17 -19 -20 -21 52 34 -24 -25 29 31 -28 -29 -30 40 -32 -33 -34 -35 35 -37 53 -39 48 -41 -42 56 -44 -45 -46 49 -48 -49 -50 -51 -52 -53 -54 -55 -56 -57 -58 -59 -60 -61 -62 -63
leaf_value=0 0 0.03440106166366879 0 0 0 0 0 1.2127075790080433e-05 0 0 0 0 0 -0.02191057343876443 0 0.077552531710981365 0 0.023204962646609085 0 0 0 0 0 0.013822708705223997 -0.00010701712591185686 0.022812497605128469 0 -0.00177170077257518 0 0 0.011837291707964593 0.68715161200299224 -0.00177170077257518 0 0 -0.00045988968536486707 0.034801894798923309 -0.00021037249324665775 0 -4.848898155918047e-06 -0.002168714320659152 0.0025348997017520026 0 -0.035882922582493218 0.10043220872973957 -0.0020384388107989259 0.0036378038475733511 -4.848898155918047e-06 0 0 -7.6987872327238804e-07 4.1514581107438532e-05 -1.413879036071819e-08 0.0045440324500475087 0 0.046895086660887222 -0.0050385553230846702 0 0 0 6.0808498003606104e-07 0.002192232275030459
leaf_weight=89958.417884343304 44864.619136989117 2565.1553649902344 73696.75231552124 68761.713077545166 5051.1094954013824 7323.4151730313897 74114.154716134071 2814.5696411132812 7070.5495639070868 36730.066815257072 66376.613945804536 54798.595432914793 5457.58717918396 610.36102509498596 120555.33132815361 284.85634899139404 2659.3863939642906 4120.0381379723549 11632.381002187729 2167.0911655426025 1616.9628708362579 62546.84911826998 55788.078582763672 5243.0712509155273 24932.450662851334 30876.916549116373 73610.814763069153 736.38713097572327 32626.889848053455 42810.107056617737 63518.734069824219 1433.9996553584933 628.54732048511505 5217.4601402282715 1439.9520512744784 2319.7483901977539 4614.187313079834 21602.986576080322 110537.89316272736 6829.5961532592773 32977.122969150543 124831.56849980354 58032.916259765625 1029.3615770116448 4871.8228988647461 1088.5726780891418 75497.760131835938 24324.329035043716 2184.8353118896484 799.35821485519409 44183.618789672852 23103.611328125 2600.1431367397308 17821.921585083008 31006.454833984375 11985.428238868713 3850.7828817367554 1863.2593913078308 40566.01452717185 14166.944702148438 3693.788670539856 14872.944915771484
leaf_count=100149 50552 8450 93443 130847 8254 12053 103511 5271 12086 60874 89864 88924 9772 1547 181908 1151 4641 8431 19477 3921 2247 85908 94788 10906 65079 192157 92070 1345 41287 83337 209992 59853 1190 9212 2379 4207 29966 41358 136654 12339 95764 319207 85954 6486 60403 2053 220458 43360 4381 1334 90519 52014 4004 132441 37313 91701 9958 2905 59853 26369 7749 73822
internal_value=0.00760799 0.0103023 0.0107976 0.00328637 0.0127296 0.013326 0.00751421 0.00184729 0.0044253 0.00875543 0.0136408 0.0143965 0.0115602 0.00199235 0.0151394 0.0161161 0.0163775 0.0119045 0.0139767 0.0170175 0.00973262 0.011885 0.0171991 0.00734443 0.0014929 0.0046012 0.0100284 0.00669992 0.00690787 0.00195941 0.00305258 0.00558037 0.011876 0.0167203 0.0132009 0.00424978 0.00527683 0.000115431 0.00607177 -0.000495497 0.00108285 0.00155035 0.013506 0.00663868 0.00695859 0.0144476 0.00182579 -0.00109619 0.00716032 0.00603228 -0.000726344 -0.000377948 -0.000625872 0.00231663 0.00505732 0.00620141 0.00224285 0.0134004 0.0135272 0.0121557 0.00270834 7.43269e-06
internal_weight=1.7659e+06 1.08774e+06 1.04099e+06 678154 655364 621311 385630 34053.3 21223.6 129753 600087 419518 87076.6 548401 332441 208032 204053 25542.8 21422.8 178511 151942 180569 176343 9790.39 460284 88116.9 147725 78227.9 77491.5 368419 163949 72633.6 51525.6 60016.1 106873 3759.7 71199.6 27060.6 233688 13900.1 204470 171492 124410 48763.5 47734.2 4547.32 100430 27138.9 112723 1887.93 46748.8 91865.3 4217.11 22436.1 120965 42862.3 128682 6914.37 103113 50897 3978.65 15483.3
internal_count=3599448 1582799 1483830 2016649 1003501 943711 480329 59790 36478 181617 907233 661443 149266 1835032 512177 336359 327459 46842 38411 280617 201832 245790 276696 18934 1186656 648376 195581 93184 91839 1003795 495529 573007 88433 98136 152347 6586 513154 51130 278497 24425 508266 412502 175818 350747 344261 8028 285537 48631 141035 3387 98969 182861 6251 162407 137462 283858 329165 11159 145761 87243 8900 75369
is_linear=0
shrinkage=0.05


Tree=54
num_leaves=63
num_cat=3
split_feature=146 24 25 16 13 147 13 146 24 48 106 13 25 37 14 8 24 24 83 57 3 43 147 25 20 12 3 41 13 109 38 48 24 25 48 21 106 147 3 75 38 100 38 13 44 48 145 108 13 110 13 33 145 24 48 128 109 71 4 24 100 38
split_gain=10630.9 2126.09 2177.21 1429.93 1675.35 526.953 456.354 450.65 353.281 966.036 338.447 298.263 277.32 247.146 230.266 213.935 202.271 198.575 193.039 172.763 169.221 168.193 231.308 166.25 156.291 151.238 165.229 146.707 194.96 215.412 144.918 140.903 140.198 139.71 249.653 134.423 134.42 121.986 115.357 114.386 104.833 103.899 103.643 102.168 180.751 101.261 100.009 96.1808 94.74 91.5592 87.2213 87.2014 86.557 83.7143 83.0614 81.9278 79.7278 76.4209 76.34 76.0863 75.2702 74.5294
threshold=2.1666666269302373 416.50000000000006 3933.5000000000005 3.5000000000000004 1.0833333134651186 2.0004616975784306 0.41666667163372045 0.83333334326744091 2645.0000000000005 4231.5000000000009 699.50000000000011 1.0833333134651186 884.50000000000011 22.500000000000004 25.500000000000004 2.5000000000000004 4487.5000000000009 911.50000000000011 7.5000000000000009 1124816.0000000002 0 4386.5000000000009 1.450000047683716 4349.5000000000009 1.0000000180025095e-35 2.8333333730697636 1 8541.5000000000018 2.0833333730697636 351.50000000000006 1.5136205554008486 8124.5000000000009 1190.5000000000002 2558.5000000000005 5039.5000000000009 -2.4999999999999996 699.50000000000011 5.3999998569488534 2 10983.500000000002 0.77065846323966991 513357040.00000006 0.77065846323966991 2.0833333730697636 8561.1665039062518 5039.5000000000009 10.500000000000002 842.50000000000011 2.0833333730697636 515.83334350585949 0.58333334326744091 2263.5000000000005 1.5000000000000002 4487.5000000000009 5039.5000000000009 471.16667175292974 387.50000000000006 1.2175206542015078 84.500000000000014 1464.5000000000002 840945664.00000012 3.9421279430389409
decision_type=2 2 2 2 2 2 2 2 2 2 2 2 2 2 2 2 2 2 2 2 9 2 2 2 2 2 9 2 2 2 2 2 2 2 2 2 2 2 9 2 2 2 2 2 2 2 2 2 2 2 2 2 2 2 2 2 2 2 2 2 2 2
left_child=1 6 3 5 24 7 39 12 17 16 25 37 45 19 18 40 -10 43 31 21 -8 22 36 -4 -5 -2 46 33 29 32 47 49 -29 41 -35 38 -6 50 -23 -1 -13 -19 -28 60 -45 -3 56 -20 57 -12 -7 59 -25 -14 -53 61 -27 -15 -32 -43 -9 -51
right_child=10 2 23 4 13 11 20 8 9 -11 14 15 53 48 -16 -17 -18 27 30 -21 -22 35 -24 52 -26 26 42 28 -30 -31 58 -33 -34 34 -36 -37 -38 -39 -40 -41 -42 51 -44 44 -46 -47 -48 -49 -50 55 -52 54 -54 -55 -56 -57 -58 -59 -60 -61 -62 -63
leaf_value=0 -0.00013799467745367544 0 0 -0.00018924762557369636 2.4244490779423702e-07 0 0 0 0 0 0.098328368824474544 6.1219048175309429e-05 0 -4.848898155918047e-06 0.33118478736830342 0 -0.0023792296249835979 0 0.0021404389879907007 -8.5203429730307264e-05 0 0.00018755602371501313 0 -7.3138478711154426e-07 0 0.0046249980697043334 -0.006475439432518184 0 0.030331557674969145 0 0.005229671527939417 0.041779370892352841 0.028310858079206549 0 -0.00018760208723859795 0 -0.0001013983858226708 -0.0012501556953176563 -0.00025540034532522959 0 -2.8968170641352487e-06 0 -0.0004067591539621961 0 -0.00043689520109662099 0 0.041180010956694081 0.023061435079646045 0.025600980605721704 0.0031742373162067295 0 0 0.0077939137331249353 5.9929907133549074e-07 0 0.013057530956664488 0.0005495161981811991 2.5587675864247039e-07 -0.01849976795021049 0 0 -0.047498437742795059
leaf_weight=99786.868260980118 109204.52199554443 60218.33841085434 13689.384033203125 1214.2145141363144 2612.3831607103348 40109.984249167144 67794.4873046875 44061.812872126698 21620.575902700424 16593.143303871155 932.85604125261307 664.79240401089191 164085.52872610092 15847.036702923477 3460.3549327850342 15599.3564453125 1410.4157067537308 59014.746885836124 93746.536849975586 3837.345458984375 62843.595916423947 223.2690486907959 5172.5141010284424 22042.047046661377 31934.037017822266 95764.820104122162 6695.227466583252 3236.7008802294731 3856.0939988493919 8272.0693744421005 1971.5623149871826 12936.643230438232 3701.3663482666016 6332.1171635314822 2671.0421358421445 4620.5180988311768 344.73234605789185 516.47304689139128 2782.4690570831299 146762.03983536363 6885.0519027709961 61016.783358991146 31445.647766113281 1820.1088256984949 2036.0726165771484 80245.200622558594 8466.5214047431946 11405.130889892578 5103.3425352051854 42036.29330509901 17066.596695899963 839.87910988926888 16846.751049041748 1441.5454926490784 1309.4340328872204 38746.44981098175 64058.588991165161 816.17322158813477 7015.021577835083 53157.504403978586 55514.171226501465 260.29508972167969
leaf_count=120622 210933 77167 25708 2192 4280 51183 82866 59003 36719 33667 6450 1146 237807 27800 99116 27848 2844 85998 322892 6911 87940 351 8857 44122 61028 277861 17658 5895 7935 14162 7623 88564 7700 10107 4888 7904 602 943 4582 164789 11964 93861 117590 2980 3690 112828 61175 62799 10634 137380 27184 1442 40627 2964 2433 193967 171300 1293 24329 90373 82668 529
internal_value=0.00755075 0.0100852 0.0114574 0.0120991 0.0054994 0.0127696 0.00695517 0.0132415 0.0144765 0.0100329 0.0016119 0.00896157 0.0118431 -0.00121266 0.00315446 0.00416658 0.0166594 0.0150503 0.00294265 0.00286094 0.00934448 0.00517817 0.0101814 0.00159846 0.0138742 0.000573312 0.00136937 0.0159575 0.0117806 0.0143263 0.00155706 0.00460885 0.00782707 0.0163895 0.0103125 -0.000155005 0.021335 0.0108854 -0.00838526 0.00568912 -0.002742 0.0167015 -0.00160175 0.013266 0.00527761 0.0102088 0.00204275 0.00207793 -0.00487973 0.0038434 0.011104 0.0175688 -6.95559e-05 0.0132298 0.00758461 0.00366397 0.00176227 -0.00670526 -0.00453694 0.0177567 0.0135753 0.00214216
internal_weight=1.76572e+06 1.23757e+06 860383 807805 74508 733297 377187 652455 346464 39624.1 528146 80842.3 305991 41359.8 212511 23149.2 23031 306840 209051 19593.2 130638 15755.9 8129.63 52578.2 33148.3 315635 206431 203408 19066.2 15210.1 114138 94912.5 6938.07 184342 9003.16 7626.26 2957.12 57693.1 3005.74 246549 7549.84 175338 38140.9 103432 3856.18 140464 168290 105152 21766.6 81975.9 57176.6 116324 38888.8 165527 2149.31 81043 159823 16663.2 8986.58 114174 99576 42296.6
internal_count=3600673 1800507 1344290 1233833 136434 1097399 456217 977131 546365 73230 1800166 120268 430766 73214 943649 40958 39563 473135 844533 33487 170806 26576 13739 110457 63220 856517 645584 324794 35692 27757 417643 426890 13595 289102 14995 12837 4882 79310 4933 285411 13110 274107 135248 148341 6670 189995 510336 385691 39727 338326 78367 188109 84749 240771 3875 331876 449161 29093 31952 184234 141671 137909
cat_boundaries=0 1 2 3
cat_threshold=33296 15397 33280
is_linear=0
shrinkage=0.05


Tree=55
num_leaves=63
num_cat=0
split_feature=146 32 28 16 51 147 146 147 24 32 48 109 20 147 48 39 80 24 41 20 46 48 51 95 130 147 48 37 48 21 10 57 106 70 147 75 51 9 28 48 48 39 146 145 109 24 21 45 39 109 100 124 48 24 17 24 124 28 70 71 75 10
split_gain=10759.7 2319.94 3010.26 1520.76 783.319 560.843 457.175 327.505 321.567 312.536 1925.42 266.013 260.741 234.658 191.276 177.634 173.517 159.133 152.01 143.323 137.95 135.491 119.606 118.889 170.131 116.245 110.896 110.668 127.966 231.987 206.664 189.121 200.593 108.988 108.353 105.036 102.957 129.291 102.156 232.268 154.587 100.266 99.2097 95.2008 91.9021 115.239 84.5877 102.397 84.1871 84.6484 82.138 79.5306 79.462 78.2364 76.3087 74.5284 72.978 69.1225 68.7807 68.1852 67.4405 64.7696
threshold=2.1666666269302373 4473.0000000000009 503.50000000000006 3.5000000000000004 4.5000000000000009 2.0004616975784306 0.5000000149011613 6.00000023841858 911.50000000000011 2688.0000000000005 4231.5000000000009 118.50000000000001 1.0000000180025095e-35 0.90000000596046459 5566.5000000000009 0.96368896961212169 37780.000000000007 178.50000000000003 8541.5000000000018 2.5000000000000004 9369.5000000000018 5039.5000000000009 3.5000000000000004 382526752.00000006 0.47072216868400579 5.3999998569488534 3986.0000000000005 22.500000000000004 5039.5000000000009 -2.4999999999999996 3.5000000000000004 1124816.0000000002 699.50000000000011 1.3843718171119692 0.90000000596046459 1.0000000180025095e-35 3.5000000000000004 2.5000000000000004 2315.0000000000005 5039.5000000000009 4763.5000000000009 0.78221485018730175 2.5000000000000004 1.5000000000000002 351.50000000000006 1190.5000000000002 -2.4999999999999996 3987.916625976563 0.96368896961212169 482.50000000000006 763662976.00000012 1987.0000000000002 5039.5000000000009 2645.0000000000005 25.500000000000004 1464.5000000000002 825.50000000000011 2315.0000000000005 1.2399766445159914 1.0204875469207766 17913.500000000004 3.5000000000000004
decision_type=2 2 2 2 2 2 2 2 2 2 2 2 2 2 2 2 2 2 2 2 2 2 2 2 2 2 2 2 2 2 2 2 2 2 2 2 2 2 2 2 2 2 2 2 2 2 2 2 2 2 2 2 2 2 2 2 2 2 2 2 2 2
left_child=1 2 6 5 12 8 17 15 14 13 -11 19 41 26 -4 -2 61 60 38 46 23 34 -14 -9 48 36 -10 28 29 31 -30 32 -13 42 35 -12 -7 57 40 -40 -15 -5 -17 -3 45 -20 47 -6 51 -50 -19 -25 56 -36 -22 -42 -45 -38 -26 -51 -1 -8
right_child=7 43 3 4 11 25 16 20 9 10 21 27 22 18 -16 33 -18 50 44 -21 54 -23 -24 24 58 -27 -28 -29 30 -31 -32 -33 -34 -35 53 -37 37 -39 39 -41 55 -43 -44 52 -46 -47 -48 -49 49 59 -52 -53 -54 -55 -56 -57 -58 -59 -60 -61 -62 -63
leaf_value=0 -0.0001504681100830352 -6.9481554775263638e-07 0 6.0126635130319797e-05 -6.7146714525072639e-07 0 0 0.0029021433003218358 0 0 0 4.2991956782367781e-07 0 0 0 -2.3155710565203605e-05 0 0 0 1.1401834047886084e-05 0.032565807901520104 -0.00018165530532112675 0 -0.0088687614635416297 0.053480647484650846 -0.0012945229105517653 0 -1.413879036071819e-08 0 0 -0.00024278575491251122 -5.6120180852809594e-05 -9.6328466531536713e-05 -0.0018314082842936412 0 0 0 0 0 -0.00038606320406266013 0 -0.00017978524429501652 0.0030157592995799787 -0.0010787904371836077 0 0.026895315175246216 0 1.1520722000574192e-05 0.04225212615121126 0.047070073829136264 0 0.071634778098241078 0.034598791443540465 0 0.61490605370636708 0 0.027187136570843963 0 -0.01966130493201166 -0.0010465166339219234 0 0
leaf_weight=42926.116628034972 153445.85360717773 29162.251098632812 79929.70370066911 101.54195933789015 648.04291200637817 4251.1196967288852 88437.366834640503 34669.37158203125 67653.453045733273 51371.078046798706 900.77502059936523 1487.4059138298035 13120.50463104248 77426.329153820872 98869.51123046875 51296.546817496419 107837.51472473145 54819.989667892456 3127.6768062114716 7072.8327178955078 27150.69193649292 20369.229698181152 7546.5707702636719 10488.273362636566 12892.013694047928 760.08970379829407 80515.617095947266 17654.737810134888 6271.5052108764648 3857.8478789329529 4826.5839080810547 661.39819693565369 315.16370844841003 5313.4997940063477 1690.2042846679688 2229.3438415527344 53042.292201042175 7263.77978515625 4370.2692778781056 2212.228758469224 44240.573587760329 1932.7245430424809 207017.72856549919 14396.338196992874 10463.623145341873 3829.092432975769 3835.8273434638977 826.14463376998901 10595.817271709442 2271.78005027771 67203.184326171875 1056.4923706054688 3485.6063983440399 5098.1816711425781 668.67427444458008 36120.205238342285 5194.1517181396484 6667.1182107925415 1036.1499412059784 9926.2454042434692 89905.407591462135 1792.2102375030518
leaf_count=50735 358093 57822 101716 168 1102 7597 125852 178109 91284 83685 1636 2223 23629 114847 141534 103836 134842 64300 5758 15279 195173 39879 13720 61125 114561 1602 121518 31310 10868 6267 8170 1052 524 10928 2900 3680 75108 13172 7105 4055 69322 3512 558237 32200 18889 8127 6942 1503 84035 17613 85393 12023 10286 9677 26898 63091 13552 11461 7915 71381 98786 2732
internal_value=0.00750873 0.0100577 0.0105121 0.0124933 0.00549308 0.0132347 0.00730776 0.00153157 0.0137427 0.0145119 0.0117419 0.00183888 0.0131318 0.0151973 0.011972 0.000889734 0.00910976 0.00590726 0.0164014 0.00813895 0.00394846 0.00174265 0.014813 0.00292633 0.00453075 0.00906767 0.01372 -0.000385256 0.00244198 0.00811979 -0.00079204 0.0201031 0.0284922 0.00167698 0.00653496 0.0142307 0.00927529 0.00879606 0.0168722 0.0107658 0.0171269 -0.00394529 0.00182281 -0.000254359 0.0119584 0.00750219 0.00192935 0.0121072 0.0026399 0.00440183 0.00721092 -0.000838417 0.00214503 0.00298492 0.00699539 0.0186636 0.000907033 0.00956233 0.00919184 0.00156137 0.00470962 0.0107278
internal_weight=1.76555e+06 1.23772e+06 1.18548e+06 732560 70158.8 662401 452922 527829 590417 411618 81658.8 47457.5 22701.3 329959 178799 417074 198067 254855 181790 12382.8 110756 30287.7 20667.1 82936.1 48266.8 71984.4 148169 35074.6 17419.9 6321.82 11098.1 2463.97 1802.57 263628 9918.5 3130.12 71224.3 66973.2 164370 6582.5 157787 2034.27 258314 52238.3 17420.4 6956.77 5310.01 1474.19 34338.6 22793.8 122023 11544.8 23076.1 6788.39 27819.4 80360.8 19590.5 59709.4 13928.2 12198 132832 90229.6
internal_count=3600339 1800412 1686552 1123912 126269 997643 562640 1799927 888703 645453 141457 85240 41029 503996 243250 1031094 263426 299214 291194 24826 768833 57772 37349 546762 368653 108940 212802 60414 29104 10066 19038 3799 2747 673001 17893 5316 107338 99741 258420 11160 247260 3680 662073 113860 32774 13885 9547 2605 246177 173029 149693 73148 56038 12577 222071 132413 45752 86569 122476 88994 149521 128584
is_linear=0
shrinkage=0.05


Tree=56
num_leaves=63
num_cat=0
split_feature=12 28 28 16 13 147 30 28 48 13 147 13 13 48 13 37 145 39 24 20 24 24 36 57 56 59 146 59 28 26 147 17 40 38 80 43 21 20 57 147 24 10 31 100 24 110 41 13 109 24 46 8 7 46 14 24 13 13 26 38 13 24
split_gain=10888.8 2195.19 2529.06 1708.25 1607.73 546.532 503.689 396.08 1733.11 377.543 299.94 268.678 255.673 242.83 240.013 200.94 173.014 236.011 172.473 168.163 161.738 158.18 154.751 145.234 141.849 137.746 136.163 132.968 132.266 131.806 129.99 127.31 125.365 119.26 118.251 115.916 303.522 123.81 115.38 114.799 114.092 114.063 110.129 109.552 107.749 105.071 102.642 314.322 187.894 180.602 119.146 100.832 99.3979 98.312 93.2716 93.2275 92.3047 90.7288 90.3982 142.483 89.5117 88.437
threshold=2.1666666269302373 380.50000000000006 3908.166625976563 3.5000000000000004 1.0833333134651186 2.0004616975784306 886.50000000000011 2315.0000000000005 4231.5000000000009 0.41666667163372045 6.00000023841858 1.0833333134651186 0.75000000000000011 5039.5000000000009 0.75000000000000011 22.500000000000004 2.5000000000000004 0.86391466856002819 2645.0000000000005 1.0000000180025095e-35 4487.5000000000009 1329.5000000000002 1.0000000180025095e-35 1124816.0000000002 1138936.0000000002 308966.50000000006 1.1666666865348818 47831.500000000007 4362.5000000000009 4355.5000000000009 3.3000000715255742 23.500000000000004 2880.5000000000005 0.86952012777328502 37780.000000000007 4386.5000000000009 -2.4999999999999996 1.0000000180025095e-35 40824.000000000007 5.3999998569488534 87.500000000000014 3.5000000000000004 381.03485107421881 654936352.00000012 8460.0000000000018 704.50000000000011 8541.5000000000018 2.0833333730697636 351.50000000000006 1190.5000000000002 5011.0000000000009 1.5000000000000002 -0.93301269412040699 3288.5000000000005 43.500000000000007 1049.5000000000002 0.58333334326744091 2.0833333730697636 2558.5000000000005 1.839870870113373 2.0833333730697636 911.50000000000011
decision_type=2 2 2 2 2 2 2 2 2 2 2 2 2 2 2 2 2 2 2 2 2 2 2 2 2 2 2 2 2 2 2 2 2 2 2 2 2 2 2 2 2 2 2 2 2 2 2 2 2 2 2 2 2 2 2 2 2 2 2 2 2 2
left_child=1 9 3 5 19 6 12 14 20 40 21 39 43 18 -8 23 17 30 -10 -5 29 -2 52 35 31 -15 27 -20 42 -9 -13 38 -23 -26 60 36 37 -6 -12 56 -1 -37 -4 -3 53 -39 50 48 49 -48 -16 -30 -21 -40 -35 -19 -7 -17 -46 -60 -11 -42
right_child=10 2 28 4 15 11 7 8 13 34 24 16 -14 25 46 57 -18 55 26 22 -22 32 -24 -25 33 -27 -28 -29 51 -31 -32 -33 -34 54 -36 41 -38 45 44 -41 61 -43 -44 -45 58 -47 47 -49 -50 -51 -52 -53 -54 -55 -56 -57 -58 -59 59 -61 -62 -63
leaf_value=0 -0.0001275134065320427 0 0 -0.00017079598208026293 -0.00020104239652558588 0 0 0 0 0 -0.024695528628803403 6.4440733929427282e-05 0 1.9627455769216652e-05 0 -4.3774401911722547e-06 0 -2.7519762109240456e-06 -0.0030785024698029729 0 -0.0022257141216961165 -0.0010083570440332812 0.011775332537046136 -8.0627489548812389e-05 -0.02156946874551249 -0.00024741465745985457 -0.00076839216931254848 0 -6.6007477036444948e-07 0 0 0.43005933456806889 0.0022641291937208321 0.0093954397817724647 0 0 0 4.8792665746644204e-07 -0.010186921672614459 -0.0011229217650241764 0 -0.00019275938229943579 -4.1543994022674727e-09 0 0.26143284348525347 -9.1512043204955429e-05 0 0.019073852849316387 0 -0.00069113543526120322 0 0.0055281122262821119 0 0.020084481034462389 0.80434663599028677 -2.7519762109240456e-06 0 0.025246081514903696 0.058724823604649236 -0.046594522361408909 0 -0.0017448244375976698
leaf_weight=79048.575444513699 99616.777101278305 68845.397937513888 7847.3930015563965 1253.944435454905 347.33860123157501 40994.622493214905 147215.74083185941 50418.591851472855 3651.3013365268707 55021.710418820381 1281.3973524570465 675.25089654326439 93249.021328166127 11529.112341701984 86293.290223114192 16546.579401083291 15608.63623046875 1860.2442582249641 916.80424167215824 2746.4312210083008 1372.7148447036743 32910.962554931641 6714.0470702918246 4002.6394901275635 6034.6734161376953 9516.6754867434502 3387.3567047119141 2384.9934322685003 21787.176918029785 898.56381702423096 580.40995195508003 859.96882629394531 284961.46029663086 24689.881971359253 67156.58568572998 4455.4691429138184 5034.261785171926 2672.8261988162994 4486.2927703857422 491.56851232051849 171093.61813354492 3529.1878890991211 5819.9505958557129 85107.14208984375 474.06487464904785 255.03175222873688 2414.0290547572076 3998.4672939218581 10273.369419813156 2663.0691604018211 69620.374900341034 17156.463188171387 21716.375743123703 59415.098335266113 907.54171943664551 4700.5010964274406 17208.61818420887 5084.788412027061 11708.662866592407 762.2894172668457 1160.608931735158 948.40374374389648
leaf_count=87806 200875 87982 14526 2220 578 52136 211848 80983 6077 77299 5096 1095 134473 22694 128519 28871 27785 2901 1764 4785 2751 77785 16707 7152 36360 17867 6414 4099 43909 1480 1104 27619 753437 174366 83623 7553 8555 4359 18110 912 204856 5850 11272 119061 6186 429 4252 8109 17374 5293 113671 41481 37346 345694 40660 8525 27346 10619 110360 3895 2092 1638
internal_value=0.00746949 0.010035 0.0114223 0.0121121 0.00488968 0.0128419 0.0133249 0.0144072 0.0113503 0.00683783 0.00145897 0.00899697 0.0115449 0.00204886 0.0152041 -0.00157622 0.00446936 -0.00160231 0.008323 0.0132492 0.0168909 0.000845582 0.0139713 0.00199696 0.00377387 -0.0010337 0.00355066 0.0107758 0.000799155 0.0173439 0.0182522 0.00490693 0.00139042 0.000944331 0.00910326 0.00409342 0.00822723 0.0200735 0.00469616 0.0108038 0.00572499 -0.000208155 0.00503097 0.0102932 0.00494434 0.023422 0.0164545 0.0130177 0.0162701 0.00839831 0.016881 -0.000685927 0.015817 0.00410146 0.00243515 -0.00540412 0.0110071 -0.00492915 0.00910439 0.00828839 0.0107962 0.00644751
internal_weight=1.76538e+06 1.23728e+06 862846 810235 74358.9 735876 653756 406554 84076.1 374430 528109 82119.9 247202 31386.2 322478 41928.1 23425 7816.41 10340.5 32430.8 52689.9 417489 31176.9 20296.8 110620 21045.8 6689.15 3301.8 52611 51317.2 1255.66 78987.8 317872 31632.1 123339 16294.1 8309.46 3275.2 78127.8 58694.8 251091 7984.66 13667.3 153953 76846.4 2927.86 175263 19348.9 15350.5 5077.1 155914 38943.6 24462.8 63901.4 25597.4 6560.75 58203.2 21631.4 12945 12471 56182.3 172042
internal_count=3600484 1800041 1342727 1231539 135024 1096515 974711 633195 144129 457314 1800443 121804 341516 58915 489066 73966 41410 13625 18354 61058 85214 1032097 58838 34476 768346 40561 12277 5863 111188 82463 2199 516960 831222 251386 163014 27324 13921 5366 489341 80394 294300 13403 25798 207043 484245 4788 277218 35028 26919 9545 242190 85390 42131 363804 215026 11426 79482 39490 120441 114255 79391 206494
is_linear=0
shrinkage=0.05


Tree=57
num_leaves=63
num_cat=0
split_feature=146 28 28 16 13 30 36 28 48 13 146 13 48 12 39 20 37 14 24 39 24 57 83 104 46 13 109 24 59 28 83 48 26 146 59 24 106 83 13 106 80 31 24 43 21 106 20 10 31 95 7 40 38 13 24 145 51 19 48 20 13 71
split_gain=11061.2 2169.41 2545.17 1974.23 1288.34 537.02 495.32 471.145 1713.56 369.693 287.102 281.033 226.036 220.091 215.285 215.052 201.723 197.288 178 177.566 158.529 154.753 134.421 134.142 133.006 271.818 184.982 173.045 132.246 129.745 129.157 126.386 125.664 123.999 154.564 121.215 121.191 124.087 119.183 118.45 117.494 115.482 113.502 107.664 327.601 131.266 138.987 127.707 105.621 103.007 101.78 95.9135 95.5239 94.6121 93.9332 93.132 91.9682 94.1951 89.9355 84.9205 82.1177 89.875
threshold=2.1666666269302373 380.50000000000006 3908.166625976563 3.5000000000000004 1.0833333134651186 886.50000000000011 1.0000000180025095e-35 2315.0000000000005 5039.5000000000009 0.41666667163372045 0.83333334326744091 5.7500000000000009 4231.5000000000009 0.83333334326744091 1.3563219904899599 1.0000000180025095e-35 22.500000000000004 2.5000000000000004 2645.0000000000005 0.96368896961212169 4487.5000000000009 1124816.0000000002 4.5000000000000009 739233088.00000012 8617.5000000000018 2.0833333730697636 351.50000000000006 1190.5000000000002 308966.50000000006 4362.5000000000009 4.5000000000000009 5039.5000000000009 4355.5000000000009 1.1666666865348818 47831.500000000007 2645.0000000000005 782.50000000000011 7.5000000000000009 2.0833333730697636 478.50000000000006 37780.000000000007 381.03485107421881 87.500000000000014 4386.5000000000009 -2.4999999999999996 699.50000000000011 1.0000000180025095e-35 3.5000000000000004 2815.489868164063 7777885.0000000009 -0.93301269412040699 12284.000000000002 1.5136205554008486 2.0833333730697636 1617.5000000000002 1.5000000000000002 4.5000000000000009 2.5000000000000004 4464.5000000000009 3.5000000000000004 2.0833333730697636 1.2175206542015078
decision_type=2 2 2 2 2 2 2 2 2 2 2 2 2 2 2 2 2 2 2 2 2 2 2 2 2 2 2 2 2 2 2 2 2 2 2 2 2 2 2 2 2 2 2 2 2 2 2 2 2 2 2 2 2 2 2 2 2 2 2 2 2 2
left_child=1 9 3 5 6 10 15 13 12 39 23 19 20 58 -8 -5 21 24 -14 -2 32 43 -13 -3 31 26 27 -26 -10 41 48 -15 -9 34 -20 54 51 -38 59 42 53 -4 -1 44 45 46 -6 -45 -21 -16 56 -24 -39 -11 -33 -31 -17 -58 -7 -32 61 -18
right_child=11 2 29 4 16 7 14 8 28 40 -12 22 18 17 49 50 60 -19 33 30 -22 -23 36 -25 25 -27 -28 -29 -30 55 38 35 -34 -35 -36 -37 37 52 -40 -41 -42 -43 -44 47 -46 -47 -48 -49 -50 -51 -52 -53 -54 -55 -56 -57 57 -59 -60 -61 -62 -63
leaf_value=0 -0.00019308853451819599 0 0 -0.00016225618297625033 -0.00019099027669930991 0 -0.00058876662685231063 0 1.8646082980755541e-05 0 0 0.068833642673718165 0 0 0.092359299865027611 0 -4.3868742990449405e-06 0 -0.0029157050419251988 0.0068157020148941101 -0.0012625477068437174 -7.6911883766350719e-05 0.0011540260679372416 0 0 0.022201419204671658 0 0.025585106188246966 -0.00024255275385191797 -6.2707103184456167e-07 -0.00059833197792732735 0 0 -0.0007299725608469255 0 0.023281509629925104 0.059008791566685571 0.022805571481606758 0.0020874682193629426 -0.0017593428757763597 0 -3.9466794277132067e-09 0 0 0 -8.693644104470489e-05 1.1519391182601701e-06 -0.00018735939948819614 0.11190775695447966 0.034872586995741542 0 0.029289926412926007 -0.022562355796147404 0 0 0.0047812050361497943 -5.7009170238986335e-07 3.3573357260952008e-08 0 0.00025029891943272481 0.02211457061766621 4.6266186978782819e-07
leaf_weight=79091.183263524901 157192.83445572853 93807.465890645981 7810.7217483520508 1255.9291314622387 319.75837932527065 89011.522097826004 2329.1069141263142 55395.636651992798 13031.411292076111 55194.278678059578 113931.20751953125 9531.0996110439301 4070.0087516307831 95510.137240886688 804.0589554309845 902.85555267333984 15703.154775321484 4864.1151428222656 959.67563554644585 67492.29411315918 1519.9761526584625 4064.0881881713867 35077.154314517975 75979.99462890625 3140.5942369699478 4145.7630308009684 8570.8946605920792 3672.9670533798635 10888.862376213074 21776.407451629639 32363.455091714859 57058.463868290186 961.25919604301453 4033.0655517578125 2649.6871738731861 1104.6522873342037 9808.2100653648376 22454.504499435425 158578.26808333397 427.77584457397461 67270.841163635254 5862.2952194213867 171934.43678283691 4451.331485748291 4938.9201226532459 357.11469650268555 2569.3957458883524 3518.5730056762695 1334.3232421875 3616.1595199108124 21683.103123597801 9016.9736328125 2379.9516773223877 1191.5318309664726 26341.753055095673 17088.815082550049 1457.0117316246033 427.37108087539673 65305.960662841797 23130.459442138672 5117.2589591145515 804.42978668212891
leaf_count=87871 379910 117987 14416 2211 531 120720 3993 89166 25864 77432 166454 107672 6831 142134 3853 1747 27534 8778 1828 205259 3049 7255 189614 105256 5516 8436 14688 7569 20698 43944 62372 89950 1598 7765 4534 2379 99663 176074 438195 619 83671 11332 206061 7571 8374 611 4211 5809 11065 8825 37363 59553 16321 2141 46852 41425 2437 687 98483 54805 10670 1266
internal_value=0.00739932 0.00998431 0.0113644 0.0120559 0.00428927 0.0128402 0.0117618 0.0139101 0.0107488 0.00680977 0.0111349 0.0013428 0.0147171 0.0147341 -0.000293153 0.0149246 -0.0015102 0.0158104 0.00838106 0.000826352 0.0159991 0.00207986 0.00391767 0.00983178 0.016053 0.0121322 0.0151942 0.00904259 -0.000795599 0.000699625 0.00157501 0.0164783 0.0164289 0.00388155 0.0106135 0.0178873 0.00323867 0.00545181 0.000969195 0.00570894 0.00904822 0.00488873 0.00575377 0.00427404 0.00830161 0.0206385 0.0241734 0.000136785 0.00345917 0.00618812 0.0159603 0.00149976 0.00357078 0.010732 0.0181053 -0.000774044 0.00696153 0.000670674 0.0133084 -0.00102507 -0.00486711 -0.00658258
internal_weight=1.76628e+06 1.23792e+06 862813 810275 74319.6 735955 32475.6 452236 93509.6 375110 283719 528360 69589.3 358727 6749.33 25726.3 41844 204409 11712.4 440092 57876.9 20219.2 88267.9 169787 199545 19530.2 15384.5 6813.56 23920.3 52538.2 282899 180015 56356.9 7642.43 3609.36 84504.9 78736.8 34642.7 214072 251453 123657 13673 251026 16155.1 8185.19 3246.27 2889.15 7969.9 68826.6 4420.22 24470.3 44094.1 24834.5 56385.8 83400.2 38865.2 2787.24 1884.38 154317 55493.9 21624.8 16507.6
internal_count=3600898 1800395 1342600 1231483 134948 1096535 61116 706838 161333 457795 389697 1800503 114771 545505 16671 44445 73832 326302 20958 1151606 93813 34362 648897 223243 317524 36209 27773 13085 46562 111117 771696 281315 90764 14127 6362 139181 541225 292058 555372 294551 163244 25748 293932 27107 13727 5353 4742 13380 216324 12678 42234 249167 192395 79573 136802 85369 4871 3124 219203 117177 39470 28800
is_linear=0
shrinkage=0.05


Tree=58
num_leaves=63
num_cat=3
split_feature=12 28 28 15 13 147 36 30 28 48 13 13 3 12 145 100 48 10 48 24 24 39 24 24 24 89 28 40 23 39 3 27 13 147 24 106 41 109 12 59 100 13 147 13 40 24 95 39 57 24 13 31 51 103 21 24 3 111 38 22 132 13
split_gain=11292.3 2101.47 2557.12 1370.95 1267.83 645.141 502.967 488.312 381.771 1658.6 367.262 338.086 336.335 341.038 267.232 245.456 229.734 204.23 222.023 244.023 213.019 189.216 172.127 164.649 158.759 158.74 151.926 144.874 138.643 194.149 134.563 128.471 119.274 118.086 114.789 116.306 113.134 121.099 113.049 139.331 110.397 108.021 107.397 102.03 169.542 101.993 101.471 101.289 117.281 99.5118 98.7816 98.303 97.9389 97.0823 315.841 95.8011 93.4917 94.0189 113.292 92.9528 88.9049 86.22
threshold=2.1666666269302373 380.50000000000006 3908.166625976563 1.5236033797264101 1.0833333134651186 2.0004616975784306 1.0000000180025095e-35 886.50000000000011 2315.0000000000005 5039.5000000000009 0.41666667163372045 1.0833333134651186 0 1.1666666865348818 8.5000000000000018 763662976.00000012 4231.5000000000009 3.5000000000000004 3742.5000000000005 2645.0000000000005 1617.5000000000002 1.3563219904899599 1464.5000000000002 4487.5000000000009 2645.0000000000005 853700.75000000012 4362.5000000000009 3619.5000000000005 0.9476255774497987 0.86391466856002819 1 911.50000000000011 2.0833333730697636 3.3000000715255742 87.500000000000014 478.50000000000006 8541.5000000000018 351.50000000000006 1.1666666865348818 47831.500000000007 1539101312.0000002 2.0833333730697636 5.3999998569488534 2.0833333730697636 8347.0000000000018 1049.5000000000002 7777885.0000000009 0.98576819896698009 1124816.0000000002 416.50000000000006 0.91666665673255932 381.03485107421881 4.5000000000000009 560171488.00000012 -2.4999999999999996 2912.5000000000005 2 251.25000000000003 1.5136205554008486 1.9177927970886233 0.39997261762619024 2.0833333730697636
decision_type=2 2 2 2 2 2 2 2 2 2 2 2 9 2 2 2 2 2 2 2 2 2 2 2 2 2 2 2 2 2 9 2 2 2 2 2 2 2 2 2 2 2 2 2 2 2 2 2 2 2 2 2 2 2 2 2 9 2 2 2 2 2
left_child=1 10 3 5 6 7 -5 15 17 16 34 42 13 31 22 -3 23 18 -9 20 -20 -8 40 -10 -18 56 51 55 29 33 -12 -11 -32 -13 -1 -36 -22 -38 39 -26 -2 -39 -7 50 -45 -31 -23 48 53 -46 -17 -4 -29 54 -6 -24 -16 -58 -59 -30 -27 -54
right_child=14 2 26 4 47 11 21 8 9 12 30 28 -14 -15 25 43 24 -19 19 -21 36 46 27 -25 38 60 -28 52 59 45 32 -33 -34 -35 35 -37 37 41 -40 -41 -42 -43 -44 44 49 -47 -48 -49 -50 -51 -52 -53 61 -55 -56 -57 57 58 -60 -61 -62 -63
leaf_value=0 -0.00035387868737759567 0 0 0 3.2643030064560822e-07 0 -0.00055932829550969787 0 0 0.029945736268641301 0 6.1218697232956479e-05 -0.00025877650423607206 1.882888858202597e-07 -0.0068094775638080085 0 0 -4.6566701398342843e-06 0 6.2856695787079984e-07 0 0.087741334871776225 -0.00099774917266434488 -0.0013044041027540643 -0.0027855588305719927 0.029808210809326188 -5.9571748025621937e-07 0.0082504542286205521 0 -2.6143774003783985e-06 0 2.7388636363290255e-05 -4.5576778510247882e-06 0 0 -0.0016713757319875456 0.018978020469672754 0 -0.00069347393280457805 0 0.00052335517859367629 0.029592284854255281 -0.0010667756767729687 0 0.00014947382504801687 -2.6140264580254427e-06 0.033709595564763786 -3.9250856763040078e-06 -6.9944511840414067e-05 -0.00041505044104178657 0 1.1590788187576528e-07 -0.00090890005926264191 0 0 0.00077491392182665875 0.059781431035532663 0.016190601820080187 -0.01933196504093573 0 0.072470090338138338 0.0024198073126251553
leaf_weight=78798.358950569527 85690.835479736328 114697.91014885902 7770.4894790649414 23684.683465205133 2071.4540176391602 59180.118726827204 2165.7312351390719 106560.12221431732 52016.332597970963 349.98712281882763 72041.77490234375 711.93117345869541 17943.147847175598 2030.1923065185547 9312.7905449867249 83950.395476251841 3735.9489982128143 1977.0036277770996 149946.94640302658 3043.2203979492188 59660.681973934174 800.10738563537598 20540.33056640625 1396.2427475452423 922.27063085883856 17804.474975585938 38899.605285644531 58831.609497070312 13655.902770996094 1869.1670118868351 50233.502915501595 1068.9963395148516 1221.3936350494623 599.97066996991634 171954.34232521057 421.27027320861816 1773.3504160642624 2530.3155513368547 3479.3782348632812 2393.5854971185327 34472.754150390625 1063.1054101623595 497.36029889434576 1228.6212204918265 239.22653067111969 4749.048278182745 3558.5880184173584 19682.357116699219 3181.3504304885864 2445.7403806447983 46385.409092135727 5795.8263778686523 27652.434819579124 6053.049750328064 3378.3581153601408 53650.571350097656 2559.7809805870056 25180.931991577148 3485.122673034668 4434.2377319335938 10709.837036132812 178304.02453100681
leaf_count=87521 168602 149020 14367 40935 3444 81067 3724 147959 83733 839 88686 1151 34554 4082 60477 118901 6249 3306 228290 6341 99193 3802 39951 2770 1771 177069 85272 185692 24314 2893 72190 2013 2168 1150 206368 612 3774 4547 6680 4104 81646 2267 930 2094 427 8599 8763 35578 5686 4491 68951 11322 60834 10093 5751 148958 16088 155266 16120 8018 136511 552491
internal_value=0.0073598 0.00997079 0.0113276 0.0120195 0.0050301 0.0126241 0.0125025 0.0131534 0.0142102 0.011232 0.00684356 0.00854221 -0.00081938 0.0134561 0.00123884 0.011405 0.0152638 0.0149884 0.015086 0.0160004 0.0161994 0.000209402 0.000802673 0.0165947 0.00851281 0.00413885 0.000629595 0.00137907 0.00378574 -0.00172614 0.00907615 0.0322963 0.0110325 0.0158411 0.00574581 0.00646856 0.0185901 0.0116323 0.00395935 0.0105652 -0.0008233 0.016908 0.010616 0.0128564 0.00489882 -0.00521011 0.0062121 -0.00153829 0.0016041 -0.00213991 0.0130952 0.00518561 0.00192623 0.00395434 0.00879503 -0.000573648 0.00212806 0.0034388 0.0026197 0.00620223 0.00699731 0.00141224
internal_weight=1.76644e+06 1.23825e+06 863577 811112 64575.7 746536 30209.1 660838 411891 85336.1 374671 85697.7 21392.3 3449.18 528195 248947 63943.8 326555 324578 218018 214974 6524.43 459143 53412.6 10531.2 69052.9 52465.9 338979 26020.3 7930.12 123497 1418.98 51454.9 1311.9 251174 172376 65027.5 5366.77 6795.23 3315.86 120164 3593.42 59677.5 134249 3913.59 6618.22 4358.7 34366.6 14684.2 2684.97 130336 13566.3 264788 11502.9 5449.81 74190.9 40538.6 31225.8 28666.1 18090.1 28514.3 205956
internal_count=3600465 1800760 1343215 1232254 117776 1114478 57224 986356 642472 146795 457545 128122 41488 6934 1799705 343884 105307 495677 492371 344412 338071 16289 1238174 86503 18804 561531 110961 987926 46125 13793 163044 2852 74358 2301 294501 206980 109781 10588 12555 5875 250248 6814 81997 194864 7012 11492 12565 60552 24974 4918 187852 25689 799017 19288 9195 188909 247951 187474 171386 32332 313580 613325
cat_boundaries=0 1 2 3
cat_threshold=8769 33552 33232
is_linear=0
shrinkage=0.05


Tree=59
num_leaves=63
num_cat=4
split_feature=146 28 28 15 51 147 30 28 48 146 3 146 106 100 48 48 46 14 27 111 28 39 109 3 23 46 3 9 30 26 130 147 19 48 30 84 51 9 147 146 57 88 20 63 145 15 146 129 110 39 33 48 146 142 45 83 109 83 106 9 3 11
split_gain=11511.1 2109.93 2569.51 1214.3 804.868 639.593 483.194 412.269 1720.3 334.193 322.889 332.635 265.527 239.616 238.724 203.224 195.285 194.454 172.632 162.699 158.27 153.157 150.09 147.255 140.927 135.687 131.759 131.491 130.644 123.18 120.138 114.895 110.289 108.634 105.617 102.803 102.717 106.416 100.743 98.3682 96.3177 96.2601 92.494 88.7659 88.1281 86.4402 136.548 84.1401 83.2677 83.1633 82.182 86.1464 82.0533 81.9432 112.671 81.6563 79.151 78.589 72.816 69.8742 68.5267 66.4347
threshold=2.1666666269302373 380.50000000000006 3908.166625976563 1.5236033797264101 4.5000000000000009 2.0004616975784306 886.50000000000011 2315.0000000000005 5039.5000000000009 0.5000000149011613 0 1.1666666865348818 699.50000000000011 763662976.00000012 4231.5000000000009 4231.5000000000009 8617.5000000000018 28.500000000000004 911.50000000000011 501.58332824707037 4362.5000000000009 1.5684260725975039 351.50000000000006 1 1.3044674992561343 6898.0000000000009 2 3.5000000000000004 273.50000000000006 4355.5000000000009 0.2421187832951546 5.3999998569488534 2.5000000000000004 10852.500000000002 1159.5000000000002 1.0000000180025095e-35 3.5000000000000004 2.5000000000000004 0.90000000596046459 1.1666666865348818 97987.500000000015 1005347.8125000001 2.5000000000000004 35010.214843750007 1.5000000000000002 1.3307163715362551 1.8333333134651186 978.83334350585949 653.83334350585949 1.0998233556747439 1397.5000000000002 3508.5000000000005 0.83333334326744091 7.5000000000000009 3763.916625976563 6.5000000000000009 310.50000000000006 4.5000000000000009 478.50000000000006 3.5000000000000004 3 4.5000000000000009
decision_type=2 2 2 2 2 2 2 2 2 2 9 2 2 2 2 2 2 2 2 2 2 2 2 9 2 2 9 2 2 2 2 2 2 2 2 2 2 2 2 2 2 2 2 2 2 2 2 2 2 2 2 2 2 2 2 2 2 2 2 2 9 2
left_child=1 9 3 5 32 6 13 15 14 26 11 18 25 52 29 38 27 19 -10 40 -4 33 34 -11 31 41 -1 42 -6 59 -27 36 35 43 49 -5 -7 -38 -8 55 -14 50 45 47 -22 -17 -47 -21 -23 -18 -2 -52 -3 54 -42 -16 -12 -32 -25 -9 -15 -24
right_child=12 2 20 4 28 24 7 8 10 23 56 -13 17 60 39 16 22 -19 -20 21 44 48 61 58 -26 30 -28 -29 -30 -31 57 -33 -34 -35 -36 -37 37 -39 -40 -41 53 -43 -44 -45 -46 46 -48 -49 -50 -51 51 -53 -54 -55 -56 -57 -58 -59 -60 -61 -62 -63
leaf_value=0 -0.00044950462488308954 0 0 0 0.043482124245122426 0 0 0 0.028448449455209236 0 0.024538743115972705 -0.00069408767968372404 -0.031947201627143706 0 0 0 0 0.37210769730387566 2.6019204545124632e-05 0.0026784034556126993 -5.6593160624451855e-07 0.01037510138449349 0 0 -1.6786678602720429e-09 -0.00012419835984073258 0 0 0 0 0.013833914947787474 -0.0010958459480358896 7.0693951803590955e-10 0.02525976406370585 0 -0.00053136188073421575 0 1.3370903547693658e-07 0 0 0.0094320619306457638 0.0027575857589261844 0 0.00032506546590823639 0.003764322931347608 0 0 0.026481669761766226 -0.04169442582793647 0 -0.0014171904722011853 0.0005604363992385786 0 -0.013667824087325321 0.047611291983098082 0 -0.00025826459723049533 0.0020404747187448779 -0.0015888793692163117 -7.8319447180907897e-05 0 0
leaf_weight=132673.09194946289 50224.448135375977 76539.959988884628 13645.308624267578 17143.478412894532 1351.4257884025574 4418.7181466296315 73365.00720179081 52004.810755342245 368.14051346480846 90728.4619140625 5264.8882188796997 2087.0705261230469 1011.2398600578308 65865.705646514893 2061.9941425323486 88396.453049778938 3168.2303700447083 2710.6175527572632 1110.5649652034044 77184.701312839985 21810.393432617188 592.4356934428215 13416.844156939536 60377.583099365234 3270.5965576171875 51309.356140136719 90381.224473343231 1147.9365463256836 42088.005852222443 913.45224070549011 24334.160583496094 767.82951700687408 3260.77978515625 15069.16410446167 4747.8356642723083 620.59141132421792 69673.167137145996 7552.5264282226562 63985.851806640625 5444.658935546875 21101.865624783561 33951.508117675781 70839.641619086266 71140.228700637817 17127.465179443359 2216.1520385742188 1695.4130859375 11712.143272399902 1863.7178115844727 1585.1749296188354 17131.278772830963 69123.979512691498 37938.259582519531 1255.5024398583919 8926.8621428012848 3075.4078903198242 12709.443577766418 69514.935424804688 255.85244750976562 369.81588485836983 68539.442058563232 1714.9047663621604
leaf_count=147994 96576 97125 25843 30990 4976 7879 99112 84134 873 110006 11011 4153 3906 89762 3751 142777 5416 85782 2079 261251 43901 2766 23039 87325 5900 134083 111492 2006 74454 1522 88383 1630 6006 93585 9372 1347 99011 13719 94031 10066 94922 106221 106517 260498 41336 3758 2911 69296 5923 3059 38727 180936 51645 4451 60869 5063 23520 211427 407 627 105246 3420
internal_value=0.00735708 0.00999413 0.0113537 0.0120484 0.0054643 0.0126171 0.0131443 0.0141958 0.0111029 0.00685937 -0.00111601 0.0126063 0.00117721 0.0114049 0.0152238 0.0150054 0.0160697 0.00254322 0.0307802 0.0023713 0.000642686 0.00177751 0.0119169 0.00867283 0.00855251 0.000257103 0.00562875 0.0166922 0.00157727 0.0165861 0.0013805 0.00895648 0.0134948 0.00195147 0.0069899 0.0150465 0.00913757 0.0087131 0.0135415 0.00836263 0.00563576 -0.000699685 0.0168109 0.00156926 -0.000981089 0.0178544 0.0105754 0.00262267 -0.0106199 0.0122582 -0.00129238 -0.000356062 0.0097236 0.00612682 0.00665016 0.0133255 -0.00384371 0.00244409 0.0105834 0.0169036 0.0128369 0.0150098
internal_weight=1.76588e+06 1.23772e+06 863303 810720 64464.3 746256 660573 411690 85410.2 374416 21540.1 3565.78 528158 248883 63870.1 326279 188929 212568 1478.71 209858 52583.2 177562 24633 151362 85682.8 315590 223054 164296 43439.4 53288.1 145158 82412.2 21024.8 175106 9501.24 17764.1 81644.4 77225.7 137351 10582.1 32295.5 170431 163148 160037 38937.9 92308 3911.57 88896.8 2456.15 4753.41 136480 86255.3 114478 31284.2 30028.7 5137.4 17974.3 93849.1 60633.4 52374.6 134405 15131.7
internal_count=3599813 1800211 1342987 1231907 117773 1114134 985995 642217 146799 457224 41636 7105 1799602 343778 105163 495418 302275 943249 2952 857467 111080 693319 44306 197738 128139 856353 259486 257969 79430 86283 433893 122239 38343 684630 17847 32337 120609 112730 193143 18880 164148 422460 255963 591045 85237 149446 6669 330547 8689 8475 316239 219663 148770 160242 155791 8814 34531 299810 87732 84761 195008 26459
cat_boundaries=0 1 2 3 4
cat_threshold=8769 33296 4624 33033
is_linear=0
shrinkage=0.05


Tree=60
num_leaves=63
num_cat=6
split_feature=12 32 30 16 19 147 36 24 3 32 44 24 147 104 44 3 12 9 37 44 147 12 44 44 8 57 3 111 43 37 33 44 51 24 25 3 29 20 43 21 21 3 106 23 104 132 111 101 30 109 24 95 33 63 24 88 37 51 3 24 12 20
split_gain=11710 2361.86 2836.76 1904.6 976.672 654.188 587.895 514.398 402.5 291.461 1716.67 256.857 227.929 226.513 185.402 180.839 218.308 165.064 155.395 153.436 145.48 145.381 139.057 133.287 126.802 119.759 114.635 128.39 109.822 109.324 107.502 107.389 105.075 102.421 97.4969 124.994 115.369 95.344 107.447 257.413 204.081 192.426 141.321 94.8015 92.1054 91.5192 88.4092 87.9746 243.326 85.4266 123.895 83.1224 81.3639 80.6869 79.3589 78.6014 77.8707 75.788 74.1755 72.3567 72.0185 71.4209
threshold=2.1666666269302373 4473.0000000000009 392.50000000000006 3.5000000000000004 2.5000000000000004 2.0004616975784306 1.0000000180025095e-35 911.50000000000011 0 2688.0000000000005 3893.5000000000005 1617.5000000000002 0.90000000596046459 739233088.00000012 5438.5000000000009 1 1.1666666865348818 2.5000000000000004 22.500000000000004 4673.5000000000009 5.3999998569488534 0.83333334326744091 8561.1665039062518 8561.1665039062518 25.500000000000004 1124816.0000000002 2 501.58332824707037 4193.0000000000009 1126.0000000000002 4919.0000000000009 3656.8332519531255 3.5000000000000004 87.500000000000014 1.0000000180025095e-35 3 199.25000000000003 1.0000000180025095e-35 4386.5000000000009 -2.4999999999999996 -2.4999999999999996 4 699.50000000000011 0.39167489111423498 1379720256.0000002 0.25651864707469946 277.75000000000006 569595808.00000012 2311.5000000000005 351.50000000000006 1190.5000000000002 382526752.00000006 9851.0000000000018 33996.925781250007 178.50000000000003 3510130.1250000005 1507.5000000000002 3.5000000000000004 5 1617.5000000000002 0.83333334326744091 3.5000000000000004
decision_type=2 2 2 2 2 2 2 2 9 2 2 2 2 2 2 9 2 2 2 2 2 2 2 2 2 2 9 2 2 2 2 2 2 2 2 9 2 2 2 2 2 9 2 2 2 2 2 2 2 2 2 2 2 2 2 2 2 2 9 2 2 2
left_child=1 2 8 5 6 7 -5 13 23 12 -11 44 31 60 43 16 28 20 25 -17 57 34 47 29 26 37 27 -16 -12 54 53 -9 -19 -25 35 -10 45 -6 39 42 41 -40 -39 -13 -2 -37 -3 -14 59 50 -24 -45 -48 -29 -1 -28 -8 -7 -42 -49 -4 -15
right_child=11 46 3 4 18 17 56 9 21 10 15 14 22 61 24 19 -18 32 -20 -21 -22 -23 49 33 -26 -27 55 30 -30 -31 -32 -33 -34 -35 -36 36 -38 38 40 -41 58 -43 -44 51 -46 -47 52 48 -50 -51 -52 -53 -54 -55 -56 -57 -58 -59 -60 -61 -62 -63
leaf_value=0 -0.00036336290999580375 0.034298188796851585 0 0 -0.0001539105403204455 0 -0.00053136117379469776 0 0 0 0 -0.0011912708381187753 0 0 0.01945831973890302 0 0 0 -3.7287347603220947e-06 -0.00016241499489252356 -0.0012095199095531308 0 0 0 0.19415049335279877 -6.6447286248394463e-05 -0.00030616291877885173 0.0066702083450711387 4.2913857762156138e-05 -0.0020362656249999999 0.035529576381177819 0 -6.6854517699610486e-09 0 0 -0.0022559954667968787 0.04328717745519603 6.3876687566577503e-07 0.00016508022523902536 0 2.6863701694801455e-07 -0.00021612576053480794 -8.2605940507496372e-05 0.00020585618687002372 0.00058146276485006592 0.047744004533203127 -5.3763502593229268e-07 0 0 0 0.023322393083587911 0.0033627383206966234 0.040119350130308595 0.00070952784500324386 0 0.024624840101021908 0.034166178265111438 0 0 0 0 0
leaf_weight=105725.92110395432 96381.026000976562 2219.8982849121094 68890.749522440135 20939.967752670869 2201.6205549240112 2967.1831758096814 2900.6367013696581 66762.392864458263 1709.5772718663793 51086.82706451416 1099.1686956211925 36481.420959472656 75144.978381402791 74341.914428710938 35305.887209273875 8222.0874394178391 2550.7099609375 1412.6534271240234 23666.413116455078 16880.054038167 784.65162920951843 41383.420654296875 3227.3182847499847 38352.28621339798 3904.6356874927878 4283.3840942382812 42919.81409740448 33900.102069854736 1025.1010549739003 294.36892318725586 11030.593967437744 79913.758712768555 7516.9608306884766 54817.97941160202 81265.759463310242 2809.508097410202 742.35193300247192 2735.4789366722107 278.5884895324707 4883.4049282073975 2289.5623791217804 2900.2804183959961 356.34543466567993 85859.44677734375 48753.28955078125 366.63796257972717 47653.264120101929 56733.346982479095 2966.5012235641479 10522.062125921249 3811.583263874054 79225.643249511719 2110.5952243804932 45621.605518341064 69361.255871295929 8996.4447021484375 1482.2401733398438 67400.709932327271 2492.2348573207855 27772.587770462036 36631.494384765625 49646.165283203125
leaf_count=116647 193192 8488 84836 36760 3852 5240 5184 90033 3952 83106 2118 92893 111451 108516 151700 14733 5014 2520 42639 32513 1640 67056 5904 43974 93510 7597 156194 117700 2065 398 83905 119821 13594 68923 104639 5326 2269 4395 426 8149 3769 4689 611 238348 123009 1079 97448 88989 5354 19071 7875 330292 7504 160463 81149 59036 3621 96115 4341 48639 48610 67466
internal_value=0.00730525 0.00996571 0.0104231 0.012158 0.00437058 0.0129332 0.0122591 0.0134685 0.00697495 0.0145344 0.0118463 0.00107408 0.0151995 0.0115749 0.00175249 0.00230378 0.0113209 0.00867354 3.60335e-05 0.000619292 0.00947773 0.00927973 0.016391 0.00587344 0.00291086 0.003019 0.00271504 0.00353042 0.023183 0.00506165 0.00253341 0.0137357 0.00226488 0.00740209 0.00811854 0.00175303 -0.00317386 0.00479495 0.00614253 0.0102444 0.00203215 -0.00778504 0.0215327 0.000708379 -0.000717306 -0.00733091 -0.000465654 0.0168476 0.0179262 0.0121623 0.0078961 0.00121814 -0.00090129 0.00189167 0.00511289 0.000737422 -0.00439186 0.00971653 0.00855966 0.0184203 0.0098719 0.0130242
internal_weight=1.76591e+06 1.23753e+06 1.18555e+06 788721 71410.2 717311 25322.8 637229 396829 407718 80863.9 528380 326855 229510 383246 29777.1 4674.98 80082.2 46087.3 25102.1 71152.5 128277 180178 268552 181679 22420.9 177774 125858 2124.27 175382 90552.3 146676 8929.61 93170.3 86893.8 5628.08 3918.5 18137.5 15935.9 7975.23 7960.67 3178.87 3091.82 201567 145134 3176.15 51983.8 162617 87472.4 17561 7038.9 165085 49763.9 79521.7 175087 51916.3 4382.88 70367.9 4781.8 84505.9 105522 123988
internal_count=3600350 1800108 1686668 1191256 126033 1065223 45565 946114 495412 636686 139549 1800242 497137 309428 1484041 56443 9197 119109 80468 47246 102995 184321 287283 311091 822508 37829 728998 513768 4183 198194 362068 209854 16114 112897 117265 12626 8674 30232 26380 13155 13225 5115 5006 661533 316201 6405 113440 254433 142982 32850 13779 568640 104952 278163 197796 215230 8805 101355 8110 137628 133446 175982
cat_boundaries=0 1 2 3 4 5 6
cat_threshold=33296 41537 46597 12609 33280 1029
is_linear=0
shrinkage=0.05


Tree=61
num_leaves=63
num_cat=6
split_feature=12 32 28 16 19 147 3 36 24 32 48 147 145 48 95 24 7 12 3 48 12 52 24 9 41 89 40 147 31 48 19 107 48 28 48 40 3 109 24 3 10 43 51 111 45 3 37 48 57 21 106 27 10 7 3 24 51 112 132 24 24 12
split_gain=11831.5 2436.85 2893.72 1809.01 948.571 628.704 452.527 404.561 329.53 303.559 1884.42 235.079 229.797 196.878 174.646 170.892 169.39 166.116 162.827 214.72 211.956 161.236 158.206 152.849 152.165 124.834 124.805 124.141 120.722 117.223 114.348 112.808 110.367 104.036 232.385 151.864 103.114 102.355 121.198 99.8943 98.9743 155.666 98.2621 97.3507 96.2344 92.5985 87.9854 102.802 186.727 163.821 129.215 114.944 100.122 124.864 126.349 87.7616 85.8988 89.1491 85.5794 98.7601 83.3645 85.3431
threshold=2.1666666269302373 4473.0000000000009 503.50000000000006 3.5000000000000004 2.5000000000000004 2.0004616975784306 0 1.0000000180025095e-35 911.50000000000011 2688.0000000000005 4231.5000000000009 0.90000000596046459 7.5000000000000009 5566.5000000000009 7777885.0000000009 178.50000000000003 -0.93301269412040699 0.5000000149011613 1 5039.5000000000009 1.1666666865348818 1.0000000180025095e-35 1329.5000000000002 2.5000000000000004 8541.5000000000018 853700.75000000012 2880.5000000000005 5.3999998569488534 515.28085327148449 3986.0000000000005 3.5000000000000004 1.0000000180025095e-35 7298.5000000000009 2315.0000000000005 5039.5000000000009 4334.0000000000009 2 351.50000000000006 1190.5000000000002 3 3.5000000000000004 4193.0000000000009 3.5000000000000004 251.25000000000003 4500.3334960937509 4 22.500000000000004 5039.5000000000009 1124816.0000000002 -2.4999999999999996 699.50000000000011 551.50000000000011 3.5000000000000004 -0.93301269412040699 5 1464.5000000000002 4.5000000000000009 1112.5000000000002 0.36721986532211309 11879.000000000002 2645.0000000000005 1.1666666865348818
decision_type=2 2 2 2 2 2 9 2 2 2 2 2 2 2 2 2 2 2 9 2 2 2 2 2 2 2 2 2 2 2 2 2 2 2 2 2 9 2 2 9 2 2 2 2 2 9 2 2 2 2 2 2 2 2 9 2 2 2 2 2 2 2
left_child=1 2 6 5 7 8 15 16 13 11 -11 29 22 -4 -9 -1 21 31 20 60 44 -5 -2 27 33 45 -24 -7 32 -10 -6 36 -17 35 -35 -13 -8 38 -26 -16 -19 -42 -25 -3 -12 -14 47 48 49 50 51 -32 -49 -54 -55 -37 57 -28 -27 -60 -20 -62
right_child=12 43 3 4 30 23 17 14 9 10 18 24 25 -15 39 28 -18 40 19 -21 -22 -23 26 42 37 58 56 -29 -30 -31 46 -33 -34 34 -36 55 -38 -39 -40 -41 41 -43 -44 -45 -46 -47 -48 52 -50 -51 -52 -53 53 54 -56 -57 -58 -59 59 -61 61 -63
leaf_value=0 -0.00018508877916211577 0.034290865800305048 0 -5.4158711727536617e-07 1.864013910335416e-07 0 0 0.087905631544605123 0 0 0 0 -0.0064303314870097997 0 0.042726070384451226 0 0 0 0 -0.0001735414113634537 0 0 -0.001139675596172629 0 0 0.01989635092985749 0.0039176167930826903 -0.00098057765515643393 -0.0019344523437500039 0 -1.8690082975725275e-07 0 0 0 -0.00031910140017237247 0 -0.0020952600184521498 0 0.022156273429408513 -0.00050479382204448035 0 -0.00091752770244872832 1.2735785628881224e-07 -5.1075327464067397e-07 3.995061929281631e-05 0.0097419350561943063 -3.5431015939835223e-06 2.523126308603698e-11 -6.3124921935975303e-05 0 -7.826306768328185e-05 6.0682853188498426e-07 1.1014886306393024e-05 0.0002031473387991061 -0.00025588949594859174 0 0.0011772919163897 0.015286523973142131 0.033191508276884017 0.13951581698730386 0 -0.00064403822172475205
leaf_weight=170555.58650588989 99954.331855773926 1604.6222839355469 80181.831333763897 1506.653353434056 11297.41845703125 62611.714556090534 1144.0509926551022 466.36559410765767 67520.38553584367 51327.386686325073 1051.2834808826447 69416.861786279827 10661.562793731689 98638.684936523438 1043.760363817215 62503.859178185463 17786.675782244653 93257.996839523315 2081.3044812679291 17308.879921197891 2573.6353454589844 854.64281203225255 33219.126434326172 1394.6441040039062 3094.7478914260864 18977.112426757812 63366.70468711853 756.92666912078857 280.5535888671875 80173.694473266602 231.60236263275146 71181.657196044922 49515.585687994957 4415.7230502255261 2201.3907223194838 48197.212626263499 2520.3534648418427 10402.335353851318 3896.333399772644 3799.6212677955627 828.55962133407593 974.57830476760864 7228.5814819335938 50536.753356933594 1100.3353774547577 43752.084629058838 16857.97533416748 6158.3752975463867 1342.4183851480484 2495.7854055166245 301.29266095161438 1119.890912771225 275.72177124023438 235.93016242980957 4372.3617458343506 39871.431686401367 232403.53631591797 10028.392175674438 11550.7119140625 4128.42626953125 3189.3150482177734 3027.9259796142578
leaf_count=192691 203741 6788 101919 2593 19620 91616 2214 2213 91025 83665 1982 102436 65685 141284 2848 72568 31360 134509 3427 33615 5071 1684 80682 2496 5656 166310 178987 1596 388 121108 385 88788 63359 7158 4060 75102 5076 18867 8227 7303 1259 1504 13129 106756 2275 237173 30622 10762 2217 4145 504 1684 495 375 7433 69287 653870 35698 101985 76080 5742 5851
internal_value=0.0072923 0.00996744 0.0104331 0.0123769 0.0047418 0.0131863 0.00729123 0.0124453 0.0137249 0.0145048 0.0117755 0.0151818 0.00102691 0.011933 0.000166162 0.00606515 0.0156809 0.00933141 0.00189492 0.00031877 0.0104118 0.00309502 0.00055705 0.00877503 0.0163873 0.0033425 0.00107247 0.00962494 0.00758005 0.0137002 0.000353186 0.0075697 0.00766217 0.0168588 0.0107135 0.0171169 -0.000984299 0.0119387 0.00725779 -0.00264786 0.0107194 -0.000880502 0.00252863 -0.000611328 0.0220136 0.00184848 -0.00111786 0.00147358 0.00706449 0.0123097 0.0245174 0.0311168 -0.00130632 -0.00665252 -0.00860972 0.0184959 0.00138867 0.00287989 0.00568804 0.00842173 0.00693119 0.00402993
internal_weight=1.76476e+06 1.23671e+06 1.18457e+06 731809 70146.5 661663 452763 25457.7 589671 410850 81660.1 329190 528042 178821 5309.75 282856 20148 169907 30332.7 25607.4 4725.25 2361.3 438972 71991.9 181496 89069.9 339018 63368.6 112300 147694 44688.8 74846.1 112019 164103 6617.11 157486 3664.4 17393.4 6991.08 4843.38 95061.1 1803.14 8623.23 52141.4 2151.62 54413.6 33391.4 16533.4 5490.99 4148.57 1652.79 1351.49 11042.4 4884.01 4608.29 88068.6 305799 73395.1 34656.3 15679.1 8298.55 6217.24
internal_count=3598948 1798737 1685193 1122837 126243 996594 562356 48001 887757 644554 141628 502926 1800211 243203 12364 329006 35637 233350 57963 48635 9328 4277 1152978 108837 290793 647233 949237 93212 136315 212133 78242 96078 135927 258043 11218 246825 7290 32750 13883 10151 137272 2763 15625 113544 4257 302858 58622 28000 8935 6718 2573 2069 19065 8303 7808 144389 868555 214685 344375 178065 15020 11593
cat_boundaries=0 1 2 3 4 5 6
cat_threshold=33296 41537 12545 12384 464 33280
is_linear=0
shrinkage=0.05


Tree=62
num_leaves=63
num_cat=0
split_feature=12 32 30 16 13 36 24 13 32 48 13 13 20 12 40 13 109 8 80 48 24 24 24 108 17 93 83 60 24 40 67 12 109 12 21 17 104 30 22 48 13 40 24 104 40 106 63 71 48 107 24 24 13 99 24 110 53 2 30 35 109 21
split_gain=11976.2 2407.73 2816.17 1949.93 1454.94 635.038 502.593 404.266 369.703 1875.96 246.678 242.921 210.571 208.244 157.399 254.01 177.014 143.653 132.766 131.375 129.705 128.021 123.738 122.689 119.316 107.845 106.947 105.582 103.077 95.8581 95.6798 95.6338 135.589 88.0174 180.059 179.671 94.5918 210.96 88.3351 87.2886 86.8 242.738 120.43 96.2381 84.1776 82.8655 99.4884 82.7395 81.2914 81.2799 77.308 75.5349 75.4091 72.8837 72.7771 74.1756 72.469 69.966 69.4282 67.0381 67.0309 117.655
threshold=2.1666666269302373 4473.0000000000009 392.50000000000006 3.5000000000000004 1.0833333134651186 1.0000000180025095e-35 911.50000000000011 0.41666667163372045 2688.0000000000005 4231.5000000000009 0.58333334326744091 5.0833332538604745 1.0000000180025095e-35 0.83333334326744091 8910.0000000000018 2.0833333730697636 351.50000000000006 2.5000000000000004 37780.000000000007 5039.5000000000009 1190.5000000000002 1190.5000000000002 87.500000000000014 351.50000000000006 32.500000000000007 84342.281250000015 4.5000000000000009 126819.83203125001 2645.0000000000005 12284.000000000002 4.5000000000000009 1.1666666865348818 1.0000000180025095e-35 1.8333333134651186 1.0000000180025095e-35 1.0000000180025095e-35 523288752.00000006 2311.5000000000005 0.99828177690505993 3742.5000000000005 2.0833333730697636 8347.0000000000018 416.50000000000006 849986944.00000012 4881.5000000000009 782.50000000000011 35010.214843750007 1.2175206542015078 6412.5000000000009 526.50000000000011 1464.5000000000002 1617.5000000000002 2.0833333730697636 24533062.000000004 1617.5000000000002 208.83333587646487 336.50000000000006 1180.5000000000002 6514.0000000000009 7.5000000000000009 1.0000000180025095e-35 -2.4999999999999996
decision_type=2 2 2 2 2 2 2 2 2 2 2 2 2 2 2 2 2 2 2 2 2 2 2 2 2 2 2 2 2 2 2 2 2 2 2 2 2 2 2 2 2 2 2 2 2 2 2 2 2 2 2 2 2 2 2 2 2 2 2 2 2 2
left_child=1 2 7 6 5 12 10 22 13 -10 44 21 -5 39 33 16 20 -13 -9 28 -16 -2 -1 27 26 -25 -19 53 -11 45 56 32 -30 36 35 -35 -15 51 -36 -8 43 -42 -43 -12 -4 58 59 -32 -24 -3 -20 -38 -40 -23 55 -7 -27 -48 -28 -47 61 -6
right_child=11 49 3 4 60 54 8 18 9 19 40 17 -14 14 15 -17 -18 24 50 -21 -22 23 48 25 -26 30 29 -29 31 -31 47 -33 -34 34 38 -37 37 -39 52 -41 41 42 -44 -45 -46 46 57 -49 -50 -51 -52 -53 -54 -55 -56 -57 -58 -59 -60 -61 -62 -63
leaf_value=0 -0.00019351245234310358 0.033535999062783498 0 -0.00014622433337396767 1.0251566192226447e-05 2.6568058689735442e-05 0 0 0 0 0 -0.0040284845138557571 0 0 0 0.023663424236425215 0 0.052669691091701991 0 -8.8872322787181274e-05 0.021083016529701151 0.021374792079020336 0 -0.00090677885850587447 0.79087438834630464 0.0022777386233729046 0.0056348232737713395 0.020018606145033258 -0.0010615961368511729 0.033345230966002705 0.00067940758198685729 -0.00062659832507810931 0 0 0 0 0 0 0 0 0 0.00049809627694317776 -0.00039429791898969451 0 0 0.056041941738603995 -0.0067769049926013295 -0.0054364378229018887 0 -4.8521561091252607e-07 0.096007363936224652 0 0 -0.0087129516221256757 0.027385408645562926 -0.00048012422264465116 0.012015074648526802 0.021652759108578803 -0.017356392638127605 0.018143875903127781 -1.3433112411309623e-08 -9.3554165303544336e-09
leaf_weight=78886.079975613393 83309.511803865433 2645.4768981933594 63172.303913235664 1232.4095171000808 2873.5448532104492 416.24890483357012 67390.527437210083 63384.162246748805 55968.037059783936 2848.8137702941895 59703.356239318848 11558.134764432907 24053.078798532486 63250.910454154015 3576.5011944137514 4530.5301602520049 8971.5719788074493 11645.333862304688 71586.122219920158 22838.432945251465 4264.8229389190674 717.33530521392822 87326.015338897705 47976.999488830566 1086.8672370910645 39302.068988800049 32278.527603149414 13812.756816864014 1304.1921278238297 13077.200986862183 199187.48778533936 4320.2173309326172 2752.7063249349594 2536.0131225585938 4344.9623413085938 11908.8251953125 63678.263844132423 3260.1906986236572 4581.6196758747101 90432.634399414062 2420.8221700191498 246.50126647949219 2879.5001983642578 69337.532676696777 64728.517517089844 6926.0259835273027 9263.7134686820209 4754.2784194946289 94980.396728515625 49418.929809570312 395.96625053882599 30734.153310775757 1000.8567645549774 1623.2598104476929 2162.8737564086914 2024.2619683742523 26701.790618896484 9590.2913152314723 6688.0794982910156 8927.5129699707031 31999.608558177948 6788.7231855988503
leaf_count=87663 166999 9893 76678 2176 5141 897 90264 92869 91265 4759 79198 40138 41361 92072 6487 9305 15398 110645 89659 44911 8714 2524 103704 110303 51573 116030 154333 55959 2495 92268 508164 8335 4601 4333 7655 20254 98382 5784 7749 134360 4053 487 5248 101757 85521 59792 56114 10731 119364 103648 1795 52795 1858 3897 4972 3333 85964 70658 46590 57751 55753 12683
internal_value=0.00725751 0.00994883 0.0104112 0.0121397 0.00426877 0.0126865 0.0129251 0.00697412 0.0139312 0.0110617 0.011183 0.000956573 0.0157962 0.0146401 0.0156848 0.0116174 0.0144488 0.00303501 0.00919175 0.00181017 0.00895899 0.000403609 0.00582476 0.000840906 0.00364801 0.000624901 0.0034659 0.00509176 0.00623898 0.00286183 0.00101314 0.00344379 0.00895646 0.0161532 0.0133512 0.0169143 0.0165775 0.0175536 0.00816553 0.0132721 0.0126774 0.00655022 -0.0026531 0.0129407 0.00961043 0.00216146 0.00393825 0.000477591 0.0065407 -0.000574748 0.007722 0.0179854 0.0123265 -0.00472617 -0.0043932 -0.0103111 0.00266782 0.00148311 0.000578723 0.0068576 -0.00177021 0.00187922
internal_weight=1.76558e+06 1.23716e+06 1.18509e+06 788534 71550.7 29888.9 716983 396559 454495 90032.4 262489 528427 25285.5 364462 206639 21343.4 16812.9 111042 135366 34064.4 7841.32 417385 261192 334076 99483.6 317923 98396.7 16153.4 11225.9 86751.4 269946 8377.12 4056.9 185296 24372.3 14444.8 160924 97672.6 9927.44 157823 134588 5546.82 3126 129041 127901 73674.2 34707.5 203942 182306 52064.4 71982.1 94412.4 5582.48 2340.6 4603.38 2440.51 66003.9 18854 38966.6 15853.5 41661.9 9662.27
internal_count=3600062 1799629 1686088 1191034 126316 52739 1064718 495054 711776 156366 352942 1800433 43537 555410 330786 39904 30599 739862 184323 65101 15201 1060571 310731 893572 699724 831192 648151 62380 20190 537506 720889 15431 7096 290882 41849 24587 249033 156961 17262 224624 190743 9788 5735 180955 162199 445238 244315 518895 223068 113541 91454 151177 9607 6421 9202 4230 201994 126772 200923 117543 73577 17824
is_linear=0
shrinkage=0.05


Tree=63
num_leaves=63
num_cat=4
split_feature=12 32 28 16 13 147 13 36 24 32 48 13 13 147 40 20 3 39 95 3 146 48 8 40 13 109 24 39 14 24 147 147 3 48 19 28 48 40 6 45 13 40 35 70 32 39 13 38 31 24 146 83 39 57 43 59 110 16 19 24 3 13
split_gain=12345.8 2371.99 2850.97 1902.05 1298.35 630.663 553.362 475.775 334.667 299.949 1872.38 271.146 235.86 221.35 204.656 183.367 178.786 173.915 172.96 168.114 220.261 216.132 163.815 157.181 199.221 204.059 160.201 156.811 148.609 141.46 136.826 121.6 110.473 110.189 105.174 102.822 245.514 149.752 100.937 100.511 99.3753 212.071 98.3891 106.968 97.9786 97.9549 95.9274 94.4881 92.9828 89.777 93.5891 131.788 88.4262 106.94 92.6562 111.878 138.958 87.8299 221.809 86.9898 85.0497 86.8193
threshold=2.1666666269302373 4473.0000000000009 503.50000000000006 3.5000000000000004 1.0833333134651186 2.0004616975784306 0.41666667163372045 1.0000000180025095e-35 911.50000000000011 2688.0000000000005 4231.5000000000009 1.0833333134651186 2.4166666269302373 0.90000000596046459 4881.5000000000009 1.0000000180025095e-35 0 0.96368896961212169 7777885.0000000009 1 1.1666666865348818 5039.5000000000009 2.5000000000000004 8910.0000000000018 2.0833333730697636 351.50000000000006 1190.5000000000002 0.86391466856002819 17.500000000000004 178.50000000000003 5.3999998569488534 3.3000000715255742 2 3986.0000000000005 5.5000000000000009 2315.0000000000005 5039.5000000000009 4334.0000000000009 -0.93301269412040699 4500.3334960937509 2.0833333730697636 8347.0000000000018 4.5000000000000009 0.975724756717682 1205.0000000000002 1.3563219904899599 0.91666665673255932 1.5136205554008486 443.59939575195318 2645.0000000000005 1.1666666865348818 5.5000000000000009 1.0186958312988283 1124816.0000000002 4386.5000000000009 204406.00000000003 704.50000000000011 3.5000000000000004 2.5000000000000004 1617.5000000000002 3 6.4166667461395273
decision_type=2 2 2 2 2 2 2 2 2 2 2 2 2 2 2 2 9 2 2 9 2 2 2 2 2 2 2 2 2 2 2 2 9 2 2 2 2 2 2 2 2 2 2 2 2 2 2 2 2 2 2 2 2 2 2 2 2 2 2 2 9 2
left_child=1 2 6 5 7 8 29 15 14 13 -11 30 34 33 -4 -5 57 32 -9 20 39 49 27 35 25 26 -25 31 42 -1 -7 -13 38 -10 -2 37 -37 -15 -14 -12 46 -42 -19 -44 -29 -20 -16 60 -31 -21 51 -51 53 54 55 -6 -57 -8 -59 -39 -45 -62
right_child=12 -3 3 4 52 11 16 18 9 10 19 22 17 23 40 -17 -18 28 45 21 -22 -23 -24 24 -26 -27 -28 44 -30 48 -32 -33 -34 -35 -36 36 -38 59 -40 -41 41 -43 43 47 -46 -47 -48 -49 -50 50 -52 -53 -54 -55 -56 56 -58 58 -60 -61 61 -63
leaf_value=0 1.1378598425365595e-05 -4.6095483037245093e-07 0 -0.00013891311670526376 6.7039405138302763e-10 0 0 0.096621025398534552 0 0 0 5.8302603224513755e-05 -0.0072992146602057556 0 0 0 0 0.020037505543940726 -0.00045611801151241861 0 0 -0.00016042072465591862 0 0 0.022664542847720882 0 0.020028865703216093 -2.4963776023567696e-06 0.12782583110066836 0 -0.00084920852902315802 -2.1569243178642951e-06 -0.0037875663355352307 0 -0.00055200183645400859 0 -0.00031196478906498905 0 0.0026790638083721511 0.00026837345728359389 0 -0.00037458302304020923 0.0070447532684307923 -0.00037323455959848708 -2.4960442071231271e-06 0.028391138213284775 0 -0.0060198776295809836 0 -0.0025036688767787088 -0.00058050639438460565 0 -3.5519538927109021e-06 -6.3055276857087398e-05 -1.2761456791299254e-08 6.9925122475611453e-08 -7.848429189605266e-05 0 -1.3431850842682281e-08 0 0.0022378644733968001 0.029674841495188755
leaf_weight=148266.53653081041 153106.92890930176 52104.520263671875 67342.102549113333 1180.2122752275318 5141.7996169924736 49049.938186250627 108794.54742392898 465.1396142039448 67564.991618193686 51276.038789749146 1062.8494518995285 557.86048972606659 6241.0902709960938 69743.676294639707 66784.121484480798 23078.383172988892 51187.868509292603 30609.358222961426 2071.1724061965942 2044.8718318939209 2575.6185607910156 17270.97438621521 15221.3125 3024.298399604857 3538.1249692067504 7616.0933805704117 3862.3136253356934 1766.9506878852844 6990.0029220581055 134153.94159507751 507.78279590606689 495.19465827941895 36163.14635848999 80571.137405395508 39694.158218383789 4394.0888279303908 2175.7720983475447 58378.432908058167 80648.284915924072 1075.9033881425858 1469.907408349216 2165.6758575439453 34772.103477478027 43180.317116603255 4628.5959186553955 2975.8863067626953 41234.935020133853 11674.44608259201 2238.5265808105469 1013.9352912902832 3022.5786514282227 2217.069278717041 18898.22607421875 4440.483455657959 8178.7227096557617 3039.9702779054642 773.41133201122284 5638.7763135433197 2765.0763475894928 29446.599714279175 72084.307924166322 13111.957784414291
leaf_count=167620 343900 113766 84845 2097 8866 68077 136403 2219 91205 83678 1995 904 18303 102828 91324 39873 77361 154333 3583 3407 5049 33578 27203 5518 7255 13021 8072 2806 138957 164642 918 951 144834 121642 74214 7132 3992 91686 296945 2274 2411 3941 127345 168189 8351 6909 60813 42550 4429 1970 5808 3839 34524 7981 13899 4921 1333 8229 4001 52166 204704 85253
internal_value=0.00723784 0.0099676 0.0104262 0.0123527 0.00452881 0.0131815 0.0073077 0.0124546 0.0137206 0.0145052 0.0117893 0.0087708 0.000838178 0.0151757 0.0119153 0.0154676 0.00957978 0.00163911 -0.000804521 0.0019312 0.0105958 0.000329025 0.0042408 0.0163431 0.0119115 0.0145066 0.00826735 -0.00183448 0.00250558 0.00596365 0.0108429 0.0160385 0.000143296 0.01374 -0.000555415 0.0168301 0.0106979 0.0170857 0.00110981 0.0224764 0.0132285 0.00509454 0.00226158 0.00180366 -0.00477915 -0.00349517 0.0135022 0.00118734 0.00712587 0.00696084 0.00398526 0.00990104 -0.00130122 0.000885955 0.00267825 0.00619206 0.0126811 0.00849949 0.00357406 0.0184598 0.00157901 0.00249506
internal_weight=1.76677e+06 1.23849e+06 1.18639e+06 733343 70243.4 663100 453045 29770.8 590872 411875 81559.8 72227.6 528276 330316 178997 24258.6 168386 335475 5512.2 30283.8 4714.37 25569.4 22669.9 182179 18040.8 14502.7 6886.61 7448.6 212422 284659 49557.7 1053.06 123053 148136 192801 164139 6569.86 157569 86889.4 2138.75 111655 3635.58 205432 174823 6395.55 5047.06 108019 140051 136392 8298.46 6253.58 3231 40472.6 21574.4 17133.9 8955.18 3813.38 117198 8403.85 87825 128377 85196.3
internal_count=3600842 1801315 1687549 1124864 126205 998659 562685 54681 889449 646115 141598 109210 1799527 504517 243334 41970 225994 1381413 12711 57920 9318 48602 40215 291670 33866 26611 13590 13012 921331 336691 68995 1855 460082 212847 418114 257804 11124 246680 315248 4269 158489 6352 782374 628041 11157 10492 152137 500696 169071 15024 11617 5809 71524 37000 29019 15120 6254 148633 12230 143852 458146 289957
cat_boundaries=0 1 2 3 4
cat_threshold=33553 41537 39949 37488
is_linear=0
shrinkage=0.05


Tree=64
num_leaves=63
num_cat=4
split_feature=146 32 30 16 19 147 36 24 3 32 48 100 94 147 31 9 48 132 46 7 16 3 48 146 24 48 52 51 147 48 100 30 30 46 70 25 121 103 39 24 146 75 37 111 100 146 20 39 126 38 20 51 3 3 72 2 10 43 94 124 44 10
split_gain=12454.8 2436.02 2797.3 1976.35 993.128 628.205 487.357 481.334 423.665 293.883 1886.26 235.81 228.101 215.462 184.604 170.785 160.084 155.442 171.03 153.565 152.475 144.052 205.976 182.912 140.978 139.489 135.102 120.431 115.78 108.263 106.438 255.254 105.794 104.32 103.372 94.5094 116.192 92.9887 90.5509 89.0815 89.4756 125.799 87.712 81.4296 78.1752 77.1557 75.7593 70.3984 70.1988 113.649 69.9821 69.3815 68.7362 68.7114 72.3757 67.5666 67.4691 110.721 66.3952 64.9081 62.715 90.6449
threshold=2.1666666269302373 4473.0000000000009 392.50000000000006 3.5000000000000004 2.5000000000000004 2.0004616975784306 1.0000000180025095e-35 911.50000000000011 0 2688.0000000000005 4231.5000000000009 763662976.00000012 145382768.00000003 0.90000000596046459 515.28085327148449 2.5000000000000004 8492.0000000000018 0.39997261762619024 8089.0000000000009 -0.93301269412040699 1.5000000000000002 1 5039.5000000000009 1.1666666865348818 87.500000000000014 9929.5000000000018 1.0000000180025095e-35 3.5000000000000004 5.3999998569488534 3986.0000000000005 654936352.00000012 2311.5000000000005 11247.500000000002 11879.000000000002 1.2127067446708681 1.0000000180025095e-35 14.500000000000002 560171488.00000012 1.2652039527893069 2645.0000000000005 1.1666666865348818 1.0000000180025095e-35 22.500000000000004 251.25000000000003 369235920.00000006 0.83333334326744091 1.5000000000000002 0.88890627026557933 14.500000000000002 1.5136205554008486 3.5000000000000004 3.5000000000000004 2 3 4805.0000000000009 3357.5000000000005 3.5000000000000004 4386.5000000000009 250062144.00000003 286.50000000000006 4937.0000000000009 3.5000000000000004
decision_type=2 2 2 2 2 2 2 2 9 2 2 2 2 2 2 2 2 2 2 2 2 9 2 2 2 2 2 2 2 2 2 2 2 2 2 2 2 2 2 2 2 2 2 2 2 2 2 2 2 2 2 2 9 9 2 2 2 2 2 2 2 2
left_child=1 2 8 5 6 7 19 11 14 13 -11 45 33 29 24 28 30 34 32 26 35 23 39 37 -1 -26 60 -17 51 -9 -15 -32 44 52 42 36 53 -12 -8 -23 41 -41 -14 -3 -19 -4 -24 -46 58 -50 -13 -7 -2 -10 -55 -34 59 -58 -44 -22 -5 -62
right_child=12 43 3 4 -6 15 38 9 20 10 21 50 17 16 -16 27 -18 18 -20 -21 56 22 46 -25 25 -27 -28 -29 -30 -31 31 -33 55 -35 -36 -37 -38 -39 -40 40 -42 -43 48 -45 47 -47 -48 -49 49 -51 -52 -53 -54 54 -56 -57 57 -59 -60 -61 61 -63
leaf_value=0 -0.0013171545020054505 0.030997500819006974 0 -5.1450776140660186e-07 -2.8246005090437622e-09 0 -0.00043274201923441117 0 0 0 1.5531362860466926e-06 0 -0.00012822937449531179 0 -0.0018433703515625011 0 0 -0.0020150614856641268 0.02845045704637135 0 0 0 0.022146665192765914 0 0 0 0 -6.3511791825732196e-09 -0.00080667929084587975 0 0 0 0.022986392102153544 0.0031652603365546319 -0.0030766756844809347 0 -0.002038432692534431 2.9997753174626499e-05 0.020421923464812766 -0.0024628954692919591 -0.00056624308910496746 0 0.00050274562941322605 -4.3790708885715902e-07 -0.0014914210526373985 0 -0.00017383678271358166 0.0039819344505516163 0.0034276152629888037 -0.0073633621434520792 0 0 -0.00031533003665396172 -0.002038432692534431 0.043265012450428436 0.075209275070417067 0 -0.00093591681195501772 0.031623494152542397 0.050000000000000003 -5.1450776140660186e-07 1.0887326286473932e-05
leaf_weight=95029.106712341309 3241.4741363525391 1611.5137939453125 69216.61249653995 892.63041347637773 46123.350898742676 2978.7655989676714 1829.7569349966943 66974.013819977641 1242.8464640900493 50906.845945358276 1182.8893072605133 73459.325012207031 86753.141525268555 88596.562536910176 437.1533203125 1404.8364105224609 22020.216653823853 13289.021677523851 19447.202331542969 18288.318992737681 51595.069470971823 2031.6793197393417 7319.5691982507706 2581.3381805419922 125928.11806511879 47575.307449102402 860.60082202777267 7552.7529449462891 756.29380548000336 79775.992767333984 67329.24586391449 2280.1295776367188 6080.6456680297852 29688.43994140625 15681.066551208496 70325.259527206421 434.67345175147057 987.73894381523132 2536.0593719482422 961.94665050506592 3032.5025939941406 2223.1550645828247 3001.5391674041748 50623.53271484375 13833.922542065382 36882.454528808594 9712.4432859420776 75747.420862197876 84172.42693901062 6788.4784507751465 49150.812072753906 67533.509760856628 161271.10496520996 883.59994078055024 1351.3726835809648 3780.6221237182617 585.72379589080811 648.90686511993408 5865.9795684814453 1022.8437522947788 566.5066442489624 163.35813617706299
leaf_count=105642 5833 6778 85142 1420 80398 5240 3092 90131 2717 82735 2281 107488 286764 131974 589 2534 40661 33968 135881 31973 81945 3378 14910 5068 145020 60194 1676 13651 1605 119843 110424 4167 48925 90807 57686 88863 590 1981 5707 1837 5843 3774 9241 107093 45691 48985 17923 278042 316969 25728 66898 96385 392789 1629 3345 44025 893 1050 28643 3033 1038 291
internal_value=0.00719494 0.00993943 0.0104052 0.0121294 0.0041878 0.0129188 0.0121833 0.0134443 0.00698285 0.0144738 0.0117759 0.011608 0.00077084 0.0151416 0.00585482 0.00874896 0.0163 0.00156228 0.00289573 0.015375 0.00935027 0.0018382 0.000334486 0.00981495 0.00590792 0.00675584 0.00370422 0.00224093 0.00956685 0.0137188 0.0168561 0.01832 0.00214863 -0.000592113 0.000690848 0.0078814 0.000316506 0.0205315 -0.0030012 0.00681947 0.00384767 0.00969992 0.00101856 -0.000627776 0.0016743 0.00988176 -0.00280607 0.00220521 0.00202917 0.00161509 0.0131016 0.00977561 -0.00108443 0.00336508 -0.00189108 0.00709582 0.0113767 -0.000172827 0.00627577 0.0116478 -0.0047876 0.00607674
internal_weight=1.76605e+06 1.23741e+06 1.18517e+06 788112 71260.6 716852 25137.2 636625 397060 407916 80940.1 228709 528642 326976 268970 80226.2 180226 334441 132179 20771.4 128090 30033.3 25281.3 4751.97 268533 173503 2483.1 8957.59 71268.6 146750 158206 69609.4 112732 194201 202263 74237.8 3912.49 2170.63 4365.82 8249.28 6217.6 3185.1 186582 52235 102870 106099 17032 89581.3 99828.4 90960.9 122610 70512.3 164513 3477.82 2234.97 9861.27 53852.5 1234.63 8867.52 52617.9 1622.5 729.865
internal_count=3600826 1799834 1685963 1190453 125595 1064858 45197 945443 495510 636930 139730 308513 1800992 497200 311445 119415 287226 1311563 586532 36398 184065 56995 47665 9330 310856 205214 4425 16185 103230 209974 246565 114591 450651 489429 725031 97144 8281 4262 8799 14832 11454 5611 667345 113871 357701 134127 32833 323733 380581 342697 174386 101625 398622 7691 4974 92950 86921 1943 37884 84978 2749 1329
cat_boundaries=0 1 2 3 4
cat_threshold=33296 41537 136 12609
is_linear=0
shrinkage=0.05


Tree=65
num_leaves=63
num_cat=4
split_feature=12 32 28 16 147 3 103 30 32 48 124 147 20 135 100 12 114 9 12 46 147 107 20 10 103 41 3 35 38 48 32 28 48 48 39 12 69 62 48 3 12 27 94 145 90 132 35 36 111 110 88 32 48 57 33 37 112 107 83 3 38 36
split_gain=12521.6 2377.29 2826.78 1927.44 624.735 457.588 439.865 299.418 330.098 2019.95 234.388 213.94 193.311 230.255 182.068 166.191 157.397 156.676 150.096 149.552 131.232 126.045 120.459 119.864 129.309 118.955 116.982 113.457 112.459 110.302 98.6205 98.3572 240.806 133.816 96.7456 91.2253 91.1804 89.6093 88.2555 227.398 234.67 110.83 85.9009 83.484 81.3308 80.3317 78.9277 78.6513 73.6926 72.8184 71.1812 71.066 69.3258 66.6956 65.9294 63.7091 63.2172 62.9019 62.2541 61.944 66.3183 61.5927
threshold=2.1666666269302373 4473.0000000000009 503.50000000000006 3.5000000000000004 2.0004616975784306 0 1.0000000180025095e-35 886.50000000000011 2688.0000000000005 4231.5000000000009 196.50000000000003 0.90000000596046459 1.0000000180025095e-35 43.857143402099616 618204352.00000012 0.5000000149011613 1.0000000180025095e-35 2.5000000000000004 0.5000000149011613 7222.5000000000009 5.3999998569488534 1.0000000180025095e-35 3.5000000000000004 3.5000000000000004 595131072.00000012 8541.5000000000018 1 7.5000000000000009 0.86952012777328502 3986.0000000000005 13485.500000000002 2315.0000000000005 5039.5000000000009 4763.5000000000009 0.78221485018730175 2.8333333730697636 -15889.499999999998 39200.500000000007 5039.5000000000009 2 1.1666666865348818 911.50000000000011 164982288.00000003 12.500000000000002 56001.472656250007 0.55037730932235729 3.5000000000000004 1.0000000180025095e-35 251.25000000000003 819.16665649414074 5661513.7500000009 228.50000000000003 5039.5000000000009 267259.50000000006 9851.0000000000018 22.500000000000004 856.50000000000011 826.50000000000011 3.5000000000000004 3 3.9421279430389409 1.0000000180025095e-35
decision_type=2 2 2 2 2 9 2 2 2 2 2 2 2 2 2 2 2 2 2 2 2 2 2 2 2 2 9 2 2 2 2 2 2 2 2 2 2 2 2 9 2 2 2 2 2 2 2 2 2 2 2 2 2 2 2 2 2 2 2 9 2 2
left_child=1 2 5 4 7 18 12 14 11 -10 28 29 34 16 -4 21 47 20 51 37 58 26 55 -17 -25 31 -7 43 30 -9 -2 33 -33 -13 -5 -30 -28 -12 -11 40 41 -40 -39 -21 61 50 -19 -14 -3 -29 -44 -1 -46 -18 56 -8 -50 -37 -6 -16 -61 -24
right_child=10 48 3 6 17 15 22 8 9 38 19 25 13 -15 59 23 53 46 -20 27 -22 -23 44 24 -26 -27 36 49 35 -31 -32 32 -34 -35 -36 57 -38 42 39 -41 -42 -43 45 -45 52 -47 -48 -49 54 -51 -52 -53 -54 -55 -56 -57 -58 -59 -60 60 -62 -63
leaf_value=0 -0.00046446291320035861 0.029459297382617489 0 9.5716132307088763e-05 0 0 1.4496969180655128e-09 0 0 0 -0.017372144080703325 0 0 0 0 0 0 0 0 0.013159902181441386 -0.00087322032630358102 0 7.0693951803590955e-10 0 -0.00083134986050616979 0 0.043298316684944153 0.0013092642166319336 -0.00025164126689589523 0 -0.028072465186071083 0 -0.00029090998372864884 0 -0.00013246713087503582 0.0014811531534452472 -0.0019365110579077083 -0.00074042952970998499 0.032321450401105865 -0.00014370784928744441 -1.0348074842236877e-06 2.5600895006484072e-05 0.0011062932734332565 0.095864923362219301 4.9108107924578095e-08 0.0056506347874725306 0 -0.00041174061965260235 -7.9598413160741899e-07 0.037744592664526656 0.041084181785778551 0 -1.2826302835217246e-05 8.8030727801724498e-08 0.038113477365333395 -3.3733041437389311e-06 0.0081161450384957586 0.053067525641573125 0 0 0 0.021138676886058194
leaf_weight=117081.39769411087 51932.353576660156 1590.0553894042969 61512.226440221071 118.29655080288649 2233.4133195579052 825.60571686411276 12050.304344177246 67201.152654439211 51173.701320648193 9893.474723815918 1237.1187057495117 76744.656153261662 3944.8329682648182 7022.583251953125 54164.926607131958 92588.195846557617 7963.0354827642441 1141.5382995605469 103469.45458984375 32482.557312011719 760.00894021987915 71165.541282653809 5918.7805982213467 841.76668167114258 952.16833114624023 16833.793517112732 404.55092096328735 32781.600708007812 66015.329771995544 79555.452850341797 793.25418090820312 4381.0047310888767 2190.3430028110743 79479.375480636954 2539.1593055203557 111363.00752830505 2097.8527569770813 35387.763602256775 397.04786086082458 17020.834146499634 1782.9246368408203 981.69335198402405 146540.4502658844 5486.6834106445312 2519.2167472839355 34108.432592391968 7526.1706848144531 416.9692554473877 36108.941076084971 5167.1082763671875 4257.6435251235962 63710.04191160202 3566.6115169525146 8734.2951594293118 2115.44775390625 11640.577362060547 12110.447626307607 839.15159130096436 60444.414457321167 67105.883634567261 688.98211669921875 3795.8464674372226
leaf_count=129849 121710 6729 79363 196 4071 1398 20600 90362 83098 17710 3862 113069 7370 12569 82868 132961 13525 2169 127288 134672 1596 88676 9990 1255 1469 31133 1196 128170 128097 118858 1904 7145 4002 129588 4632 337008 3795 93769 966 32717 3609 1915 511739 82640 3876 159681 13531 826 71008 50184 40999 74756 5938 16472 7549 21255 28026 6149 87649 92337 1050 9108
internal_value=0.00717819 0.0099275 0.0103857 0.012304 0.0131381 0.00728089 0.0044272 0.0136741 0.0144291 0.0115769 0.000734037 0.0151391 0.00891227 0.0101321 0.0119964 0.00934294 0.00751683 0.00874397 0.00605527 0.00166195 0.00960551 0.00757762 0.000935935 0.0107372 -0.00206095 0.0162964 -0.00193168 0.00357713 -0.000461072 0.0137225 -0.00248959 0.0167103 0.0107144 0.0169625 -0.00397508 0.000139041 -0.00731219 0.0010056 0.00129316 -0.000602983 0.0116886 0.0272121 0.00108099 0.00550956 0.00431732 0.00151293 0.00243769 0.0159744 -0.00054425 0.00164347 0.00101724 0.00518618 -0.000214182 0.00530677 -0.000879169 -0.00131909 -0.00125831 0.00100677 0.009856 0.0131152 0.012094 0.00715651
internal_weight=1.7669e+06 1.2385e+06 1.18658e+06 733444 663213 453137 70230.5 591107 407635 81249.7 528392 326386 30739.2 28081.7 183472 168876 21059.1 72105.5 284261 297449 63437.8 74493.6 39491.3 94382.1 1793.94 179629 3328.01 75917.9 230943 146757 52725.6 162795 6571.35 156224 2657.46 178217 2502.4 221531 30076 20182.5 3161.67 1378.74 220294 37969.2 15800.5 184907 8667.71 4361.8 51924.9 37948.7 150798 180791 6085.83 16697.3 50334.8 23690.9 48219.4 112202 62677.8 121960 67794.9 9714.63
internal_count=3601702 1801118 1687806 1125163 998806 562643 126357 889790 634172 140015 1800584 494157 55590 50762 255618 230750 38193 109016 331893 1205716 93316 95065 70767 135685 2724 284937 6389 395666 594868 209220 123614 253804 11147 242657 4828 471254 4991 810050 56917 39207 6490 2881 806188 217312 28912 712419 15700 8196 113312 178354 552738 204605 9814 29997 106583 41855 99034 343157 91720 176255 93387 19098
cat_boundaries=0 1 2 3 4
cat_threshold=37392 8449 41537 15460
is_linear=0
shrinkage=0.05


Tree=66
num_leaves=63
num_cat=0
split_feature=146 32 28 16 13 147 13 147 32 46 36 13 13 24 24 37 80 37 28 40 20 24 8 39 147 6 24 147 32 95 17 40 40 40 61 109 13 31 60 69 39 135 37 19 24 115 114 102 109 21 13 40 13 110 108 39 13 75 97 107 39 107
split_gain=12380.6 2441.38 2692.84 2446.48 903.113 597.338 529.633 310.381 357.392 1425.9 284.332 262.358 212.677 184.542 174.384 174.33 169.644 167.204 153.19 233.94 149.479 143.998 141.02 155.326 140.299 136.06 131.145 128.032 124.089 119.418 110.802 108.843 105.495 112.191 95.4278 94.526 120.893 91.5295 91.2305 108.72 96.8445 90.894 186.184 251.387 162.425 156.824 194.034 145.545 136.996 137.003 89.7824 420.58 103.259 89.3777 86.7695 86.7098 84.8023 81.0124 79.1707 95.3722 76.6705 75.3172
threshold=2.1666666269302373 4473.0000000000009 503.50000000000006 3.5000000000000004 1.0833333134651186 2.0004616975784306 0.41666667163372045 0.90000000596046459 2688.0000000000005 3984.5000000000005 1.0000000180025095e-35 1.0833333134651186 3.7500000000000004 1464.5000000000002 911.50000000000011 22.500000000000004 37780.000000000007 1507.5000000000002 2315.0000000000005 5111.5000000000009 1.0000000180025095e-35 178.50000000000003 2.5000000000000004 0.86391466856002819 3.3000000715255742 0.25000000000000011 1190.5000000000002 5.3999998569488534 1205.0000000000002 7777885.0000000009 28.500000000000004 4881.5000000000009 8910.0000000000018 4334.0000000000009 1125928.5625000002 351.50000000000006 2.0833333730697636 443.59939575195318 43423.666015625007 23603.000000000004 0.99667522311210643 43.857143402099616 22.500000000000004 2.5000000000000004 2394.5000000000005 1.0000000180025095e-35 1.0000000180025095e-35 1.0000000180025095e-35 118.50000000000001 -1.4999999999999998 2.0833333730697636 8347.0000000000018 1.2500000000000002 720.50000000000011 424.50000000000006 0.82969802618026745 2.0833333730697636 17913.500000000004 1.0000000180025095e-35 711.50000000000011 1.2652039527893069 1.0000000180025095e-35
decision_type=2 2 2 2 2 2 2 2 2 2 2 2 2 2 2 2 2 2 2 2 2 2 2 2 2 2 2 2 2 2 2 2 2 2 2 2 2 2 2 2 2 2 2 2 2 2 2 2 2 2 2 2 2 2 2 2 2 2 2 2 2 2
left_child=1 2 6 5 10 7 21 14 13 -10 20 27 26 50 31 34 -8 -12 32 -20 -5 57 23 24 -13 30 -2 -7 -25 -28 38 -4 33 -15 -6 -34 -37 -23 -14 -40 -41 42 47 45 -45 46 -44 -22 -47 -50 52 -52 -9 -27 -3 -31 -17 -1 59 -42 -60 -19
right_child=12 54 3 4 15 11 16 8 9 -11 17 22 25 18 -16 56 -18 61 19 -21 41 37 -24 28 -26 53 29 -29 -30 55 -32 -33 35 -35 -36 36 -38 -39 39 40 58 -43 43 44 -46 48 -48 -49 49 -51 51 -53 -54 -55 -56 -57 -58 -59 60 -61 -62 -63
leaf_value=0 -0.00026310160894281822 0.027603827658314508 0 -0.00012534396309621387 4.6556070359971002e-08 0 0 0 0 0 -0.00041167500997507656 5.538747306328973e-05 -0.018357278344166388 0 0 -3.4293092492698744e-06 0 0.11715345647042669 0 -0.0002818210504253016 0 0 0 -2.3712411632792475e-06 -5.0623143010533511e-06 0.020599223009926962 0.16190509396912034 -0.00072268430998840844 3.9345328615714163e-07 -0.001820010298557906 0.54866491835810616 0 0.019027422418055287 0 -6.0205549212222213e-05 0 0.025796272257335207 0 0.0075510593984608803 -0.0029962120597505585 0.0061941597182815335 0 0 3.7510633803528038e-07 1.7557923063238336e-07 -5.7012704937076106e-07 0 0 -1.7484658831889989e-09 6.7159254268922559e-10 0 -0.00035585387188820096 0 0.068342054929487403 -5.2583470873113218e-07 0.00077477655433878529 0.023290441070115998 0 0.003709468739900368 0.056298416506150639 -0.012119340621540875 0.028174060279543903
leaf_weight=48620.991384570254 76324.32321870327 3386.8497467041016 45067.792906299233 1187.4143845103681 16644.393602967262 48906.599034221843 84887.001475736499 115201.50785807893 30935.278200149536 20573.66912651062 2848.228107187897 575.69637008570135 1491.2859087213874 38681.159539699554 178351.62451171875 15931.052170231938 83894.677886962891 339.40900771319866 4677.3256423473358 2193.0358078479767 1575.1154301762581 133597.5261631012 15133.1904296875 1792.1758756637573 494.39975810050964 17659.385864257812 543.44224262237549 504.72717189788818 4574.0567007064819 18724.356465339661 1105.275146484375 56524.117156982422 2193.0205397605896 39795.592816114426 2746.875617980957 2682.0747081898153 1320.0138073302805 2242.9418563842773 62277.174757100642 40606.821380212903 8589.7451326400042 7025.1451346874237 2376.8129722774029 1800.0092329978943 514.05083274841309 256.63856893777847 3323.1089822947979 5011.314567565918 177.11753082275391 1076.986498773098 5133.3371848668903 4008.0341033935547 42529.444671263918 4330.9481201171875 48711.12825012207 245759.15728569031 4987.0832400768995 99483.015633195639 40231.015861839056 4990.427303314209 5847.0919049978256 2324.9132464677095
leaf_count=57845 147936 11860 55528 2089 28345 67862 120619 166259 52474 40402 5232 931 4613 59156 261682 27828 105853 1781 7649 4077 2867 163986 27094 2836 935 118593 4838 915 8298 41668 46813 76900 4852 69205 4913 4839 2779 4472 283022 180678 43899 12482 4497 2826 921 454 5990 7780 270 1858 8573 7618 66101 47323 101781 612634 10371 109586 198230 41324 29328 5797
internal_value=0.00711146 0.00984857 0.0103144 0.0121891 0.00330996 0.0131302 0.00728325 0.0136549 0.0147451 0.0109415 0.00990425 0.00882985 0.000705697 0.0155032 0.0124479 -0.00157095 0.00950147 -0.000347808 0.0173077 0.0101244 0.0122279 0.00596466 0.00436291 -0.0012746 0.0163455 0.0020604 -3.69415e-05 0.01087 -0.00423818 0.000488979 0.00156836 0.010794 0.0178905 0.0183865 0.00184401 0.0116051 0.0161769 0.00714047 0.00146198 0.00157497 0.000555772 0.0131159 0.011045 0.0155147 0.0298536 0.0109106 0.00711195 0.00457974 0.0252323 0.0320421 0.0145133 0.00969308 0.0147925 0.0057551 -0.00074466 0.000440827 -0.00473684 0.00488616 0.00183783 0.00519297 0.000848841 0.0086539
internal_weight=1.7653e+06 1.23682e+06 1.18472e+06 731994 70145.7 661848 452726 589867 309923 51508.9 29836.3 71980.8 528480 258415 279944 40309.4 168782 5512.55 91542.2 6870.36 24323.7 283944 22569.5 7436.33 1070.1 187129 341351 49411.3 6366.23 265027 165139 101592 84671.9 78476.8 19391.3 6195.11 4002.09 135840 164034 162542 100265 23136.3 16111.2 9524.72 2314.06 7210.66 5699.92 6586.43 1510.74 1254.1 166872 9141.37 157731 21990.3 52098 264484 20918.1 148104 59658.3 13580.2 46078.1 2664.32
internal_count=3600167 1799268 1685627 1123266 126301 996965 562361 888094 493984 92876 54844 108871 1800899 401108 394110 71457 226472 12810 152557 11726 42034 335889 40094 13000 1866 993823 807076 68777 11134 659140 827907 132428 140831 128361 33258 12470 7618 168458 781094 776481 493459 39945 27463 16816 3747 13069 10487 10647 2582 2128 248551 16191 232360 165916 113641 654302 38199 167431 312781 85223 227558 7578
is_linear=0
shrinkage=0.05


Tree=67
num_leaves=63
num_cat=0
split_feature=146 32 28 15 13 13 146 15 146 32 48 21 134 24 124 24 80 42 19 106 39 145 40 13 109 24 24 41 35 39 51 31 39 104 13 39 28 48 40 109 115 90 25 146 13 39 130 10 43 57 75 145 145 24 14 83 124 2 38 40 24 102
split_gain=12289.3 2533.32 2615.71 1996.23 935.627 548.013 334.463 575.136 380.997 377.581 1523.91 318.613 217.277 206.231 192.098 172.37 163.911 155.612 219.902 156.185 157.875 140.367 139.974 187.155 238.158 187.405 136.036 134.411 112.348 110.925 111.991 108.491 101.327 100.469 96.1683 99.1689 96.1289 227.997 144.114 96.0453 169.375 105.962 86.8359 82.6981 94.8391 81.6394 80.4216 79.2091 109.06 79.035 78.413 77.0787 74.0441 73.3123 72.753 70.5137 79.6331 95.3405 72.697 70.3321 64.5097 63.9015
threshold=2.1666666269302373 4473.0000000000009 503.50000000000006 1.5236033797264101 1.0833333134651186 0.41666667163372045 1.8333333134651186 1.3307163715362551 0.83333334326744091 2688.0000000000005 4231.5000000000009 1.0000000180025095e-35 307.00000000000006 911.50000000000011 196.50000000000003 911.50000000000011 37780.000000000007 1.0000000180025095e-35 2.5000000000000004 699.50000000000011 1.0186958312988283 2.5000000000000004 8910.0000000000018 2.0833333730697636 351.50000000000006 1190.5000000000002 178.50000000000003 7191.0000000000009 7.5000000000000009 0.86391466856002819 3.5000000000000004 443.59939575195318 1.0293025970458987 739233088.00000012 2.0833333730697636 0.66671821475029003 2315.0000000000005 5039.5000000000009 4616.5000000000009 118.50000000000001 1.0000000180025095e-35 56001.472656250007 1.0000000180025095e-35 1.0000000180025095e-35 1.0833333134651186 0.82969802618026745 0.31338372826576238 3.5000000000000004 4193.0000000000009 1124816.0000000002 17913.500000000004 1.5000000000000002 23.500000000000004 1464.5000000000002 2.5000000000000004 9.5000000000000018 1306.5000000000002 1180.5000000000002 1.5136205554008486 4098.5000000000009 87.500000000000014 2056983488.0000002
decision_type=2 2 2 2 2 2 2 2 2 2 2 2 2 2 2 2 2 2 2 2 2 2 2 2 2 2 2 2 2 2 2 2 2 2 2 2 2 2 2 2 2 2 2 2 2 2 2 2 2 2 2 2 2 2 2 2 2 2 2 2 2 2
left_child=1 2 5 6 12 26 8 11 13 15 -11 -8 17 33 34 -10 47 -5 32 20 49 29 36 24 25 -24 50 45 46 -13 -31 -28 -19 -4 -2 -36 38 -38 -17 42 -41 -42 -34 44 -15 -16 -29 -7 -49 -20 -1 -3 -48 -40 -9 56 -47 -58 -57 -53 -18 -37
right_child=14 51 3 4 -6 16 7 54 9 10 -12 21 -14 43 27 22 60 18 19 -21 -22 -23 23 -25 -26 -27 31 28 -30 30 -32 -33 39 -35 35 61 37 -39 53 40 41 -43 -44 -45 -46 55 52 48 -50 -51 -52 59 -54 -55 -56 58 57 -59 -60 -61 -62 -63
leaf_value=0 -0.00027348040825844977 -7.2989318959937328e-07 0 0 -1.438244229268193e-08 0 0 -6.1557129168845266e-09 0 0 0 4.938366120060822e-05 0 0 -0.0018055329818457485 0 0 0 1.0588305232595019e-10 -0.00010128520505172656 3.4564932338554399e-07 0 0 0.0086105659448249116 0 -0.0010541508264850564 0 0.0056143190889093812 0.0027130262380690162 0 -2.2526791051191707e-06 0 0.09487218942030283 0 -0.0059468898352939836 0.00046957150258574169 0 -0.00026757719226336177 0 0 6.38012914722097e-10 -1.6610425923602181e-09 0 0 4.6507616786565354e-07 0.0019439366420179072 0.022162688025760737 0 -0.00076515654696658521 6.4586999142857152e-06 0 -0.00092135916337983132 0.28583898808055203 0 0 0.00013817036561530882 0.0057141386753513995 0.053901074130527249 -0.013512992772933764 0.029180734262057209 0 0.012722843187855038
leaf_weight=48691.055562676396 86255.893840789795 29274.394012451172 66937.150401115417 4324.3668255954981 33130.818126186728 83028.552746102214 23195.233367919922 9505.0556640625 79811.872903823853 28135.385541915894 20030.351793289185 531.48227286338806 7025.179443359375 22101.161816969514 19932.034027099609 76323.317686084658 20483.57804389298 4646.2746481895447 1363.2305246591568 408.97865343093872 1446.3588573932648 10773.53076171875 2912.7207703851163 2896.8658348061144 7733.075385928154 3625.0751867294312 133589.50698852539 13532.9736328125 37967.28955078125 609.31605315208435 4255.6435685157776 2231.8242492675781 309.9909308552742 47899.978088378906 4517.3236885070801 130979.79833984375 4214.7849638126791 2065.174247533083 44310.766861915588 747.62879192829132 882.44161933660507 235.35718458890915 5879.1595091223717 168484.880859375 2231.6306634992361 141308.29843139648 24065.513179779053 910.75879073143005 908.9323456287384 293.73417246341705 99676.346576243639 17395.729598045349 1109.3945350646973 34416.113187789917 8274.2724609375 41669.630874633789 8499.9335174560547 4645.3524017333984 4431.5559234619141 5659.831711769104 63353.910618826747 8622.26904296875
leaf_count=57885 170073 57980 82839 8172 58641 117685 40634 16745 113327 46768 38653 896 12558 30475 60652 111885 23816 7402 2006 679 2306 19203 5249 5863 13118 7358 163911 63401 177706 1080 7598 4389 1573 65641 10831 381017 6779 3751 68603 1246 1555 363 12608 248729 3852 494902 127576 1376 1392 476 109827 40110 29092 59185 15006 138804 50865 47245 14030 15832 82097 31672
internal_value=0.00705988 0.00978452 0.01026 0.0121079 0.00342401 0.00727328 0.0128931 0.00923382 0.0132335 0.0144814 0.0104167 0.0126049 0.0102302 0.0119904 0.000670088 0.0152393 0.0095309 0.00763303 0.00538452 0.016457 0.020285 0.00721647 0.0161032 0.0118093 0.0141613 0.00713442 0.00593319 0.00151018 0.00331344 0.000633149 -0.00173612 0.00707663 0.00232161 0.0103126 -0.000413531 0.000376758 0.0165601 0.0104919 0.0168058 0.00571365 0.0156578 0.0279755 0.00271461 0.0129896 0.0102634 0.000883061 0.005209 0.0110804 0.000757919 0.00973972 0.00488638 -0.000981408 0.00688004 0.0183073 0.00176951 0.00118639 0.0016986 0.00542101 -0.000529587 0.00118074 0.00796261 0.000612736
internal_weight=1.76471e+06 1.23717e+06 1.18484e+06 731968 60693.5 452874 671275 57144.5 614130 306476 48165.7 39365.2 27562.7 307655 527537 258310 168686 20537.5 16213.2 3512.3 3103.32 16170 178498 17167.7 14270.9 6537.8 284189 297162 76675.2 5396.44 4864.96 135821 12700.9 114837 230375 144119 161330 6279.96 155050 8054.58 1865.43 1117.8 6189.15 192818 24332.8 220487 38707.9 84848.2 1819.69 1656.96 148367 52330 25174.9 78726.9 17779.3 200555 154454 13145.3 46101.2 23055.6 83837.5 139602
internal_count=3596988 1799122 1685200 1122822 109585 562378 1013237 101162 912075 480539 85421 69411 50944 431536 1797866 395118 226366 38386 30214 5467 4788 28777 281791 31588 25725 12607 336012 1204273 397775 9574 8678 168300 24747 148480 593593 423520 250203 10530 239673 17345 3164 1918 14181 283056 34327 806498 220069 120453 2768 2482 167712 113922 156668 127788 31751 745846 593012 98110 152834 55942 105913 412689
is_linear=0
shrinkage=0.05


Tree=68
num_leaves=63
num_cat=3
split_feature=146 32 30 16 13 147 36 30 13 32 48 13 13 147 13 3 8 39 20 147 48 40 13 109 32 147 3 120 75 71 88 39 48 3 13 40 28 48 40 135 39 19 32 114 51 49 109 39 121 31 31 109 17 32 93 88 84 2 31 62 21 39
split_gain=12557.4 2395.07 2636.54 2709.25 1027.08 575.747 507.503 443.276 412.03 372.406 2193.58 281.628 229.941 219.977 192.19 156.269 148.986 221.305 145.597 143.24 142.623 139.084 223.275 197.953 129.34 127.558 127.056 137.864 112.032 110.808 109.52 109.222 107.533 107.239 104.411 217.681 100.249 248.131 139.426 91.0491 123.738 162.17 140.515 116.825 96.7283 120.616 117.875 88.5149 86.699 119.83 84.4531 102.27 84.1356 81.8215 81.1617 79.6891 76.2285 74.1688 98.0467 110.353 74.1131 74.0721
threshold=2.1666666269302373 4473.0000000000009 392.50000000000006 3.5000000000000004 1.0833333134651186 2.0004616975784306 1.0000000180025095e-35 886.50000000000011 0.41666667163372045 2688.0000000000005 4231.5000000000009 1.0833333134651186 0.75000000000000011 0.90000000596046459 5.7500000000000009 0 2.5000000000000004 0.86391466856002819 1.0000000180025095e-35 5.3999998569488534 5039.5000000000009 8910.0000000000018 2.0833333730697636 351.50000000000006 1205.0000000000002 3.3000000715255742 1 1627.5000000000002 10983.500000000002 1.2175206542015078 5661513.7500000009 0.96368896961212169 3986.0000000000005 2 2.0833333730697636 8347.0000000000018 2315.0000000000005 5039.5000000000009 4334.0000000000009 43.857143402099616 1.0293025970458987 2.5000000000000004 2435.0000000000005 1.0000000180025095e-35 5.5000000000000009 1.0000000180025095e-35 118.50000000000001 1.3563219904899599 14.500000000000002 2815.489868164063 927.14965820312511 552.50000000000011 1.0000000180025095e-35 1205.0000000000002 242933.97656250003 55009.398437500007 8.5000000000000018 974.50000000000011 2815.489868164063 423480.50000000006 -1.4999999999999998 0.78221485018730175
decision_type=2 2 2 2 2 2 2 2 2 2 2 2 2 2 2 9 2 2 2 2 2 2 2 2 2 2 9 2 2 2 2 2 2 9 2 2 2 2 2 2 2 2 2 2 2 2 2 2 2 2 2 2 2 2 2 2 2 2 2 2 2 2
left_child=1 2 8 5 6 7 18 12 28 13 -11 19 33 32 29 -10 17 25 61 52 -12 36 23 53 -19 -13 27 50 56 31 57 -2 -9 -4 -14 -36 38 -38 -15 40 43 44 -43 -20 45 -42 -46 -8 49 -33 54 -52 -7 -23 -16 -3 -1 -28 59 -59 -48 -5
right_child=14 55 3 4 -6 11 47 9 15 10 20 16 34 21 26 -17 -18 24 39 -21 -22 22 -24 -25 -26 -27 30 -29 -30 -31 -32 48 -34 -35 35 -37 37 -39 -40 -41 41 42 -44 -45 46 -47 60 -49 -50 -51 51 -53 -54 -55 -56 -57 -58 58 -60 -61 -62 -63
leaf_value=0 -0.00027931875224000978 -7.99356618486069e-07 0 9.7430665139180977e-05 -1.3663320175272277e-08 0 -0.00039109371488172951 0 0 0 0 5.2618099410123298e-05 0 0 -0.00080439942233037078 0 0 -2.1400626969869664e-06 0 -0.00079335128928172528 -7.8780613670659252e-05 0 0.015578999968412433 0 -2.2779631468683447e-06 0 -0.018497365489199818 0.057042462902316383 0 -0.0019302022522501906 0.052320662749934722 0.0030145296943465461 0 0 0 -0.00033806117829379148 0 -0.00025435113829086475 0 0 0 4.1052872491453844e-07 1.4944800491578647e-07 0 0 0 -2.828335135842491e-09 0.018896564096836311 8.0152590247099679e-05 0.091056324269573802 0.040486272495493039 -0.013844357290509146 0 0 0.02684516225352045 0.00037215128773357919 -0.0013955632035875132 0.025009587868376971 0.15426456232457128 -0.0080276731431330184 6.0611227148399394e-10 -0.00011907645715576455
leaf_weight=109337.32162999245 155573.66665458679 21112.971810102463 84688.110793426633 78.152719184756279 41525.354480847716 52468.577912472188 2315.8169393241405 67312.390912674367 70862.4365234375 50900.753839492798 9846.106424331665 639.89169491827488 85327.316643178463 68804.675829380751 6510.3577242195606 64551.779958888888 15623.48974609375 2030.4933099746704 2005.3636067658663 520.44882500171661 20058.589471817017 1911.6785563789308 3520.5945026315749 7704.6208709478378 4589.2891712188721 560.96600610017776 7448.7500579059124 7112.2431640625 151748.74773299694 9627.2444458007812 5476.310791015625 121571.209400177 79537.116760253906 55657.092486381531 1806.1810715273023 2502.8817749023438 4428.1768192127347 2183.8459103107452 86844.705407619476 7197.4750251024961 2023.4571565389633 1569.0446602106094 436.03502655029297 6337.402774810791 294.83747163414955 2961.1995091438293 160.91515398025513 2331.6865844726562 151152.20747184753 1988.3622436523438 3617.2824096679688 7680.0228576660156 3715.7734375 4273.1070785522461 24391.003059387207 31037.463248491287 429.57900521159172 7281.5002084001899 1678.442138671875 16922.764041639864 889.51583942770958 1150.8693108558655
leaf_count=137866 376748 41997 105968 130 73349 70290 3959 90449 87245 82686 17683 1057 121701 100882 30362 97209 27891 3205 3683 948 39020 3361 7168 13185 8282 1078 53540 71174 172523 21415 74027 354655 118771 77353 3049 4566 7204 4014 140838 12708 3794 2499 783 9817 505 5424 253 5283 382318 15756 33151 45428 6446 8418 156706 71908 645 48198 31997 103808 1572 2049
internal_value=0.00706897 0.00982286 0.0102841 0.0119568 0.00265944 0.0128804 0.00975021 0.0133827 0.00696043 0.0143737 0.0113342 0.00888606 0.0116276 0.0151258 0.000613286 0.00919919 0.0042761 -0.00135701 0.01256 0.0107919 0.000586179 0.0162993 0.0120506 0.0149012 -0.00494025 0.0183855 0.00274463 0.00442858 0.00580114 0.000186344 0.000603481 0.000305056 0.0136899 0.0103639 0.0136062 0.00600946 0.0167551 0.0107217 0.0170114 0.013424 0.0113941 0.0157033 0.0280961 0.00708754 0.0117751 0.00856098 0.023673 -0.00542595 0.000904545 0.00188699 0.00334385 -0.000355118 0.0110338 0.00823661 0.00469631 -0.000664089 0.00701808 -0.000472905 0.000792238 -1.80483e-05 0.0315116 -0.00421827
internal_weight=1.76585e+06 1.23781e+06 1.18566e+06 788734 71277.1 717457 29751.8 637308 396930 407326 80805.4 80148.9 229982 326521 528031 135414 23444.1 7820.64 25104.3 56704.8 29904.7 179671 17410 13889.4 6619.78 1200.86 88118.7 49310.9 261516 439913 38807.8 430285 146850 140345 89636.4 4309.06 162261 6612.02 155649 23875.2 16677.8 8335 2005.08 8342.77 6329.93 4984.66 1345.27 4647.5 274712 123560 42198.7 11297.3 56184.4 6184.79 30901.4 52150.4 109767 33331.5 25882.7 24204.3 1050.43 1229.02
internal_count=3599997 1800714 1686809 1191321 125808 1065513 52459 946316 495488 633679 139389 119197 312637 494290 1799283 184454 41513 13622 43217 77684 56703 285070 32132 24964 11487 2135 648391 336821 311034 1150892 311570 1129477 209220 183321 129316 7615 252938 11218 241720 41038 28330 14830 3282 13500 11548 9218 2330 9242 752729 370411 265647 78579 76736 11779 187068 113905 138511 237543 184003 152006 1825 2179
cat_boundaries=0 1 2 3
cat_threshold=33296 42373 33037
is_linear=0
shrinkage=0.05


Tree=69
num_leaves=63
num_cat=3
split_feature=146 32 28 16 13 13 12 32 48 36 24 14 17 37 3 24 37 32 41 13 109 24 100 28 48 10 43 24 17 83 100 13 48 57 106 25 38 35 13 37 51 43 21 109 106 17 10 13 19 3 24 58 75 8 3 37 38 13 71 31 38 114
split_gain=12826.5 2568.82 2741.02 2649.92 952.721 542.473 347.89 356.52 1726.21 336.353 282.592 209.058 192.049 167.919 165.947 140.101 139.464 138.983 135.415 229.414 281.577 180.727 168.746 308.52 131.152 120.374 145.632 119.366 112.774 111.472 101.31 106.557 165.735 98.5351 98.313 94.0092 90.9872 100.644 102.701 89.2166 200.581 176.961 138.288 171.349 128.965 89.3994 86.6726 107.948 92.8221 88.5612 78.8459 77.3844 77.3659 77.0857 75.4301 73.7244 73.1346 72.6212 73.6433 71.9155 70.3268 66.1812
threshold=2.1666666269302373 4473.0000000000009 503.50000000000006 3.5000000000000004 1.0833333134651186 0.41666667163372045 0.5000000149011613 2688.0000000000005 4231.5000000000009 1.0000000180025095e-35 911.50000000000011 2.5000000000000004 2.5000000000000004 1507.5000000000002 0 178.50000000000003 22.500000000000004 1205.0000000000002 8541.5000000000018 2.0833333730697636 351.50000000000006 1190.5000000000002 546882560.00000012 2315.0000000000005 5039.5000000000009 3.5000000000000004 4386.5000000000009 1617.5000000000002 23.500000000000004 2.5000000000000004 618204352.00000012 2.0833333730697636 8492.0000000000018 1124816.0000000002 478.50000000000006 158.50000000000003 0.93523722887039196 7.5000000000000009 4.5833332538604745 22.500000000000004 3.5000000000000004 1.0000000180025095e-35 -1.4999999999999998 118.50000000000001 699.50000000000011 1.0000000180025095e-35 7.5000000000000009 2.0833333730697636 5.5000000000000009 1 2645.0000000000005 1140432.0000000002 17913.500000000004 1.5000000000000002 2 182.50000000000003 0.77065846323966991 2.0833333730697636 1.2175206542015078 605.08557128906261 1.5136205554008486 1.0000000180025095e-35
decision_type=2 2 2 2 2 2 2 2 2 2 2 2 2 2 9 2 2 2 2 2 2 2 2 2 2 2 2 2 2 2 2 2 2 2 2 2 2 2 2 2 2 2 2 2 2 2 2 2 2 9 2 2 2 2 9 2 2 2 2 2 2 2
left_child=1 2 5 6 9 15 17 10 -9 39 30 18 29 -11 -7 52 33 -4 22 20 21 55 -12 27 -25 -16 -27 -24 36 -2 -8 -32 -33 -6 -17 59 51 38 -38 40 45 61 -43 -44 -45 -5 47 48 -31 -48 -29 -14 -1 -3 -15 -20 -30 58 -18 -36 -39 -41
right_child=12 53 3 4 16 14 7 8 -10 13 11 -13 28 54 25 34 57 -19 19 -21 -22 -23 23 24 -26 26 -28 50 56 46 31 32 -34 -35 35 -37 37 60 -40 41 -42 42 43 44 -46 -47 49 -49 -50 -51 -52 -53 -54 -55 -56 -57 -58 -59 -60 -61 -62 -63
leaf_value=0 0.092958882439361373 -1.8920990519599724e-05 0 0 4.455073909226393e-08 0 0 0 0 -0.00037153657373223403 0 0 0.0015006557255325182 0.041852545991808432 0 0 -3.2999449009030182e-06 0 0 0.022877179893066348 0 0.018128758838476765 0 0 -0.00022343501811314948 0 -0.00076287954583507869 0 -0.22357926313714654 -0.00013859561557869984 0 0 -0.00032115811937910577 -5.7193869463478821e-05 -0.0017199193807414749 0 0.0037122929994490629 0.002690472845820191 0.028572102467095562 0 0 1.1894521330102492e-07 -4.6376490854739852e-07 3.0784042097109503e-07 5.7580665790979432e-10 -1.3272590271284912e-08 -0.001867970835767019 0.00093007101410703681 -0.00053310523809839449 -0.012883493580501197 -1.7828809903974729e-06 -0.016480081150145522 0 0.0035057887304025259 0.017991283130251501 0 0.37794136201981704 0.018073959128303119 1.5639236923375616e-06 0.043160249449505833 -0.019360585360716432 0
leaf_weight=48658.476593440399 1150.8493461608887 29231.14697265625 84723.188429355621 6687.6698951441795 15570.145232126117 78132.86572265625 37781.706605911255 44220.016450881958 30339.152921676636 2902.4774366449565 105071.05038976669 4902.0810012817383 51195.016148984432 775.61305069923401 88642.823128029704 134358.34157562256 15322.949837565422 86930.639038085938 2411.6142476275563 4432.4610220715404 10817.504648208618 4826.99294090271 96219.2927717641 1365.6842179521918 2997.183707267046 842.82269716262817 980.83058977127075 45882.077526092529 266.0481248497963 113691.20746690407 93024.78634672612 1609.4971844628453 2534.5002822875977 3937.7245845794678 1020.6612739562988 747.09007263183594 38388.710081636906 44107.947166442871 33360.392826080322 2438.5790958404541 4315.0469818115234 547.11353063583374 273.97246743738651 1848.9028794318438 304.00425747036934 890.38812255859375 17031.513710260391 190592.19907873496 19914.781032562256 7473.5750787258148 371.0301513671875 5346.1178436279297 99783.967409342527 22919.169921875 1871.2309625148773 1645.7451167106628 2087.19505828619 5035.4811955690384 666.67867565155029 160.59587097167969 3351.5658416748047 6963.4800310134888
leaf_count=57792 9263 57929 108665 11559 26307 96829 48441 73443 58857 5279 151271 8859 226734 2822 126576 165742 26832 127137 4265 9120 18294 10007 147915 2306 5459 1265 1508 79334 5143 243896 132999 2674 4601 7054 1551 1066 128693 206949 240343 4670 6660 839 496 3034 546 1581 59315 506390 35608 21217 747 25334 109937 55735 4671 3010 74433 10411 1086 571 16074 12598
internal_value=0.0070656 0.00984847 0.0103261 0.0122173 0.00299104 0.0072704 0.0131977 0.0138758 0.0106915 0.00977486 0.0144466 0.01535 0.000540418 -0.00132958 0.00951817 0.00593938 -0.00199948 0.0112601 0.0155318 0.0119525 0.0142647 0.00766741 0.0158747 0.0169697 0.00387061 0.0109781 -0.00173359 0.0173708 0.00187696 -0.000139976 0.0125657 0.0134202 0.00557242 0.00104512 0.00709699 -0.00411004 0.00173132 0.00251483 0.00369642 0.0123142 0.00921989 0.0152868 0.0259186 0.0310372 0.035776 0.0141195 -0.000191274 2.54357e-05 -0.00106426 -0.00305846 0.0194592 7.93281e-05 0.0048765 -0.00101224 0.00777655 0.0154451 0.0127492 -0.00482457 -0.0064736 -0.0128894 0.000728372 0.0119221
internal_weight=1.76589e+06 1.23794e+06 1.18579e+06 732458 70351.5 453328 662106 490452 74559.2 29818.5 415893 280943 527957 5549.32 168599 284729 40533 171654 276041 24134.3 19701.9 8884.35 251906 146835 4362.87 90466.5 1823.65 142472 178103 349854 134950 97168.8 4144 19507.9 136287 1928.35 175750 119209 71749.1 24269.2 11893.1 12376.1 2973.99 2426.88 2152.91 7578.06 348703 324198 133606 24505.1 46253.1 56541.1 148442 52150.3 2646.84 4057.36 2353.24 21025.1 15989.6 1181.26 47459.5 9402.06
internal_count=3599742 1800350 1686686 1123849 126445 562837 997404 761602 132300 54755 629302 440587 1799392 12772 226178 336659 71690 235802 431728 44696 35576 17282 387032 235761 7765 129349 2773 227996 923703 875689 188715 140274 7275 33361 168930 3188 844127 592059 369036 41983 19800 22183 4915 4076 3580 13140 866426 785894 279504 80532 80081 252068 167729 113664 7493 7275 79576 38329 27918 2122 223023 17268
cat_boundaries=0 1 2 3
cat_threshold=33296 42181 12388
is_linear=0
shrinkage=0.05


Tree=70
num_leaves=63
num_cat=6
split_feature=16 28 146 32 147 30 19 12 32 48 100 147 20 146 5 47 107 41 3 57 146 32 21 3 3 9 147 48 28 48 48 19 48 3 12 27 32 12 147 12 106 147 109 112 107 24 3 28 51 10 88 3 109 24 24 106 63 30 20 102 107 36
split_gain=13280.7 2215.55 2618.7 2274.29 584.7 523.518 354.695 331.936 331.749 2066.67 246.154 225.23 209.358 197.756 386.246 207.909 227.64 134.013 128.711 128.452 127.193 124.914 121.95 144.708 121.116 111.386 117.627 108.078 102.36 260.214 132.843 98.5868 96.8401 237.84 255.996 122.903 87.4376 86.586 85.4016 85.3543 85.2821 84.9045 214.932 111.828 162.781 82.8323 82.4496 78.0106 75.4626 74.4883 74.1749 74.0714 72.1233 158.522 70.7147 70.6135 69.1352 67.0251 66.9478 64.1681 84.3918 72.3015
threshold=3.5000000000000004 380.50000000000006 2.1666666269302373 4473.0000000000009 2.0004616975784306 886.50000000000011 2.5000000000000004 0.5000000149011613 2688.0000000000005 4231.5000000000009 763662976.00000012 0.90000000596046459 1.0000000180025095e-35 2.1666666269302373 4.5000000000000009 554.38140869140636 263.50000000000006 8541.5000000000018 0 40824.000000000007 6.5000000000000009 4473.0000000000009 7.5000000000000009 1 2 2.5000000000000004 5.3999998569488534 3986.0000000000005 2315.0000000000005 5039.5000000000009 4763.5000000000009 3.5000000000000004 5039.5000000000009 3 1.1666666865348818 1172.5000000000002 4473.0000000000009 0.83333334326744091 31.50000095367432 2.1666666269302373 478.50000000000006 0.35000000894069677 387.50000000000006 856.50000000000011 800.50000000000011 1464.5000000000002 4 4362.5000000000009 3.5000000000000004 1.0000000180025095e-35 2512127.3750000005 5 351.50000000000006 1190.5000000000002 2645.0000000000005 478.50000000000006 33996.925781250007 11247.500000000002 2.5000000000000004 1.0000000180025095e-35 215.50000000000003 1.0000000180025095e-35
decision_type=2 2 2 2 2 2 2 2 2 2 2 2 2 2 2 2 2 2 9 2 2 2 2 9 9 2 2 2 2 2 2 2 2 9 2 2 2 2 2 2 2 2 2 2 2 2 9 2 2 2 2 9 2 2 2 2 2 2 2 2 2 2
left_child=1 7 3 4 5 10 13 18 11 -10 37 27 20 14 21 16 51 28 -1 -14 -8 -2 -15 -24 -9 26 48 -7 30 -30 -13 49 54 34 35 -34 59 -3 46 40 -26 42 -5 44 -44 -32 -22 -46 -6 -27 -21 -16 53 -19 -11 -20 -48 -43 -12 61 -61 -17
right_child=6 2 -4 41 25 8 12 24 9 32 58 17 19 22 15 36 -18 52 55 50 38 -23 23 -25 39 31 -28 -29 29 -31 45 -33 33 -35 -36 -37 -38 -39 -40 -41 -42 57 43 -45 47 -47 56 -49 -50 -51 -52 -53 -54 -55 -56 -57 -58 -59 -60 60 -62 -63
leaf_value=0 0 0 -0.00015127647481302456 -0.002226737611051566 0 0 0.00080034788474517846 0 0 0 0 0 -0.00032304393976607211 -0.00012255069854402335 0 0 -3.534698089779909e-11 0 0 -1.618692371848554e-08 -0.00027169812265526172 -0.0024636459315080226 0.053808257446968516 -0.00074255823868829562 0 0 -0.00065231663436578929 0 0 -0.00023046183047066294 0 -6.0336202256650042e-09 0.030334389426768662 -0.00015455910917274449 -6.4241407884191307e-06 2.2068332044561381e-05 0.00068002845359871333 0 0.33430755469279738 -0.00011506588891359049 -0.0013106396583785762 -1.7974940993614742e-05 3.3907786416198518e-05 -0.00040517445990737592 3.3527814019002065e-05 0 0.029033966489543594 -0.0020023578385838458 0 1.0023244221835093e-07 0.0076082072541897808 0 0 0.010857998489073584 0 -0.0010157228543871577 0.01075958512564177 0.035857930425818564 0 0 0 0
leaf_weight=132280.6943359375 8322.8273322582245 76299.907991603017 42940.540187835693 824.49657964706421 2985.3367199152708 67394.135025933385 195438.06302762032 86715.355842590332 50923.750096797943 2632.5394115447998 56122.292236328125 76644.050668545067 3570.9524536132812 26558.333176851273 1271.090030670166 4130.4366848915815 11943.069553852081 2822.6454621553421 90864.771757581271 223593.18046760559 17910.901769071817 829.84209251403809 4412.2995123565197 4072.0688576996326 55105.696212768555 1757.1393890380859 768.74394512176514 79732.823455810547 4329.9514819160104 2208.7221894711256 44195.081595852971 6045.1562652587891 400.84244787693024 17064.76206099987 1787.1333923339844 929.78724908828735 2713.6697120666504 37748.27490234375 2233.708740234375 1342.0100650787354 226.23535346984863 37620.100377082825 906.66913811117411 325.17141016572714 66.968295335769653 35024.260301113129 20718.185956329107 306.48721408843994 69582.155381202698 1159.652099609375 12524.792066574097 4704.9803462028503 10717.331784129143 3433.7898654937744 7262.0770263671875 246.97341918945312 27632.875553131104 1516.9888782501221 76818.822021484375 2680.6253129690886 2223.4523066878319 815.12698039412498
leaf_count=147215 14617 96473 84756 1577 5269 90579 536736 104786 82748 4378 83727 113036 7828 67064 2133 7602 22476 5051 112305 556644 128007 2073 26667 23244 77451 3353 1617 119054 7044 4036 68729 10766 980 32781 3571 1796 7681 51202 74118 2314 340 77267 1515 643 106 60558 143703 531 98997 2046 61072 11026 19259 7002 13375 355 184613 5225 108949 5500 4075 1377
internal_value=0.00704909 0.0100739 0.0115168 0.0121799 0.0128219 0.0133214 0.000834899 0.00684283 0.0144224 0.0115577 0.0115048 0.015133 0.000358056 0.00405061 0.00646997 0.00376497 0.000307036 0.0163226 0.00563765 -0.000711688 0.00132955 0.0154775 0.001314 0.00653242 0.00872035 0.00884947 0.00949255 0.0136826 0.0167645 0.0106323 0.0170217 0.00358634 0.00116539 -0.000820925 0.0118542 0.028492 0.00869645 0.00980031 0.00318364 0.0105213 0.0108253 0.000800853 0.00986916 0.0205255 0.0271752 0.0184581 0.00285933 -0.000594255 0.0096987 0.0111352 -0.000569309 0.00827373 0.0120934 0.00782484 0.00521731 0.00708473 0.00393237 0.000237608 0.012967 0.0108858 0.00683013 0.0149054
internal_weight=1.76638e+06 1.18808e+06 821299 778358 736791 654493 578300 366782 407504 81000.9 246989 326503 503623 74677.8 39635.1 30482.5 17919.1 179376 223392 239689 263934 9152.67 35042.7 8484.37 143389 82298.2 73336.2 147127 162402 6538.67 155863 8961.95 30077.1 20182.5 3117.76 1330.63 12563.3 114048 68495.7 56673.9 55331.9 41566.9 2429.79 1605.3 1280.12 79219.3 66262 373.456 72567.5 2916.79 236118 5976.07 16973.8 6256.44 9894.62 91111.7 48351.1 39137.1 132941 9849.64 4904.08 4945.56
internal_count=3601018 1712762 1267996 1183240 1096376 974328 1888256 444766 633977 139629 340351 494348 1692721 195535 78560 61870 35635 284715 259875 625544 1067177 16690 116975 49911 184891 122048 105883 209633 253403 11080 242323 16165 56881 39128 6347 2776 26235 147675 530441 80105 77791 86864 4372 2795 2152 129287 456323 637 104266 5399 617716 13159 31312 12053 17753 112660 328316 82492 192676 18554 9575 8979
cat_boundaries=0 1 2 3 4 5 6
cat_threshold=528 13345 37392 8769 8808 34944
is_linear=0
shrinkage=0.05


Tree=71
num_leaves=63
num_cat=5
split_feature=146 32 28 16 13 13 20 146 32 48 32 49 19 20 14 13 3 40 13 109 100 28 32 10 43 48 75 95 10 94 100 13 40 95 100 3 125 25 36 109 38 32 36 31 31 36 88 3 3 48 3 31 77 94 39 31 70 107 14 32 13 33
split_gain=13164.1 2191.48 2612.52 2806.78 936.146 576.168 356.088 319.85 338.92 1688.71 259.217 246.66 288.589 229.816 196.997 173.009 160.395 154.765 178.214 334.56 158.679 294.851 140.505 131.263 164.074 128.753 127.187 127.024 125.251 112.645 110.891 142.889 254.877 109.845 108.457 101.782 105.382 101.421 93.5182 87.4625 114.937 83.8999 80.1355 80.07 78.2946 78.2313 75.8538 74.9845 74.7979 73.9314 72.1056 79.2068 87.1555 71.4311 68.5517 67.6961 67.1276 64.4882 63.037 62.1127 62.1122 61.5262
threshold=2.1666666269302373 4473.0000000000009 503.50000000000006 3.5000000000000004 1.0833333134651186 0.41666667163372045 2.5000000000000004 0.5000000149011613 2688.0000000000005 4231.5000000000009 1205.0000000000002 1.0000000180025095e-35 2.5000000000000004 1.0000000180025095e-35 2.5000000000000004 7.2500000000000009 0 8910.0000000000018 2.0833333730697636 351.50000000000006 546882560.00000012 2315.0000000000005 1205.0000000000002 3.5000000000000004 4386.5000000000009 5039.5000000000009 12581.000000000002 7777885.0000000009 3.5000000000000004 72861036.000000015 618204352.00000012 2.0833333730697636 8347.0000000000018 7777885.0000000009 369235920.00000006 1 954.00000000000011 1427.5000000000002 1.0000000180025095e-35 482.50000000000006 0.96990579366683971 2206.5000000000005 1.5000000000000002 927.14965820312511 1632.0860595703127 1.0000000180025095e-35 5661513.7500000009 2 3 5039.5000000000009 4 515.28085327148449 2948.4167480468755 17433565.000000004 0.78221485018730175 443.59939575195318 1.0826829671859743 526.50000000000011 2.5000000000000004 1650.0000000000002 2.0833333730697636 9851.0000000000018
decision_type=2 2 2 2 2 2 2 2 2 2 2 2 2 2 2 2 9 2 2 2 2 2 2 2 2 2 2 2 2 2 2 2 2 2 2 9 2 2 2 2 2 2 2 2 2 2 2 9 9 2 9 2 2 2 2 2 2 2 2 2 2 2
left_child=1 2 5 7 6 26 13 22 10 -10 30 45 27 54 17 29 -7 20 19 -19 -12 59 -4 -18 -25 -23 55 -13 41 -2 -9 58 -33 -31 -35 36 43 50 46 40 -39 42 -14 -17 -41 -8 -37 -27 -6 -30 -36 -52 -53 -28 -5 -1 -45 -3 -32 -22 -50 -59
right_child=15 57 3 4 48 16 11 8 9 -11 14 12 28 -15 -16 35 23 18 -20 -21 21 25 -24 24 -26 47 53 -29 49 33 31 32 -34 34 37 38 -38 39 -40 44 -42 -43 -44 56 -46 -47 -48 -49 60 -51 51 52 -54 -55 -56 -57 -58 61 -60 -61 -62 -63
leaf_value=0 -0.00031162504771773943 0.029818048241088857 0 5.2542401274474626e-05 1.3264487286147922e-05 0 0 0 0 0 0 0.070754542212586827 3.9581469352306505e-07 0 0 0.02976785663962871 0 0 0.020176870808777427 0 0 0 0 0 -0.00073358254707040621 -0.00026844316181919568 0 -3.6928295199523121e-09 3.2331283943420886e-07 0.15956647287036788 0 0 -0.00030510021341014772 -0.0012927974461847014 0.00046678431103694407 -0.004745160859106457 0.076732325854813696 0.00021256487770737189 0.11236571554047514 0.00063763663829101706 0.0068441971964545052 1.5521817703367802e-07 -0.00042677202904975204 0.013508978775906334 -0.011999929967183709 -0.00033180262236059965 0.049269811184158123 0.00013369936444433407 -1.5600245472007274e-07 -0.00024398030445831319 -0.0004467372807311465 0.046120509652919341 -0.012250204637478135 0 -0.00015313936490571889 0 -0.034943456838055352 -1.7076193943932339e-05 0 0 4.6595284741712817e-08 0.034753098013687735
leaf_weight=122143.41399031435 78549.197509765625 2614.243408203125 84714.705452919006 73.715521462261677 2498.3016624450684 78318.0322265625 3788.4028372429311 51077.023513793945 44130.775833129883 30385.411758422852 95073.421185493469 485.24454279243946 1563.4449631460011 9977.1600341796875 4439.0111274719238 16059.080292582512 88932.896972224116 6655.262925863266 3842.9107196331024 8496.3344683647156 59562.614677041769 1383.4423904269934 86949.374755859375 818.14052939414978 964.85430359840393 2336.5553781986237 86508.214866802096 10469.524537846446 520.72440195083618 515.19636392593384 115552.61529897898 2224.6374704912305 3226.9832000732422 34402.121659755707 32676.807273864746 22428.743278748821 4340.8477172851562 48246.480179548264 1311.1362827946432 150610.68431401253 82399.925201416016 617.04017066955566 150.06746084615588 5109.0338273048401 5253.8872776031494 401.35482839122415 4289.9244537353516 633.99442975223064 27809.24791637063 519.11547708511353 37397.189901351929 341.99252223968506 2152.496678352356 74175.294980049133 1123.0435745194554 1508.4325561523438 2106.2132124900818 47451.234983444214 1393.9641036987305 60041.996719360352 10128.881609931588 2096.0074481964111
leaf_count=150536 176292 9816 108722 119 4417 96998 7059 66556 73301 58941 137668 2189 2359 17725 8044 116827 127105 13234 7980 14688 92229 2339 127320 1257 1475 4251 95485 19476 733 4972 167605 3732 5951 90348 78080 191195 51878 143440 19329 420292 289053 1087 263 41746 16204 803 64060 1181 47218 796 76791 1482 4296 87012 1994 3110 12968 96474 2261 101211 19995 7426
internal_value=0.00705243 0.00987242 0.0103137 0.0121605 0.00264831 0.00733082 0.00939036 0.013168 0.0138182 0.0107124 0.0143746 0.00513577 0.00201408 0.0164391 0.0154305 0.000443959 0.00964266 0.0156252 0.0112942 0.0137332 0.0160007 0.0171797 0.0113102 0.011076 -0.00235227 0.00439661 0.00595643 -0.00192205 0.0148075 0.000133419 0.0128986 0.0137155 0.00580069 0.000478118 0.000447881 0.003081 0.00523473 0.000704834 0.000956689 0.00112775 0.00208194 0.0212447 0.0269372 0.00390223 0.000327898 0.0158064 0.000316946 -0.00147002 -0.00230169 0.000371988 -0.00096481 -0.00239094 -0.0110176 0.00502863 -0.00426005 0.00716203 -0.000472353 -0.000157783 0.0140844 0.017645 -0.00285356 -0.000561738
internal_weight=1.76597e+06 1.23778e+06 1.18562e+06 732246 70125.3 453369 29688.8 662121 490457 74516.2 415941 18514.9 14325.2 11173.9 242466 528191 169034 238027 18994.5 15151.6 219032 123959 171664 90715.9 1782.99 4353.99 284335 10954.8 3370.39 472546 173475 122398 5451.62 393997 393482 55645 27615.2 359079 28029.8 286511 130646 2330.55 1713.51 23274.3 155865 4189.76 26718.7 2970.55 40436.4 1039.84 72568.5 39891.7 2494.49 160684 1196.76 123652 7215.25 52161.5 116947 119605 37938.1 49547.2
internal_count=3599394 1800141 1686425 1123447 126233 562978 54603 997214 761172 132242 628930 34765 26903 19838 382825 1799253 226835 374781 35902 27922 338879 201211 236042 129837 2732 7771 336143 21665 5238 1301250 246105 179549 9683 1124958 1119986 498003 223419 1029638 274584 868989 432493 3709 2622 171541 436496 7862 255255 5432 71630 1529 160649 82569 5778 182497 2113 153646 54714 113716 169866 193440 67213 103900
cat_boundaries=0 1 2 3 4 5
cat_threshold=33296 36485 5284 33352 46688
is_linear=0
shrinkage=0.05


Tree=72
num_leaves=63
num_cat=7
split_feature=147 32 30 15 92 10 30 3 32 48 103 19 147 15 104 25 48 40 30 48 31 100 32 19 40 17 10 147 25 88 71 43 94 48 3 147 27 136 114 33 27 147 43 37 30 87 57 95 72 3 3 147 56 147 3 38 3 37 48 10 3 106
split_gain=11269 2104.96 2422.99 1986.66 1352.73 549.449 430.832 336.703 336.494 1965.61 298.422 283.971 257.932 220.078 206.765 192.851 176.818 200.459 156.26 152.051 150.263 137.687 133.174 132.695 121.229 112.724 107.213 138.573 104.586 95.6577 94.7197 110.304 95.4712 94.4845 258.163 181.672 106.584 90.7122 142.692 87.0716 83.7355 83.5448 82.1012 81.515 113.729 76.5483 80.991 74.5324 129.866 109.765 71.865 71.5961 68.4962 66.8209 66.03 65.8317 65.0512 62.3148 144.769 175.417 201.774 129.928
threshold=2.0004616975784306 4473.0000000000009 392.50000000000006 1.5236033797264101 1.0000000180025095e-35 3.5000000000000004 886.50000000000011 0 2688.0000000000005 4231.5000000000009 1.0000000180025095e-35 2.5000000000000004 5.3999998569488534 1.6663331389427187 739233088.00000012 511.50000000000006 3742.5000000000005 8910.0000000000018 2311.5000000000005 5039.5000000000009 515.28085327148449 1435613376.0000002 1650.0000000000002 2.5000000000000004 3619.5000000000005 25.500000000000004 3.5000000000000004 1.0500000119209292 1.0000000180025095e-35 1210104.5625000002 1.046933174133301 1975.5000000000002 129008884.00000001 5039.5000000000009 1 1.0500000119209292 779.50000000000011 276.50000000000006 1.0000000180025095e-35 2050.5000000000005 551.50000000000011 0.90000000596046459 4386.5000000000009 182.50000000000003 1159.5000000000002 0.9294915795326234 97987.500000000015 1.0000000180025095e-35 6044.0000000000009 2 3 0.90000000596046459 104356.50000000001 6.00000023841858 4 0.77065846323966991 5 22.500000000000004 5039.5000000000009 2.5000000000000004 6 699.50000000000011
decision_type=2 2 2 2 2 2 2 9 2 2 2 2 2 2 2 2 2 2 2 2 2 2 2 2 2 2 2 2 2 2 2 2 2 2 9 2 2 2 2 2 2 2 2 2 2 2 2 2 2 9 9 2 2 2 9 2 9 2 2 2 9 2
left_child=1 2 7 5 12 6 14 20 16 -10 23 13 15 -6 51 56 41 18 22 -20 21 52 -18 37 -13 30 27 47 -15 50 32 -32 -26 -11 35 36 -35 38 -5 -21 43 -8 -28 44 -19 46 -34 48 49 -9 -30 -4 -1 -47 -41 -27 -2 58 61 -60 -61 -12
right_child=4 -3 3 10 11 -7 8 26 9 33 57 24 -14 28 -16 -17 17 40 19 39 -22 -23 -24 -25 25 55 42 -29 29 -31 31 -33 45 34 -36 -37 -38 -39 -40 54 -42 -43 -44 -45 -46 53 -48 -49 -50 -51 -52 -53 -54 -55 -56 -57 -58 -59 59 60 -62 -63
leaf_value=0 0 -1.6898839962919965e-07 0 0 0 -5.8936038871385053e-05 0 0 0 0 1.0988071201811779e-07 -7.0188470036036676e-09 -0.001228837260458938 0.050000000000000003 0 0 0 0 0 0.00038310710328750555 -0.0017512018339843729 0 0 1.5300451038585112e-07 0 -0.29730695944659635 0 0 -0.00050917247254737808 0.024192373900138522 0.0023879250566693935 -7.7797522292941361e-08 -0.018029244772007937 0.031494462579109705 -0.00012616262700498537 0.0089785546965163616 2.1996814898428044e-05 0 -4.2151275581048258e-09 0.0001270143962221193 0 0 -0.00073447173699217052 0 0 0.002621566695156563 0.00056419673990109058 0 0.040682363744427699 -0.0017699073448329439 0 0 0 0.024237617890315779 -0.0002661558483975792 0.45132450974341243 0 -1.4629805555887998e-08 6.8707665223932681e-09 0.00020691005393325135 -0.00025189700866356016 -8.3101296513621913e-05
leaf_weight=98338.177768707275 25441.681381464005 46649.089569091797 70447.316242575645 2048.6867921352386 8741.8832702636719 6308.5675671100616 59670.878499865532 454.13437379477546 51717.279939651489 10109.325309753418 4586.2987570762634 84127.670055389404 2153.1738059520721 1204.1568765640259 125496.77185058594 42816.687400341034 112304.74269616604 2522.0945444107056 3039.9204105734825 609.99887961149216 356.27615356445312 60066.650566577911 76856.517227172852 7980.4658050537109 97465.720072627068 201.21011049300432 835.73759603500366 26146.632202148438 3729.1396156549454 8315.8232164382935 50677.644229888916 134220.23120117188 1178.7549035549164 328.65512676537037 17472.892364025116 2024.6069793701172 862.19377927482128 9346.9767532348633 3293.3516397476196 509.73334276676178 17433.603839874268 48965.202270507812 956.41991662979126 3319.3718185424805 2485.5836086273193 89076.260199308395 29985.553791046143 75398.111970663071 3282.913743019104 1591.3536438941956 29736.361812949181 35286.144226074219 69804.46094083786 31033.014907121658 2342.0885185003281 1515.6172376200557 36946.857196331024 13553.65701675415 3744.4641724824905 551.40769386291504 7390.2054041624069 1123.0403504371643
leaf_count=113960 27931 98918 87116 3548 16868 11087 79848 817 84068 18187 7126 236434 4615 7268 180090 56932 166800 4361 5033 1130 479 73902 125550 14483 243549 4096 1307 42518 7391 35606 177817 437271 3145 780 33662 4155 1664 16380 5313 930 30410 71175 1593 6596 4729 238857 105961 98514 8375 2949 87050 47450 77060 220994 4173 61037 44819 24295 6220 848 13158 1940
internal_value=0.00708194 0.0102366 0.0107023 0.0123722 0.00202561 0.0131351 0.013279 0.00721749 0.0142474 0.0113911 0.00312151 0.00105776 0.00717503 0.00459068 0.0115511 0.00752568 0.0149614 0.0157723 0.0163182 0.00869407 0.00612695 0.00617791 0.0165802 0.00747988 0.000705956 0.00104173 0.0095098 0.00971406 0.0031197 0.00270074 0.000991083 0.000133949 0.0016282 0.00139062 -0.000545106 0.0124514 0.0279829 0.0102996 0.00509993 0.00152673 0.0116249 0.0133087 -0.00261462 0.0074981 0.0115256 0.00241449 0.000206229 0.00868911 0.00297236 -0.00691415 0.00150791 0.00992184 0.00544374 0.00298741 -0.00213999 0.0138267 0.00575197 -7.08029e-05 0.00190941 -0.00127849 -0.00548519 0.00843493
internal_weight=1.76618e+06 1.08761e+06 1.04096e+06 703732 678567 650113 643805 337231 412575 82515 53618.6 571209 107358 51727.4 231230 105205 330060 221424 195663 6501.74 228566 228209 189161 22669.5 519482 435354 108665 106873 42985.5 41781.3 433637 184898 248739 30797.7 20688.3 3215.46 1190.85 14689 5342.04 3461.82 25760.7 108636 1792.16 8327.05 5007.68 151274 31164.3 80726.5 5328.4 2045.49 33465.5 105733 168143 120109 2851.82 1716.83 62388.5 30949.1 17395.4 11686.1 7941.61 5709.34
internal_count=3600338 1582697 1483779 1062305 2017641 968994 957907 421474 643251 142516 93311 1883344 134297 154183 314656 129682 500735 349712 303616 11266 265401 264922 292350 39724 1729161 1492727 156073 153173 137315 130047 1427594 615088 812506 58448 40261 6599 2444 25241 8861 6233 46096 151023 2900 15686 9090 568957 109106 110655 12141 3766 94441 134566 191020 459851 5103 65133 72750 53587 29292 20226 14006 9066
cat_boundaries=0 1 2 3 4 5 6 7
cat_threshold=33296 8769 12289 32936 1 6672 33280
is_linear=0
shrinkage=0.05


Tree=73
num_leaves=63
num_cat=0
split_feature=12 32 28 16 51 13 147 147 32 48 13 5 19 24 24 13 22 80 28 48 106 17 39 32 83 71 13 46 24 147 57 108 17 106 39 83 48 48 101 48 48 13 48 48 71 48 19 48 31 22 111 94 109 13 57 48 19 39 32 39 89 6
split_gain=13357.7 2201.91 2706.42 2656.18 781.408 584.888 499.726 300.077 361.143 1690.44 183.331 194.414 230.364 183.188 179.797 175.701 297.871 169.431 158.049 262.222 156.947 151.253 149.603 148.336 206.938 329.511 296.272 230.513 141.877 138.41 137.294 173.525 130.152 129.728 122.581 122.15 118.547 109.988 100.77 93.9018 111.081 93.7169 365.96 99.4252 89.5395 91.9421 89.5044 88.1415 90.6657 84.7084 81.5901 81.4098 81.2408 151.008 78.5655 76.6654 95.8539 74.1154 86.6743 73.9538 72.2527 70.3283
threshold=2.1666666269302373 4473.0000000000009 503.50000000000006 3.5000000000000004 3.5000000000000004 0.41666667163372045 2.0004616975784306 0.90000000596046459 2688.0000000000005 4231.5000000000009 1.0833333134651186 5.5000000000000009 2.5000000000000004 911.50000000000011 1464.5000000000002 1.0833333134651186 0.99828177690505993 37780.000000000007 2315.0000000000005 5039.5000000000009 699.50000000000011 1.0000000180025095e-35 1.3563219904899599 2688.0000000000005 5.5000000000000009 1.039641857147217 2.0833333730697636 3525.5000000000005 87.500000000000014 5.3999998569488534 404940.00000000006 217.50000000000003 32.500000000000007 699.50000000000011 1.0293025970458987 7.5000000000000009 8492.0000000000018 4763.5000000000009 1485997568.0000002 8492.0000000000018 5039.5000000000009 2.0833333730697636 8492.0000000000018 4763.5000000000009 1.2175206542015078 11766.500000000002 2.5000000000000004 6412.5000000000009 443.59939575195318 0.99828177690505993 251.25000000000003 129008884.00000001 351.50000000000006 2.0833333730697636 1124816.0000000002 3742.5000000000005 2.5000000000000004 0.86391466856002819 1205.0000000000002 1.5684260725975039 1.0000000180025095e-35 -1.0000000180025095e-35
decision_type=2 2 2 2 2 2 2 2 2 2 2 2 2 2 2 2 2 2 2 2 2 2 2 2 2 2 2 2 2 2 2 2 2 2 2 2 2 2 2 2 2 2 2 2 2 2 2 2 2 2 2 2 2 2 2 2 2 2 2 2 2 2
left_child=1 2 5 6 21 28 7 13 14 -10 11 30 22 37 41 29 57 -7 39 -20 44 61 -13 24 -18 27 38 -26 -1 49 31 -6 35 34 54 36 50 -4 60 40 -16 43 -43 -9 45 -2 -33 48 -30 -8 -22 -29 -41 -54 -14 56 -51 -17 -59 -37 -27 -5
right_child=20 -3 3 4 10 17 15 8 9 -11 -12 12 33 -15 18 16 23 -19 19 -21 32 -23 -24 -25 25 26 -28 51 47 -31 -32 46 -34 -35 -36 59 -38 -39 -40 52 -42 42 -44 -45 -46 -47 -48 -49 -50 55 -52 -53 53 -55 -56 -57 -58 58 -60 -61 -62 -63
leaf_value=0 -0.00027191087034313875 -1.6053897964329879e-07 0 0 -0.0075443051807592108 0 0 0 0 0 -1.3741949898274571e-08 -5.3429737523202906e-09 1.2511643978764244e-07 0 0 4.4283874851086535e-05 0 0 0 -0.00019505142843466298 0.10132396616193957 -9.8480548153591114e-05 0.026452771807152942 5.3441709916929576e-06 3.5094235295574096e-10 3.8898761156591632e-09 3.8898761156591632e-09 0 0 -0.00055282483528367181 1.3512661652947955e-07 1.7673473795554174e-12 0.75589625041211961 -9.5883111240053224e-05 3.0271026824422422e-07 0.00059326367277566798 0.035478289258612586 0 3.8898761156591632e-09 0.016679420972099245 0 0 -0.0002898452027396359 0 -0.0018487538411166846 0.0030052679298332111 1.406598709946274e-07 0 -0.00094729192843366898 0 0.0029817277498699114 -2.8209836995052308e-05 0 0.021144277813714387 6.1149145871852717e-06 0 3.5094235295574096e-10 -2.0327403340014705e-06 1.2174812023254305e-07 -0.019625739802406918 3.8898761156591632e-09 0
leaf_weight=79099.3025898505 253814.94567871094 52255.425903320312 40694.540362775326 4409.9954040050507 371.63882592320442 84846.235811516643 43394.189150750637 52743.313453897834 30037.506458282471 21524.706218719482 40455.817642748356 5299.137943983078 1397.8424717187881 178747.869140625 46591.36658000946 1208.9655373990536 2589.4771194458008 84011.247985839844 4422.9764356613159 2486.7366380691528 792.86038258671761 1366.0406494140625 3205.3389892578125 2781.9009246826172 494.92692238092422 281.00091868638992 994.97460725903511 1992.6529084444046 100172.04706573486 518.47951066493988 1446.7469158172607 1163.4786164462566 916.21915340423584 478.92581307888031 1432.6855080127716 112574.21578025818 11341.83097076416 61000.453430175781 274.83254432678223 2762.440140247345 30280.983317375183 5043.9985620230436 4093.9312286376953 104982.99937343597 7496.4246826171875 54585.019958496094 364.65399760007858 103547.46362304688 1424.7342147827148 821.75107781589031 84332.744211643934 1727.196507692337 3406.527649782598 1578.7783561721444 345.64013576507568 3855.5185174942017 792.06933291256428 2240.5859422683716 6005.8668298721313 2658.5621185302734 1951.1369733512402 8443.2010071277618
leaf_count=87860 664012 113898 49931 7797 678 120483 58267 72511 50880 42202 71722 8797 2034 261934 72167 2097 4650 106103 7172 4589 6118 2379 8558 5511 747 453 1904 3398 116132 943 2862 1861 46507 800 2290 430372 87969 82648 456 6017 53050 8428 7763 159967 16150 176745 608 129528 2562 1380 363095 3111 6151 3317 555 6950 1291 3589 10982 9672 3076 15384
internal_value=0.00702513 0.00986622 0.0103089 0.0121878 0.00293816 0.00727147 0.0131679 0.0136473 0.0147196 0.0108985 0.000278588 0.00490111 0.00196327 0.012462 0.0154821 0.00923266 0.00557447 0.00960227 0.0172634 0.00998965 0.000370824 0.0134046 -0.00254805 0.0104595 0.0132249 0.0173289 0.0286635 0.00790785 0.00588681 0.0109025 0.0155724 0.024409 0.00142108 0.0124603 0.0161186 0.00133964 0.00265231 0.0107674 0.0378244 0.0178573 0.0183863 0.0145049 0.00957943 0.0147902 -0.000336042 -0.000204778 0.0318596 0.0065805 0.00553395 0.0111753 0.00201241 0.00363877 0.012607 0.0164187 0.00720714 0.0170411 0.0261944 -0.00118699 -0.00288256 0.000240693 0.0413421 0.0150857
internal_weight=1.76638e+06 1.23786e+06 1.18561e+06 732506 70181.1 453101 662325 590399 309956 51562.2 55961.9 15506.1 12159.6 280443 258394 71925.5 22543.5 168857 91529.8 6909.71 528513 14219.2 8504.48 13088.1 10306.2 7716.72 3501.95 4214.78 284244 49382 3346.52 1899.77 212616 3655.09 3176.17 211700 96467.4 101695 2506.97 84620.1 76872.3 166864 9137.93 157726 315896 308400 1528.13 205144 101597 48863.5 85125.6 3719.85 7747.75 4985.31 1743.48 5469.34 1613.82 9455.42 8246.45 115233 2232.14 12853.2
internal_count=3601063 1800423 1686525 1123857 126325 562668 997532 888727 494214 93082 100765 29043 23034 394513 401132 108805 39974 226586 152463 11761 1800640 25560 17355 23306 17795 13145 5889 7256 336082 68831 6009 3147 943733 5679 4879 897226 457182 132579 3985 140702 125217 248669 16191 232478 856907 840757 2469 248222 118694 67888 369213 6509 15485 9468 2589 9621 2671 16668 14571 440044 3529 23181
is_linear=0
shrinkage=0.05


Tree=74
num_leaves=63
num_cat=6
split_feature=12 32 30 16 51 24 32 48 146 12 12 14 48 3 6 19 106 3 95 100 19 65 14 111 109 24 39 48 3 146 28 48 48 37 31 59 49 11 59 146 48 101 3 100 24 111 121 56 28 48 31 3 110 3 39 2 15 24 5 48 33 24
split_gain=13415 2210.67 2680.84 2662.58 858.348 488.571 426.963 1987.72 385.136 243.188 224.184 228.559 186.657 175.543 151.64 147.352 144.045 130.749 131.061 123.451 122.127 255.427 116.782 113.63 113.455 162.38 107.336 106.508 228.411 175.81 104.363 224.407 118.296 104.219 95.9048 93.4929 111.469 87.5244 87.3552 85.3018 82.7183 81.4117 81.3816 87.2822 122.333 152.657 81.1187 80.4294 80.1421 130.187 77.9798 79.2816 77.2465 73.4817 71.5831 71.2472 68.7619 65.5521 64.991 69.7272 64.5954 63.9908
threshold=2.1666666269302373 4473.0000000000009 392.50000000000006 3.5000000000000004 3.5000000000000004 911.50000000000011 2688.0000000000005 4231.5000000000009 0.5000000149011613 0.83333334326744091 0.83333334326744091 2.5000000000000004 8492.0000000000018 0 0.25000000000000011 2.5000000000000004 699.50000000000011 1 1.0000000180025095e-35 802368608.00000012 2.5000000000000004 382010.00000000006 28.500000000000004 501.58332824707037 351.50000000000006 1190.5000000000002 1.5684260725975039 5039.5000000000009 2 1.1666666865348818 2315.0000000000005 5039.5000000000009 5039.5000000000009 22.500000000000004 515.28085327148449 221710.00000000003 1.0000000180025095e-35 3.5000000000000004 73697.000000000015 1.1666666865348818 3986.0000000000005 1606571712.0000002 3 878307296.00000012 911.50000000000011 449.08332824707037 1.0000000180025095e-35 47701.500000000007 2315.0000000000005 5039.5000000000009 2815.489868164063 4 653.83334350585949 5 0.78221485018730175 1227.5000000000002 2.2586346864700322 1617.5000000000002 11.500000000000002 2664.5000000000005 9851.0000000000018 2645.0000000000005
decision_type=2 2 2 2 2 2 2 2 2 2 2 2 2 9 2 2 2 9 2 2 2 2 2 2 2 2 2 2 9 2 2 2 2 2 2 2 2 2 2 2 2 2 9 2 2 2 2 2 2 2 2 9 2 9 2 2 2 2 2 2 2 2
left_child=1 2 8 5 15 9 10 -8 17 19 40 12 30 34 33 35 42 -1 46 -4 21 56 23 47 25 -14 41 61 29 38 32 -32 -12 -6 -10 -5 -37 -26 -29 -30 -7 -25 -2 -44 -45 -46 -19 -18 -42 -50 58 -52 -28 -20 -17 -24 -16 -34 59 -49 -3 -9
right_child=16 60 3 4 14 6 7 27 13 -11 11 -13 24 -15 20 54 22 18 53 -21 -22 -23 55 26 37 -27 52 28 39 -31 31 -33 57 -35 -36 36 -38 -39 -40 -41 48 -43 43 44 45 -47 -48 50 49 -51 51 -53 -54 -55 -56 -57 -58 -59 -60 -61 -62 -63
leaf_value=0 -0.00083181069444453854 -1.6205907877764325e-05 0 0 7.1381520585650189e-09 0 0 0 0 0 0 0 0 0 1.6789791779103781e-12 5.7536751672142891e-05 -0.039313676594230178 0 0 0 1.1030981116322281e-07 0 0.065071866090267785 0.00088063302895018407 0 0.015792742382170034 0.010371791982812207 0.021628066992229158 -0.00016801902651799596 0.026502865751130946 0 -0.00017046464641030657 0 -4.8811982678031995e-07 -0.0016636417422851491 0 -4.0043711790893612e-09 -9.3766359468617602e-06 2.6349261850115973e-05 5.7169771340131206e-05 0 0.026267153361721987 -0.00036258806606779274 -0.00029655720231956716 0.0097734610824572257 2.6067053296396914e-05 -0.0017511901377706752 -0.003797914665918745 0 -0.00031977271022453073 0.13836851804741937 0.012703843114636727 -0.038480931431870632 0 -0.00012863564837914954 0.44561584526676601 1.8455310613063603e-10 0 -0.014432255754525737 0.016912748723251481 0.033174514191782078 0
leaf_weight=132675.7685546875 41954.100128173828 50122.208129882812 91052.96378493309 9919.6248513162136 21934.835071563721 75707.866050720215 56416.765665054321 2855.7353210449219 94727.023971557617 109120.71435546875 91912.421930335462 4868.8757934570312 4519.3969824314117 69970.676025390625 1230.4274406433105 81.727718830108643 581.9901819229126 4462.102163067786 70167.800997257233 61952.768920898438 4035.1473999023438 1512.0891952514648 1274.3579017072916 166750.6525862813 12075.476302001625 5668.8671283721924 595.7014519572258 317.27601689100266 8484.0892866253853 2068.8093872070312 4842.7845210805535 2429.1599731445312 52144.24889755249 27905.293025970459 265.86079406738281 2230.8355357348919 952.97749441862106 3196.7051400206983 1170.0303130149841 10814.883056640625 80429.112014770508 8309.9560394287109 126251.29205322266 37172.943656921387 48312.282599449158 61625.129578590393 464.57110103964806 3619.596706956625 782.82449567317963 958.97791826725006 1367.4176216125488 938.17094039916992 1846.0922698974609 24561.329907894135 1324.1246981620789 1454.2973593324423 360.58237838745117 25054.94474029541 1281.0074768066406 24503.466006666422 2088.3194580078125 8245.692626953125
leaf_count=147684 138003 106315 111830 17699 36608 101823 91737 4764 115122 156419 136439 8780 8166 107485 2019 135 2374 8955 82521 84233 7440 3020 31574 629383 21071 11515 2800 776 15557 4289 7868 4477 82285 50493 375 4115 1580 6292 2361 21971 120126 55273 295978 80384 162843 178626 658 11051 1251 1585 13605 7972 5896 33214 2304 54277 612 44368 3847 125461 7534 15268
internal_value=0.0070399 0.00988537 0.0103287 0.0120161 0.00281425 0.0129334 0.0139241 0.0108473 0.00697936 0.0112139 0.0146868 0.0157706 0.0160288 0.00882691 4.93835e-05 0.0136712 0.000365612 0.0056675 0.007037 0.00992751 0.00686498 0.0143221 0.00137171 0.001238 0.0120255 0.00793732 0.000741634 0.00128901 -0.000662449 0.010963 0.0166066 0.0107382 0.0168589 -0.000926724 0.00742331 0.0153217 0.00786218 0.0147521 0.0241028 -0.00280932 0.0132677 0.000886884 -0.000312482 2.23116e-06 0.000829924 0.00166836 -0.00091227 0.00396622 0.0143668 0.00375087 0.00430448 0.0131592 -0.00966784 0.00745123 -0.00170823 0.0116483 0.0283036 0.0183025 0.0036098 0.00411164 -0.000183774 0.00530687
internal_weight=1.76592e+06 1.23808e+06 1.18587e+06 788579 71487.7 717091 454965 90373.3 397295 262126 364592 206713 201844 164964 56978.4 14509.3 527838 232332 99655.8 153006 7138.25 3103.1 212523 209794 25460.4 10188.3 177502 33956.5 22855.1 3556.12 176384 7271.94 169112 49840.1 94992.9 13103.4 3183.81 15272.2 1487.31 19299 157879 175061 315316 273362 147110 109937 4926.67 32291.6 82170.9 1741.8 31709.7 2305.59 2441.79 94729.1 1405.85 2728.66 1591.01 77199.2 29404.1 28123.1 52210.5 11101.4
internal_count=3600486 1801139 1687290 1191276 126025 1065251 712769 156723 496014 352482 556046 331261 322481 222982 100192 25833 1799347 273032 125348 196063 13091 5651 943513 857662 47044 19681 693352 64986 44954 7426 275437 12345 263092 87101 115497 23394 5695 27363 3137 37528 224785 684656 855834 717831 421853 341469 9613 164310 122962 2836 161936 21577 8696 115735 2439 85851 2631 126653 140359 136512 113849 20032
cat_boundaries=0 1 2 3 4 5 6
cat_threshold=33296 528 41537 472 13344 33037
is_linear=0
shrinkage=0.05


Tree=75
num_leaves=63
num_cat=4
split_feature=146 28 28 147 10 9 13 30 28 48 13 103 14 48 13 13 13 24 8 3 24 28 106 37 3 3 25 20 39 48 14 147 20 24 106 128 75 71 13 24 23 14 100 24 26 3 71 31 48 48 24 24 27 20 48 28 48 97 24 13 24 95
split_gain=13472 2058.02 2235.88 903.181 868.022 778.799 634.669 455.7 508.577 2112.81 419.185 412.522 271.021 259.926 251.817 233.359 230.649 212.779 204.869 171.805 164.23 152.429 147.967 136.644 135.285 129.973 162.219 125.977 122.018 121.105 112.487 111.981 109.419 108.709 112.38 108.629 108.009 185.685 220.255 296.144 193.942 182.386 166.427 102.244 101.216 98.0854 97.4589 97.2156 90.1918 105.209 98.8793 95.2934 150.018 87.9419 87.3934 121.181 85.1348 81.7592 81.4565 80.5385 81.9161 80.3192
threshold=2.1666666269302373 380.50000000000006 3908.166625976563 2.0004616975784306 3.5000000000000004 3.5000000000000004 1.0833333134651186 886.50000000000011 2315.0000000000005 4231.5000000000009 0.41666667163372045 560171488.00000012 1.5000000000000002 5039.5000000000009 0.75000000000000011 0.91666665673255932 1.0833333134651186 4487.5000000000009 2.5000000000000004 0 2645.0000000000005 4362.5000000000009 699.50000000000011 284.50000000000006 1 2 158.50000000000003 1.0000000180025095e-35 0.86391466856002819 5039.5000000000009 2.5000000000000004 5.3999998569488534 1.0000000180025095e-35 87.500000000000014 478.50000000000006 471.16667175292974 1.0000000180025095e-35 1.046933174133301 2.0833333730697636 2645.0000000000005 1.3044674992561343 2.5000000000000004 1663603776.0000002 2645.0000000000005 4355.5000000000009 3 1.2175206542015078 381.03485107421881 3986.0000000000005 8492.0000000000018 2645.0000000000005 1190.5000000000002 779.50000000000011 1.5000000000000002 3742.5000000000005 2315.0000000000005 4464.5000000000009 1.0000000180025095e-35 1617.5000000000002 4.0833332538604745 1617.5000000000002 7777885.0000000009
decision_type=2 2 2 2 2 2 2 2 2 2 2 2 2 2 2 2 2 2 2 9 2 2 2 2 9 9 2 2 2 2 2 2 2 2 2 2 2 2 2 2 2 2 2 2 2 9 2 2 2 2 2 2 2 2 2 2 2 2 2 2 2 2
left_child=1 10 3 4 5 7 31 14 15 17 33 22 -8 20 25 48 -7 44 28 57 -11 47 27 32 -12 -3 -27 -6 -14 -21 43 -5 -2 -1 -35 46 -20 54 39 40 41 42 -39 59 -10 -15 61 56 -9 50 58 -51 -53 -47 55 -38 -4 -13 -50 60 -17 -25
right_child=23 2 21 6 11 16 12 8 9 13 24 19 18 45 -16 30 -18 -19 36 29 -22 -23 -24 35 -26 26 -28 -29 -30 -31 -32 -33 -34 34 -36 -37 37 38 -40 -41 -42 -43 -44 -45 -46 53 -48 -49 49 51 -52 52 -54 -55 -56 -57 -58 -59 -60 -61 -62 -63
leaf_value=0 0.00084340410131091839 0 0 0 -0.00013117978489022298 0 -2.6165142486545001e-06 0 0 0 0 -0.00038922608296190693 4.2073570984646481e-05 0.00013893948015326619 0 0 -6.7069316514963108e-09 -0.0015731509803222129 0 5.7274200255178197e-05 0 -1.5395612483870558e-05 -7.0402041054914007e-05 0.086378626073954801 0 -0.0015246405518263952 0 4.5768825351899525e-08 -1.9311208644179344e-06 -0.00026853078215419716 0 -0.00052518359351948489 -0.00031751713439970026 0 -0.00092061212395156973 0.0064858957979280103 3.3339523364261939e-10 3.6953823112639839e-09 -2.0944080242749152e-06 -2.7352551188464249e-07 2.6625886075937192e-07 1.1796165387543152e-07 -1.6032018757328183e-06 0 0 -0.0002537062085240359 -0.0042372990422116395 1.2101875769277015e-06 0 0 0.015748996668915161 0 0 -0.00015961807519209172 0 -2.7352551188464249e-07 0 0.00016605938313640198 0 -0.0019344523437500039 0 0.0013014340349964072
leaf_weight=79130.302637110697 197473.6547088623 55200.114513397217 5775.1954516172409 70017.462884813547 1078.1945833414793 7823.4987723529339 13031.510472893715 91535.076180107892 51388.190201997757 3646.8135991096497 89921.280917063355 88.073004245758057 565.17031139135361 3063.0929346084595 94083.003155760467 85815.59294776246 11478.808150559664 1485.1651587486267 4667.6822166442871 412.71704626083374 6813.1932120323181 38940.186218261719 1520.3526096343994 869.76280856132507 33495.509877204895 1345.5060500204563 99572.190842494369 10670.428774431348 5400.1315684914589 7456.9917283058167 1571.9462280273438 489.26385068148375 156666.24143981934 171932.94517707825 411.54686164855957 53946.130126953125 672.24481987953186 2153.1029804199934 2093.8471382707357 763.94957764446735 609.67787933349609 747.30840301513672 231.50159622728825 1680.3683930635452 902.48169898986816 8093.3688554763794 4765.072021484375 5795.1872596740723 61096.92515963316 4654.227905780077 1598.5283040106297 3671.5585070773959 1931.2788780704141 10076.680828094482 6474.3753147125244 478.53932189941406 2009.3361302614212 570.07812261581421 22139.234600931406 448.49767706915736 49141.758117794991 114281.58582425117
leaf_count=87972 702867 83134 10311 104497 1857 12816 23285 126121 82723 6103 112378 120 969 6167 135946 133760 19839 2994 8714 666 12590 85196 2628 6731 50485 2582 126069 17518 9792 12875 2678 918 380962 206261 602 313007 1035 3403 4126 1373 1035 1239 398 3281 1518 16372 11720 11283 88335 7371 3471 7139 3138 18542 11788 855 4153 900 35908 943 82188 385109
internal_value=0.00708585 0.00993811 0.0112819 0.0119297 0.0125856 0.0129003 0.00768167 0.0131894 0.0142142 0.0107815 0.00684489 0.00276348 0.00246234 0.000541195 0.0115071 0.0151161 0.00300008 0.0168166 0.00552422 -0.00581612 0.00699252 0.00128409 0.00827792 0.000398943 0.00923157 0.0102755 0.00920343 0.0101774 -0.00255298 -0.00786902 0.0166701 0.0104863 -0.000164634 0.00567354 0.00637802 0.00154692 0.0080749 0.0102406 0.0163812 0.0226079 0.0283998 0.0334217 0.0401765 0.0168226 0.0173466 -0.00263675 0.000708593 0.00584537 0.0139614 0.0150404 0.0156188 0.010255 0.00586024 -0.00403137 0.00492456 0.0176188 0.0094954 0.0185486 0.0158554 0.0169747 0.017045 0.000998604
internal_weight=1.76586e+06 1.23786e+06 862970 810450 702054 680257 108396 660955 410754 85469 374892 21796.8 37889 31693.1 250201 325285 19302.3 53775.8 24857.5 8527.86 10460 52519.9 13269 528002 123417 156118 100918 11748.6 5965.3 7869.71 138658 70506.7 354140 251475 172344 173863 18892.2 14224.5 6599.39 4505.54 3741.59 3131.91 2384.6 137086 52290.7 21233.1 119916 13579.7 186627 95091.8 84834.7 10257.1 5602.84 18170 7625.16 1150.78 7784.53 658.151 83236.2 135406 134957 115151
internal_count=3600756 1800360 1342662 1231719 1058292 1021728 173427 989073 641342 147009 457698 36564 68012 59774 347731 494333 32655 87235 44727 14561 18693 110943 22003 1800396 162863 211785 128651 19375 10761 13541 222850 105415 1083829 294835 206863 716567 33966 25252 11574 7448 6075 5040 3801 220172 84241 41081 403560 25747 271483 145362 127714 17648 10277 34914 13678 1890 14464 1020 124243 216891 215948 391840
cat_boundaries=0 1 2 3 4
cat_threshold=33280 33553 15968 33345
is_linear=0
shrinkage=0.05


Tree=76
num_leaves=63
num_cat=3
split_feature=16 28 32 147 13 13 30 10 13 32 48 23 13 13 48 28 48 32 36 107 24 48 147 97 13 48 20 39 13 3 107 24 71 97 3 30 32 83 13 71 48 45 10 100 9 3 31 13 48 24 94 94 97 13 48 13 147 97 107 112 13 107
split_gain=13535.4 2253.6 2201.75 2104.76 975.274 828.454 461.141 451.981 408.222 400.121 2241.12 385.832 236.166 205.564 196.601 241.138 246.793 183.603 226.482 188.867 168.3 140.422 132.575 132.522 174.938 130.092 123.856 117.852 117.824 114.644 177.687 112.411 111.232 115.675 110.758 104.593 104.103 120.478 152.609 161.171 257.982 183.562 171.446 142.081 132.341 102.405 101.671 96.0037 156.459 89.4322 88.7033 86.5237 83.6691 80.5196 273.146 91.316 79.9384 195.443 112.392 155.626 87.8293 81.5722
threshold=3.5000000000000004 380.50000000000006 4473.0000000000009 2.0004616975784306 1.0833333134651186 1.0833333134651186 886.50000000000011 3.5000000000000004 0.41666667163372045 2688.0000000000005 4231.5000000000009 0.9476255774497987 0.75000000000000011 2.4166666269302373 3742.5000000000005 2315.0000000000005 5039.5000000000009 4089.0000000000005 1.0000000180025095e-35 263.50000000000006 1464.5000000000002 8492.0000000000018 5.3999998569488534 27205051.000000004 2.0833333730697636 5039.5000000000009 1.0000000180025095e-35 0.78221485018730175 19.750000000000004 0 101.50000000000001 87.500000000000014 1.0204875469207766 1.0000000180025095e-35 1 273.50000000000006 2688.0000000000005 5.5000000000000009 2.0833333730697636 1.046933174133301 3742.5000000000005 3284.5000000000005 2.5000000000000004 1663603776.0000002 2.5000000000000004 2 1632.0860595703127 2.0833333730697636 8492.0000000000018 1617.5000000000002 129008884.00000001 288982976.00000006 1.0000000180025095e-35 2.0833333730697636 8492.0000000000018 1.2500000000000002 0.35000000894069677 9104581.5000000019 800.50000000000011 856.50000000000011 1.9166666865348818 571.50000000000011
decision_type=2 2 2 2 2 2 2 2 2 2 2 2 2 2 2 2 2 2 2 2 2 2 2 2 2 2 2 2 2 9 2 2 2 2 9 2 2 2 2 2 2 2 2 2 2 9 2 2 2 2 2 2 2 2 2 2 2 2 2 2 2 2
left_child=1 8 3 6 22 7 12 17 31 14 -11 -6 29 51 49 20 -17 18 26 -20 53 -22 -5 -23 -25 -12 -2 -15 32 -3 -31 -1 -29 -34 -10 -32 37 -13 39 40 -39 -41 43 44 -43 -18 -35 -14 -49 -8 -42 52 -7 55 -55 -16 57 -4 59 60 61 -59
right_child=5 2 56 4 11 13 9 -9 34 10 25 36 47 27 15 16 45 -19 19 -21 21 23 -24 24 -26 -27 -28 28 -30 30 35 -33 33 46 -36 -37 -38 38 -40 41 50 42 -44 -45 -46 -47 -48 48 -50 -51 -52 -53 -54 54 -56 -57 -58 58 -60 -61 -62 -63
leaf_value=0 -0.00014512538719875235 0 -0.0021145563239948996 0 -2.0697557375548569e-06 -6.8438242750712419e-07 0 0 0 0 0 0 0 -0.0026162343270554334 0 0 0.00013199250614560066 0.0010426897838667459 0 -0.0004395706849574688 0 0.015003105263061534 -0.00050929938952627479 0 0.02008706392302867 -7.6611576917284821e-05 1.8623650399618442e-10 0.0039369954981340553 0.12802169320268408 -0.0015874097146938327 4.7364596421684002e-05 0 0.0052215913503057439 -0.00018041122161898128 0 0 1.0991626575918692e-07 3.1672547362582295e-10 1.0841578352294157e-07 -2.8320568112860656e-11 0 3.5106131945905617e-09 -2.2027003776514675e-09 8.3855476096239564e-08 1.2018149551651371e-07 -0.0002765560047381488 -0.021702905117071226 0 -7.5919605413254931e-05 0 -2.6799345145300803e-05 2.5605618293456088e-07 -4.3981745405239247e-06 0 -0.002347650919378841 0 3.8507864588165561e-06 -0.0018666408632893436 -0.0019007250478045397 -0.00038246537482775625 -0.0003375287764284984 3.466275917963224e-05
leaf_weight=79259.569559732219 802.71792521048337 53821.495128631592 738.83292870223522 58273.050287373364 42629.334419846535 70135.654819488525 62391.639095366001 9161.2319183349609 84418.152542486787 51442.754970550537 9965.8396644592285 3110.1306228637695 89394.484617829323 20147.43484723568 88514.965608976781 2755.819615162909 666.90752005577087 6339.1905479431152 6120.3553876681253 3052.946074962616 78435.974041461945 3148.8331003189087 508.09484106302261 5304.4834978282452 1883.7748935520649 20395.919200897217 19416.777679443359 112389.69127333164 5549.0853856801987 1164.3119410797954 1281.7164857387543 172011.52839279175 63791.684396982193 122860.40469717979 30700.483170509338 97463.447444200516 3211.96337890625 506.54421015828848 2637.2455466166139 400.23363661766052 1764.6942728459835 1775.7790069580078 295.58531951904297 270.93413162231445 279.74086761474609 2833.4592368602753 6594.235107421875 1903.4745603203773 2663.3326568603516 45960.234313964844 1368.1151928007603 63610.80517578125 67905.146450042725 4230.4999002330005 2812.801628112793 29071.027629304677 43831.492799758911 62.187529988586903 458.78677153587341 289.46205752342939 90.42424638941884 822.47505831345916
leaf_count=88034 1426 78863 1353 79510 80946 150713 83443 14617 104809 83554 17911 5591 127573 65143 129469 4528 1255 17826 13605 5885 127833 6487 925 9369 3947 39739 33338 427995 129296 2193 1851 206440 294103 422223 44834 122717 6362 747 5041 607 2879 2825 490 475 467 5082 33851 3216 4861 66999 2400 155298 122675 7160 5410 46205 93541 131 783 597 194 1339
internal_value=0.00698252 0.0100372 0.0114927 0.0121258 0.00594764 0.000706713 0.0132254 0.00722976 0.00677659 0.0142549 0.0111261 0.00136238 0.011522 0.000157261 0.0150352 0.0158951 0.00621768 0.00977008 0.0114346 0.00491727 0.0161788 0.017843 0.0104913 0.0123626 0.0161096 0.000353495 0.0143909 0.000923315 0.00116327 0.0103147 0.00930721 0.00564686 0.00103215 0.000304688 0.0092424 0.00953714 0.00808463 0.0101612 0.0130104 0.0170406 0.00994894 0.0255754 0.0303892 0.034946 0.039431 -0.00259269 -0.000554014 0.0134971 0.0064229 0.0132918 0.00459114 -0.00110141 -0.00180449 0.0149933 0.00979718 0.0153044 0.000900294 0.00966585 0.0188891 0.026578 0.0361314 0.0409282
internal_weight=1.7651e+06 1.18722e+06 820832 774539 117031 577877 657507 44893.2 366390 409815 81804.5 58250.3 247692 532984 328010 219659 6256.19 35732 29392.8 9173.3 213402 88773.1 58781.1 10337.1 7188.26 30361.8 20219.5 331333 311185 153731 99909.5 251271 305636 193246 115119 98745.2 15621 12409 9298.87 6661.63 3639.35 3022.27 2622.04 2326.45 2055.52 3500.37 129455 93961.3 4566.81 108352 3132.81 201652 138041 124629 7043.3 117586 46293.7 2462.17 1723.34 1264.55 975.087 884.663
internal_count=3598979 1710985 1266868 1168930 189265 1887994 979665 86697 444117 638391 141204 108830 341274 1801297 497187 346745 10865 72080 54254 19490 335880 147636 80435 19803 13316 57650 34764 1372611 1307468 205624 126761 294474 1178172 750177 149643 124568 27884 21522 15931 10890 6026 4864 4257 3767 3292 6337 456074 135650 8077 150442 5279 428686 273388 188244 12570 175674 97938 4397 3044 2261 1664 1470
cat_boundaries=0 1 2 3
cat_threshold=15968 37649 2625
is_linear=0
shrinkage=0.05


Tree=77
num_leaves=63
num_cat=5
split_feature=16 30 12 32 147 30 13 32 48 13 13 147 108 8 112 39 124 48 13 109 11 51 147 3 48 3 75 32 3 32 147 48 28 48 48 14 32 75 13 69 48 106 13 87 70 48 94 48 69 3 117 13 13 109 39 19 9 12 39 3 12 11
split_gain=14560.7 2173.33 2565.89 2559.77 605.707 427.042 419.771 378.229 2248.01 254.32 236.161 226.118 213.47 194.288 190.925 180.402 147.602 136.371 291.267 317.781 181.363 136.181 134.158 131.434 128.205 124.25 119.445 111.193 108.213 107.781 107.232 106.041 100.199 248.975 152.746 99.0773 119.454 152.645 260.424 129.98 172.842 97.099 89.395 86.3817 78.1429 139.807 88.7362 88.3163 77.3379 76.8125 75.9035 105.645 73.7842 172.146 138.831 89.9467 80.2276 104.855 144.665 129.246 71.981 71.7961
threshold=3.5000000000000004 392.50000000000006 2.1666666269302373 4473.0000000000009 2.0004616975784306 886.50000000000011 0.41666667163372045 2688.0000000000005 4231.5000000000009 1.0833333134651186 0.75000000000000011 0.90000000596046459 1.0000000180025095e-35 2.5000000000000004 688.50000000000011 0.86391466856002819 196.50000000000003 8492.0000000000018 2.0833333730697636 351.50000000000006 3.5000000000000004 4.5000000000000009 5.3999998569488534 0 5039.5000000000009 1 10983.500000000002 1205.0000000000002 2 1205.0000000000002 3.3000000715255742 3986.0000000000005 2315.0000000000005 5039.5000000000009 4763.5000000000009 2.5000000000000004 2688.0000000000005 1.0000000180025095e-35 2.0833333730697636 45730.000000000007 3742.5000000000005 823.50000000000011 19.750000000000004 1.1676763892173769 1.0908607244491579 3742.5000000000005 129008884.00000001 3508.5000000000005 23603.000000000004 3 574.25000000000011 0.91666665673255932 1.0833333134651186 225.50000000000003 1.0293025970458987 2.5000000000000004 2.5000000000000004 1.8333333134651186 1.008054852485657 4 2.1666666269302373 4.5000000000000009
decision_type=2 2 2 2 2 2 2 2 2 2 2 2 2 2 2 2 2 2 2 2 2 2 2 9 2 9 2 2 9 2 2 2 2 2 2 2 2 2 2 2 2 2 2 2 2 2 2 2 2 9 2 2 2 2 2 2 2 2 2 9 2 2
left_child=1 6 3 4 5 10 26 11 -9 22 28 31 23 15 -14 30 50 32 19 27 -21 -18 -6 -2 -10 -8 -1 -19 -3 -17 -11 -7 34 -34 -13 36 37 -15 39 44 -41 -25 43 48 45 -39 -47 -46 61 -45 51 -16 53 55 -55 -52 -54 58 59 -58 -27 -23
right_child=12 2 -4 -5 9 7 25 8 24 13 -12 17 14 35 16 29 21 18 -20 20 -22 42 -24 41 -26 60 -28 -29 -30 -31 -32 -33 33 -35 -36 -37 -38 38 -40 40 -42 -43 -44 49 47 46 -48 -49 -50 -51 52 -53 56 54 -56 -57 57 -59 -60 -61 -62 -63
leaf_value=0 0.063207434423929051 0 -0.00013617173686865104 1.5007778725317777e-07 0 0 0 0 0 4.8184195189352892e-05 0 0 -2.2884412698154222e-09 0 -9.3118290855898067e-12 -1.831278997077579e-06 0.0079803817639926729 0 0.004337363853486687 0 4.6883179734558135e-07 2.2175587954141335e-07 -0.00059583799678888548 0 -7.278099807142003e-05 0 0 0 0 -1.966267950681555e-06 -1.0312544447070717e-06 0 0 -0.00015212428069752982 0 0 -2.6180611583104253e-07 3.0088920244253359e-10 1.0299499434429649e-07 -2.6904545258332747e-11 3.335082532363032e-09 -0.018165728285230338 0.097695667256612231 0.015097066759795398 -2.6904545258332747e-11 0 -2.5459377888037429e-05 3.335082532363032e-09 -0.00015021049371033435 5.5209668475830753e-07 0 -9.3118290855898067e-12 -5.7764732023679601e-06 1.0827719182371354e-08 2.6568507272561883e-07 1.2651334942398172e-07 2.0565854377263549e-07 2.2699655568003686e-07 -2.4256206700212782e-06 2.2138966575546705e-07 -0.00013885249178311693 0.0084988076362812366
leaf_weight=109888.73424963863 2393.8677711486816 84642.227276049554 42875.352146148682 41531.039076194167 56054.402894683182 67511.866238035262 89768.315198734403 51072.602829322219 9843.1318511962891 641.50524784252048 89684.314137414098 76761.794382581487 51809.686126708984 2303.5379071235657 5548.4431821703911 1994.8405961990356 63227.957830429077 2343.6218822561204 4233.2785014547408 8884.9175464808941 786.15315297245979 48104.115988683887 520.87624657154083 6195.6745643615723 20127.794841766357 34108.388763427734 151382.60170277953 5414.7396545410156 55485.452586174011 4617.9699954986572 560.44335379078984 79332.952331542969 4423.3849301021546 2101.5126113891602 74468.499838352203 4005.928955078125 2399.4033813476562 389.58750983327627 1911.3316474929452 191.16655501723289 1411.0671272277832 703.69391632080078 4856.0325812641531 11505.941581726074 60.441742986440659 1352.6604504287243 1071.899678260088 545.5214319229126 109259.13075637817 9142.2899322509766 8269.4866732805967 37234.38612729311 71151.147823348641 1675.2430280596018 1433.2398233413696 1849.4727053642273 1072.0882279872894 113361.72594613954 1557.6177864074707 940.33491966500878 968.88958358764648 26433.848168485798
leaf_count=139337 13848 105907 84699 85779 76652 90684 111824 82913 17661 1051 129326 113108 140221 4115 9168 3176 273980 4096 8538 15022 1423 132502 947 19792 39080 51405 172216 10523 77118 8326 1086 118532 7187 3835 121080 7240 4711 581 3608 287 2275 1988 104230 45531 83 2219 1873 858 394642 38014 14464 87310 147581 2405 2279 2957 1719 328990 2675 1478 1706 121889
internal_value=0.00683138 0.0099984 0.0114829 0.0121554 0.0128543 0.0133693 0.00691664 0.0143418 0.0112842 0.00875413 0.0116458 0.0151012 0.000320675 0.00437638 0.000197771 -0.00206102 0.000487969 0.0162923 0.0125707 0.015428 0.0214752 0.00128781 0.0105691 0.0078373 0.000413438 0.00930165 0.00577696 0.00788843 0.0103633 -0.00530059 0.0157529 0.0136459 0.0168033 0.0107331 0.0170651 0.00759268 0.00992739 0.0125092 0.0162137 0.0221911 0.0339462 0.0043088 0.00067346 0.00051417 0.0166785 0.0131641 0.00868969 0.0329668 0.000169657 0.00358048 -0.000405029 -0.0023176 1.41425e-06 0.00361094 0.0139014 0.00044875 -0.000252418 0.000553081 0.00898965 0.0178432 0.0118306 0.00141143
internal_weight=1.7654e+06 1.18767e+06 801557 758682 717151 637118 386117 407306 81043.5 80032.6 229812 326263 577725 23457.3 568432 7814.76 516623 179418 21662.7 17429.4 9671.07 272529 56575.3 9293.24 29970.9 124846 261271 7758.36 140128 6612.81 1201.95 146845 157755 6524.9 151230 15642.5 11636.6 9237.21 6933.68 5022.34 1602.23 6899.37 209301 204445 3420.11 2814.15 2424.56 605.963 183797 20648.2 244093 42782.8 201310 13227.4 3108.48 10119 188083 116932 3570.04 2012.42 35077.3 74538
internal_count=3599750 1712087 1235599 1150900 1065121 946033 476488 633682 139654 119088 312351 494028 1887663 41489 1852035 13639 1711814 284812 39602 31064 16445 1110788 77599 35628 56741 164935 311553 14619 183025 11502 2137 209216 245210 11022 234188 27850 20610 15899 11784 8176 2562 21780 836808 732578 5614 4673 4092 941 649033 83545 601026 96478 504548 22105 4684 17421 482443 334862 5872 3197 53111 254391
cat_boundaries=0 1 2 3 4 5
cat_threshold=12324 33553 33037 9249 46752
is_linear=0
shrinkage=0.05


Tree=78
num_leaves=63
num_cat=0
split_feature=16 30 146 32 147 24 13 32 44 13 13 147 8 35 39 147 88 40 13 109 24 11 24 53 32 147 14 32 13 109 69 40 100 30 100 40 32 12 80 40 69 58 22 40 19 20 13 40 24 24 112 24 40 99 146 124 104 109 44 40 147 41
split_gain=14259.9 2260.53 2553.1 2536.12 603.37 467.471 428.936 334.267 1908.48 252.541 248.751 219.452 200.633 180.065 162.514 141.498 127.576 120.568 276.933 319.696 199.747 191.257 119.846 116.337 112.794 110.923 110.183 140.041 145.521 251.82 156.788 222.056 107.618 265.885 103.103 101.53 212.206 150.167 100.505 97.4441 95.9853 125.98 94.6047 114.025 128.39 97.3116 90.3569 226.58 81.8782 81.7911 81.1372 80.0412 79.9804 104.223 79.9571 79.6989 78.5407 80.6901 75.6324 74.3635 73.0975 71.3463
threshold=3.5000000000000004 392.50000000000006 2.1666666269302373 4473.0000000000009 2.0004616975784306 911.50000000000011 0.41666667163372045 2688.0000000000005 3893.5000000000005 0.75000000000000011 1.0833333134651186 0.90000000596046459 2.5000000000000004 2.5000000000000004 0.86391466856002819 5.3999998569488534 3510130.1250000005 8347.0000000000018 2.0833333730697636 351.50000000000006 1190.5000000000002 3.5000000000000004 87.500000000000014 1456.5000000000002 1205.0000000000002 3.3000000715255742 2.5000000000000004 2688.0000000000005 2.0833333730697636 59.500000000000007 45730.000000000007 3619.5000000000005 654936352.00000012 2311.5000000000005 446963104.00000006 2203.5000000000005 4089.0000000000005 2.1666666269302373 37780.000000000007 4881.5000000000009 120667.50000000001 145114.50000000003 0.99828177690505993 3619.5000000000005 2.5000000000000004 1.0000000180025095e-35 2.0833333730697636 8347.0000000000018 416.50000000000006 11879.000000000002 688.50000000000011 1961.0000000000002 3619.5000000000005 150717832.00000003 2.1666666269302373 196.50000000000003 523288752.00000006 419.50000000000006 4673.5000000000009 7097.5000000000009 3.0278023481369023 6281.5000000000009
decision_type=2 2 2 2 2 2 2 2 2 2 2 2 2 2 2 2 2 2 2 2 2 2 2 2 2 2 2 2 2 2 2 2 2 2 2 2 2 2 2 2 2 2 2 2 2 2 2 2 2 2 2 2 2 2 2 2 2 2 2 2 2 2
left_child=1 6 3 4 5 9 22 11 -9 39 15 34 14 40 25 42 23 32 19 20 -19 -21 -1 55 -16 -12 27 28 29 -14 52 -32 -13 -34 -7 36 37 50 54 -3 41 51 45 44 -44 -6 59 -48 -49 -18 -25 -2 -31 -54 -8 -15 -57 -58 -10 -11 -47 -24
right_child=13 2 -4 -5 10 7 38 8 58 46 12 17 26 16 24 -17 49 18 -20 21 -22 -23 61 35 -26 -27 -28 -29 -30 30 31 -33 33 -35 -36 -37 -38 -39 -40 -41 -42 -43 43 -45 -46 60 47 48 -50 -51 -52 -53 53 -55 -56 56 57 -59 -60 -61 -62 -63
leaf_value=0 0 0 -0.00011587383338478637 1.2290246713897447e-06 -4.6606797532433578e-09 0 0 0 0 0 4.5866862274585031e-05 0 0 -8.8462348557527551e-12 -1.7396975001027217e-06 -0.00055054254452774343 0.011405526455822136 0 0.014448280645289259 0 0 4.4539020747635942e-07 0 1.0511023162962375e-10 -1.8679545531474773e-06 -1.415846832208967e-06 0 -2.5225474379331205e-07 9.7845244628746997e-08 2.8584474232040694e-10 -2.5559321326085185e-11 3.1683284051897687e-09 0 0 0 2.5446882113402424e-05 -5.2134374771273252e-05 -0.0012395552808194348 0 0 0 0.047008433018505505 0 0 3.3339523364261939e-10 0 0 0.0004689996248539063 -0.000271556962331998 0.12118288661335704 -8.8462348557527551e-12 -0.018395364207828394 3.1683284051897687e-09 0 -8.5271796667040433e-05 -5.6364920060647533e-05 0.0058136188849529542 8.3594084360139842e-06 -1.8703837487610288e-05 0 0 0
leaf_weight=78960.114026482683 2094.6537348777056 62455.304510474205 42803.992641448975 41257.208060860634 668.43003038316965 51000.271420143545 57128.012404367328 51089.53278696537 9779.023157119751 45660.211984634399 637.47477951645851 88651.608826495707 2202.39198913984 221870.75162124634 2009.294225692749 518.30579018592834 20763.634412765503 3788.0111069940031 4130.943589899689 8755.8149230331182 4761.9838771820068 800.23533202707767 95755.60105034709 811.13140970468521 4568.3914413452148 565.13207784295082 4057.8319091796875 2382.1538352966309 2082.7197697479278 477.95220820605755 191.37632121145725 1383.6055755615234 67217.611799240112 2238.1912460327148 95814.69287109375 60202.820266723633 1669.4386978149414 278.75847829133272 66422.010208129883 74783.37841796875 1898.1808471679688 4700.913004681468 828.16477130353451 4115.8547821044922 807.18766094744205 24695.194620609283 2055.2071924433112 179.405029296875 2345.0165710449219 2901.6454162597656 96.609524540603161 512.60951471328735 1907.9169700741768 975.55874580144882 1364.5534439086914 82361.047002792358 68486.567497253418 109380.17184448242 19917.430168151855 41466.743186950684 24902.173468589783 86929.768798828125
leaf_count=87755 4019 76783 84616 85461 1165 68019 80000 83123 17506 61905 1049 131970 3906 527267 3182 943 121215 6811 8410 14858 9554 1463 114378 1379 8256 1087 7300 4664 3989 698 288 2241 110292 4103 142105 200460 5720 576 82536 100401 6470 23398 1391 7346 1319 31033 3364 330 4255 65192 176 1572 3094 1677 2368 246209 278914 405854 38877 61868 34403 109637
internal_value=0.00689222 0.0100273 0.0115429 0.0122137 0.0129074 0.0134215 0.00688713 0.0144364 0.0115557 0.0116131 0.00881367 0.0151477 0.00448271 0.000451534 -0.00207958 0.0106093 0.000339251 0.0163163 0.0128673 0.0155325 0.00850683 0.0218172 0.00573624 0.000183226 -0.00517023 0.0148158 0.00774299 0.010223 0.0130147 0.0164071 0.0226793 0.0356996 0.0168013 0.0182758 0.013712 0.00220281 0.0114138 0.0275758 0.00929771 0.0102554 0.00738809 0.00999 0.01085 0.0169264 0.0280972 0.0101545 0.0136448 0.00679597 -0.0032373 0.00393317 0.037429 0.00117267 0.0165728 0.0134255 0.0108094 -8.0928e-05 0.00051267 0.00110377 0.00147549 0.0140047 0.01041 0.00643982
internal_weight=1.76552e+06 1.18749e+06 800929 758125 716868 636891 386560 407945 80786 228945 79977.1 327159 23441.8 578029 7780.29 56535.3 568823 180344 22237 18106 8549.99 9556.05 261645 545157 6577.69 1202.61 15661.5 11603.7 9221.52 7138.8 4936.41 1574.98 158107 69455.8 146815 63058.8 2855.94 1186.5 124915 137239 9206.36 7308.18 56017 5751.21 1635.35 50265.8 91706.6 4579.63 2524.42 23665.3 907.741 2607.26 3361.43 2883.48 58492.6 482099 260228 177867 29696.5 87127 49597.4 182685
internal_count=3600200 1711779 1235105 1150489 1065028 945997 476674 637091 139506 308906 119031 497585 41431 1888421 13574 77600 1852962 287461 41096 32686 16365 16321 311770 1666555 11438 2136 27857 20557 15893 11904 7998 2529 246365 114395 210124 208311 7851 2131 164904 177184 35459 28989 76657 10056 2710 66601 131722 7949 4585 186407 1555 5591 5469 4771 82368 1458244 930977 684768 56383 123773 65436 224015
is_linear=0
shrinkage=0.05


Tree=79
num_leaves=63
num_cat=7
split_feature=12 15 30 32 147 24 146 32 44 40 32 104 9 22 3 10 146 111 53 9 33 10 19 88 51 40 109 24 95 121 147 3 62 147 28 40 40 10 29 117 3 3 40 95 24 40 3 44 3 147 75 132 100 26 126 24 71 3 126 146 44 94
split_gain=13304.1 2502.89 2654 2482.79 800.192 455.513 389.228 355.358 1924.05 227.995 340.862 218.629 202.352 227.335 183.214 176.5 199.381 175.776 194.454 154.048 136.795 136.224 137.856 135.835 134.964 131.108 143.464 195.03 123.733 144.551 116.723 110.32 121.868 128.183 106.834 212.808 151.619 102.15 100.44 100.41 99.4369 95.6769 91.7081 107.611 90.0741 81.877 80.6831 77.0349 161.206 223.938 81.4016 72.7746 72.0726 71.8201 71.5902 70.8798 69.6394 68.1849 68.1365 66.8505 63.7116 61.2306
threshold=2.1666666269302373 1.5236033797264101 392.50000000000006 4473.0000000000009 2.0004616975784306 911.50000000000011 0.83333334326744091 2688.0000000000005 3893.5000000000005 2203.5000000000005 4089.0000000000005 739233088.00000012 2.5000000000000004 1.9177927970886233 0 3.5000000000000004 0.83333334326744091 106.25000000000001 1456.5000000000002 3.5000000000000004 1.0000000180025095e-35 3.5000000000000004 2.5000000000000004 2512127.3750000005 3.5000000000000004 8347.0000000000018 351.50000000000006 1190.5000000000002 1.0000000180025095e-35 1.0000000180025095e-35 5.3999998569488534 1 39200.500000000007 5.3999998569488534 2315.0000000000005 4881.5000000000009 4616.5000000000009 3.5000000000000004 489.41667175292974 349.91667175292974 2 3 9661.0000000000018 382526752.00000006 11879.000000000002 3842.5000000000005 4 4673.5000000000009 5 1.0500000119209292 1759.5000000000002 0.59339475631713878 1435613376.0000002 1.0000000180025095e-35 14.500000000000002 1617.5000000000002 1.0038583278656008 6 285.50000000000006 0.83333334326744091 6001.1667480468759 601064544.00000012
decision_type=2 2 2 2 2 2 2 2 2 2 2 2 2 2 9 2 2 2 2 2 2 2 2 2 2 2 2 2 2 2 2 9 2 2 2 2 2 2 2 2 9 9 2 2 2 2 9 2 9 2 2 2 2 2 2 2 2 9 2 2 2 2
left_child=1 2 6 4 5 11 14 15 -9 10 24 59 13 30 52 16 45 18 21 25 -20 41 -23 31 -3 34 27 -27 29 56 39 -2 58 -34 36 -36 -18 -13 -19 -6 60 -11 43 53 54 -7 -8 -10 49 50 -49 -45 -1 -35 -25 -38 -16 -40 -33 -4 -30 -55
right_child=23 9 3 -5 12 7 46 8 47 17 -12 37 -14 -15 28 -17 19 38 20 -21 -22 22 -24 44 -26 26 -28 -29 40 -31 -32 32 33 42 35 -37 55 -39 57 -41 -42 -43 -44 51 -46 -47 -48 48 -50 -51 -52 -53 -54 61 -56 -57 -58 -59 -60 -61 -62 -63
leaf_value=0 -0.0009463974839725507 1.0916654802350935e-10 0 2.5044948022800997e-06 3.1672547362582295e-10 0 0 0 0 4.4231285301066237e-13 -0.00022355044812746611 0 0 0 0.036669085142090212 -8.7140008953046078e-07 0 -8.4039220027420928e-12 0 1.9208543238780074e-07 -1.2723441056738951e-06 9.0790708284771434e-13 3.1109231168890972e-07 0.047522849750298503 2.7581879048720265e-07 0 0 0 0 -0.0016636306308821403 -0.00041614041730135836 -0.00072343544053278834 -2.1290275719234405e-05 0.14874214737253552 0 -0.00011914763644523819 0 -0.00011565120194083623 2.8160719838243864e-06 0 0 4.4231285301066237e-13 0.020578156083369794 0.008384342733068895 0.095580008650505963 0 0 0.025788227638175357 -9.2610763018008418e-05 -2.2021246472486475e-05 2.8830938971424749e-05 0.040953869725258898 0 -0.0016171801105370198 0.0048272569085132224 0 0 -8.4039220027420928e-12 -0.020733049254949978 0 0 -0.052138758674818209
leaf_weight=127538.83764648438 100958.37364929169 1670.1498259305954 68945.959241464734 42408.907763004303 1102.3074428290129 65694.832956790924 36385.695556640625 51608.9588971138 10055.732635498047 2272.8500933721662 1966.2829666137695 124028.8697052002 8945.08642578125 5769.239013671875 2587.1080993632786 1930.7279357910156 79692.402320362628 9470.1915320903063 932.95521685853601 1861.0658264160156 1304.4927659295499 696.01310278475285 311.01066206395626 1842.7716500014067 853.72193157672882 4245.5497307777405 14037.585824012756 5206.0615892410278 45047.802854537964 618.50300121307373 749.3591833114624 3877.2976780608296 295514.29910111427 335.14730378985405 4527.9241175875068 2236.3184661865234 54172.398769378662 543.06401062011719 16844.25170737505 66728.200995206833 37221.264806747437 2633.1782658025622 22307.410888671875 17233.479830741882 4295.6895751953125 71417.142990112305 34511.355224609375 279.89931154251099 17352.098378181458 2040.0728454589844 885.73465776443481 6915.4496383666992 43184.47412109375 39283.650069624186 34637.581697776914 25977.113216876984 3822.1740580797195 44161.465650305152 990.82022523880005 36884.895263671875 54143.604484558105 254.65927684307098
leaf_count=141158 333422 2813 84837 87891 1770 88851 45406 84180 18066 4883 4867 176273 16148 10383 6540 3258 117200 15211 1981 3279 2061 961 473 11566 1374 7588 24958 10455 51391 880 1596 8629 700677 2957 7295 4066 84764 869 35575 95159 51364 5481 142615 93797 87296 107253 52307 681 33524 4183 1718 57698 50795 180678 178314 45350 7580 79971 2371 48944 66820 652
internal_value=0.00684587 0.00968183 0.0102852 0.0119813 0.0126674 0.0132642 0.00689644 0.0142575 0.0113152 0.00130165 0.0122594 0.0114826 0.00805575 0.00891057 0.00614122 0.0149884 0.0150768 0.00067575 0.00762727 0.0161172 -0.00492531 0.0123779 0.029127 0.000204662 0.0244173 0.0162574 0.0127587 0.00799481 0.00745924 0.000989009 0.00971248 -2.71302e-05 0.000357115 0.000457362 0.0167506 0.0105924 0.0170111 0.0129025 -0.000128167 0.00992934 0.00779308 0.00893632 0.00215228 0.00119021 0.00297692 0.0136202 0.0102429 0.00138407 -0.000369912 0.00991241 0.0274211 0.00382425 0.00503305 -0.00040497 0.00217026 0.0185472 0.00321788 0.000615472 -0.00750351 0.0098113 0.00696273 -0.000600601
internal_weight=1.76595e+06 1.2375e+06 1.15439e+06 769328 726919 643624 385061 413222 82222.5 83116.6 4490.15 230403 83294.2 74349.1 314164 330999 329068 78626.4 8150.5 191956 2237.45 5913.05 1007.02 528447 2523.87 190095 23489.2 9451.61 143440 7027.79 68579.9 487671 386712 381844 166606 6764.24 159842 124572 70475.9 67830.5 136413 4906.03 86329.8 64022.4 40776 137112 70897.1 30613.5 20557.8 3205.71 1165.63 24148.9 170723 39873.5 36480.4 80149.5 6409.28 61005.7 4868.12 105831 99191.4 39538.3
internal_count=3601103 1800431 1644780 1170539 1082648 957592 474241 646669 142352 155651 9054 310923 125056 108908 376528 504317 501059 146597 15840 304955 4042 11798 1434 1800672 4187 301676 43001 18043 184575 15000 98525 1523496 1190074 1179074 258675 11361 247314 177142 130757 96929 169575 10364 478397 335782 277176 196104 97713 58172 40106 6582 2399 151495 191953 184287 189880 130114 14120 115546 11000 133781 118211 181330
cat_boundaries=0 1 2 3 4 5 6 7
cat_threshold=528 488 33037 36101 33296 41537 45672
is_linear=0
shrinkage=0.05


Tree=80
num_leaves=63
num_cat=2
split_feature=16 30 146 28 147 13 24 28 48 13 48 13 100 24 24 70 86 35 3 28 124 108 3 24 8 39 13 40 13 112 28 24 26 71 43 14 13 24 40 100 40 147 20 48 40 31 147 24 13 27 24 48 30 28 147 14 40 13 11 27 24 146
split_gain=14477.1 2205.32 2537.77 1974.44 761.155 454.886 414.434 487.648 2095.98 331.552 263.257 250.26 238.534 186.684 175.266 143.581 152.776 142.412 139.148 137.63 132.207 158.187 125.391 124.611 122.105 166.691 117.865 188.023 117.536 186.353 447.764 116.408 115.602 115.597 283.281 211.399 239.928 179.185 158.055 147.423 114.951 114.518 113.78 112.756 151.214 111.515 110.957 109.367 106.846 105.412 158.51 102.144 101.21 96.1202 94.4173 88.5417 83.9872 429.603 192.503 124.011 106.81 98.5656
threshold=3.5000000000000004 392.50000000000006 2.1666666269302373 3908.166625976563 2.0004616975784306 0.41666667163372045 911.50000000000011 2315.0000000000005 4231.5000000000009 1.0833333134651186 5039.5000000000009 0.91666665673255932 802368608.00000012 2645.0000000000005 4487.5000000000009 1.3843718171119692 1.7303703427314761 1.5000000000000002 0 4362.5000000000009 196.50000000000003 106.50000000000001 1 87.500000000000014 2.5000000000000004 0.86391466856002819 2.0833333730697636 8347.0000000000018 1.0833333134651186 688.50000000000011 3908.166625976563 2645.0000000000005 4355.5000000000009 1.046933174133301 3166.0000000000005 2.5000000000000004 2.0833333730697636 2645.0000000000005 3619.5000000000005 1663603776.0000002 7429.0000000000009 3.3000000715255742 1.5000000000000002 8492.0000000000018 4616.5000000000009 381.03485107421881 5.3999998569488534 2645.0000000000005 0.91666665673255932 551.50000000000011 1190.5000000000002 4231.5000000000009 1024.0000000000002 2315.0000000000005 1.0500000119209292 2.5000000000000004 8347.0000000000018 2.0833333730697636 3.5000000000000004 551.50000000000011 1190.5000000000002 0.83333334326744091
decision_type=2 2 2 2 2 2 2 2 2 2 2 2 2 2 2 2 2 2 9 2 2 2 9 2 2 2 2 2 2 2 2 2 2 2 2 2 2 2 2 2 2 2 2 2 2 2 2 2 2 2 2 2 2 2 2 2 2 2 2 2 2 2
left_child=1 5 3 4 6 23 12 11 14 46 13 43 -3 -10 32 17 -17 -2 54 45 -19 -22 -7 -1 25 41 48 -28 29 30 -23 55 -9 38 -35 36 37 39 53 -36 -30 -11 -20 44 -8 51 -6 -46 -14 50 -45 -5 -27 -26 -12 56 -13 58 59 60 -58 -60
right_child=15 2 -4 19 9 22 7 8 10 24 18 31 26 -15 -16 16 -18 20 42 -21 21 28 -24 -25 33 52 27 -29 40 -31 -32 -33 -34 34 35 -37 -38 -39 -40 -41 -42 -43 -44 49 47 -47 -48 -49 -50 -51 -52 -53 -54 -55 -56 -57 57 -59 61 -61 -62 -63
leaf_value=0 0.050605477452408093 0 -0.00013535069565136243 0 0 0 0 0 0 4.3304761323170743e-05 4.4066971713311806e-05 0 0 0 -0.0012626552778763234 -2.211564265053312e-14 -0.004319891844848156 -7.9837247923819632e-12 0.017698758536966563 -4.9975383460409976e-07 0.042736410581547306 2.8183515334623269e-06 0 0 3.0088920244253359e-10 -1.6928876024890904e-06 0 -0.00025797911421540089 7.8910716454317709e-06 7.0540996113694736e-06 -0.00054822895638986107 0 0 -2.4281354704669411e-11 3.009911986318059e-09 -2.0925653543280022e-09 0.00025202071913663641 -0.00074561081933256508 0 7.9337531744272391e-08 0.0070717268761623549 -1.3450544905979635e-06 -0.0001447250766596575 0 0 4.9603108936979726e-08 -0.00039533339643629264 0.020287219479846366 0 0 -0.00069113543526120322 0 -1.6527126250998059e-06 1.3964497858065528e-08 0.00013832433352494448 0 0 0.0042502600348440223 0 0 0.014252949999908461 4.6883179734558135e-07
leaf_weight=78929.840401325375 1614.2511148452759 114438.9967282638 42864.661617279053 4650.1561821997166 56002.751336023211 89528.660617038608 117430.47537137568 50417.624380975962 3631.1864542961121 656.68963265419006 1273.5460329055786 112073.6156577915 68400.294990196824 6659.4479947090149 1401.004298210144 8590.90234375 2529.6064453125 257736.80317592621 7935.828341960907 30961.238159179688 3214.2375068664551 2168.4493557428941 35119.779700279236 182672.32280379534 800.4349308013916 2077.1759868264198 1186.1510330587626 2561.4967727661133 217100.95658574346 8086.6493721008301 1925.4009628295898 1751.8350067138672 881.78568840026855 2778.231897354126 1738.0151111707091 1113.9179992675781 1072.3546795174479 250.52505852282047 6980.2605133056641 230.76825198531151 74830.891894817352 584.65342473983765 9634.0618376731873 3121.4407849386334 57943.735317349434 4668.5863876342773 489.6119335219264 1191.6296476125717 42043.938917845488 4086.5871721431613 3859.5613921880722 1919.7706307172775 4468.6378588080406 549.23472213745117 2182.9633483886719 1424.1331372261047 1786.9212185516953 4473.697930790484 512.83683556318283 10750.155183002353 2387.8881759643555 920.98128890991211
leaf_count=87657 9119 145131 84694 8105 76756 111474 163793 81048 6087 1080 2562 175716 94213 12250 2792 19307 5468 632665 16053 65380 17347 3860 53166 223923 1244 3358 1985 4650 788016 17931 4719 3325 1452 4966 2762 2006 2105 462 12749 396 389177 1116 17506 5358 88412 8858 918 2604 62380 6373 7561 3832 8010 978 4364 2454 3240 9067 879 18122 4744 1659
internal_value=0.00677979 0.00993829 0.0114344 0.0121034 0.0127227 0.00683486 0.0132999 0.0142555 0.010861 0.00811911 0.000616163 0.0151365 0.0115957 0.00716896 0.0169487 0.000288529 -0.00533779 0.000398954 -0.00259073 0.00159319 0.000356572 0.00105696 0.00932072 0.00565036 0.00310024 -0.002008 0.0132127 0.00448952 0.000940312 0.00575251 0.014444 0.0167692 0.0174253 0.00566464 0.0103121 0.0181962 0.0245669 0.0339491 0.00165561 0.0390163 0.000739502 0.0147859 -0.00439413 0.0139522 0.0142592 0.0063325 0.0101891 0.0163217 0.0135086 0.00905458 0.00531942 0.0105308 -0.00519442 0.0173155 0.00656775 0.0169362 0.0170691 0.0141516 0.0179063 0.0162235 0.00890606 0.0354077
internal_weight=1.76527e+06 1.18747e+06 801221 758357 716157 386251 636364 407733 84017.4 79793.3 31317 323715 228631 10290.6 52700.4 577798 11120.5 566678 21026.4 42199.8 565063 307327 124648 261602 23300.9 7787.16 114192 3747.65 304112 12180.5 4093.85 136082 51299.4 15513.7 7183.81 4405.58 3291.66 2219.31 8329.93 1968.78 291932 1241.34 17569.9 187633 176566 11238.5 56492.4 59135.4 110444 11067.6 6981 6569.93 6545.81 1349.67 3456.51 134330 132906 20832.5 16358.8 14925 4174.81 1433.82
internal_count=3599384 1711775 1235555 1150861 1064686 476220 945780 637421 144114 118906 58822 493307 308359 18337 85292 1887609 24775 1862834 40485 86175 1853715 1221050 164640 311580 41232 13564 163228 6635 1203703 26510 8579 219206 82500 27668 12697 7731 5725 3620 14971 3158 1177193 2196 33559 274101 254809 20795 77674 91016 156593 19292 12919 11937 11368 2222 6926 215881 213427 37711 28644 26106 7984 2538
cat_boundaries=0 1 2
cat_threshold=41537 33553
is_linear=0
shrinkage=0.05


Tree=81
num_leaves=63
num_cat=3
split_feature=146 15 28 32 28 32 48 13 111 146 15 21 146 46 13 38 9 40 32 22 106 3 40 24 48 13 71 40 115 146 24 3 53 21 29 51 146 48 28 48 24 3 26 20 12 12 15 10 15 21 48 146 28 61 86 71 11 13 115 48 21 36
split_gain=13123 2561.88 2556.12 2395.93 465.031 468.215 2128.67 448.125 323.467 289.802 479.37 279.453 279.218 234.206 146.321 146.008 143.014 137.871 185.352 134.749 130.595 127.57 124.762 122.472 117.77 107.619 118.307 357.815 255.922 104.932 99.0516 98.0582 126.785 96.0772 89.878 89.1917 84.8391 84.0409 83.7576 240.099 107.924 82.0909 77.3672 77.2027 75.7904 77.0417 102.762 90.7642 72.3226 107.111 69.6521 68.8613 74.1019 74.8355 69.5854 67.3146 80.9675 67.1822 64.0273 62.9141 61.0854 117.55
threshold=2.1666666269302373 1.5236033797264101 380.50000000000006 4473.0000000000009 873.16665649414074 2688.0000000000005 4231.5000000000009 0.41666667163372045 106.25000000000001 1.8333333134651186 1.3307163715362551 1.0000000180025095e-35 0.83333334326744091 5519.0000000000009 2.0833333730697636 0.91699558496475231 4.5000000000000009 2203.5000000000005 4089.0000000000005 0.99828177690505993 478.50000000000006 0 8347.0000000000018 87.500000000000014 5039.5000000000009 2.0833333730697636 1.046933174133301 3619.5000000000005 680.50000000000011 1.8333333134651186 416.50000000000006 1 1456.5000000000002 5.5000000000000009 592.91665649414074 3.5000000000000004 0.83333334326744091 3742.5000000000005 2315.0000000000005 5039.5000000000009 1617.5000000000002 2 1.0000000180025095e-35 1.0000000180025095e-35 0.5000000149011613 1.8333333134651186 1.3307163715362551 1.5000000000000002 1.3307163715362551 1.0000000180025095e-35 6412.5000000000009 1.1666666865348818 2315.0000000000005 94156.332031250015 1.0128735303878786 1.0038583278656008 5.5000000000000009 1.0833333134651186 700.50000000000011 8492.0000000000018 -2.4999999999999996 1.0000000180025095e-35
decision_type=2 2 2 2 2 2 2 2 2 2 2 2 2 2 2 2 2 2 2 2 2 9 2 2 2 2 2 2 2 2 2 9 2 2 2 2 2 2 2 2 2 9 2 2 2 2 2 2 2 2 2 2 2 2 2 2 2 2 2 2 2 2
left_child=1 2 7 4 13 9 29 20 31 12 11 59 37 36 44 55 -17 18 35 -13 23 -9 -16 -1 -8 26 27 -21 -28 -7 -24 32 -3 -18 -19 -10 -4 -6 40 -40 -14 -26 -34 -12 -15 57 47 -47 49 -31 -25 52 53 -43 -55 56 -2 -46 -45 -11 -33 -62
right_child=15 8 3 -5 5 6 24 21 17 10 43 19 38 14 22 16 33 34 -20 25 -22 -23 30 50 41 -27 28 -29 -30 48 -32 60 42 -35 -36 -37 -38 -39 39 -41 -42 51 -44 58 45 46 -48 -49 -50 -51 -52 -53 -54 54 -56 -57 -58 -59 -60 -61 61 -63
leaf_value=0 -0.00026867005563586678 8.1938344997922745e-13 0 2.4222386162342514e-06 0 0 0 0 1.0226075541908131e-10 0 -0.0001378690025752638 -4.4276457611402977e-09 0 0 0 -2.6015827845631768e-05 0.0027691324524859898 -7.5845330016477429e-12 -5.4186923868783463e-05 3.1672547362582295e-10 -0.00079139998620988419 0 0.00019652617012337931 0 0.028747839029202804 -1.5462801117305249e-08 3.1672547362582295e-10 0 3.017832805873866e-09 0 -0.00024508015850462919 7.9610207315283794e-13 3.9918623961909818e-13 0.029673734866791125 1.7818637676469964e-10 4.0246279790872485e-07 0 0 0 -0.00012592102742453896 0 -0.0012584920928021437 -1.2087260356175023e-06 1.1634351083089634e-07 0 0 0 0 0 3.0088920244253359e-10 0 0.00023408555603665062 -8.1893871637439563e-05 0.00026053148840931575 0.00024577722411681726 -0.0011826536517473354 0.0076007746039648445 0 0 0 -8.0268458546584052e-12 8.1938344997922745e-13
leaf_weight=79058.451100897044 68872.653851651005 1024.929735660553 91183.461227416992 42611.342498779297 69373.611457824707 52139.186805725098 11693.749351501465 67325.793075561523 1549.5743681788445 11853.319969177246 2800.6770467758179 3356.7044677734375 116379.78594297171 39707.355809494853 1410.0677363425493 238244.04829788208 120549.51999855042 13369.659244552255 1964.139087677002 668.8580042719841 436.01351547241211 47065.681698903441 291.38761693239212 80100.659705638885 981.93566155433655 1376.0545609593391 984.95028209686279 2581.7891311645508 1088.9456777572632 2301.8036499023438 2846.6453496813774 845.68794804811478 157.35146617889404 19608.154970169067 57091.917655929923 818.64491587877274 37797.636474609375 92420.654571533203 4255.1404321789742 2345.1189796924591 60346.135675430298 323.34243178367615 262.94841480255127 3634.449116230011 65076.454923480749 1471.7196502685547 2325.384765625 3792.6674346923828 1891.9669189453125 1591.0565795898438 91586.094742298126 13397.270973205566 7909.4501495361328 390.57598090171814 1240.8268568515778 67355.438842773438 13379.989886141964 26564.283022075891 4482.0935635566711 2687.5481948852539 1870.0798603631556 4155.8138847611845
leaf_count=87780 176816 1761 113373 89009 92778 84300 21200 82184 2607 20019 5010 5878 176151 53635 2416 612227 551486 21926 4856 1041 626 66006 523 92652 2453 2678 1763 4564 1821 4093 5254 1270 307 172144 108833 1316 51074 136358 6826 4293 99632 474 338 6244 93016 2355 3792 6069 3453 2916 113340 27218 14272 813 2766 219996 67323 39948 7895 5215 3256 9161
internal_value=0.00678647 0.00960079 0.0102108 0.0118112 0.0124691 0.0134145 0.0102513 0.00675416 0.00112193 0.0141945 0.00989307 0.0137629 0.0146371 0.0108226 0.0122126 0.000186462 0.000709273 8.16705e-05 0.00873858 0.0073535 0.00557272 0.00934829 0.00338567 0.00562029 0.000691547 0.0114496 0.0146707 0.00871303 0.0240021 0.0161822 -0.0021645 0.0104759 0.0222957 0.00197659 -0.00045059 0.0181558 0.00927618 0.013123 0.0159734 0.0104396 0.01618 -0.0012962 -0.000665412 0.00117297 0.0125015 0.0132405 0.00839677 0.0122632 0.00978972 0.013687 0.0063702 -0.00189592 -0.00506708 0.0036478 0.00800608 -0.00113584 -0.000176021 0.0136416 0.00364321 0.0181953 0.00794382 0.00618705
internal_weight=1.76627e+06 1.23826e+06 1.15515e+06 789575 746964 474497 93861.2 365573 83110.7 380636 35515.4 24598.2 345120 272467 143486 528010 378402 74793.9 4332.36 10057.3 251181 114391 4548.1 250745 35937.2 6700.6 5324.54 3250.65 2073.9 57924 3138.03 8316.81 1445.23 140158 70461.6 2368.22 128981 161794 183326 6600.26 176726 24243.4 420.3 10917.2 138938 99230.5 7589.77 5264.39 5784.83 3892.86 171687 23261.5 9864.2 1954.75 1631.4 149608 82252.6 91640.7 8116.54 14540.9 6871.58 6025.89
internal_count=3600799 1800807 1645176 1202588 1113579 742124 163958 442588 155631 578166 62128 42979 516038 371455 207008 1799992 1335857 139538 8779 17745 294398 148190 8193 293772 69196 11867 9189 5605 3584 94762 5777 16093 2406 723630 130759 3923 164447 229136 286902 11119 275783 47996 645 19149 198815 145180 12216 8424 10462 7009 205992 45543 18325 4053 3579 464135 244139 132964 14139 25234 13687 12417
cat_boundaries=0 1 2 3
cat_threshold=37648 4120 41536
is_linear=0
shrinkage=0.05


Tree=82
num_leaves=63
num_cat=8
split_feature=16 30 12 32 14 12 13 32 44 30 107 32 13 3 100 13 40 40 13 109 100 30 33 37 11 3 30 3 124 40 32 30 111 31 100 23 12 38 105 19 33 83 31 31 109 94 12 3 3 25 44 87 3 32 3 3 12 57 32 2 31 60
split_gain=14367.5 2165.06 2527.51 2492.09 520.831 485.213 446.761 323.711 1665.46 376.84 180.346 173.158 131.94 125.377 106.119 139.855 160.682 101.612 383.809 357.376 141.042 216.995 111.065 141.773 110.11 101.588 101.06 95.2067 118.781 94.046 87.4851 86.7672 114.63 84.4722 83.3553 82.1713 80.4876 79.1688 74.7777 72.352 69.1095 65.3608 65.2737 64.5172 110.599 67.824 63.9037 63.544 62.9231 61.6853 61.1735 60.0748 57.9966 57.8502 57.5382 56.3735 84.3615 55.773 53.9697 53.8523 99.3842 62.6172
threshold=3.5000000000000004 392.50000000000006 2.1666666269302373 4473.0000000000009 2.5000000000000004 0.5000000149011613 0.41666667163372045 2688.0000000000005 3893.5000000000005 886.50000000000011 101.50000000000001 1205.0000000000002 5.7500000000000009 0 690358432.00000012 2.0833333730697636 8347.0000000000018 8347.0000000000018 2.0833333730697636 351.50000000000006 546882560.00000012 2311.5000000000005 1139.5000000000002 182.50000000000003 3.5000000000000004 1 157.50000000000003 2 1306.5000000000002 5111.5000000000009 1650.0000000000002 1024.0000000000002 501.58332824707037 381.03485107421881 1435613376.0000002 0.50043934583663952 2.1666666269302373 1.0181214213371279 112868236.00000001 2.5000000000000004 666.50000000000011 2.5000000000000004 1632.0860595703127 927.14965820312511 552.50000000000011 129008884.00000001 0.83333334326744091 3 4 1565.5000000000002 4673.5000000000009 0.88290676474571239 5 1817.0000000000002 6 7 1.1666666865348818 97987.500000000015 1817.0000000000002 974.50000000000011 2815.489868164063 422518.82812500006
decision_type=2 2 2 2 2 2 2 2 2 2 2 2 2 9 2 2 2 2 2 2 2 2 2 2 2 9 2 9 2 2 2 2 2 2 2 2 2 2 2 2 2 2 2 2 2 2 2 9 9 2 2 2 9 2 9 9 2 2 2 2 2 2
left_child=1 6 3 4 5 11 26 9 -9 14 25 47 31 33 -7 -16 -17 20 19 22 53 30 23 -19 -21 -2 34 28 38 -23 -22 41 37 -8 -1 48 -15 -33 -14 -27 -39 -12 -34 45 -45 -40 -26 -3 -29 -44 -10 57 58 -11 -28 56 -52 -42 -43 -37 61 -61
right_child=10 2 -4 -5 -6 7 13 8 50 17 12 -13 27 36 15 16 -18 18 -20 24 21 29 -24 -25 46 39 54 35 -30 -31 -32 32 42 -35 -36 59 -38 40 43 -41 51 52 49 44 -46 -47 -48 -49 -50 -51 55 -53 -54 -55 -56 -57 -58 -59 -60 60 -62 -63
leaf_value=0 7.7841622037055917e-13 0 -0.00012358144529351912 2.1856238574979871e-06 0 0 0 0 0 0 0.065348418891228416 0 -0.05585721461827009 0 0 0 -0.00023282615057940159 0 0.0098643616735211281 0 0 0 0 0 0 6.0531097356708585e-08 0 -0.0027063187253954847 0.069411968688579503 4.3075531731551209e-06 0 -7.2053030208962816e-12 -1.2723610418374777e-06 0 0 -0.01614758926550941 -8.9962938589946016e-05 0.029034287439374397 0.00072804565588286969 1.4984113923588449e-05 -0.046153467221167394 -2.5263883207671256e-09 -0.03479930677597378 0.038750551599569062 -0.014119197070022805 0.023784798407177066 4.4539020747635942e-07 0 -0.019212147781091173 -0.0046809101638985327 0.017143762598680369 0.0017912074681500801 -7.2053030208962816e-12 0 0 -5.2428747838129123e-05 0.022786660878036092 -0.0027466253260161944 -0.00084861055582309281 0.029172915342689978 0.22921158684574949 -0.0013965720877395782
leaf_weight=127357.74807871622 9619.910129070282 65150.520834803581 43034.103469848633 41430.713292241096 8599.6523742675781 54845.188615739346 65414.622901916504 42977.326037526131 9383.6277122497559 60731.326736867428 426.11931571364403 85676.969970703125 149.49601617455482 57222.869464442134 107815.39937541634 1378.4515004381537 2717.1483917236328 4125.0810719802976 5351.1827024146914 12957.147452943027 79063.318694829941 1903.8881350755692 3790.9478445053101 3021.5536279678345 302.03062380105257 2952.7458300590515 18271.599327087402 5138.0511016845703 4237.765869140625 2724.9398345947266 55871.755431294441 76327.200513362885 227111.1030254364 607.99526214599609 42534.80908203125 5794.5169720649719 1412.8895769119263 6243.2353668212891 9085.2328882738948 1882.7004480361938 119.02217960357666 30521.47261095047 595.29869073629379 3680.1897225826979 8180.9200553894043 23843.05242767185 910.87097930908203 44110.302951812744 3533.3101751804352 7279.1781674027443 828.40139055252075 78311.443824768066 45279.213366985321 44333.01220703125 73309.978797912598 17129.579001903534 1788.0910186767578 1334.1554708480835 2178.6185874938965 7199.7708218097687 1500.1402587890625 15419.643694162369
leaf_count=149326 24639 79657 84941 85724 15478 70991 79750 71048 17038 83969 2079 124225 378 81582 155089 2309 4972 7136 10796 21648 119820 3272 7397 5827 496 10813 24143 30663 52197 4961 93212 200443 567588 809 52655 56836 2438 25573 44444 3925 146 55675 1043 34094 47573 157002 1647 59107 12290 22647 1766 230787 89274 66424 85461 33555 3625 3719 3772 57869 37054 115400
internal_value=0.00675123 0.00989667 0.0113777 0.0120462 0.0127347 0.0128831 0.00682061 0.0136887 0.0105821 0.0141957 0.000285116 0.0107588 0.000143638 0.00928385 0.01232 0.0132032 0.00413198 0.0153327 0.0126079 0.015199 0.0156719 0.016714 0.0084079 0.0120774 0.0204401 0.00579955 0.00564623 0.00192495 0.00338336 0.00606673 0.0170792 -0.00018497 0.000114984 0.00778361 0.00492438 6.51834e-05 0.0109697 0.00113678 0.00262922 0.0117043 0.00217697 -0.00170505 -0.000590886 0.00274733 -0.000414139 0.00388626 0.0348525 0.00943892 -0.00422013 -0.00506615 0.00135186 0.00178033 -0.00181188 0.0142876 0.00698523 -0.000227455 0.00659296 -0.00829044 -0.00341608 0.00130763 0.00234757 0.0015206
internal_weight=1.76603e+06 1.18809e+06 801953 758918 717488 708888 386133 513950 72107 441843 577944 194938 563488 124658 166756 111911 4095.6 275087 30458.8 25107.6 244628 139564 10937.6 7146.63 14170 14455.4 261474 87762.1 49176.7 4628.83 134935 475726 397321 66022.6 169893 38585.4 58635.8 162335 44938.9 4835.45 86007.9 78405.4 234986 44789.4 11861.1 32928.3 1212.9 109261 8671.36 7874.48 29129.7 79764.6 77979.3 105064 91581.6 19746.1 2616.49 1453.18 32700.1 29914.1 24119.6 22619.4
internal_count=3600217 1712294 1236130 1151189 1065465 1049987 476164 786998 127032 659966 1887923 262989 1848546 164579 233361 162370 7281 426605 54947 44151 371658 221265 20360 12963 23791 39377 311585 645800 335688 8233 213032 1202746 1051946 80559 201981 310112 84020 460668 283491 14738 260225 150800 591278 283113 81667 201446 2143 138764 42953 23690 55984 234652 148721 150393 109604 38946 5391 3865 59447 267159 210323 173269
cat_boundaries=0 1 2 3 4 5 6 7 8
cat_threshold=33296 3973 42373 33037 6208 389 15584 33345
is_linear=0
shrinkage=0.05


Tree=83
num_leaves=63
num_cat=7
split_feature=16 30 32 14 17 16 30 13 32 48 46 16 48 83 3 70 13 40 13 40 9 145 28 13 16 48 36 13 46 38 17 3 38 35 3 32 69 145 3 106 75 31 14 31 57 3 7 77 3 8 70 95 20 28 60 3 103 145 48 28 48 74
split_gain=14678 2139.8 2508.44 1838.91 572.846 649.369 456.344 450.16 437.745 2146.09 228.476 199.383 147.199 138.766 128.677 128.617 115.87 124.717 112.054 339.607 110.519 107.527 101.221 94.6255 93.4759 81.6696 80.6072 79.6676 75.6189 72.5429 86.757 71.9363 79.541 71.6402 113.673 69.3249 69.2452 68.0744 67.6528 71.3837 89.6356 89.7371 67.3813 66.5784 64.9332 64.5067 61.7977 61.6519 61.2901 61.8609 58.7648 58.2863 57.5975 76.6854 63.0663 62.0516 57.4048 104.194 70.0906 54.5516 97.5865 54.409
threshold=3.5000000000000004 392.50000000000006 4473.0000000000009 2.5000000000000004 1.5000000000000002 2.5000000000000004 886.50000000000011 0.41666667163372045 2688.0000000000005 4231.5000000000009 5519.0000000000009 1.5000000000000002 5039.5000000000009 2.5000000000000004 0 1.3843718171119692 2.0833333730697636 8347.0000000000018 2.0833333730697636 8347.0000000000018 3.5000000000000004 12.500000000000002 151.50000000000003 0.75000000000000011 1.5000000000000002 3742.5000000000005 1.0000000180025095e-35 1.4166666865348818 10202.500000000002 0.77065846323966991 37.500000000000007 1 0.77065846323966991 1.5000000000000002 2 1495.5000000000002 58993.500000000007 2.5000000000000004 3 478.50000000000006 476096.50000000006 605.08557128906261 1.5000000000000002 727.91879272460949 128086.50000000001 4 -0.68301269412040699 30679.000000000004 5 1.5000000000000002 1.123404920101166 16008810.500000002 1.5000000000000002 2315.0000000000005 93730.167968750015 6 530480096.00000006 1.5000000000000002 5039.5000000000009 2315.0000000000005 5039.5000000000009 33368.500000000007
decision_type=2 2 2 2 2 2 2 2 2 2 2 2 2 2 9 2 2 2 2 2 2 2 2 2 2 2 2 2 2 2 2 9 2 2 9 2 2 2 9 2 2 2 2 2 2 9 2 2 9 2 2 2 2 2 2 9 2 2 2 2 2 2
left_child=1 7 3 4 6 -6 10 22 11 -10 24 25 45 -2 -9 20 23 -18 27 37 33 31 28 -12 -3 -8 29 -13 -1 -23 36 -22 44 34 -15 48 -31 -20 -24 -40 41 51 -39 -17 -33 -11 -47 -46 49 -35 -34 -41 -14 54 -54 -55 -50 58 -58 -27 -61 -49
right_child=13 2 -4 -5 5 -7 8 14 9 12 16 18 52 15 -16 43 17 -19 19 -21 21 26 38 -25 -26 59 -28 -29 -30 30 -32 32 50 35 -36 -37 -38 42 39 40 -42 -43 -44 -45 47 46 -48 61 56 -51 -52 -53 53 55 -56 -57 57 -59 -60 60 -62 -63
leaf_value=0 0.047686615843757996 0 9.566004930905426e-07 0 0 -0.00021282405834095581 0 0 0 0 0 0 0.021387737096553172 -0.0025302768991952275 0 -8.062506218209365e-12 0 -0.00022118484305042597 0 0.0031511562231833715 2.0596513829560812e-06 -0.050171619132414524 0 0 0 0 0.11894721179608543 0 0 0.044911442565119634 0.99419751949107238 -1.4042631851806728e-06 0.00055588841217916183 7.2798273891983873e-07 0.090363309009577564 -2.1813065576026248e-09 0.0036252461283086349 0 0 -0.00094046557474413155 4.4996366600602578e-05 0.034651540677580382 0 -0.017225927726816689 2.6735347274952078e-06 0 0 -0.024049173570677453 -8.1300299825670666e-12 -7.3106409814727168e-12 -0.00024070500580478812 0 -0.0020423085184380408 5.0390524398702397e-06 0.00022500271562672647 -0.0001281851540887991 5.8397534528957172e-05 -2.4750852548605096e-06 -0.00043809617257197788 0 -0.0002810777585443569 -0.0015613246456859466
leaf_weight=114471.33666401054 2148.2838821411133 77383.928684234619 46203.66329407692 32083.129760742188 7681.1725769042969 14670.8310546875 57181.391290187836 89902.01926228404 54535.006296396255 1714.8772423267365 68633.91564938426 159577.28694982082 9211.9540195465088 302.14018106460571 34969.633760452271 9270.9386367797852 1362.2627730816603 2769.611946105957 9484.4709178470075 4791.3828735351562 85578.457906020805 1689.1558488645824 8314.7711906433105 62274.24857185781 48381.1689453125 76194.378555297852 1942.3525959773688 42571.665258552879 40091.352661132812 10718.398887693882 660.53932720422745 4086.6187310069799 140448.58204323053 1956.3207070678473 780.91580617986619 186105.55268216133 10074.128402590752 769.34512329101562 96117.261206727475 1038.5539529323578 229.70355987548828 1102.1217823028564 1356.10595703125 1881.1648788452148 12599.285397410393 2811.434268951416 6094.6666514873505 819.49543678760529 30543.880396604538 3959.2165854126215 30809.507103204727 476.98894500732422 178.22850286401808 1254.9907410498708 1759.2868379354477 9108.0024535357952 289.76208686083555 24860.364961631596 7297.7719650268555 868.53431785106659 851.75306618213654 9297.5021667480469
leaf_count=128943 13003 94928 96892 61753 13449 27370 75952 111939 88333 2955 93914 242961 18944 736 53016 19276 2369 5151 16739 9700 251113 17512 13717 91898 64423 111651 26960 70498 48641 122877 38196 8417 490267 2878 4559 474506 111379 1397 115346 1519 361 2733 2544 5577 37774 5263 10815 1666 56999 6919 105373 730 253 2509 3645 16681 439 49706 12222 1349 1382 29731
internal_value=0.00671438 0.00989308 0.0113665 0.0120581 0.0125776 0.00469728 0.0128288 0.00683819 0.0138106 0.0106257 0.0111712 0.0145911 0.000375523 0.000179754 0.00930855 0.00013243 0.0125995 0.00435312 0.0155247 0.0115481 0.000237429 0.000874449 0.00566005 0.0128598 0.00963741 0.0130807 0.00401224 0.0158473 0.00484089 0.00319065 0.00397634 0.000596924 7.3433e-05 -0.00053048 0.0122986 -0.00058501 0.00340904 0.01617 0.00684018 0.0064736 -0.00132611 -0.00395764 0.00807524 -0.00518477 -0.00245931 0.00519174 0.00689725 -0.00141513 -0.00193982 0.00292301 0.000469861 -0.0118518 -0.00200214 -0.00424108 0.00488686 -0.00594832 -0.00239667 -0.00386152 -0.0089902 0.0141343 0.00532278 -0.00432196
internal_weight=1.76659e+06 1.18847e+06 801759 755555 723472 22352 701120 386714 440315 86668.4 260805 353646 32133.4 578120 124872 575972 135040 4131.87 218550 16401.3 564820 308724 261842 130908 125765 135096 25084.6 202149 154563 23142.2 21453.1 283639 198061 256096 1083.06 255013 20792.5 11609.9 107279 98964.6 2847.37 2617.66 2125.45 11152.1 26802.9 10621 8906.1 22716.3 68907.3 5915.54 171258 1515.54 21512.5 12300.5 1937.52 10363 62991.8 32447.9 7587.53 77914.7 1720.29 10117
internal_count=3600748 1712663 1235718 1138826 1077073 40819 1036254 476945 683571 149398 352683 534173 61065 1888085 164955 1875082 193332 7520 343839 30380 1850229 1241265 311990 185812 159351 190334 316924 313459 177584 289964 272452 924341 673228 608964 5295 603669 234256 20680 134406 120689 5343 4982 3941 24853 77588 19033 16078 69171 129163 9797 595640 2249 42032 23088 3898 19190 119366 62367 12661 114382 2731 31397
cat_boundaries=0 1 2 3 4 5 6 7
cat_threshold=33553 11021 33360 14432 769 33280 65
is_linear=0
shrinkage=0.05


Tree=84
num_leaves=63
num_cat=0
split_feature=16 30 12 28 13 24 28 46 100 108 24 100 12 17 10 46 23 24 40 13 27 24 12 13 13 40 28 24 11 40 12 24 80 131 106 31 40 24 51 12 12 40 17 69 12 13 13 12 40 145 71 37 108 111 53 24 93 13 60 129 13 43
split_gain=14945.9 2141.47 2442.38 2056.94 437.808 419.781 548.698 1862.04 233.424 215.417 173.98 195.612 197.177 278.486 257.121 174.483 153.692 153.315 151.1 299.241 361.109 214.033 164.434 150.85 144.068 155.101 143.381 124.47 117.473 116.292 114.655 110.072 105.299 104.507 107.742 96.1886 98.6252 93.8401 92.6811 88.8812 88.0581 87.4913 80.3106 84.0017 78.4843 77.5485 131.106 96.704 73.9825 71.2312 117.094 69.8785 68.9181 67.0727 65.4585 74.6887 64.7312 78.3266 79.297 82.7742 61.791 103.918
threshold=3.5000000000000004 392.50000000000006 2.1666666269302373 3908.166625976563 0.41666667163372045 911.50000000000011 2315.0000000000005 4232.5000000000009 802368608.00000012 1.0000000180025095e-35 2645.0000000000005 446963104.00000006 1.8333333134651186 1.0000000180025095e-35 1.5000000000000002 3525.5000000000005 0.39167489111423498 4487.5000000000009 8347.0000000000018 2.0833333730697636 551.50000000000011 1190.5000000000002 0.83333334326744091 5.0833332538604745 2.0833333730697636 8347.0000000000018 4362.5000000000009 87.500000000000014 3.5000000000000004 4098.5000000000009 0.83333334326744091 416.50000000000006 37780.000000000007 16.909306526184086 848.50000000000011 381.03485107421881 4098.5000000000009 1617.5000000000002 4.5000000000000009 0.83333334326744091 2.1666666269302373 5111.5000000000009 44.500000000000007 82505.000000000015 0.5000000149011613 1.0833333134651186 2.0833333730697636 4.1666667461395273 6497.0000000000009 2.5000000000000004 1.046933174133301 182.50000000000003 842.50000000000011 679.75000000000011 1456.5000000000002 535.50000000000011 1130644.4375000002 1.2500000000000002 60106.667968750007 37.750000000000007 2.0833333730697636 2671.5000000000005
decision_type=2 2 2 2 2 2 2 2 2 2 2 2 2 2 2 2 2 2 2 2 2 2 2 2 2 2 2 2 2 2 2 2 2 2 2 2 2 2 2 2 2 2 2 2 2 2 2 2 2 2 2 2 2 2 2 2 2 2 2 2 2 2
left_child=1 4 3 5 27 8 10 17 39 33 11 -7 18 -14 -15 -12 56 29 22 20 21 51 -13 38 44 -26 35 -1 -22 -8 -30 -27 40 -2 -35 36 -5 -24 -18 -3 -6 -9 43 -25 -10 54 -47 -48 -29 -16 -51 -20 -45 -37 55 -40 57 58 -11 -60 61 -52
right_child=9 2 -4 26 32 6 7 41 24 16 15 12 13 14 49 -17 23 -19 19 -21 28 -23 37 42 25 31 -28 48 30 -31 -32 -33 -34 34 -36 53 -38 -39 45 -41 -42 -43 -44 52 -46 46 47 -49 -50 50 60 -53 -54 -55 -56 -57 -58 -59 59 -61 -62 -63
leaf_value=0 0.038188397962441271 0 -7.3014433122245293e-05 0 0 0 0 0 0 6.7178070967122139e-08 0 0 0 2.708524748928909e-09 0 0 8.9983617612449107e-05 -0.00089606545049552503 0 -0.0030366922085415028 0 0 0 0.014033946086707494 0 0.00044899262616579353 -7.5298929120837248e-07 0 0 0 4.2312069710170878e-07 -0.00021012560089790356 0 1.8724739002368962e-05 -0.018392925761676757 -0.0020135339912752503 0 0 1.2072848629141042e-07 0 -0.00012015841723939569 -6.8585005848809116e-05 1.2727312419062569 -0.0039446958816765415 0 -8.3603069426780885e-05 0.00066350766217593282 -0.0036898129046207817 0 0 0.045696651692690028 0 0.037750456150722506 1.5400592357968779e-05 -1.084981187871037e-06 1.3389700125016089e-07 -0.0024950158861342842 -1.1980330161347557e-06 -8.5795949732357653e-08 -2.8430023424341756e-08 0.016070661112839325 2.8669411678006186e-09
leaf_weight=79183.979137373855 2749.456657409668 91158.778519153595 42926.852085113525 4713.5292023420334 56953.560588166118 96030.74470102787 56285.014331556857 9214.963939666748 34144.669362988323 2774.4175380468369 3071.1616832017899 87525.392915248871 4123.8821296691895 5489.230712890625 11776.413696289062 3792.486052274704 110294.21196405031 1659.0880842208862 2802.2794914767146 3750.148971863091 14999.999467279762 5845.5366134643555 75107.318702340126 66911.5066872444 1430.7287159301341 248.41709136962891 31127.614227294922 93928.71242210269 618.45925113931298 5894.4777528271079 874.48564910888672 2841.6306610107422 66535.914642333984 5794.0677642822266 713.05867767333984 2462.1238956451416 1940.0153486728668 39641.019482016563 1182.5405342746526 42651.791625976562 1400.0689353942871 20473.171268463135 535.26527786254883 26217.291594624519 90238.283416748047 50055.442153930664 110899.97963997535 54914.740127794445 88584.725708007812 1614.3814744949341 309.53381161391735 2045.3546323776245 2767.69775390625 2212.2782688140869 905.937744140625 5318.5459571108222 13639.885070800781 97151.723648071289 8879.3084501624107 15800.841185152531 286.28773541748524 551.59446382522583
leaf_count=87991 13401 111953 84900 8187 79857 132091 90595 16764 45488 3976 5240 127103 7503 9808 20782 7948 314755 3395 4786 7555 24552 11371 114045 444500 2454 486 65498 112232 1059 10529 1584 5186 82603 20384 1978 4696 3879 66379 1780 56898 2415 40127 34259 172161 130582 98929 259666 177129 111688 2859 610 3607 25709 4137 1667 10667 40069 224796 13679 27478 557 904
internal_value=0.00668374 0.00989018 0.0113639 0.0120201 0.00683335 0.0126538 0.0135747 0.0101621 0.011063 8.50995e-05 0.0144606 0.0146138 0.0153325 0.0110307 0.013467 0.00657428 -3.81451e-05 0.0149732 0.0157779 0.0125223 0.0143487 0.00719081 0.0162758 0.000428094 0.0125817 0.00381172 0.00132663 0.00567089 0.0189889 0.0153734 0.0323696 -0.00248908 0.00926913 0.00765105 0.00419601 0.00614318 0.0100048 0.0175212 -7.54194e-05 0.00959994 0.0108197 -0.000183176 0.00216986 0.00206194 0.0129004 -0.000661201 -0.000833832 -0.00015678 0.0063892 0.0169482 0.00971467 0.0149582 -0.000186309 0.000644956 0.00436899 0.00612413 -0.00148838 -0.00113035 -0.00348851 -0.00438957 0.021923 0.0286103
internal_weight=1.76597e+06 1.18847e+06 801879 758952 386587 716497 453782 93526.7 262714 577506 360256 353392 257361 24151.3 20027.4 6863.65 568249 63838.6 233210 30936.3 27186.1 10693.2 202274 430003 128904 4520.78 42455.6 261697 16492.9 62179.5 1492.94 3090.05 124890 9256.58 6507.13 11327.9 6653.54 114748 333571 133811 58353.6 29688.1 96431.8 95896.5 124383 223277 215870 165815 182513 14538.2 2761.8 4847.63 28985 4674.4 7407.02 6501.09 138246 124606 27454.6 24680.1 1147.42 861.128
internal_count=3599866 1712883 1236097 1151197 476786 1064800 711753 161410 353047 1886983 550343 537155 405064 43023 35520 13188 1851220 104519 362041 54514 46959 19764 307527 1541222 184196 8126 86397 311911 27195 101124 2643 5672 164875 35763 22362 20899 12066 180424 864593 168851 82272 56891 676629 642370 176070 549838 535724 436795 223920 25712 4930 8393 197870 8833 14114 12447 309998 269929 45133 41157 2071 1514
is_linear=0
shrinkage=0.05


Tree=85
num_leaves=63
num_cat=3
split_feature=16 30 32 146 14 30 32 48 13 100 12 100 48 124 71 3 13 40 30 13 40 75 145 16 13 87 133 3 48 13 46 32 32 97 14 146 48 27 30 37 84 28 48 111 106 142 131 58 96 62 39 48 28 48 3 12 111 30 28 38 32 30
split_gain=15207.4 2142.28 2500.9 2475.29 487.61 462.566 458.731 2180.28 449.407 238.032 223.711 164.679 134.089 127.72 146.852 122.148 120.787 362.724 118.082 114.708 150.153 102.289 101.273 95.4899 94.3073 86.8515 106.824 86.6527 84.7252 84.4036 84.3546 84.6598 83.4765 83.1239 77.8848 71.7784 61.8931 113.948 71.3977 77.0324 61.8118 61.5964 74.4991 60.5876 90.0793 76.6401 59.445 84.3211 65.1448 58.9477 59.6383 57.8141 129.243 62.0222 57.2924 66.5963 88.6313 56.8703 56.5628 56.3062 55.9288 54.2212
threshold=3.5000000000000004 392.50000000000006 4473.0000000000009 2.1666666269302373 2.5000000000000004 886.50000000000011 2688.0000000000005 4231.5000000000009 0.41666667163372045 763662976.00000012 0.83333334326744091 369235920.00000006 5039.5000000000009 825.50000000000011 1.2175206542015078 0 2.0833333730697636 8347.0000000000018 1.0000000180025095e-35 2.0833333730697636 8347.0000000000018 10983.500000000002 2.5000000000000004 1.5000000000000002 0.75000000000000011 1.0016527175903323 3.6812784671783452 1 3986.0000000000005 1.4166666865348818 11879.000000000002 1650.0000000000002 889.50000000000011 712492608.00000012 1.5000000000000002 2.1666666269302373 8492.0000000000018 671.50000000000011 1159.5000000000002 182.50000000000003 9.5000000000000018 2315.0000000000005 5039.5000000000009 501.58332824707037 715.50000000000011 10.500000000000002 14.004629611968996 39200.500000000007 60460306.000000007 423480.50000000006 1.209166467189789 4763.5000000000009 2315.0000000000005 5039.5000000000009 2 1.1666666865348818 607.58334350585949 5632.5000000000009 151.50000000000003 3.9421279430389409 1046.5000000000002 2311.5000000000005
decision_type=2 2 2 2 2 2 2 2 2 2 2 2 2 2 2 9 2 2 2 2 2 2 2 2 2 2 2 9 2 2 2 2 2 2 2 2 2 2 2 2 2 2 2 2 2 2 2 2 2 2 2 2 2 2 9 2 2 2 2 2 2 2
left_child=1 8 3 4 5 9 10 -8 21 23 28 58 54 14 18 60 29 22 27 24 -21 40 61 -3 -11 49 -27 -13 -7 36 31 -20 -32 -28 -24 -17 51 38 39 -38 -1 -31 -43 44 46 -46 47 -33 -49 50 57 -12 -53 -54 -9 56 -56 -15 -2 -16 -10 -18
right_child=11 2 -4 -5 -6 6 7 12 15 19 16 13 -14 25 59 35 17 -19 30 20 -22 -23 34 -25 -26 26 33 -29 -30 41 32 43 -34 -35 -36 -37 37 -39 -40 -41 -42 42 -44 -45 45 -47 -48 48 -50 -51 -52 52 53 -55 55 -57 -58 -59 -60 -61 -62 -63
leaf_value=0 -9.3926817759104617e-07 0 1.2584830220763178e-06 -0.00010545265366433965 0 0 0 0 0 0 0 -0.0024046992911855858 -6.5155755556367548e-05 0.001257728079154319 -5.3511383819825884e-06 0 0 0.0093654203891129668 -1.034188518822532e-07 0 -0.00019961932085300617 0 0 0 0 -0.0003420609879769665 0.041573868626799237 0.084759582566557232 0 0 -9.8691632977043753e-08 -0.016695340270344566 0.010289033011095849 0.010515560644286616 0 -0.00015832282732018406 0 0 0 0 -0.0010613821387933321 0 -0.00011243440264046001 -1.2798532187003208e-05 0.02193069488746531 -0.014281542602928354 -4.5326282677084632e-06 0.038222144290184647 0.0028100776844552037 -0.0025066550056344508 -0.066425207758054161 0 1.0675536255234976e-05 -0.00011801024274393174 0 0 0 0.039195777240335385 -5.7713012400761876e-06 -0.0016934283320944822 0 0
leaf_weight=109725.95670336718 262.22856903076172 75732.101994395256 46190.356515407562 38110.797306060791 8554.7161254882812 75679.139175534248 55343.746985912323 1733.2218787670135 89392.640052512288 70801.346223626286 71621.356845401227 252.42140132188797 22221.927442550659 6482.6427154541016 10825.43359375 34063.557604789734 9332.7868361063302 5075.7734375 106138.53601837158 1372.9607015475631 2903.3926544189453 151570.96834775805 761.76547241210938 47205.583984375 63966.645879391581 7914.3662118911743 12017.407561302185 1227.6988570094109 80536.499755859375 41969.543182391673 16239.209579467773 261.43295478820801 33823.107860565186 9021.2882995605469 1385.153564453125 959.86346817016602 2098.897974729538 5635.7323043346405 3435.8676958084106 1223.3138389587402 249.78134971857071 1135.7617098540068 882.86179478466511 194447.25131607056 14816.670067705214 1010.0654593333602 45467.342338562012 2068.2568378448486 46268.066513061523 14436.510932922363 166.46965026855469 55846.305542469025 165.83012580871582 1064.4040050506592 2106.6497356891632 4545.2454071044922 2425.6492443084717 3792.0842819213867 49370.012062072754 1366.786376953125 541.51273028552532 867.51559638977051
leaf_count=138868 339 92680 96771 73626 15455 101588 89838 2984 111175 96945 104307 455 43494 24353 24869 51351 16457 10286 207747 2431 5410 172411 1375 62802 94403 32928 99671 7805 119513 69494 36153 501 149873 72877 2536 1700 3596 9218 6732 2296 366 1860 1631 606103 75049 2658 147968 8420 139490 84774 636 88340 282 1897 3860 8638 3977 30724 132012 2337 841 1621
internal_value=0.0066533 0.00988806 0.0113618 0.0120521 0.0127116 0.0128547 0.0138324 0.0106053 0.0068302 0.0111863 0.0146274 -1.48433e-06 0.000439851 0.000257326 -4.65951e-06 0.00929691 0.0157243 0.0117424 0.000138266 0.0126036 0.00453901 0.00565165 0.0163678 0.00958316 0.0128594 0.00256531 0.00442697 0.0142358 0.0132054 0.0160991 9.29321e-05 -0.000143378 0.0020306 0.0062897 0.00649196 0.0118076 0.0155024 0.0121248 0.00774443 0.0129707 0.00681262 0.0180126 0.00947251 0.000280663 0.0012191 0.00470903 0.00063183 0.00184763 0.00200102 0.00039844 0.00326042 0.0158276 0.0170157 0.000980478 0.00500712 0.00659352 0.0108895 0.00374238 -0.00275507 -0.00542098 0.00831682 0.0184455
internal_weight=1.76611e+06 1.18844e+06 801933 755742 717632 709077 447095 88376.4 386504 261982 358719 577675 33032.7 528043 474212 124958 202503 17423 462020 139044 4276.35 261547 12347.2 122938 134768 53830.8 28953.1 1480.12 156216 185080 460540 410478 50062.3 21038.7 2146.92 35023.4 141092 12393.8 6758.08 3322.21 109976 43988.2 2018.62 304339 109892 15826.7 94065.1 48597.8 48336.3 24877.7 10441.2 128698 57076.5 1230.23 10810.8 9077.54 4532.3 10274.7 49632.2 12192.2 89934.2 10200.3
internal_count=3600797 1713055 1236343 1139572 1065946 1050491 695820 152791 476712 354671 543029 1887742 62953 1755391 1409428 165067 321928 32275 1382222 199189 7841 311645 21989 155482 191348 345963 205476 8260 221101 289653 1373962 1187936 186026 172548 3911 53051 216668 21842 12624 5892 139234 72985 3491 980189 374086 77707 296379 148411 147910 140487 55713 194826 90519 2179 19459 16475 7837 55077 132351 27206 112016 18078
cat_boundaries=0 1 2 3
cat_threshold=33553 33424 769
is_linear=0
shrinkage=0.05


Tree=86
num_leaves=63
num_cat=4
split_feature=16 30 12 28 147 13 24 28 48 13 48 13 146 24 24 28 48 13 11 27 24 46 35 24 3 26 13 13 48 147 100 8 71 43 13 15 24 100 38 48 24 3 48 20 48 46 24 111 3 24 100 48 24 12 59 46 147 3 12 12 57 147
split_gain=14863.4 2110.52 2470.12 1987.24 845.336 449.336 409.619 485.417 2133.47 337.991 281.096 244.104 225.012 178.595 171.769 144.709 138.379 273.764 370.253 231.726 204.142 143.22 135.085 128.33 127.729 121.214 111.216 103.358 189.591 102.581 96.487 96.2761 119.39 255.374 235.26 264.119 182.339 125.879 110.625 103.36 91.9982 90.7779 87.6592 86.7955 83.7325 82.5145 85.4773 99.4284 90.6114 106.735 93.0592 81.8673 127.911 81.5451 90.8431 79.1352 78.2823 76.0667 75.3793 75.0404 74.6751 74.6726
threshold=3.5000000000000004 392.50000000000006 2.1666666269302373 3908.166625976563 2.0004616975784306 0.41666667163372045 911.50000000000011 2315.0000000000005 4231.5000000000009 1.0833333134651186 5039.5000000000009 0.75000000000000011 0.83333334326744091 4487.5000000000009 2645.0000000000005 4362.5000000000009 8492.0000000000018 2.0833333730697636 3.5000000000000004 551.50000000000011 1190.5000000000002 5011.0000000000009 1.5000000000000002 87.500000000000014 0 4355.5000000000009 9.7500000000000018 2.0833333730697636 8492.0000000000018 5.3999998569488534 618204352.00000012 2.5000000000000004 1.046933174133301 2671.5000000000005 2.0833333730697636 1.3307163715362551 2645.0000000000005 1663603776.0000002 0.77065846323966991 3742.5000000000005 2645.0000000000005 1 3742.5000000000005 1.5000000000000002 6412.5000000000009 3288.5000000000005 1464.5000000000002 501.58332824707037 2 11879.000000000002 1227620864.0000002 4231.5000000000009 2645.0000000000005 1.1666666865348818 47831.500000000007 7222.5000000000009 0.90000000596046459 3 0.5000000149011613 2.1666666269302373 157688.00000000003 3.0278023481369023
decision_type=2 2 2 2 2 2 2 2 2 2 2 2 2 2 2 2 2 2 2 2 2 2 2 2 9 2 2 2 2 2 2 2 2 2 2 2 2 2 2 2 2 9 2 2 2 2 2 2 9 2 2 2 2 2 2 2 2 9 2 2 2 2
left_child=1 5 3 4 6 23 11 12 13 29 14 30 51 25 -10 -5 21 18 19 20 -18 -14 60 -1 -7 -9 45 55 -29 61 -3 38 39 -34 35 36 37 42 -11 -33 -23 58 -35 -43 -25 56 -47 48 49 50 -48 -8 -53 54 -16 -13 -24 -56 -12 -26 -2 -6
right_child=22 2 -4 15 9 24 7 8 10 31 41 27 16 -15 53 -17 17 -19 -20 -21 -22 40 26 44 59 -27 -28 28 -30 -31 -32 32 33 34 -36 -37 -38 -39 -40 -41 -42 43 -44 -45 -46 46 47 -49 -50 -51 -52 52 -54 -55 57 -57 -58 -59 -60 -61 -62 -63
leaf_value=0 -0.0022002732543237899 0 -9.8815263443208243e-05 0 0 0 0 0 0 3.793372999503775e-05 1.7303908709370707e-05 0 0 -0.0013656152426271999 -0.0023397506958273587 -7.7826397775204732e-07 0 0.011209762534020042 4.0196466224440289e-07 0 -5.8171755412672613e-09 0 3.4738800219018451e-07 0 0 0 0.020796758860013399 0 -0.00018963835481035086 -0.00037556672661447359 0 2.5650804258425811e-10 -1.739589250426832e-10 -2.3067281418320818e-11 -3.1588089708951962e-08 -1.9879370816155986e-09 -2.3965583699769867e-07 7.5076416461428163e-08 -1.4698066221563445e-06 0 0.020371808416214578 -0.0014901821515316876 2.8594163870021563e-09 -0.00011656291595659775 0 -9.6047857123249261e-08 0.0037069733515425977 -5.6630124918299889e-07 -9.3973634322674915e-05 0.14015356095054665 0.019071649209485654 0 -0.0012755913869065727 -0.00053793093464972192 -7.765681430127459e-08 0 -5.4192497430438639e-06 0 0.00012096077791107225 -0.00013015264807984852 0.061255134249930544 0
leaf_weight=79164.213686327217 505.1826583147049 56496.531086146832 42847.410343170166 11187.813750386238 31124.073708496988 89763.415927574039 71718.413225650787 50187.638764500618 3667.1813583374023 1002.8597022593021 268.0426037311554 50385.118016839027 100206.26028132439 1401.10804271698 909.20465376973152 31011.194534301758 3290.9036097340286 4269.2273743189871 944.07425735890865 10415.381105333567 4414.8756595849991 62557.023849971592 982.87840034253895 87600.68811288476 34013.178950309753 885.34993553161621 29961.056377870962 2060.6504139527678 2577.3250350952148 499.22189670056105 80853.940673828125 1369.913537979126 2404.5025615692139 97.534433633089066 1590.8293228894472 791.74691772460938 327.4774055480957 230.28651851415634 6789.8299865722656 7002.7481994628906 849.96253394335508 8145.5351793766022 1789.7120792418718 9913.3803391456604 94933.88671875 139766.64381217957 71064.23203676939 204737.33040618896 21350.384567260742 876.221923828125 15185.542079746723 63357.828862905502 1102.4596197605133 3394.552001953125 376.60729441046715 36604.418251037598 91639.586372375488 2010.6884218454361 2728.5413360595703 970.74394607543945 1426.1197861433029 25089.638510040939
leaf_count=87923 1457 69164 84686 20684 42382 111734 97546 80662 6135 1837 532 68444 149681 2801 1751 65277 5912 8694 1704 17625 8882 102603 1507 104518 51350 1471 347243 3376 4657 930 108030 2258 4330 154 3129 1323 588 398 11706 12753 1884 16444 2837 18170 119550 285893 232035 624999 72856 9816 67930 95385 2339 6462 656 54997 235327 3473 5457 1715 8240 34564
internal_value=0.00668641 0.00988594 0.0113499 0.0120098 0.0126312 0.006851 0.0132409 0.0141927 0.0108035 0.00779057 0.000497597 0.0115489 0.0150726 0.0169729 0.00724091 0.00146556 0.0161989 0.0125953 0.015158 0.0135664 0.00699121 0.0167128 0.000106695 0.00567379 0.0093205 0.0174561 6.23833e-05 0.0135479 0.00627227 0.00987663 0.0102153 0.00273387 0.00500043 0.00970599 0.0163366 0.0240737 0.0322 0.0375687 -0.00180426 0.000934954 0.0185732 -0.00281963 0.0418262 -0.00415615 0.00640301 -0.000100481 0.000177555 0.000636378 0.00186025 0.00257544 0.00239922 0.0135263 0.01482 0.00247291 0.00807401 0.0139358 -0.00146029 0.0131962 0.00522904 0.0118888 0.0133064 0.0100771
internal_weight=1.76509e+06 1.1876e+06 801149 758302 716103 386446 635992 407014 83887.8 80110.4 31413.7 228978 323126 52474.1 10358.2 42199 186948 23334.5 19065.2 18121.2 7705.78 163613 577495 261699 124747 51073 575564 91627.5 4637.98 56712.9 137350 23397.4 15604.8 7232.09 4827.59 3236.76 2445.01 2117.53 7792.69 8372.66 63407 21055.5 1887.25 18058.9 182535 545603 452980 313214 108476 87126 86249.8 136179 64460.3 6691.05 3296.5 86989.5 92622.5 2387.3 2996.58 34983.9 1931.3 56213.7
internal_count=3598866 1711563 1234773 1150087 1064126 476790 944937 636269 144014 119189 59080 308668 492255 84934 18477 85961 296985 42817 34123 32419 14794 254168 1887303 311991 164799 82133 1877606 131474 8033 77876 177194 41313 27770 12759 8429 5300 3977 3389 13543 15011 104487 40603 2991 34614 224068 1530363 1293529 1007636 382637 309781 299965 195270 97724 12342 5880 123441 236834 4129 5989 53065 9697 76946
cat_boundaries=0 1 2 3 4
cat_threshold=33553 577 13357 8257
is_linear=0
shrinkage=0.05


Tree=87
num_leaves=63
num_cat=0
split_feature=16 30 146 28 14 13 12 28 48 30 28 48 28 48 13 109 48 83 13 40 100 31 26 100 75 48 30 94 79 12 64 33 37 103 18 21 30 20 13 65 18 100 8 65 20 94 28 31 31 100 112 130 112 30 45 25 70 35 107 107 35 112
split_gain=14721.8 2129.33 2478.17 1972.31 477.118 454.33 453.927 404.423 1796.27 359.98 176.227 167.461 138.223 132.198 303.018 479.123 192.271 124.083 115.613 218.734 149.397 109.481 105.184 104.417 103.486 102.455 96.834 91.3846 91.376 87.3992 79.5126 78.6632 92.1218 78.2719 89.1665 75.0148 71.8599 65.4534 60.8755 87.4151 59.3885 60.1999 58.8471 58.0486 57.5811 57.2612 56.2805 55.546 55.0137 54.9193 54.3286 54.103 53.0365 52.4773 73.3679 51.2761 51.2607 51.1605 56.3462 50.8147 80.539 134.641
threshold=3.5000000000000004 392.50000000000006 2.1666666269302373 3908.166625976563 2.5000000000000004 0.41666667163372045 0.5000000149011613 2315.0000000000005 4231.5000000000009 1024.0000000000002 873.16665649414074 5039.5000000000009 4362.5000000000009 8492.0000000000018 2.0833333730697636 351.50000000000006 5039.5000000000009 2.5000000000000004 2.0833333730697636 8347.0000000000018 840945664.00000012 381.03485107421881 4355.5000000000009 878307296.00000012 10983.500000000002 4231.5000000000009 4369.0000000000009 288982976.00000006 3234.767456054688 2.1666666269302373 54735.000000000007 1139.5000000000002 182.50000000000003 730292928.00000012 1.5000000000000002 -2.4999999999999996 2562.5000000000005 1.5000000000000002 2.7500000000000004 57728.000000000007 1.5000000000000002 369235920.00000006 1.5000000000000002 1112285.5000000002 3.5000000000000004 145382768.00000003 1555.8333129882815 927.14965820312511 927.14965820312511 763662976.00000012 933.50000000000011 0.47072216868400579 1350.5000000000002 2843.5000000000005 4500.3334960937509 884.50000000000011 1.3843718171119692 7.5000000000000009 354.50000000000006 800.50000000000011 7.5000000000000009 649.50000000000011
decision_type=2 2 2 2 2 2 2 2 2 2 2 2 2 2 2 2 2 2 2 2 2 2 2 2 2 2 2 2 2 2 2 2 2 2 2 2 2 2 2 2 2 2 2 2 2 2 2 2 2 2 2 2 2 2 2 2 2 2 2 2 2 2
left_child=1 5 3 4 6 24 10 9 22 18 49 36 21 16 15 31 44 -2 20 -20 -8 25 47 40 50 -5 33 43 29 -7 -29 32 -15 34 -25 38 -10 -13 39 -35 41 -19 59 -28 -11 -44 57 -9 -18 -3 -1 -32 -26 54 -42 -41 -37 58 -43 60 -14 -62
right_child=17 2 -4 12 -6 28 7 8 11 13 -12 37 42 14 -16 -17 48 23 19 -21 -22 -23 -24 26 52 -27 27 30 -30 -31 51 -33 -34 35 -36 56 -38 -39 -40 55 53 46 45 -45 -46 -47 -48 -49 -50 -51 -52 -53 -54 -55 -56 -57 -58 -59 -60 -61 61 -63
leaf_value=0 0.04526432129356936 0 -0.0001101408066750762 0 0 0 0 0 0 0 0 0.020399546387372361 -0.0019996350455801616 0 0.0083366612429563221 0 0 -5.2890912752956438e-06 0 -0.00018015643706983389 0 1.1955588709700038e-06 0 0.00019374884266861944 0 0 0.016682165554796624 -0.03606700201415719 0 -0.00010489575554616305 0.020841980371593571 0 3.4556771763061267e-05 2.1911424175902194e-05 1.3698773764358372e-08 4.6265345673875865e-07 0 -5.988076478290335e-05 -0.00074004689995583745 -0.00048648567424484988 4.6659406991422017e-07 3.9295570629227041e-09 -0.006272921714534441 -0.011431191662474438 0 0.022618795931214145 6.2999481913703739e-07 0 5.4912241697019365e-05 0 0 0.048358427314328184 0 -8.9793640028341658e-05 -0.00010133828833176918 -0.00025635582479372393 -0.0018247436788001448 1.6063586794656771e-07 -9.5898195090939398e-06 -0.0019996350455801616 3.6630579419877353e-05 3.2254950042675552e-06
leaf_weight=40986.682606974151 2131.4399108886719 53950.412362337112 42846.09154510498 4707.726093173027 8554.7926330566406 55436.449126884341 102402.78730901331 41533.939294695854 3004.0909376144409 78945.847399324179 103001.599609375 10636.107873916626 8388.0228500366211 2109.3784694373608 4602.0069704949856 11286.803400278091 84167.812621593475 48334.463352203369 2707.517486281693 3370.0549163818359 97049.829643249512 4733.2567558288574 770.93791151046753 75766.562557220459 103338.13705560565 1952.5391758680344 4976.9832153320312 346.6571946144104 68107.631134033203 1360.958381652832 15424.896761417389 3739.6038208007812 2030.8002683520317 1091.8380069732666 1126.56103515625 102708.92903327942 6748.1845064163208 9884.9531116485596 23430.261838912964 4570.0974388718605 3030.6807724907994 10825.599534988403 1539.7688903808594 5333.3670043945312 45554.199716567993 10979.587005615234 218548.65399551392 2034.2936534881592 779.95285415649414 37803.554626464844 69134.31396484375 7467.5164785385132 48419.367797851562 1692.250732421875 898.12122946232557 7224.8093451857567 2258.652379989624 13247.247253417969 27449.425058364868 5036.2495346069336 1049.2336342334747 3967.6125876903534
leaf_count=49935 12997 65420 84625 8195 15493 76994 136143 67884 5206 118302 146956 21700 17155 3801 9338 19197 137362 129284 4467 6196 143815 8900 1277 226611 115682 3896 34382 1384 85584 2344 137567 7233 4082 1614 2134 294207 12398 18561 77865 7508 4756 22181 2977 27207 64124 25735 731666 3783 1668 50525 89454 79931 56895 3965 1477 13887 4897 22881 49909 9663 1861 7896
internal_value=0.00669213 0.00987474 0.0113445 0.0120049 0.0126245 0.00682762 0.0127663 0.0135461 0.0101426 0.0141249 0.0107108 0.000753516 0.00152039 0.0154695 0.0119343 0.0147006 0.0158707 0.000145818 0.012599 0.00580342 0.0128061 0.00622883 0.016553 0.000101226 0.00564407 0.0103605 0.000865179 0.003366 0.00930901 0.0107903 0.00510415 0.00523797 0.00998544 0.000480595 0.00176432 -0.000218031 0.00614787 -0.0018099 -0.00217674 -0.00493701 -0.000492253 -0.000582209 -0.000212242 -0.000551302 0.0146189 0.00243317 -0.000291337 0.0168769 0.0177051 0.0091169 0.00681101 0.00546437 0.00479724 0.00460205 0.00777274 -0.00619023 0.000459609 -0.00177791 -0.00270486 -0.00200845 -0.000399211 0.00461146
internal_weight=1.76654e+06 1.18865e+06 801870 759023 716669 386784 708115 513359 74612.5 438747 194756 30273.3 42354 233216 23768.6 19166.6 209448 577885 205530 6077.57 199453 11393.5 44339.2 575754 261879 6660.27 251727 33549.4 124905 56797.4 23239.1 7879.78 4140.18 218178 76893.1 141285 9752.28 20521.1 36317 12886.7 324026 318405 30960.5 10310.4 124500 12519.4 270071 43568.2 84947.8 91754 110121 22892.4 151758 5621.05 3928.8 11794.9 104968 51522.3 38275 18441.1 13404.9 5016.85
internal_count=3601032 1712722 1235834 1151209 1064931 476888 1049438 786537 130809 655728 262901 57865 86278 365107 43651 34313 321456 1888310 290621 10663 279958 20991 72944 1875313 311966 12091 909194 280471 164922 79338 218882 15116 7883 628723 228745 399978 17604 40261 100874 23009 966119 955921 65287 61589 182426 28712 826637 71667 139030 115945 139389 217498 172577 10198 6233 21395 299104 94971 72090 36575 26912 9757
is_linear=0
shrinkage=0.05


Tree=88
num_leaves=63
num_cat=3
split_feature=16 30 32 147 13 13 24 32 48 13 48 28 48 48 13 27 24 24 48 24 147 3 83 13 40 24 40 13 3 60 35 24 88 12 37 12 24 32 69 147 3 37 100 24 104 21 20 40 71 43 13 12 15 32 100 46 46 13 12 12 124 12
split_gain=15049.1 2156.18 2468.5 2492.18 956.863 437.299 424.206 427.25 2313.92 230.729 186.668 261.378 290.237 222.383 303.259 396.483 229.041 159.357 138.809 128.062 122.066 118.033 108.005 105.978 222.327 108.154 97.8668 96.5931 101.754 110.974 118.527 90.6551 90.3009 87.8899 85.8171 81.2616 78.9502 78.5225 86.2298 76.4825 76.4635 76.0805 75.6989 75.5776 73.953 72.2156 65.319 64.7679 63.2873 107.207 154.099 133.365 126.829 125.472 98.9832 63.0056 62.0865 61.9268 61.8251 60.6544 57.2959 56.862
threshold=3.5000000000000004 392.50000000000006 4473.0000000000009 2.0004616975784306 1.0833333134651186 0.41666667163372045 911.50000000000011 2688.0000000000005 4231.5000000000009 0.75000000000000011 3742.5000000000005 2315.0000000000005 5039.5000000000009 8492.0000000000018 2.0833333730697636 551.50000000000011 1190.5000000000002 1464.5000000000002 5039.5000000000009 178.50000000000003 5.3999998569488534 0 2.5000000000000004 2.0833333730697636 8347.0000000000018 416.50000000000006 4881.5000000000009 4.5833332538604745 1 43423.666015625007 7.5000000000000009 1617.5000000000002 5661513.7500000009 2.1666666269302373 826.50000000000011 2.1666666269302373 2645.0000000000005 13485.500000000002 82505.000000000015 3.0278023481369023 2 182.50000000000003 1435613376.0000002 2645.0000000000005 849986944.00000012 1.5000000000000002 2.5000000000000004 16576.000000000004 1.046933174133301 3166.0000000000005 2.0833333730697636 2.1666666269302373 1.3307163715362551 2688.0000000000005 1663603776.0000002 3038.0000000000005 5011.0000000000009 1.4166666865348818 2.1666666269302373 2.1666666269302373 708.50000000000011 1.1666666865348818
decision_type=2 2 2 2 2 2 2 2 2 2 2 2 2 2 2 2 2 2 2 2 2 9 2 2 2 2 2 2 9 2 2 2 2 2 2 2 2 2 2 2 9 2 2 2 2 2 2 2 2 2 2 2 2 2 2 2 2 2 2 2 2 2
left_child=1 5 3 6 20 19 9 10 59 26 31 13 -13 17 15 16 41 46 36 42 39 34 60 44 -25 -26 -3 -24 32 -30 37 -8 -29 -23 -7 43 -10 38 55 -5 -14 -15 -1 56 -11 -6 58 -32 -47 -50 51 52 53 54 -51 -31 -19 -17 -12 -9 -2 -38
right_child=22 2 -4 4 45 21 7 8 18 23 11 12 40 14 -16 57 -18 35 -20 -21 -22 33 27 24 25 -27 -28 28 29 30 47 -33 -34 -35 -36 -37 61 -39 -40 -41 -42 -43 -44 -45 -46 48 -48 -49 49 50 -52 -53 -54 -55 -56 -57 -58 -59 -60 -61 -62 -63
leaf_value=0 0.030083499359420087 0 1.2512837553435574e-06 0 -5.9167550326873559e-11 0 0 0 0 0 0 0 0.00013439702840680316 0 0.0089826425229100667 0 3.4556771763061267e-05 0 -5.4117401027209416e-05 0 -0.00036213214028375519 0 -6.5782013143333988e-07 0 0.00064435772170226015 -0.00017114861521634329 0 -0.0067474492659554963 -0.016621799399097116 -0.014426774593363147 9.163892218416736e-05 0 0.031726859289028034 -9.1835243323500228e-05 0 0.00046526629352017826 0 0.084867149262887326 -0.0020451541345153368 0 -0.00024595397738647051 0 0 -3.1428347890827267e-08 0 1.6927262850796706e-10 0 0.032498270888181184 -1.4369339051967245e-11 2.7164455684847155e-09 -1.2505865856127231e-05 -0.00076140453149467144 1.0735210709824533e-07 -0.00072174415639035235 -1.0217560037624038e-06 0.021985291999952361 0 3.3615532888942039e-07 -0.0001443374060093301 -0.0013562787394966257 0.26482976126712093 -0.00051103438791723084
leaf_weight=110369.3217166434 1858.7891845703125 62463.87659304589 46200.311305522919 31112.117284335196 44935.453073084354 65563.961971282959 61997.422297239304 51142.211881160736 2610.3196468353271 36936.154445290565 53849.035963349044 2758.8842887356877 618.19691455364227 2892.2664764449 4741.280008263886 9834.5422612428665 5942.5981302261353 40789.572319537401 20506.404638290405 113266.20700779557 512.21782398223877 57438.015614151955 442161.27153681591 2135.3002578914165 178.30528259277344 2487.1395721435547 74871.4873046875 30802.895045354962 1423.4998072944582 1760.0992765426636 45425.156591415405 46373.964721679688 5576.1865234375 1426.9303846359253 595.77142715454102 682.2801513671875 3751.2055835723877 3282.3419799804688 9898.3650455474854 25078.826402068138 2912.3392864465714 1979.8116874694824 37847.962524414062 468.28837275505066 50629.803901672363 7144.5404472351074 48833.218614578247 2973.0555419921875 2305.8063259124756 1114.7584403678775 1295.0833146348596 407.46798706054688 370.49282073974609 208.2960422039032 143.27459254860878 32514.099354743958 37499.235529392958 6584.193283200264 481.39368057250977 374.67031860351562 300.24245452880859 3666.7306652069092
leaf_count=122359 8988 76771 96716 42207 84717 79931 83086 83071 4354 49622 82421 4535 1160 5008 9690 15727 11711 63645 40005 144076 944 81849 1055360 3498 334 4479 100571 198379 5218 7704 225187 67785 66567 2465 802 1293 6614 46519 49925 34592 5199 3567 45111 894 74833 13137 69594 19395 4197 1740 2560 717 625 368 243 201217 63915 11614 837 693 4040 7009
internal_value=0.00667186 0.00989055 0.0113693 0.0120553 0.00526489 0.00682287 0.0132696 0.0142309 0.0110024 0.0115482 0.0150355 0.0158696 0.00582103 0.0161641 0.0123165 0.0143482 0.0069135 0.0168378 9.58903e-05 0.00565986 0.00988207 0.00925517 5.41613e-05 0.0134808 0.00624468 -0.00338445 0.0102484 1.2295e-05 0.00119017 0.00203374 0.00223982 0.0133353 -0.00106562 0.0108873 0.00780006 0.0185216 0.00491664 0.00401543 0.00346076 0.0101036 -0.00367263 0.0149491 0.00469243 0.0186705 0.0138774 0.00074498 0.0155411 0.000498682 0.00402849 0.00788685 0.0133518 0.0212757 0.0270155 0.0336177 0.0395672 0.00464795 0.0187903 0.0192446 0.0167347 0.0174667 0.0112151 0.00228374
internal_weight=1.7663e+06 1.18833e+06 801821 755620 114628 386508 640992 411290 82051.5 229702 329239 220867 6289.42 214578 31974.7 27233.4 10814.7 182603 30534.7 261483 56703.2 125025 577976 92366.7 4800.75 2665.44 137335 575817 133656 97276.6 95853.1 108371 36379.1 58864.9 66159.7 79439.4 10028.3 47454.9 44172.6 56190.9 3530.54 4872.08 148217 78757.1 87566 57925.2 103164 48398.2 12989.7 5845.18 3539.37 2244.29 1836.82 1466.33 1258.03 34274.2 78288.8 16418.7 54330.4 51516.9 2159.03 7417.94
internal_count=3601390 1712891 1236298 1139582 186047 476593 953535 643427 141746 310108 501681 350810 10894 339916 57317 47627 20286 282599 57982 311546 77743 165047 1888499 132766 8311 4813 177342 1875471 820111 555165 549947 150871 264946 84314 80733 129747 17977 305365 258846 76799 6359 8575 167470 128454 124455 108304 152852 244582 23587 10450 6253 3693 2976 2351 1983 208921 127560 27341 83258 83764 13028 13623
cat_boundaries=0 1 2 3
cat_threshold=33296 624 65
is_linear=0
shrinkage=0.05


Tree=89
num_leaves=63
num_cat=0
split_feature=16 30 12 32 147 32 40 13 13 13 32 46 147 13 14 109 32 145 40 28 147 71 43 13 14 32 100 40 46 100 100 28 40 147 43 100 37 58 35 147 13 40 33 80 32 30 40 59 32 11 13 146 27 146 49 31 75 83 69 13 36 62
split_gain=14596.1 1985.44 2242.02 2227.99 840.76 587.007 519.15 366.118 344.214 327.516 311.979 1926.02 303.018 293.462 251.018 146.923 153.794 144.809 132.418 119.656 118.337 113.602 275.009 264.73 280.115 183.895 183.539 118.876 109.345 101.805 99.1668 259.608 102.29 99.0774 119.267 105.395 103.034 124.24 127.055 96.028 93.9552 183.285 93.4814 92.0999 91.0439 86.9146 86.7371 82.8764 79.6226 79.3526 201.647 170.024 86.6821 78.038 77.5581 76.7535 76.3853 75.7787 69.1325 86.4483 68.3501 68.2826
threshold=3.5000000000000004 273.50000000000006 2.1666666269302373 4473.0000000000009 2.0004616975784306 889.50000000000011 8347.0000000000018 1.0833333134651186 1.4166666865348818 0.75000000000000011 2688.0000000000005 3984.5000000000005 0.90000000596046459 0.41666667163372045 2.5000000000000004 351.50000000000006 1205.0000000000002 2.5000000000000004 4098.5000000000009 2315.0000000000005 5.3999998569488534 1.046933174133301 3166.0000000000005 2.0833333730697636 2.5000000000000004 2688.0000000000005 1663603776.0000002 3619.5000000000005 4770.0000000000009 763662976.00000012 546882560.00000012 2315.0000000000005 5111.5000000000009 1.0500000119209292 4386.5000000000009 369235920.00000006 418.50000000000006 118356.50000000001 1.5000000000000002 3.0278023481369023 2.0833333730697636 8347.0000000000018 910.50000000000011 37780.000000000007 1650.0000000000002 11247.500000000002 4334.0000000000009 57620.000000000007 2688.0000000000005 3.5000000000000004 2.0833333730697636 0.83333334326744091 779.50000000000011 2.1666666269302373 8145.0000000000009 80.690074920654311 17913.500000000004 3.5000000000000004 23603.000000000004 3.4166666269302373 1.0000000180025095e-35 39200.500000000007
decision_type=2 2 2 2 2 2 2 2 2 2 2 2 2 2 2 2 2 2 2 2 2 2 2 2 2 2 2 2 2 2 2 2 2 2 2 2 2 2 2 2 2 2 2 2 2 2 2 2 2 2 2 2 2 2 2 2 2 2 2 2 2 2
left_child=1 13 3 4 5 9 10 20 15 29 12 46 18 56 30 16 -8 55 -7 -17 39 27 -23 24 25 26 -24 48 -13 -3 -14 44 -33 34 42 -35 58 60 -39 -6 -11 -42 57 53 -32 54 -12 -36 -19 52 51 -51 -10 -15 -40 -9 -1 -2 59 -37 -38 -61
right_child=33 2 -4 -5 7 6 8 17 49 40 11 28 14 43 -16 19 -18 21 -20 -21 -22 22 23 -25 -26 -27 -28 -29 -30 -31 31 32 -34 35 47 36 37 38 45 -41 41 -43 -44 -45 -46 -47 -48 -49 -50 50 -52 -53 -54 -55 -56 -57 -58 -59 -60 61 -62 -63
leaf_value=0 4.4183632841310329e-08 0 -1.9374469547792894e-05 1.9755585749514637e-06 0 0 0 -1.5374758093937686e-06 0 0 0 0 0 0 0 0 0 2.4664101871962888e-10 0 -4.3690371794844603e-05 -0.00044561228250205036 -2.9487146058215789e-11 2.7194039464717438e-09 -1.9700476916106278e-05 -1.8855818462171217e-09 -0.00067223108775457121 -6.7992394446682821e-07 -8.463629797006434e-12 -5.036991369021804e-05 0 0 0 -0.00011073508981568907 -4.914658747656731e-06 2.4334804355052864e-05 -3.1266313904761516e-07 -1.5524402338187275e-05 0.080901289987682659 0.001089685953263242 0 0 -9.3005563053694128e-06 5.8838851094659001e-07 0 0 0.052373266491137875 0 -0.00017759084679870262 -2.4036152053152903e-07 0 0.015537718713135463 3.6505866268798925e-07 0 -0.00022025744896600008 0.015767926508223996 4.8523930178401293e-07 0 2.7832630802120376e-07 -1.5090109125460666e-05 -0.012442801379509661 -0.0021025876946845646 0.0043106598758429369
leaf_weight=90087.266047340119 477.11865261942148 80967.284496150911 43709.867525100708 41497.86788713932 40168.616355068982 85028.579254321754 7346.3317692875862 2462.019130885601 3417.2391480952501 80766.889218330383 51684.787866830826 9523.9253461360931 69649.97932908684 31815.861582696438 1388.5892181396484 10798.652183532715 8263.3107776641846 853.25823020935059 77003.935913085938 615.45575141906738 521.79502892494202 2861.5230693817139 1767.2765706703067 1528.1061759963632 738.40011596679688 318.45527505874634 253.55595257878304 7176.5080261230469 16706.976054787636 78844.115234375 63310.879544923082 1230.8078985419124 1782.6297378540039 48980.79292345047 304.38021612167358 145427.55633307807 11356.028468349483 1024.6589965820312 92320.184134483337 28039.187606334686 1199.4244860112667 2170.2665252685547 2502.3391439542174 49956.878593444824 39336.04067003727 7702.9985656738281 1140.2679748535156 1768.0899758338928 552.96052932739258 458.53750698268414 3229.695158302784 1105.6067600250244 8303.6030874252319 827.39621162414551 20507.053322792053 5716.5695028305054 130865.48873230815 1095.4666109085083 173121.82732009888 1272.3964516986161 3079.3581195087172 67137.659700393677
leaf_count=114849 763 98013 86228 85852 52933 113889 12096 3902 6633 113610 83820 17187 101583 45711 2310 16894 15756 1305 112567 1124 953 5095 2804 2998 1231 570 435 13051 32049 104056 96710 2104 3244 131308 420 309005 35489 6846 321493 38460 1932 3880 4236 61404 66820 109011 2106 2975 1000 782 6658 1974 15152 1422 108460 10245 147871 1595 540530 3739 6877 305316
internal_value=0.00660205 0.0097751 0.0109738 0.0115485 0.0121357 0.0127248 0.0137738 0.00766579 0.00857756 0.010741 0.0143153 0.0114866 0.0149755 0.00628648 0.0164077 0.012053 0.00889924 0.00238047 0.0134135 0.016365 0.00952888 0.00513986 0.00964952 0.0172123 0.0256578 0.034131 0.0396949 0.00121536 0.000411342 0.00941152 0.0165755 0.0175415 0.00307404 8.66829e-05 0.00640022 1.88076e-05 0.000226543 0.00141043 0.00193126 0.00971042 0.0132661 0.00508266 0.0113668 0.00882925 0.0179662 0.00178212 0.016986 -0.00336305 0.0145063 0.00289001 0.00830917 0.0230418 0.000672883 0.0108951 0.00143122 -0.00303407 0.00533587 0.020919 -0.000189501 0.000411811 -0.00297486 0.0018776
internal_weight=1.76507e+06 1.18699e+06 883440 839730 798232 705274 461326 92958.2 43538.4 243948 417787 79056 338731 303553 176699 27023.8 15609.6 24228.6 162033 11414.1 68729.6 16050 7467.32 4605.79 3077.69 2339.29 2020.83 8582.73 26230.9 159811 175310 105660 3013.44 578078 6147.39 571931 522950 135990 121555 68207.8 84136.6 3369.69 4074.92 82600.1 102647 120530 52825.1 2072.47 1406.22 16514.7 4793.84 1564.14 11720.8 32643.3 112827 8178.59 220953 1572.59 386959 213838 14435.4 68410.1
internal_count=3599331 1711268 1340011 1253783 1167931 1032949 711458 134982 77069 321491 634389 135162 499227 371257 272771 45870 27852 42636 226456 18018 92346 28489 13133 8038 5040 3809 3239 15356 49236 202069 270461 168878 5348 1888063 9989 1878074 1746766 588176 545810 91393 119422 5812 6594 108537 163530 538964 85926 3395 2305 31199 9414 2756 21785 47133 429953 14147 262720 2358 1158590 618060 42366 309055
is_linear=0
shrinkage=0.05


Tree=90
num_leaves=63
num_cat=6
split_feature=16 30 147 30 10 24 14 48 24 48 147 24 16 147 23 24 100 30 48 24 109 24 117 30 100 26 24 46 36 41 83 37 97 41 27 17 104 46 147 39 45 3 106 100 3 24 26 117 3 40 30 48 3 24 147 26 108 38 3 94 3 119
split_gain=14579.1 1940.29 2107.48 1662.75 588.984 520.353 455.252 413.162 323.743 1627.73 370.856 268.923 257.129 247.973 233.761 214.304 206.453 150.327 483.667 178.474 134.574 132.171 127.927 120.498 111.957 99.8229 98.5489 92.8823 92.6423 91.4556 91.2264 88.9935 161.387 132.827 115.405 87.0186 82.4167 81.9216 80.4883 168.352 172.835 131.606 127.554 90.4016 90.0131 79.2997 79.1792 78.6195 75.54 71.8805 148.058 153.393 75.8508 71.6616 68.9088 65.0177 64.4877 86.0214 115.27 74.0325 65.5146 97.1919
threshold=3.5000000000000004 273.50000000000006 2.0004616975784306 3948.5000000000005 1.0000000180025095e-35 654.50000000000011 2.5000000000000004 8492.0000000000018 2645.0000000000005 4231.5000000000009 0.90000000596046459 1190.5000000000002 1.5000000000000002 5.3999998569488534 0.9476255774497987 4487.5000000000009 802368608.00000012 2311.5000000000005 5039.5000000000009 1464.5000000000002 351.50000000000006 1190.5000000000002 349.91667175292974 4369.0000000000009 580375328.00000012 4355.5000000000009 4487.5000000000009 5259.5000000000009 1.0000000180025095e-35 3738.5000000000005 2.5000000000000004 182.50000000000003 1.0000000180025095e-35 8541.5000000000018 779.50000000000011 32.500000000000007 555747776.00000012 11879.000000000002 1.450000047683716 0.98576819896698009 4500.3334960937509 0 699.50000000000011 369235920.00000006 1 4487.5000000000009 4355.5000000000009 349.91667175292974 2 3842.5000000000005 2311.5000000000005 5039.5000000000009 3 911.50000000000011 2.80012059211731 407.50000000000006 263.50000000000006 1.5136205554008486 4 129008884.00000001 5 1276.5000000000002
decision_type=2 2 2 2 2 2 2 2 2 2 2 2 2 2 2 2 2 2 2 2 2 2 2 2 2 2 2 2 2 2 2 2 2 2 2 2 2 2 2 2 2 9 2 2 9 2 2 2 9 2 2 2 9 2 2 2 2 2 9 2 9 2
left_child=1 12 3 5 13 16 7 8 10 15 21 31 28 22 -6 25 -3 19 -19 27 -13 36 -4 24 26 -10 46 -12 -1 -21 -2 34 33 -33 -9 37 -7 38 39 40 42 -42 44 -40 -32 -45 -5 -16 -14 -23 -51 -52 -53 -39 -24 -18 -47 58 -58 -60 61 -61
right_child=30 2 4 23 14 6 -8 11 9 -11 17 20 48 -15 47 -17 55 18 -20 29 -22 49 54 -25 -26 -27 -28 -29 -30 -31 35 32 -34 -35 -36 -37 -38 53 43 -41 41 -43 -44 45 -46 56 -48 -49 -50 50 51 52 -54 -55 -56 -57 57 -59 59 60 -62 -63
leaf_value=0 0.041442445963256726 0 -1.5836276734404464e-11 0 -4.4426902157113091e-09 0 0 0 0 0 0 0 0 -0.00097844256309338458 2.8584474232040694e-10 -0.00041733196699344068 0 0 -3.427736893060196e-05 0 0 0 0 -1.0619676455880799e-06 -0.00023471522234990163 0 -0.00040123218123809816 0 0 0 7.2337451420714256e-07 0 0 -0.0020384388107989259 0 0.53772565126462457 0 -5.3404420817612954e-07 -4.9117566282269946e-06 -1.211228545943379e-06 2.3118299214436314e-05 -1.5599055297543289e-06 -5.9603471965485633e-05 -4.4545096653071554e-06 9.6711581536083954e-07 0.044797472494233631 9.744388109023117e-07 2.158335216106977e-09 0 0 0 6.7972147556034454e-05 -0.00011733957700806875 0.010978829787443245 0 0 0.020085079121512941 -0.0075910695768302457 -0.0085788762631934471 0.0019933351469270558 -0.0008453959739356476 0.032548650578839225
leaf_weight=88130.460250823759 2151.5128402709961 82176.458369351923 1452.7278237566352 4307.4433645904064 45764.503295898438 44242.258665461093 5651.88427734375 14811.561732906848 36885.594244677573 20808.705596923828 66019.665412012488 8028.0658475570381 53116.392822265625 2099.7616651058197 601.81845092773438 1763.3572700023651 45479.192744731903 10826.364276885986 4431.7366638183594 32428.581732232124 13923.977453231812 54522.499267578125 30003.062711954117 27021.574859619141 2668.1479907035828 1005.3401782512665 1498.4294643700123 46697.118173837662 134761.11502525955 44540.030822753906 1804.3959849923849 821.44509744644165 4815.7793526649475 2818.9232711791992 10093.844315946102 1095.0438423156738 48516.336826324463 20828.400648117065 46118.234388038516 10913.828074455261 373.93194389343262 5398.3644957840443 1180.1408203542233 342969.86416959763 4740.0563798844814 2430.1836247444153 1781.7405557632446 14760.853057861328 27392.155029296875 44924.254400253296 1631.3015956878662 474.7982143163681 1434.3828502893448 33711.915353775024 42469.392774343491 60768.847050189972 13423.146967887878 9209.9090347290039 5831.1926708221436 27219.636940956116 39306.298223495483 9079.9290924072266
leaf_count=103697 13101 100323 2652 7631 89592 56020 10211 23503 60776 40380 92937 16154 64582 4540 1061 3546 60366 17445 8110 48852 25446 74893 41161 56721 5297 1767 2718 71465 157596 75453 2710 1316 7745 4890 16059 51634 66404 46620 124419 18555 522 8987 2142 875215 7590 17191 3060 26744 45274 67884 2566 868 2339 161942 57638 84793 72940 41140 23682 129864 227716 61741
internal_value=0.00658571 0.00975328 0.0109363 0.0119812 0.00523867 0.0125212 0.0133341 0.0134886 0.0139784 0.0105675 0.0144931 0.00940477 0.00630271 0.00817673 0.00158444 0.0165102 0.0102687 0.0159798 0.0112034 0.016364 0.00510634 0.0129363 0.00865803 0.00168765 0.00630185 0.0173032 0.00939971 0.0150961 0.00542782 0.0182205 7.07224e-05 0.0122329 0.00779888 -0.00014463 0.013738 3.22991e-05 0.0115668 5.44574e-06 -0.000187906 0.00261493 0.00634879 -0.000195774 0.0112396 -0.000325975 0.0139681 -0.000109649 0.0122263 0.006921 0.00872477 0.0141697 0.0155716 0.00572415 -0.00389382 0.00184898 0.00895255 0.0117244 0.00108215 0.000894055 0.00134201 0.000633834 0.00105265 0.00258384
internal_weight=1.76616e+06 1.18837e+06 884972 747820 137152 710542 522118 516466 461152 60463 400689 55313.6 303400 76024.9 61127.2 39654.3 188424 204943 15258.1 189685 21952 195746 73925.2 37277.3 10255.8 37890.9 7587.61 112717 222892 76968.6 577786 33361.6 8456.15 3640.37 24905.4 575634 92758.6 574539 519999 24410.7 13496.9 5772.3 7724.59 495588 6544.45 449470 6089.18 15362.7 80508.5 102987 48464.7 3540.48 1909.18 54540.3 72472.5 106248 106500 104070 94860.2 81437.1 75605.9 36299.6
internal_count=3600186 1712475 1341326 1117938 223388 1042511 797029 786818 691705 106469 585236 95113 371149 105991 117397 66089 245482 314262 25555 288707 41600 270974 101451 75427 18706 62543 13409 164402 261293 124305 1887711 53513 13951 6206 39562 1874610 122424 1822976 1614414 40506 21951 9509 12442 1573908 10300 1449489 10691 27805 109856 148550 73657 5773 3207 208562 98799 145159 574274 557083 515943 443003 419321 191605
cat_boundaries=0 1 2 3 4 5 6
cat_threshold=528 10513 33296 2629 901 11264
is_linear=0
shrinkage=0.05


Tree=91
num_leaves=63
num_cat=0
split_feature=16 147 30 32 13 13 14 147 48 13 32 48 32 147 37 28 29 33 11 13 97 40 23 13 48 13 28 48 40 11 13 13 13 51 23 37 53 40 109 69 103 13 70 15 32 105 40 40 32 147 30 29 40 64 96 23 109 70 104 30 130 17
split_gain=14571.8 1963.71 2446.15 2378.39 841.119 434.005 404.427 340.125 347.887 344.499 300.007 1611.06 268.595 256.033 226.033 218.6 193.638 150.336 224.021 215.908 147.965 123.181 119.61 113.934 97.441 137.628 92.6511 243.252 142.756 85.4149 96.4493 81.9738 78.7083 125.776 194.634 97.3388 98.525 86.5295 77.4585 76.8485 162.83 146.227 178.277 220.129 202.458 162.402 78.7926 77.4175 96.008 76.8058 73.7489 73.5398 72.296 140.389 70.9009 72.8507 108.277 70.7481 68.0434 67.6404 67.3898 67.3716
threshold=3.5000000000000004 2.0004616975784306 392.50000000000006 4473.0000000000009 1.0833333134651186 0.41666667163372045 2.5000000000000004 0.90000000596046459 8492.0000000000018 2.0833333730697636 2688.0000000000005 4231.5000000000009 1205.0000000000002 5.3999998569488534 182.50000000000003 873.16665649414074 489.41667175292974 910.50000000000011 3.5000000000000004 1.4166666865348818 1.0000000180025095e-35 4881.5000000000009 0.9476255774497987 0.75000000000000011 8492.0000000000018 1.4166666865348818 2315.0000000000005 5039.5000000000009 4334.0000000000009 3.5000000000000004 1.4166666865348818 9.7500000000000018 1.0833333134651186 4.5000000000000009 0.63157895207405101 182.50000000000003 1456.5000000000002 3380.5000000000005 351.50000000000006 11847.000000000002 399763888.00000006 2.0833333730697636 1.0345185399055483 1.3307163715362551 2688.0000000000005 1482458816.0000002 3619.5000000000005 3619.5000000000005 2688.0000000000005 3.0278023481369023 157.50000000000003 793.25000000000011 6207.0000000000009 319891.50000000006 182947424.00000003 1.3044674992561343 1.0000000180025095e-35 1.3843718171119692 1379720256.0000002 1289.5000000000002 0.3278822153806687 32.500000000000007
decision_type=2 2 2 2 2 2 2 2 2 2 2 2 2 2 2 2 2 2 2 2 2 2 2 2 2 2 2 2 2 2 2 2 2 2 2 2 2 2 2 2 2 2 2 2 2 2 2 2 2 2 2 2 2 2 2 2 2 2 2 2 2 2
left_child=1 2 5 6 13 50 7 15 10 14 12 -12 -9 16 17 21 -3 -10 19 -19 -16 -4 -6 -7 -17 38 28 -28 -14 30 -22 32 33 34 52 36 54 -34 59 47 -41 42 -42 44 45 46 -44 48 -24 -18 58 -32 53 -2 55 -35 -57 -39 -1 -26 -33 -62
right_child=31 4 3 -5 22 23 -8 8 9 -11 11 -13 26 -15 20 24 49 18 -20 -21 29 -23 39 -25 25 -27 27 -29 -30 -31 51 60 37 35 -36 -37 -38 57 -40 40 41 -43 43 -45 -46 -47 -48 -49 -50 -51 -52 -53 -54 -55 -56 56 -58 -59 -60 -61 61 -63
leaf_value=0 6.6211721410688387e-07 0 0 9.2571687035913899e-07 -1.4145229472073419e-06 0 0 0 0 2.466159059096862e-05 0 0 0 -0.0009920282197045994 0 0 0 0 3.2225066416424757e-07 -1.6807766445303685e-08 0 0 2.2288695888939003e-10 0 0 0 0 -8.7762150589294186e-05 0 3.4680572955636537e-07 0 -0.0044504667944996528 -0.00017391026508039033 6.1532528245685853e-07 -3.2215545109924839e-06 1.0244657671158425e-06 -5.0671597863205524e-07 6.3046524688922077e-07 0 -8.0404460867100634e-12 0 0.026916389135052177 -2.8016143251057304e-10 -1.7047257161451058e-09 -2.2777876909074735e-07 2.1812782968755329e-09 2.4755169913959208e-09 -1.0749358070327731e-10 -2.2848812359789361e-07 0 0 -1.6807766445303685e-08 -2.9811481303784309e-08 1.4195582178188013e-08 6.086382479112224e-07 3.7580928651803628e-07 1.097747858211695e-06 -0.0010543418886438548 0 -0.00065657866349814195 0.025470385422242892 0.65045634465618629
leaf_weight=107444.5380895054 4246.5688408464193 63682.177859216928 52856.597233824432 37359.618606090546 50253.172292083502 72076.37720656395 6190.2056427001953 85789.23904466629 23546.8292709589 6857.3961387872696 29490.22824048996 18962.820617675781 61659.44719832018 1369.723452091217 5308.9914057254791 171521.09292263538 25330.924466848373 5532.1679915487766 554.37259635329247 3571.4245185852051 4269.8193138167262 75509.391845703125 516.90520489215851 39814.088490873575 2491.3864876925945 2483.6853038370609 4332.5785456411541 2090.5062446594238 69511.5600938797 416.36306924372911 466.66750335693359 10056.7759745121 72828.744869470596 3292.9533116295934 14917.351654052734 10925.85905456543 1049.5886764526367 422719.58693695068 4794.2425218820572 4998.2049427032471 1133.4679213874042 2296.2134550698102 58.543612092733383 742.39443969726562 400.86826096475124 267.68725961446762 1590.2204369157553 5507.3523559570312 515.40578258037567 22511.970245361328 73281.783203125 1481.961540222168 3042.7908897399902 4146.1698252111673 1771.7891047522426 777.36672048270702 991.28065653145313 7469.5691909790039 35948.694702148438 1287.8253350257874 19403.779415130615 555.68439102172852
leaf_count=127538 6707 75079 64521 76667 97426 92461 11126 119691 36047 13636 49695 36567 91263 2511 10045 246981 35917 9723 990 6484 7077 101716 789 54583 4174 4493 7060 3855 114091 776 817 111260 193568 4659 31291 24633 1642 1243465 7389 9251 2038 4727 92 1259 737 461 2553 9815 969 31270 88178 2743 5169 7259 2927 1248 1508 16907 45041 2343 208564 27957
internal_value=0.00658276 0.00975096 0.0106132 0.0123284 0.00495874 0.00707215 0.0130432 0.0131672 0.0143014 0.0105542 0.0150183 0.0114511 0.015792 0.00760821 0.0121401 0.0119859 0.00787214 0.0142621 0.00900694 0.00712587 0.00624022 0.0104045 0.000578003 0.00960103 0.0130977 0.0085463 0.0171612 0.011294 0.0174485 0.0112181 0.00974721 7.272e-05 -6.65836e-05 0.00193291 -0.00029613 0.00505619 0.00929081 -0.000246113 0.0115487 0.00407198 0.00653502 0.011759 0.0173127 0.0235868 0.0311763 0.037934 0.0437972 -0.000254032 0.0123072 0.010276 0.0057662 0.000526624 0.00461131 0.0070051 0.0114817 0.014495 0.0226818 2.37014e-05 0.00510659 0.0061924 0.00261691 0.0042986
internal_weight=1.76627e+06 1.18808e+06 1.0069e+06 678336 181175 328565 640977 634787 323842 52006 271836 48453 223383 112895 45148.6 310944 111525 33204.8 9657.97 9103.59 11943.8 128366 68280.4 111890 182578 11057.1 137594 6423.08 131171 6634.81 6218.45 578196 548180 45161.7 26352.9 18808.8 7882.98 503018 8573.45 18027.3 11487.6 6489.4 4193.18 3059.71 2317.32 1916.45 1648.76 6539.66 1032.31 47842.9 216675 1948.63 11435.5 8392.74 6833.39 5061.6 1768.65 430189 143393 3779.21 30016.2 19959.5
internal_count=3601429 1712665 1437771 1029970 274894 407801 953303 942177 510560 88338 422222 86262 335960 144777 74702 431617 142266 53244 17197 16207 21458 166237 130117 147044 265380 18399 216269 10915 205354 11413 10637 1888764 1540983 87043 50426 36617 11984 1453940 13906 32691 21118 11867 7140 5102 3843 3106 2645 11573 1758 67187 260757 3560 19135 13966 10342 7415 2756 1260372 172579 6517 347781 236521
is_linear=0
shrinkage=0.05


Tree=92
num_leaves=63
num_cat=6
split_feature=12 15 28 32 147 13 13 28 48 13 32 48 48 10 28 24 48 104 24 109 48 24 3 3 147 147 24 106 40 24 28 29 145 113 37 115 8 11 13 12 24 28 26 107 3 24 12 5 4 25 38 13 40 13 32 3 3 3 77 26 96 69
split_gain=13489.6 2354.13 2277.03 2228.85 1036.87 472.751 442.411 340.146 470.646 371.931 316.413 2125.56 261.539 267.782 254.99 275.376 244.99 192.853 178.084 350.461 145.534 140.434 129.381 124.065 115.192 117.012 115.121 112.086 107.487 114.378 104.07 94.1231 88.5579 155.951 125.763 118.345 87.7774 86.3808 218.032 160.847 114.131 90.3035 82.8712 80.5088 85.0405 78.6931 84.2567 84.334 78.4645 89.0728 77.4541 76.6966 93.4712 86.3103 75.9757 75.751 74.3 72.8973 87.3995 80.3174 80.0818 71.6209
threshold=2.1666666269302373 1.5236033797264101 380.50000000000006 4473.0000000000009 2.0004616975784306 0.41666667163372045 1.0833333134651186 743.50000000000011 8492.0000000000018 1.4166666865348818 2688.0000000000005 4231.5000000000009 3986.0000000000005 3.5000000000000004 2315.0000000000005 1464.5000000000002 5039.5000000000009 739233088.00000012 1190.5000000000002 351.50000000000006 5039.5000000000009 1464.5000000000002 0 1 5.3999998569488534 3.0278023481369023 87.500000000000014 478.50000000000006 3133.5000000000005 4487.5000000000009 2315.0000000000005 908.41665649414074 1.5000000000000002 856.50000000000011 106.50000000000001 1.0000000180025095e-35 2.5000000000000004 3.5000000000000004 2.0833333730697636 0.83333334326744091 911.50000000000011 2315.0000000000005 174.50000000000003 101.50000000000001 2 2645.0000000000005 1.1666666865348818 6.5000000000000009 84.500000000000014 1565.5000000000002 0.77065846323966991 2.0833333730697636 8347.0000000000018 0.91666665673255932 1205.0000000000002 3 4 5 53813.833984375007 11327.000000000002 279551952.00000006 11847.000000000002
decision_type=2 2 2 2 2 2 2 2 2 2 2 2 2 2 2 2 2 2 2 2 2 2 9 9 2 2 2 2 2 2 2 2 2 2 2 2 2 2 2 2 2 2 2 2 9 2 2 2 2 2 2 2 2 2 2 9 9 9 2 2 2 2
left_child=1 2 5 4 7 26 24 17 10 18 12 -12 21 14 15 -14 -16 43 -10 -20 45 -9 32 -7 25 -6 -1 -28 -2 -30 -21 -11 33 34 -3 -34 50 -33 39 -39 -41 -42 -31 44 -4 -13 47 -47 -44 -50 -8 53 -53 -19 -52 -49 -18 58 59 -51 -60 -38
right_child=28 22 3 -5 6 23 36 8 9 31 11 20 13 -15 16 -17 56 51 19 30 -22 -23 -24 -25 -26 -27 27 -29 29 42 -32 37 35 -35 -36 -37 61 38 -40 40 41 -43 48 -45 -46 46 -48 55 49 57 54 52 -54 -55 -56 -57 -58 -59 60 -61 -62 -63
leaf_value=0 -0.0010299805846383354 1.1011061477031658e-06 -0.0015520979424094472 2.7095699543622234e-06 0 0 3.6352268473621718e-05 0 0 0 0 0 0 -0.00012470942668690621 0 0 0.00014927208735679868 0 -0.00065657866349814195 0 -7.2392437237511761e-05 0 -1.6471581222306317e-09 0 -0.00040136169745904818 0 0 -0.00070480670816218676 -0.00013854930853289817 0.10844094828408385 -2.2814964883033364e-05 0 -3.0670104426810954e-06 2.5885915901830967e-07 6.7749712164721354e-07 1.079105466701855e-06 -9.9160524236197044e-11 0 -0.0001633592361698133 -1.8252933131623907e-08 3.4680572955636537e-07 -0.0022090678043675252 0.015724530859005336 0 0.032918963643701359 -0.0021812044916309616 -0.00048548266852136427 0 -0.040485421545829584 0.0060019374696224431 -1.3471591302334505e-06 0 -0.00011964359548959129 0 -1.4705198763453887e-06 -7.3773973585655749e-08 -0.00023050191521510057 -0.0025332106134348556 -0.012163473049130902 0.078282737777604305 0.0073263325486178756 2.3208772459426542e-09
leaf_weight=78992.423808399821 57530.241485595703 2837.5332317352295 510.02325057983398 42620.88468170166 33464.150685355067 83734.233098551631 1009.2163259983063 73416.768459245563 16071.313824623823 3547.0996182858944 52493.727668762207 2726.9907836914062 130834.31141345389 1408.4292755126953 2080.5679789315909 72371.018203020096 535.64324749261141 67921.503671586514 6334.6452785730362 5215.7562888860703 18402.430267333984 67608.008850097656 56830.836517333984 30119.063057899475 510.4901020526886 25757.917469382286 171859.92726802826 409.48651599884033 367253.1923828125 1253.484317779541 608.80748176574707 10068.53406101279 6325.6920852661133 8779.0679931640625 1541.3253803253174 6805.8824996948242 6542.2517757415771 410.77012053318322 3220.8996536433697 116.6778059899807 811.95181849598885 90.711876749992371 19539.487115383148 77462.186676025391 1182.6995593607426 987.95103454589844 3751.8412017822266 2225.9105987548828 324.77779912948608 36656.333070278168 2167.2647671699524 726.33803492039442 1739.0969009399414 33264.287100560963 4752.7684359550476 587.34999084472656 2479.9467106983066 29315.40655374527 7376.1094789505005 2415.5006256103516 6362.2916641235352 11726.311334609985
leaf_count=87744 165223 4418 781 89047 45562 103848 1846 97030 25200 6219 85588 4533 190208 2326 3457 119485 981 94478 12614 8554 35492 98373 109665 43749 943 35587 206144 596 996321 12328 1141 18889 12029 14283 2744 12599 11441 702 6589 182 1457 174 133518 97109 2772 1915 7134 3875 657 186868 3403 1184 3141 49104 8524 1036 4374 203758 31165 30034 40172 21194
internal_value=0.00661587 0.00946977 0.0100547 0.0115643 0.0121987 0.00678938 0.00703163 0.0128702 0.0135713 0.0087911 0.0140859 0.0112724 0.014737 0.0158568 0.0160038 0.0162808 0.00495509 0.0110354 0.0123883 0.00782136 0.000326629 0.0130717 0.00134252 0.00946222 0.00940758 0.00961152 0.00557821 0.00630299 -7.53085e-05 0.000174137 0.0166733 0.00323133 0.00424204 0.00714273 0.01485 0.00133823 0.00161406 0.0014689 0.00710426 0.0233471 0.0339877 0.0400018 0.00164447 0.0091766 -0.00160753 0.00509187 0.0024621 0.00770852 0.00148733 0.000812113 -0.00277851 0.0124547 0.00373763 0.0126671 -0.00466631 0.0121219 -0.00414958 0.000915593 0.00202527 0.00323184 -0.00140433 0.0035209
internal_weight=1.76603e+06 1.238e+06 1.15488e+06 789765 747145 365115 85930.4 661214 478408 46497.2 431911 81176.2 350735 209710 208301 203205 5096.16 182806 28230.5 12159.2 28682.5 141025 83120.3 113853 59732.6 59222.1 251262 172269 528027 470497 5824.56 18266.6 26289.5 13157.9 4378.86 13131.6 26197.8 14719.5 4651.01 1430.11 1019.34 902.664 103243 79154.9 1692.72 10280 7553.05 3801.21 101990 82450.4 7929.25 103651 2465.43 101186 6920.03 2813.26 3015.59 82125.6 52810.2 39071.8 13738.4 18268.6
internal_count=3601507 1801463 1645725 1203644 1114597 442081 128500 986097 737528 81721 655807 139573 516234 320831 318505 309693 8812 248569 47509 22309 53985 195403 155738 147597 82092 81149 294484 206740 1800044 1634821 9695 34212 46073 21445 7162 24628 46408 27993 9104 2515 1813 1631 638500 100662 3553 18493 13960 6826 626172 492654 13773 147907 4325 143582 11927 4911 5355 491997 288239 216902 71337 32635
cat_boundaries=0 1 2 3 4 5 6
cat_threshold=41801 37649 32897 7460 513 5253
is_linear=0
shrinkage=0.05


Tree=93
num_leaves=63
num_cat=3
split_feature=16 147 30 32 13 13 14 24 48 32 48 13 48 28 48 147 13 109 24 29 48 24 11 13 3 109 23 147 147 28 13 40 100 37 20 88 3 10 13 24 60 88 147 24 37 37 24 100 24 10 24 40 35 51 13 147 3 39 48 32 10 97
split_gain=14482.4 1940.02 2435.19 2339.31 787.583 434.232 402.228 353.887 686.046 372.592 2134.84 292.114 288.905 289.641 255.503 247.142 240.459 221.684 283.239 193.905 174.964 150.128 145.503 285.086 129.809 128.041 119.829 113.873 112.206 110.753 107.95 229.01 103.464 93.7143 91.4169 88.6725 90.1141 101.076 98.1514 86.0268 84.0599 82.043 80.3056 79.9527 77.0648 76.3485 75.2153 73.605 72.9636 71.3214 71.1267 70.0094 69.5254 66.4207 72.85 65.5988 111.264 96.2674 79.0363 215.095 69.8894 73.6225
threshold=3.5000000000000004 2.0004616975784306 392.50000000000006 4473.0000000000009 1.0833333134651186 0.41666667163372045 2.5000000000000004 911.50000000000011 8492.0000000000018 2688.0000000000005 4231.5000000000009 1.4166666865348818 3986.0000000000005 2315.0000000000005 5039.5000000000009 5.3999998569488534 0.75000000000000011 351.50000000000006 1190.5000000000002 489.41667175292974 5039.5000000000009 1617.5000000000002 3.5000000000000004 2.0833333730697636 0 225.50000000000003 0.9476255774497987 0.90000000596046459 0.90000000596046459 2315.0000000000005 2.0833333730697636 8347.0000000000018 618204352.00000012 182.50000000000003 2.5000000000000004 3510130.1250000005 1 5.5000000000000009 5.0833332538604745 178.50000000000003 43423.666015625007 1210104.5625000002 3.0278023481369023 2645.0000000000005 826.50000000000011 4386.0000000000009 1190.5000000000002 1435613376.0000002 2645.0000000000005 2.5000000000000004 87.500000000000014 7097.5000000000009 7.5000000000000009 10.500000000000002 2.0833333730697636 2.0004616975784306 2 0.98576819896698009 5039.5000000000009 2435.0000000000005 3.5000000000000004 1.0000000180025095e-35
decision_type=2 2 2 2 2 2 2 2 2 2 2 2 2 2 2 2 2 2 2 2 2 2 2 2 9 2 2 2 2 2 2 2 2 2 2 2 9 2 2 2 2 2 2 2 2 2 2 2 2 2 2 2 2 2 2 2 9 2 2 2 2 2
left_child=1 2 5 6 15 39 7 16 9 12 -11 17 28 21 -15 19 32 18 33 50 48 34 25 27 44 46 -6 -24 -9 -19 51 -32 -4 -10 -14 36 37 41 55 47 -40 -2 -21 -23 -7 -37 -13 -1 -12 53 -3 -18 -42 -28 -55 56 -38 58 59 -58 -60 -62
right_child=35 4 3 -5 26 24 -8 8 11 10 20 22 13 14 -16 -17 30 29 -20 42 -22 43 23 -25 -26 -27 49 -29 -30 -31 31 -33 -34 -35 -36 45 38 -39 40 -41 52 -43 -44 -45 -46 -47 -48 -49 -50 -51 -52 -53 -54 54 -56 -57 57 -59 60 -61 61 -63
leaf_value=0 -5.7422693283986216e-05 0 0 9.0817729758718713e-07 -1.27837918326712e-06 0 0 0 0 0 0 8.4038832004473826e-10 0 0 -8.8612069537392457e-05 -0.00091740313540149005 0 0 -0.00062547756891138126 0 -9.3703483331175627e-05 0 3.294654430774369e-07 0.012947866058195135 0 -1.5967378119707833e-08 1.9690151675799682e-09 3.294654430774369e-07 0 -2.1857693749294249e-05 0 -0.00015737705639533585 0 0 0 0.010959231040937923 6.583021198880435e-07 -0.007060712328560384 -0.013654262903115378 0 0.016636210896778535 0.0020364190175326201 0 -0.00094083866803402756 0 0.1988081430208018 0.013591282493507918 0 0 -1.9300270936994936e-09 0 0 0.0024069768434967554 2.2356972773085461e-09 0.018625578543159917 -4.1984608332934497e-06 1.4554886370192557e-06 -2.6920903412192287e-06 3.9387481231829259e-07 -2.0122582321962553e-07 4.5873936952434138e-07 -0.00025484501272558682
leaf_weight=89963.097314001061 44950.503728866577 22858.906362622976 56639.645080626011 37348.57049870491 50216.589227706194 64066.115478515625 6233.2526397705078 67131.319841861725 2800.9052563309669 50677.478253602982 2547.726318359375 595.07596058212221 61123.475814888254 2035.1920353677124 2954.9165802001953 1377.8906013965607 45509.141155838966 8734.938512802124 6296.4049339294434 25485.019958913326 17222.521850585938 51519.320860624313 444.62004619278014 2850.850007712841 47237.842183604836 7926.3538556098938 14089.561496734619 869.58932113647461 56156.73193359375 625.16280174255371 2003.8742726445198 2495.7599487304688 80731.748657226562 2087.8508205413818 52500.537583351135 23077.266214370728 12119.302658081055 32132.421670913696 1157.264043211937 95367.596013635397 35628.408633232117 32592.40283203125 22672.026275634766 425.32009887695312 554.34521484375 943.30880737304688 1186.8821613788605 31032.582641601562 7250.1825256347656 2262.923095703125 40953.076639354229 40932.217742919922 37095.215634346008 1147.5119949430227 614.34325636923313 304739.58073806763 4965.4291545152664 27099.993896484375 5390.6106944084167 6764.7601275444031 3583.0457055270672 5622.2466762363911
leaf_count=100167 117811 25061 69399 76626 97318 78324 11198 90431 4812 82305 4243 1164 94666 3412 5238 2544 61681 13885 12329 36030 33005 85883 788 5901 67897 14581 25600 1601 82106 1161 3243 4509 107902 3639 75522 164049 19191 162190 3705 122896 236090 95616 31474 814 750 25237 2604 37370 13326 4110 50079 61062 195885 1915 1246 772138 7530 50171 9308 12502 6480 10117
internal_value=0.0065882 0.00974676 0.0106055 0.0123172 0.00499142 0.00707029 0.0130265 0.0131507 0.0140365 0.0146621 0.0115825 0.00728281 0.0154764 0.0168095 0.00493898 0.00754748 0.0115756 0.0110679 0.00631562 0.00780652 0.000231914 0.0171672 0.00167679 0.00949404 0.00959969 -0.00167677 0.000751357 0.0287558 0.013632 0.0167457 0.0135702 0.00601687 0.0102551 0.0153447 0.0161487 9.59673e-05 -3.30137e-05 -0.00131644 0.000283908 0.00576256 0.00194789 -0.000339374 0.0102019 0.0193949 0.00813725 0.00307002 0.010431 0.00487723 0.00556626 0.00423755 0.00599868 0.0139633 0.00216073 0.00542309 0.0145758 -4.80777e-05 0.00138687 0.000404941 0.00255847 0.00561438 0.000102092 -0.00254517
internal_weight=1.76562e+06 1.18776e+06 1.00608e+06 677858 181678 328222 640509 634276 405963 371545 77697.9 34418.6 293847 170559 4990.11 113347 228312 20545.3 11185.2 111969 27020.4 165569 13873.4 4165.06 111858 9708.31 68330.9 1314.21 123288 9360.1 90941 4499.63 137371 4888.76 113624 577862 553841 109675 444166 216363 73880.9 77542.9 48157 51944.6 64620.5 24020.6 1781.96 120996 9797.91 18114.3 63812 86441.4 72723.6 15851.4 1761.86 370285 65545.4 53426.1 26326.1 11730.2 14595.9 9205.29
internal_count=3599837 1711817 1436440 1029036 275377 407404 952410 941212 633416 570951 132879 62465 438072 265535 8650 145188 307796 35826 20780 142644 50574 256885 26639 8290 146971 18349 130189 2389 172537 15046 130495 7752 177301 8451 170188 1888020 1698734 375617 1323117 260433 435680 213427 67504 86697 79074 189286 3768 137537 17569 32871 75140 122743 431975 28761 3161 887437 115299 96108 45937 20032 25905 16597
cat_boundaries=0 1 2 3
cat_threshold=33552 224 41736
is_linear=0
shrinkage=0.05


Tree=94
num_leaves=63
num_cat=5
split_feature=16 147 30 26 13 14 13 147 30 44 44 13 147 30 30 29 30 106 3 104 30 147 46 13 41 88 39 31 109 27 3 13 65 10 30 104 31 31 84 3 107 147 147 90 36 42 106 3 49 70 33 3 31 41 88 120 31 18 43 94 111 39
split_gain=14397.8 1981.55 2426.18 1785.81 854.995 449.626 440.21 294.394 368.482 1155.88 292.237 292.355 240.625 235.706 230.56 195.72 194.957 143.416 138.142 124.161 115.775 101.993 96.1964 103.133 90.2036 86.7721 86.6241 81.7983 79.8274 76.5588 74.0011 91.8784 85.8051 79.1048 71.9331 75.1142 71.3779 70.0167 69.669 66.7525 60.0742 59.8245 107.168 65.4375 58.7736 58.4779 57.311 56.1882 56.1728 55.311 53.8147 52.7351 52.4455 52.446 51.829 51.9974 49.0561 48.9734 52.252 48.8206 58.2961 61.2363
threshold=3.5000000000000004 2.0004616975784306 392.50000000000006 4355.5000000000009 1.0833333134651186 2.5000000000000004 0.41666667163372045 0.90000000596046459 2311.5000000000005 3893.5000000000005 7986.1667480468759 2.0833333730697636 5.3999998569488534 1024.0000000000002 3948.5000000000005 388.91667175292974 886.50000000000011 511.50000000000006 0 632581152.00000012 4369.0000000000009 3.0278023481369023 8617.5000000000018 1.4166666865348818 5222.5000000000009 3510130.1250000005 1.1196371316909792 381.03485107421881 351.50000000000006 1.0000000180025095e-35 1 6.4166667461395273 32773.500000000007 6.5000000000000009 157.50000000000003 1379720256.0000002 927.14965820312511 381.03485107421881 8.5000000000000018 2 163.50000000000003 3.3000000715255742 4.302898883819581 1.0000000180025095e-35 3.5000000000000004 4688.5000000000009 607.50000000000011 3 12383.500000000002 1.3843718171119692 16373.500000000002 4 80.690074920654311 8541.5000000000018 1210104.5625000002 78.500000000000014 927.14965820312511 1.5000000000000002 4658.0000000000009 164982288.00000003 628.08334350585949 1.5684260725975039
decision_type=2 2 2 2 2 2 2 2 2 2 2 2 2 2 2 2 2 2 9 2 2 2 2 2 2 2 2 2 2 2 9 2 2 2 2 2 2 2 2 9 2 2 2 2 2 2 2 9 2 2 2 9 2 2 2 2 2 2 2 2 2 2
left_child=1 2 6 5 12 7 34 16 10 14 13 17 15 39 36 47 19 26 27 -4 22 -17 -18 28 -15 30 -12 -8 -24 52 33 40 -33 49 35 38 -10 -16 -1 -9 46 43 -43 -6 50 -11 -32 -3 59 54 -27 -36 -28 -54 57 -56 -53 -2 -59 -34 -61 -62
right_child=25 4 3 -5 41 -7 18 8 9 45 11 -13 -14 24 37 21 20 -19 -20 -21 -22 -23 23 -25 -26 44 29 -29 -30 -31 31 32 48 -35 51 -37 -38 -39 -40 -41 -42 42 -44 -45 -46 -47 -48 -49 -50 -51 -52 56 53 -55 55 -57 -58 58 -60 60 61 -63
leaf_value=0 -7.7485633208172752e-05 0 0 0 3.9709407317900512e-09 0 0 0 0 0 0 0.00011470040271469493 -0.00087648856707633893 0 0 0 0 0 0 0 -1.5748839680473914e-05 0 0 -4.2019421275796281e-11 0 0.0078503932177100832 0 0 0 0 4.9064948858319178e-07 -0.014298505807682505 -0.0030654497401577888 -0.010123277355705085 0 0 0 0 -0.0012943832632875574 0 -1.3014108075128027e-07 -0.0010994670780986372 1.3692410984866843e-06 1.6988138784590491e-09 0.069220937340098126 -1.4176191759829317e-05 0.053871801874180128 0 0.039949044831086501 -0.0021726054410264001 0.19623684130372221 0 0 0 0.02772417775412761 0.00086295799242011031 -0.0017325770338790236 1.3096677481927686e-05 -0.00019688492829096393 0.041209336402393951 0.011023848857912433 -0.079219940176018813
leaf_weight=106862.40322840074 45561.680723190308 25316.30549621582 55054.670442998409 27784.196283340454 7167.4878972917795 6400.2528686523438 64258.13126373291 38066.758013249375 27150.815685226582 8546.7777900695801 25951.610857263207 6153.9092629551888 1375.1615538597107 93200.228113069199 2435.7996791908517 31103.143414631486 171433.96945217624 10954.873041316867 47209.350887343287 78738.742248535156 1275.5097385048866 24906.939564213157 2689.0251856707036 1900.4068215340376 43556.039171934128 21508.220095036435 572.06843133270741 554.85237884521484 3304.2468560487032 3810.6428276598454 16243.591310739517 927.28963422775269 10410.491905543953 24470.7421875 5332.6742000579834 35779.996765136719 1572.5097999572754 2611.8357162475586 223.09249678999186 48021.888023853302 382077.6893081665 1843.5676476955414 1578.9647221565247 57818.161642760038 1481.6072708388092 14184.201572418213 997.16462159156799 30681.218912377954 5015.7756414413452 2814.6804504394531 990.82057189941406 67447.64627456665 606.790890827775 2269.6142063140869 2964.2734909057617 32034.544944763184 169.35237693786621 1071.0020022392273 479.68275308609009 7319.9996563456953 20432.383097976446 309.37902608513832
leaf_count=126831 122411 27956 67460 56981 12442 11488 78528 50670 45456 16149 40519 12106 2549 141463 4497 43043 248524 19778 67890 106279 2510 34494 4605 3453 73152 138199 940 744 5177 6117 33527 2998 55778 139444 7721 44909 2957 5200 319 70282 968514 2890 3606 111290 14700 28408 5697 37367 42061 5877 36213 79824 1046 4154 10939 93397 265 1935 874 67754 144310 1366
internal_value=0.00659237 0.00974005 0.0106081 0.0123152 0.00493581 0.0128455 0.00707642 0.0129765 0.0140206 0.0103445 0.0147809 0.0113387 0.00759927 0.0155581 0.0162117 0.00785454 0.0118817 0.0127613 0.00961958 0.0104348 0.0129535 0.00994453 0.0130603 0.00766121 0.0168485 0.00011343 0.0143979 0.00811503 0.0108794 0.00956673 -1.42198e-05 0.000272931 0.00243022 -0.00117892 0.00575631 0.00510385 0.0179437 0.00635418 0.00444098 0.013508 3.29726e-05 0.000521189 -0.00592118 0.000860603 0.00305791 0.00162743 0.00291997 0.00576391 0.00275128 -0.000457223 0.00242227 0.00703399 0.00416606 0.00141307 -0.00022089 0.00123648 0.00665257 -0.00130365 0.00743254 0.00210219 0.00318707 0.00183283
internal_weight=1.76499e+06 1.18788e+06 1.00608e+06 678247 181791 650463 327837 644063 329666 56501.9 273164 50319.5 113383 222845 33771 112008 314397 44165.6 112022 133793 180603 56010.1 179328 7893.68 136756 577111 33210.7 64813 5993.27 7259.12 553130 443734 44415.3 109397 215815 142865 28723.3 5047.64 107085 86088.6 399318 68408.2 3422.53 64985.6 23980.6 22731 17240.8 55997.5 43488 84925.9 22499 72949.7 3448.47 2876.41 82111.2 34998.8 67617 47112.4 1550.68 38472.3 28061.8 20741.8
internal_count=3598033 1712039 1436402 1029371 275637 972390 407031 960902 522894 102667 420227 84660 145409 335567 58110 142860 438008 72554 147162 173739 264269 77537 261759 13235 214615 1885994 52776 79272 9782 12257 1696882 1322005 314267 374877 259869 172059 48413 9697 127150 120952 1007738 130228 6496 123732 189112 44557 39224 65323 311269 235433 174412 87810 6140 5200 229556 104336 80089 125220 2809 269208 213430 145676
cat_boundaries=0 1 2 3 4 5
cat_threshold=33552 224 33033 2576 14432
is_linear=0
shrinkage=0.05


Tree=95
num_leaves=63
num_cat=3
split_feature=146 32 30 146 23 17 10 9 10 12 13 14 115 32 44 24 44 22 3 24 71 45 115 24 3 45 28 44 46 13 8 104 13 44 3 44 39 38 14 115 31 109 13 20 38 36 70 11 13 146 41 32 115 105 96 10 46 71 13 106 9 146
split_gain=13595.1 1880.98 2314.4 1405.55 856.333 424.624 503.926 419.089 399.365 411.364 375.892 319.334 217.968 206.01 1656.76 298.828 453.937 202.766 196.888 178.014 126.09 130.131 124.621 121.982 118.37 118.173 114.562 279.706 183.731 111.88 109.614 109.161 109.327 257.227 107.594 98.9924 97.4972 94.5971 95.5096 93.0069 92.0294 87.2053 195.237 85.5673 82.8542 87.0104 82.4095 80.7002 161.083 96.0425 78.7127 77.6566 75.2226 72.5209 72.0771 69.4547 67.3809 65.2851 65.1054 71.4923 64.2075 63.5785
threshold=2.1666666269302373 4473.0000000000009 392.50000000000006 1.8333333134651186 1.500000059604645 1.0000000180025095e-35 1.5000000000000002 3.5000000000000004 3.5000000000000004 0.5000000149011613 0.41666667163372045 1.5000000000000002 767.50000000000011 2688.0000000000005 3893.5000000000005 1329.5000000000002 7986.1667480468759 1.2508277893066408 0 911.50000000000011 1.046933174133301 1830.0833740234377 680.50000000000011 87.500000000000014 1 7417.6667480468759 2315.0000000000005 4937.0000000000009 4232.5000000000009 2.0833333730697636 3.5000000000000004 523288752.00000006 2.0833333730697636 7986.1667480468759 2 4673.5000000000009 1.0397274494171145 0.91699558496475231 12.500000000000002 1.0000000180025095e-35 80.690074920654311 351.50000000000006 1.4166666865348818 2.5000000000000004 0.77065846323966991 1.0000000180025095e-35 1.123404920101166 3.5000000000000004 2.0833333730697636 0.83333334326744091 6281.5000000000009 2688.0000000000005 562.50000000000011 186079808.00000003 142587808.00000003 3.5000000000000004 6621.5000000000009 1.0038583278656008 0.75000000000000011 442.50000000000006 2.5000000000000004 1.0000000180025095e-35
decision_type=2 2 2 2 2 2 2 2 2 2 2 2 2 2 2 2 2 2 9 2 2 2 2 2 9 2 2 2 2 2 2 2 2 2 9 2 2 2 2 2 2 2 2 2 2 2 2 2 2 2 2 2 2 2 2 2 2 2 2 2 2 2
left_child=1 2 10 4 7 -5 -7 8 9 19 23 -8 53 15 -15 31 26 25 44 -4 21 -19 -22 -1 -14 -13 28 -28 -17 51 34 -11 43 -34 58 -16 56 57 60 -6 54 -18 -43 -33 45 -9 -46 -44 49 -49 -25 -24 -32 -10 -41 -36 -20 -2 59 -12 -39 -21
right_child=37 -3 3 5 39 6 11 18 12 13 30 17 24 14 35 16 41 20 36 61 22 -23 29 50 -26 -27 27 -29 -30 -31 52 32 33 -35 55 -37 -38 38 -40 40 -42 42 47 -45 46 -47 -48 48 -50 -51 -52 -53 -54 -55 -56 -57 -58 -59 -60 -61 -62 -63
leaf_value=0 -0.00010275608619171883 1.6008854995419599e-06 0 5.7610092355540657e-08 -2.7993562300230711e-06 1.6138731850912082e-09 -7.0450716746789298e-05 3.9848611378869364e-06 2.6155986721161357e-06 0 0 0 0.000115383591291583 0 0 0 0 2.7155250270638476e-10 8.9582280196198705e-07 0 -3.9883940905420665e-10 -1.0791676441357368e-10 2.1963542947155073e-09 0 -0.00018341166649559929 0 0 -9.9739745943480028e-05 0 0.028743736116894417 -3.1257104013212829e-06 0 0 -0.00015524322371129884 0 -3.0019353488019985e-05 8.1357514882009707e-08 -0.00039199382904416929 0.036587868625071532 2.982429773577806e-06 1.0031932737207186e-06 0 -1.5169009215387774e-08 0 -2.6371455583760599e-05 -0.00043393591532100544 1.314719358376905e-05 -3.3278937627834181e-08 0.014114639336712143 3.5687166156157796e-07 0 -0.0015161838281163289 1.9224439284111592e-06 1.2715925562519223e-06 4.7777684956996549e-07 -6.2760985841877818e-07 2.1530796889823733e-07 -0.0012131703493881596 0 0 0.00067519436587769603 0
leaf_weight=79065.929568969645 81952.991912841797 52157.923583984375 93530.676734924316 33615.072814941406 7705.1687698364258 17726.531860351562 3396.6414794921875 892.3286784440279 518.46914777159691 64826.001756668091 60763.709850229323 19551.281377792358 306.59525108337402 39133.21067237854 8083.4120082855225 71032.483881473541 4349.5377717018127 235.16494178771973 2077.5955355167389 24480.035888671875 901.4287166595459 2948.2030239105225 768.73653161525726 95480.087678909302 3849.4007472991943 4494.9146671295166 6320.7093296051025 2118.0261421203613 59046.136378765106 451.93780481815338 3633.3939895629883 95018.505207527429 3402.5676275603473 3641.3690185546875 34893.899276934564 16560.248565673828 1710.9351184368134 120703.1261844635 15953.598791122437 1167.6608099937439 5914.7666282653809 3124.1548357605934 3054.9447378367186 91571.622288584709 3924.704794973135 197.6329370290041 752.88382911682129 110.4861571341753 1130.0920203328133 405.25276947021484 87057.35400390625 119.22063159942627 4121.9060592651367 5796.1273373663425 632.66511392593384 877.13418006896973 972.30983066558838 67417.189392089844 30492.450128987432 575.0214536190033 242186.33081054688 77068.73828125
leaf_count=87837 243719 113895 117935 61626 14120 31469 5786 1393 752 84914 73285 33762 470 64225 14516 104151 8732 394 3186 34427 1660 5229 1238 113525 6360 8218 10047 3742 97230 907 6789 141032 5612 6711 52404 32191 2883 300528 230748 1849 11026 5227 5713 127650 6751 299 1176 191 2341 748 109695 211 9362 9430 1082 1425 1572 220055 40258 798 804609 110923
internal_value=0.00658147 0.00944734 0.00985616 0.0114235 0.0121533 0.00531824 0.00821231 0.0124141 0.0125677 0.0127196 0.00674235 0.0118769 0.00287766 0.0135166 0.0108728 0.0139286 0.0156985 0.0135501 0.00251422 0.0107875 0.00481634 -0.00157877 0.0138999 0.00563554 -0.00601353 0.01552 0.0165121 0.0108638 0.0168785 0.0235675 0.00888142 0.0128967 0.0134914 0.00737429 0.00923222 0.00071733 0.0100275 -0.000134078 0.000286063 0.00049992 0.00438069 0.00644095 0.00959583 0.0137223 -0.00369805 0.00870556 -0.0065979 0.00315527 0.0120793 0.03522 0.00634617 0.0338709 0.00310864 0.00873027 0.0142775 0.0115645 0.015407 -0.0011997 0.00832143 0.00738323 0.000119588 0.0122373
internal_weight=1.76597e+06 1.23776e+06 1.1856e+06 788637 704427 84209.1 50594.1 689007 678479 668008 396961 32867.5 10470.6 472929 63776.9 409152 150692 29470.9 10528.4 195079 5424.69 3183.37 2241.32 261603 4156 24046.2 138517 8438.74 130079 1339.89 135358 258460 193634 7043.94 127602 24643.7 4760.84 528213 378843 15420.3 7715.09 12174.5 7824.93 186590 5767.55 1089.96 4677.59 4700.78 1645.83 515.739 182537 887.957 7755.3 6314.6 1800.33 35771 3049.91 149370 91831.2 61338.7 362889 101549
internal_count=3600039 1800380 1686485 1191107 1040607 150500 88874 1012530 995270 978258 495378 57405 17012 714973 110932 604041 238122 51619 17260 263285 9639 5623 4016 311057 6830 41980 215170 13789 201381 2356 184321 365919 281005 12323 168170 46707 7641 1799659 1335885 28077 13957 22952 14220 268682 9619 1692 7927 8993 3280 939 223220 1449 16151 10182 2931 53829 4758 463774 114341 74083 1105137 145350
cat_boundaries=0 1 2 3
cat_threshold=38048 33280 33553
is_linear=0
shrinkage=0.05


Tree=96
num_leaves=63
num_cat=4
split_feature=16 147 30 32 13 14 13 30 48 32 48 48 28 48 13 147 100 109 147 48 32 3 37 28 147 28 11 13 146 27 29 13 40 13 17 13 106 30 100 28 83 147 32 3 147 111 20 40 132 147 103 37 3 32 46 10 13 40 48 10 3 84
split_gain=14390 2045.86 2411.07 2224.41 833.901 671.335 434.42 341.824 604.488 345.823 2053.21 298.06 278.45 276.427 270.535 227.832 221.068 194.496 188.865 158.717 144.375 132.623 122.139 145.437 115.595 108.266 98.1657 248.987 170.415 99.822 96.7799 78.9044 192.454 103.223 75.761 72.8049 87.0769 71.8831 80.1575 69.2736 68.984 65.9144 65.5315 65.4225 76.8863 84.515 64.2605 63.7484 76.9774 67.5949 114.569 146.411 106.271 96.8972 127.525 72.9077 70.5395 69.7957 66.1189 64.3382 62.6287 59.9283
threshold=3.5000000000000004 2.0004616975784306 392.50000000000006 4473.0000000000009 1.0833333134651186 2.5000000000000004 0.41666667163372045 886.50000000000011 8492.0000000000018 2688.0000000000005 4231.5000000000009 3986.0000000000005 2315.0000000000005 5039.5000000000009 1.4166666865348818 5.3999998569488534 690358432.00000012 351.50000000000006 3.0278023481369023 5039.5000000000009 1495.5000000000002 0 182.50000000000003 1277.666687011719 0.90000000596046459 2315.0000000000005 3.5000000000000004 2.0833333730697636 0.83333334326744091 551.50000000000011 199.25000000000003 2.0833333730697636 8347.0000000000018 0.75000000000000011 37.500000000000007 0.75000000000000011 442.50000000000006 157.50000000000003 1435613376.0000002 2315.0000000000005 2.5000000000000004 0.90000000596046459 228.50000000000003 1 0.90000000596046459 586.91665649414074 1.5000000000000002 11388.000000000002 0.33670328557491308 1.450000047683716 560171488.00000012 140.50000000000003 2 4473.0000000000009 3288.5000000000005 3.5000000000000004 0.91666665673255932 3380.5000000000005 5039.5000000000009 3.5000000000000004 3 8.5000000000000018
decision_type=2 2 2 2 2 2 2 2 2 2 2 2 2 2 2 2 2 2 2 2 2 9 2 2 2 2 2 2 2 2 2 2 2 2 2 2 2 2 2 2 2 2 2 9 2 2 2 2 2 2 2 2 9 2 2 2 2 2 2 2 9 2
left_child=1 2 6 5 15 7 37 16 9 11 -11 24 20 -14 17 18 41 22 42 43 -13 35 23 -10 -9 -19 29 28 -28 -16 -20 33 -33 -18 40 36 -8 38 61 -30 -2 -4 -3 -12 45 -45 -22 49 -49 50 51 53 59 54 -42 -54 -56 -51 -57 -52 -15 -1
right_child=34 4 3 -5 -6 -7 21 8 14 10 19 12 13 60 26 -17 31 25 30 -21 46 -23 -24 -25 -26 -27 27 -29 39 -31 -32 32 -34 -35 -36 -37 -38 -39 -40 -41 47 -43 -44 44 -46 -47 -48 48 -50 57 52 -53 55 -55 56 58 -58 -59 -60 -61 -62 -63
leaf_value=0 0.037505475651505762 0 0 2.3289810894611133e-06 1.6482494147318505e-09 -2.8805046126123557e-09 0 0 0 0 0 0 0 0.00013314155545854356 0.0090967769946850522 -0.00077015635395663031 0 0 0 -6.4641178916358122e-05 0 0 0 0 0 -1.9263841387429095e-05 -3.1614990747552699e-08 0.010862003643335838 3.2164634403064872e-07 -1.4410558757393944e-08 0 0 -0.00014748106252573392 0 0.71205620379793655 0 0 0 0 -0.002344673185846986 3.6518042376677253e-06 0 0 0 0 0 0 5.0713783291311724e-08 0.0082706185319984301 -2.7861130461916643e-05 -2.970699458360191e-07 -9.5543829761043702e-06 2.5696874924024387e-07 -0.0018832093319394755 -6.4269270350081349e-09 7.1695578237270888e-05 6.2337089192256148e-06 -2.454309473290257e-08 -0.00021851666400993089 8.3911026047267333e-05 -0.00020954180803132161 -0.0011214198012950538
leaf_weight=107049.66573377862 2129.286003112793 21933.79045778513 60634.086761593819 37257.40501332283 68324.263272464275 6238.4234008789062 55237.0959892869 67460.723503470421 3706.1501509919763 50918.772399187088 1577.3560585975647 77190.723955104128 2032.7615054156631 531.70490647107363 1799.4013777691871 1392.2409298419952 71696.5952238217 8885.7738692760468 9620.9370837211609 17283.5244140625 31582.999385118484 30747.403198242188 4213.4777061343193 2296.5824411138892 56229.443603515625 614.06753349304199 354.8017176669091 2882.3729581236839 870.10139629244804 8115.0234023332596 30755.010183334351 1310.2555488944054 2417.8168411254883 65107.016712330282 792.37292098999023 25606.709449887276 549.12379729747772 73092.2900390625 35710.507019042969 91.088527947664261 3002.5791994184256 28305.821472167969 49707.96271443367 1117.9682698249817 5508.2513656616211 1568.2682390213013 56321.279079437256 44730.31533241272 29869.838623046875 82236.804736062884 363.55872249603271 4406.7779920101166 1887.5578402280807 1250.8134772777557 2780.4854940231889 332.21236562728882 4387.6487047318369 394246.52386617661 4571.4984278678894 649.00841426849365 2439.9299354478717 222.28611152619123
leaf_count=127054 13018 24126 74503 76571 130143 11188 66834 90547 6214 82603 2705 113269 3408 949 3756 2582 98057 14087 11226 33113 53711 46273 8154 4314 81940 1139 621 5902 1578 14877 42059 2218 4436 94811 42806 33519 756 87956 44858 174 4540 37877 65299 1990 10244 2547 88155 139567 143737 227242 539 7694 3115 2435 4277 532 7303 1282191 7775 1101 4291 325
internal_value=0.0065802 0.00972659 0.010608 0.0123097 0.00484388 0.0129997 0.00708969 0.0131601 0.0140327 0.014615 0.0116544 0.0154007 0.016759 0.00513754 0.00763327 0.00747275 0.0116177 0.0114163 0.00772264 0.000523488 0.0171112 0.0096148 0.00662611 0.0112062 0.0135327 0.0165665 0.00234775 0.00875552 0.0267716 -0.000365489 0.0104576 0.0128524 0.00567204 0.013048 0.000106371 0.00855298 0.00754043 0.00577914 0.00512693 0.0376987 8.51326e-05 0.00966652 0.00618111 0.00561659 0.0074064 0.0143508 0.0184973 5.18382e-05 0.0014153 -0.000151535 0.00245856 0.00490311 -0.00249902 0.00789015 0.00950534 -0.00475341 0.00588002 -0.000281001 -0.00797467 0.0125342 -0.0045803 0.00444371
internal_weight=1.76615e+06 1.18851e+06 1.00678e+06 678560 181734 641303 328215 635064 405593 371764 77974.1 293790 170099 5004.4 33828.8 113410 229472 19716.1 112018 27055.4 165095 112140 10216.2 6002.73 123690 9499.84 14112.8 4198.36 1315.99 9914.42 40375.9 140532 3728.07 136804 577637 81392.9 55786.2 216075 142982 961.19 576845 88939.9 71641.8 9771.84 8194.49 2686.24 87904.3 574716 74600.2 500115 23632.1 15828.3 7803.84 11421.5 10170.7 6791.27 7168.13 476483 4903.71 1012.57 2971.63 107272
internal_count=3600831 1712959 1437524 1029949 275435 953378 407575 942190 630288 569472 133202 436270 263783 8648 60816 145292 311902 33908 142710 50599 255135 147382 18682 10528 172487 15226 26908 8275 2373 18633 53285 199522 6654 192868 1887872 101109 67590 260193 172237 1752 1845066 112380 89425 17486 14781 4537 141866 1832048 283304 1548744 39311 26249 13062 18555 16120 11422 11580 1509433 8307 1640 5240 127379
cat_boundaries=0 1 2 3 4
cat_threshold=33553 769 33360 513
is_linear=0
shrinkage=0.05


Tree=97
num_leaves=63
num_cat=2
split_feature=16 147 29 32 13 14 24 40 13 146 32 44 13 12 24 13 147 147 37 24 11 13 12 27 29 106 32 100 95 24 109 75 101 33 40 88 13 40 100 41 112 3 71 23 43 13 15 32 100 3 41 24 44 24 24 65 31 71 95 121 13 47
split_gain=14744.1 2022.97 2294.89 2169.72 835.525 625.947 637.662 363.411 352.166 289.056 401.595 1462.54 274.554 243.836 237.134 215.562 195.435 196.168 166.168 163.406 155.672 232.082 215.974 142.685 125.357 116.345 114.608 112.422 93.5917 92.2851 173.84 92.2109 80.941 109.982 80.5841 79.4739 69.1556 147.925 66.2415 64.6951 64.1226 64.1002 64.0365 180.49 272.869 287.481 251.692 182.496 228.127 63.7967 73.6492 65.8164 63.0049 61.8223 60.8218 60.4275 84.5224 62.1059 88.4008 60.4763 76.5806 62.6654
threshold=3.5000000000000004 2.0004616975784306 199.25000000000003 4473.0000000000009 1.0833333134651186 2.5000000000000004 654.50000000000011 8347.0000000000018 1.4166666865348818 0.83333334326744091 2688.0000000000005 3893.5000000000005 0.75000000000000011 0.83333334326744091 911.50000000000011 2.0833333730697636 5.3999998569488534 2.80012059211731 182.50000000000003 1190.5000000000002 3.5000000000000004 2.0833333730697636 0.83333334326744091 1.0000000180025095e-35 199.25000000000003 478.50000000000006 1352.5000000000002 763662976.00000012 7777885.0000000009 1190.5000000000002 310.50000000000006 17913.500000000004 470808192.00000006 2263.5000000000005 5111.5000000000009 5661513.7500000009 2.0833333730697636 8347.0000000000018 546882560.00000012 7547.5000000000009 1468.5000000000002 0 1.046933174133301 0.9476255774497987 3166.0000000000005 2.0833333730697636 1.3307163715362551 2688.0000000000005 1663603776.0000002 1 8541.5000000000018 1049.5000000000002 4415.8334960937509 2645.0000000000005 2165.5000000000005 32773.500000000007 443.59939575195318 0.99699902534484874 382526752.00000006 38.500000000000007 1.0833333134651186 473.93716430664068
decision_type=2 2 2 2 2 2 2 2 2 2 2 2 2 2 2 2 2 2 2 2 2 2 2 2 2 2 2 2 2 2 2 2 2 2 2 2 2 2 2 2 2 9 2 2 2 2 2 2 2 9 2 2 2 2 2 2 2 2 2 2 2 2
left_child=1 2 13 5 16 6 12 9 18 26 19 -12 27 25 15 -10 17 -3 29 52 -16 22 -22 49 -19 31 28 -4 -8 -9 -31 -1 -21 53 -35 55 39 -38 -30 -14 -33 -15 54 -44 -45 46 47 48 -46 -20 -51 -52 -11 -34 -6 56 -2 58 -57 -59 61 -61
right_child=35 4 3 -5 42 -7 7 8 14 10 11 -13 36 41 20 -17 -18 24 23 32 21 -23 -24 -25 -26 -27 -28 -29 38 30 -32 40 33 34 -36 -37 37 -39 -40 -41 -42 -43 43 44 45 -47 -48 -49 -50 50 51 -53 -54 -55 -56 57 -58 59 -60 60 -62 -63
leaf_value=0 -1.5780081521891152e-07 0 0 1.4531141106388647e-06 -5.1302700976307847e-10 -2.7364793764306228e-09 -0.0012444098626427148 0 0 0 0 0 0 0 -1.3690030820079358e-08 -0.00014010700939944831 -0.00074087085635416003 0 0.00010192194053994519 0 -3.0034241205179057e-08 0.012865807187709744 2.9690985372532456e-07 0 0 -0.00067270512583643297 0 0 0 0 0 0 0 0 -5.1371870446016542e-05 0.026615791876107589 0 -4.3297939584685531e-06 0 0 0 0 -1.1116321754434112e-06 -5.2056271515610326e-10 1.8942568617877318e-09 -0.0010811393162404172 -5.0255889465841058e-09 3.5043574065077799e-05 -2.190931109805113e-06 0 -0.0020415155594600497 0.014604286328612038 0 0 0.0016946636234448698 1.1014026779143493e-07 -0.0097325113732774689 9.8591287259675701e-07 0.0050649096691456237 1.0483025808068457e-06 -0.00014196821256020619 -2.817590333570698e-07
leaf_weight=87519.370418475941 5899.5500753037632 54821.098759293556 62095.301879495382 37507.603137969971 26323.587316662073 6396.8616180419922 668.14872431755066 17213.090437948704 3638.5365512147546 30532.542423248291 29485.054498940706 20152.246714800596 32574.083271384239 26462.652954101562 9806.9602061510086 1226.2225129231811 1378.7017710208893 13995.519100546837 1165.5324096679688 41444.267924785614 361.54777354001999 2825.6542956233025 937.70822334289551 6930.4366509914398 43063.786288827658 418.74407482147217 118766.8193359375 66896.160034179688 39603.78869375959 2337.6278154850006 3461.0208661556244 84324.712284058332 81565.133066032082 1065.3621398471296 1021.0259418487549 8774.8293323516846 1071.3794913589954 1883.8525924682617 50551.95682778582 31581.244571685791 29686.110679507256 16233.998222351074 20573.490814208984 3416.9110260009766 1793.0217392779887 1737.1703692935407 785.7159423828125 374.15423989295959 308.62226420640945 1724.1483082771301 1567.9841387718916 2955.8244816809893 49035.396282196045 415.83000946044922 12969.007738113403 145414.55806516483 2505.1559410095215 160090.24277536571 40538.869934082031 4437.9226151257753 205778.03777313232 4384.0578155517578
leaf_count=109300 10336 69111 73879 77686 46898 11467 1213 26413 5954 41484 49295 38462 43191 32622 18530 2259 2554 16153 1910 61174 632 5860 1730 11239 57388 608 177859 86441 50243 4422 5672 93639 133543 1839 1870 95156 1708 3352 69028 45897 35302 24227 40067 6280 2851 3470 1327 696 532 3215 2669 6661 72135 787 28058 395281 7522 525167 175469 7437 661755 8883
internal_value=0.006531 0.00972038 0.0105978 0.0119529 0.0048627 0.0125612 0.0127002 0.0136158 0.0098161 0.0140753 0.0152071 0.0111711 0.0102701 0.00638544 0.00423344 0.0137368 0.00749646 0.00772707 0.012625 0.016184 0.000914311 0.00906347 0.0265494 0.00839987 0.00977939 0.00565954 0.0126997 0.00892046 0.0113622 0.0152581 0.00979927 0.00571428 0.017308 0.0182002 0.00685781 -1.8895e-05 0.0128641 0.00538161 0.0115004 0.0132086 0.00477703 0.00981862 0.000493964 0.00227666 0.00844509 0.0158884 0.0246384 0.0324617 0.0381883 0.00357695 0.00155674 -0.00179134 0.0144106 0.0184887 -0.000821146 -9.17221e-05 -0.00429978 -2.86256e-05 0.000718375 -0.000399365 -0.000948018 0.00361346
internal_weight=1.76448e+06 1.18665e+06 1.00511e+06 760466 181541 722959 716562 520460 56152.3 464308 254717 49637.3 196102 244646 18796.6 4864.76 113259 111880 37355.7 205080 13931.9 4124.91 1299.26 14343.9 57059.3 201949 209591 128991 90823.9 23011.7 5798.65 201530 125512 84067.4 2086.39 577823 67110.6 2955.23 90155.7 64155.3 114011 42696.7 68281.7 28989.1 8415.6 4998.68 3261.51 2475.8 2101.64 7413.49 6247.96 4523.81 79567.9 81981 39292.6 569048 8404.71 560644 185953 374690 214600 8821.98
internal_count=3597808 1710802 1435417 1139719 275385 1062033 1050566 796098 97166 698932 400589 87757 254468 295698 34965 8213 145206 142652 62201 312832 26752 8222 2362 25694 73541 238849 298343 160320 120484 36507 10094 238241 199213 138039 3709 1887006 94148 5060 119271 89088 128941 56849 130179 55223 15156 8876 5406 4079 3383 14455 12545 9330 113619 134330 74956 1791850 17858 1773992 570750 1203242 678075 16320
cat_boundaries=0 1 2
cat_threshold=37392 33344
is_linear=0
shrinkage=0.05


Tree=98
num_leaves=63
num_cat=0
split_feature=16 30 146 32 24 40 32 46 12 40 104 30 12 15 21 24 24 71 8 43 24 46 20 40 12 145 71 146 146 29 79 27 70 25 12 21 15 40 17 31 12 15 21 19 146 40 69 8 21 17 46 12 87 84 12 12 106 31 107 57 69 79
split_gain=14442.1 1868.16 2240.19 2203.74 612 431.568 350.904 1760.32 246.028 245.241 244.739 261.937 205.831 285.834 403.587 205.215 156.857 143.434 136.119 153.963 132.199 98.6006 85.8728 83.5339 82.1832 105.268 97.1471 96.4127 81.7774 81.4095 80.8306 80.2992 75.1383 83.3609 74.678 87.4163 105.056 74.3719 72.2468 69.1745 65.4681 117.478 143.135 104.067 92.7816 81.8031 62.7731 83.0948 61.6611 61.2724 61.1378 60.1396 58.9529 58.6806 57.4807 56.464 57.5174 79.2371 56.4366 54.7664 54.4521 52.643
threshold=3.5000000000000004 273.50000000000006 2.1666666269302373 4473.0000000000009 771.50000000000011 8347.0000000000018 2688.0000000000005 3984.5000000000005 0.5000000149011613 5956.5000000000009 555747776.00000012 2311.5000000000005 1.8333333134651186 1.3307163715362551 1.0000000180025095e-35 1329.5000000000002 1190.5000000000002 1.046933174133301 2.5000000000000004 2671.5000000000005 1190.5000000000002 4770.0000000000009 2.5000000000000004 4334.0000000000009 1.8333333134651186 2.5000000000000004 1.046933174133301 0.5000000149011613 0.83333334326744091 104.75000000000001 3234.767456054688 671.50000000000011 1.3843718171119692 1.0000000180025095e-35 1.8333333134651186 1.0000000180025095e-35 1.3307163715362551 5111.5000000000009 37.500000000000007 515.28085327148449 1.8333333134651186 1.3307163715362551 1.0000000180025095e-35 3.5000000000000004 0.83333334326744091 3619.5000000000005 82505.000000000015 10.500000000000002 1.0000000180025095e-35 1.0000000180025095e-35 10202.500000000002 1.0000000180025095e-35 0.9294915795326234 1.5000000000000002 1.0000000180025095e-35 2.1666666269302373 442.50000000000006 605.08557128906261 101.50000000000001 204406.00000000003 82505.000000000015 7693.6557617187509
decision_type=2 2 2 2 2 2 2 2 2 2 2 2 2 2 2 2 2 2 2 2 2 2 2 2 2 2 2 2 2 2 2 2 2 2 2 2 2 2 2 2 2 2 2 2 2 2 2 2 2 2 2 2 2 2 2 2 2 2 2 2 2 2
left_child=1 8 3 4 9 6 10 23 29 28 16 12 15 14 -14 22 -6 -16 -19 -20 -7 -9 -12 34 27 48 -27 -11 -3 50 55 -22 33 59 51 36 -36 -13 46 -34 44 42 -42 45 -18 -44 47 52 49 -26 -1 -8 -35 -49 -17 56 -10 -58 -48 -2 -61 -60
right_child=32 2 -4 -5 5 20 7 21 30 24 11 37 13 -15 17 54 40 18 19 -21 31 -23 -24 -25 25 26 -28 -29 -30 -31 -32 -33 39 38 35 -37 -38 -39 -40 -41 41 -43 43 -45 -46 -47 58 53 -50 -51 -52 -53 -54 -55 -56 -57 57 -59 61 60 -62 -63
leaf_value=0 -0.0021742513703508401 0 -4.7110585047945827e-05 1.3317364645659692e-06 0 0 0 0 0 0 0 0 0 -8.4168309433252382e-09 -3.003124397606805e-10 0 0 -1.15710036617811e-06 -0.00011939657687013439 1.6423720938796295e-09 9.0718661547840794e-05 -3.4104785769062397e-05 0 0 -2.5996554020579768e-09 -1.8861042727635893e-10 1.8501999987652341e-09 0 0 0 0 0 -4.0866416654757189e-06 -1.0686209166710449e-05 0 1.9085884539471466e-10 -2.5996554020579768e-09 -3.3698241881374713e-06 0.69469176083554351 -0.012184334099428529 0 -8.4168309433252382e-09 2.5718306373434531e-10 -2.4024465750116519e-10 0 -1.0252092508267197e-10 0.026639147769150509 0.015969647050643809 -4.6371472661732589e-09 0 0 0 9.9970866077458432e-07 0.13037847627902463 0 -0.00015910104892332872 -0.00066303839167480838 0.041746474783935908 -0.0001304165275607172 0.11161888074255458 0.026793221101986932 0.004854463783066954
leaf_weight=99104.976216054289 333.01396465301514 97175.391669869423 43645.902919769287 41366.127497553825 60100.4303637743 25187.863095283508 2357.7969460487366 10753.782172560692 31009.815033912659 47344.701049804688 43144.284833431244 1718.7715556621552 7945.178035736084 2758.016357421875 3358.1240005493164 3427.4592746496201 66693.507568359375 712.87319183349609 464.96461546421051 1020.9770349264145 8521.1872340589762 18750.6399102211 49511.804952979088 1258.004150390625 391.93353271484375 1398.2856578826904 906.63218879699707 95253.805236816406 35467.959655761719 60570.430795788765 77825.472229003906 16862.247816905379 8570.9314193725586 76413.912703619339 2263.216682434082 2002.4292449951172 502.69680786132812 3152.3611831665039 786.81312223523855 2520.3010025024414 3317.4935150146484 1187.2742919921875 434.90220147371292 1689.8674254417419 56664.973449707031 242.65439957380295 1553.6033351421356 26703.022684428841 764.06982421875 3382.712646484375 33374.54833984375 49606.07218170166 347829.10920300335 880.58793609868735 71188.73583984375 815.68949508666992 662.36548709869385 460.12544059753418 98718.634775161743 638.40576076507568 661.02402687072754 12263.163259506226
leaf_count=110871 1175 116876 86030 85510 78620 41362 3447 19484 44876 61566 64880 2892 13659 4864 5883 5134 92073 1234 871 1720 17382 36349 69206 2327 631 2280 1460 133884 46747 75000 96991 31180 17475 198105 4040 3703 913 5691 42838 7276 5340 1972 694 2753 84301 405 5765 241878 1245 5434 39983 80329 942168 11046 115882 1415 1141 1392 335888 4118 3841 76420
internal_value=0.00654987 0.00970413 0.0108667 0.0114404 0.0120231 0.0130456 0.0135215 0.0106672 0.00632179 0.0101498 0.0141808 0.0154586 0.0157623 0.0103903 0.0133865 0.0162844 0.012916 0.00304852 0.0129748 0.0215899 0.00865802 0.000724155 0.0147123 0.0157259 0.0115389 0.00618437 -0.00251543 0.0117958 0.00858475 0.0052439 0.0082002 0.00611082 6.67782e-05 0.000146545 0.0160085 0.0100155 0.0157752 0.00401304 0.000113941 -0.00400882 0.0138913 0.00913828 0.0121259 0.00273075 0.014156 0.0192799 9.28171e-05 0.000355995 0.0106033 0.0132253 0.00454948 0.0165582 0.000183084 0.00301519 0.0182365 0.0102765 0.0106063 -0.000507977 -0.000963789 0.0114274 0.0160635 -0.00109633
internal_weight=1.76559e+06 1.18772e+06 883898 840252 798886 516801 466229 87494.6 303823 282085 378735 188404 183532 16260.1 13502.1 167272 190331 5556.94 2198.81 1485.94 50571.3 29504.4 92656.1 57990.2 149442 6843.63 2304.92 142599 132643 193050 110773 25383.4 577873 566781 56732.2 4768.34 2765.91 4871.13 565149 11091.2 130231 6872.19 5684.92 2367.42 123358 677.557 564362 451827 4538.72 3774.65 132480 51963.9 424243 27583.6 74616.2 32948 32132.3 1122.49 112535 1632.44 1299.43 110982
internal_count=3599915 1711922 1340253 1254223 1168713 798590 708666 150592 371669 370123 558074 291916 283333 28231 23367 255102 266158 9708 3825 2591 89924 55833 134086 94759 206500 11050 3740 195450 163623 225854 145815 48562 1887993 1863242 92432 8656 4953 8583 1854108 24751 187538 11164 9192 3852 176374 1099 1811270 1393197 7310 6065 150854 83776 1140273 252924 121016 48824 47409 2533 418073 9134 7959 412308
is_linear=0
shrinkage=0.05


Tree=99
num_leaves=63
num_cat=3
split_feature=16 147 30 26 13 24 13 30 40 30 44 13 40 24 104 44 147 147 109 24 3 12 24 29 147 24 13 40 13 24 13 11 13 12 109 24 30 13 37 30 106 100 147 12 17 12 70 3 112 24 26 86 109 106 90 44 13 128 37 38 44 3
split_gain=14342 2116.46 2415.21 1802.8 895.105 506.225 435.664 315.325 567.475 304.328 1802.99 274.183 259.771 235.507 200.458 198.75 187.726 201.468 180.286 297.872 134.632 134.626 118.164 115.697 112.846 103.114 100.547 177.865 96.8008 91.1537 138.461 124.301 225.008 197.421 90.9428 88.0092 84.3964 81.5671 78.0936 74.0481 70.1739 69.715 69.2771 66.9046 66.1859 64.7994 93.928 91.7225 87.253 85.779 107.594 84.0333 78.8354 102.155 85.4853 103.184 76.4775 79.6015 75.4763 67.5356 67.9486 67.1205
threshold=3.5000000000000004 2.0004616975784306 392.50000000000006 4355.5000000000009 1.0833333134651186 4487.5000000000009 0.41666667163372045 886.50000000000011 8347.0000000000018 2311.5000000000005 3893.5000000000005 1.4166666865348818 4616.5000000000009 2645.0000000000005 739233088.00000012 4673.5000000000009 5.3999998569488534 2.80012059211731 351.50000000000006 1190.5000000000002 0 2.1666666269302373 1329.5000000000002 199.25000000000003 0.90000000596046459 2645.0000000000005 2.0833333730697636 8347.0000000000018 0.75000000000000011 911.50000000000011 2.0833333730697636 3.5000000000000004 2.0833333730697636 0.83333334326744091 225.50000000000003 178.50000000000003 2311.5000000000005 0.91666665673255932 182.50000000000003 2311.5000000000005 442.50000000000006 1435613376.0000002 0.90000000596046459 2.1666666269302373 44.500000000000007 2.1666666269302373 1.3843718171119692 1 688.50000000000011 4487.5000000000009 174.50000000000003 1.7303703427314761 59.500000000000007 699.50000000000011 435007.21875000006 4415.8334960937509 1.9166666865348818 116.16666793823244 22.500000000000004 3.9421279430389409 8561.1665039062518 2
decision_type=2 2 2 2 2 2 2 2 2 2 2 2 2 2 2 2 2 2 2 2 9 2 2 2 2 2 2 2 2 2 2 2 2 2 2 2 2 2 2 2 2 2 2 2 2 2 2 9 2 2 2 2 2 2 2 2 2 2 2 2 2 9
left_child=1 2 6 5 16 7 35 14 9 12 43 18 24 21 42 25 17 -3 19 38 37 22 -14 -19 -9 -12 28 -28 -16 30 34 -31 33 -33 -13 41 -20 40 -10 -35 -8 -1 -4 -11 45 47 48 -2 -47 -50 -51 -48 -49 54 56 -56 57 -54 -59 60 -52 -57
right_child=44 4 3 -5 -6 -7 20 8 11 10 15 29 13 -15 26 -17 -18 23 36 -21 -22 -23 -24 -25 -26 -27 27 -29 -30 31 -32 32 -34 39 -36 -37 -38 -39 -40 -41 -42 -43 -44 -45 -46 46 51 52 49 50 59 -53 53 -55 55 61 -58 58 -60 -61 -62 -63
leaf_value=0 9.4217301330829916e-08 0 0 0 1.2872697130461575e-09 3.3503986628991015e-06 0 0 0 0 0 -0.00045483885110144708 0 0 0 -1.9439092166847557e-05 -0.00068406963541288327 0 0 -4.5359330773875333e-06 0 -9.3197287859093247e-05 0 0 0 0 0 -0.0001331016589294798 0 -1.3005529275744722e-08 -0.0040107525636914982 -2.8532529139368991e-08 0.012222516828324259 2.8206436104016854e-07 7.2017319188949471e-10 0 -1.7408362619653062e-05 0 0 -0.0023464852716869704 0 0 0 -0.001211075188969891 1.0108228885487389 -0.0014836365712346923 -0.0011226752947549406 1.4580867426627869e-07 -0.00016894691695433785 0.11817755301977753 0.0017420240881293016 -0.019295372670169255 4.7039400203870965e-06 -2.8051016224541903e-06 1.1986685573304502e-05 -0.00037118125402152598 7.8648788058470066e-06 8.5569304059226572e-06 -8.8318389871097717e-05 -0.037495968074459082 0.029592017679460448 5.0057430520025119e-05
leaf_weight=89663.811926763505 59905.356292724609 54702.934834301472 70555.874050855637 27770.09073638916 68298.803814351559 7969.5113512277603 65641.952737152576 87305.918798744678 3704.3774949908257 52737.084383055568 3349.5370483398438 90.698550470173359 57281.094353705645 1999.3820152282715 60991.295371115208 18308.946421101689 1393.7450351715088 13989.673278331757 8951.0824471712112 5891.8866214752197 30777.841591358185 1049.2630281448364 66071.678289413452 43137.297117710114 81132.928601980209 6867.0833129882812 1235.3366813138127 2580.4845657348633 59967.792805664241 9759.3795624729246 318.39874919503927 346.00232380069792 2865.2222848832607 789.35261255502701 501.6623147726059 95513.595027118921 612.0151035785675 14878.462258428335 858.38701915740967 89.230929911136627 638.82619488239288 31022.831298828125 34885.638916015625 370.03565979003906 545.6767692565918 39448.129971027374 6055.2876310348511 16343.421943664551 329905.50322771072 1220.1950626373291 91748.609668254852 1689.6935424804688 6918.8839670233428 3949.26429271698 557.61277318000793 1531.4801983833313 2943.2918328233063 1079.7973825931549 1257.9518928527832 536.96589660644531 12028.34575510025 372.10541677474976
leaf_count=99903 112496 68901 87279 57017 130043 16683 79857 119072 6208 85604 5670 150 85242 4048 84015 34745 2580 16195 14172 11529 46273 1922 108776 57415 120535 12578 2108 4763 88124 18550 562 602 5962 1448 804 123095 1128 20068 1472 174 879 37351 46936 684 34354 116817 15312 31082 922476 12337 484223 4248 10496 8347 828 2437 5780 1841 2404 1618 120281 560
internal_value=0.00656515 0.00971066 0.0106078 0.0123138 0.00474163 0.0128472 0.00708714 0.0130028 0.0138324 0.0143969 0.0116947 0.00772095 0.015145 0.0168585 0.011521 0.00155554 0.00746858 0.00769591 0.0115331 0.00699355 0.00961919 0.0171321 0.0172839 0.00977277 0.013859 0.00714253 0.0128775 0.00488325 0.0131296 0.00255022 0.0178686 0.00154187 0.00885885 0.0267935 0.0321543 0.00577613 0.0164948 0.00854638 0.0165834 0.0393867 0.00779608 0.0048785 0.00991564 0.0171407 0.000106562 9.00992e-05 -0.0001447 0.00128478 -5.56081e-05 0.000148375 0.00138916 -0.00560644 0.00331972 0.00554592 0.00746856 -0.00102981 0.00918339 0.0114157 0.00343525 0.0012164 0.00130799 -0.00657309
internal_weight=1.7649e+06 1.18687e+06 1.00534e+06 677207 181522 649437 328137 641467 411251 376473 81632.7 34777.7 294840 126401 230216 28525.6 113224 111830 20017.7 10454.7 111937 124402 123353 57127 168439 10216.6 124775 3815.82 120959 14759.9 910.76 13849.2 4089.81 1224.59 592.361 216200 9563.1 81159.2 4562.76 878.584 66280.8 120687 105442 53107.1 578038 577492 482633 94859.2 474888 435440 105534 7744.98 34953.8 18610.4 14661.1 2461.2 12199.9 9256.63 2337.75 104314 103777 1903.59
internal_count=3599059 1711122 1435988 1028562 275134 971545 407426 954862 641637 578876 139281 62761 439595 199988 313225 52993 145091 142511 34509 19209 147077 195940 194018 73610 239607 18248 179010 6871 172139 28252 1516 26736 8186 2224 954 260349 15300 100804 7680 1622 80736 137254 134215 86288 1887937 1853583 1677312 176271 1657752 1540935 618459 19560 63775 32693 24346 3825 20521 14741 4245 606122 604504 2997
cat_boundaries=0 1 2 3
cat_threshold=33553 3252 4361
is_linear=0
shrinkage=0.05


Tree=100
num_leaves=63
num_cat=2
split_feature=146 30 32 15 12 15 147 12 13 15 32 48 24 48 24 3 71 43 23 13 32 32 101 30 48 147 24 105 36 48 48 104 13 40 45 109 13 38 3 38 11 13 12 9 20 40 83 24 13 48 24 19 13 24 13 107 32 48 24 15 13 147
split_gain=13677.4 2272.82 2437.42 1599 775.818 887.718 638.432 408.412 373.496 266.438 224.133 1792.83 298.734 496.421 179.586 165.912 131.677 228.742 197.923 311.771 143.472 129.764 122.73 207.628 162.446 122.032 120.667 119.655 118.228 115.984 115.671 109.895 101.462 334.644 100.814 97.2163 197.051 89.9374 86.1699 86.0977 85.3007 178.97 107.297 84.9064 83.3811 79.5392 99.5259 106.442 79.09 78.1857 76.8849 76.6299 76.0217 69.0255 62.5351 61.936 61.7043 120.352 61.4306 61.2978 178.07 146.278
threshold=1.8333333134651186 392.50000000000006 4473.0000000000009 1.6663331389427187 2.1666666269302373 1.3307163715362551 2.0004616975784306 0.5000000149011613 0.41666667163372045 1.6663331389427187 2688.0000000000005 4231.5000000000009 1329.5000000000002 8492.0000000000018 911.50000000000011 0 1.046933174133301 3166.0000000000005 0.9476255774497987 2.0833333730697636 2688.0000000000005 4473.0000000000009 470808192.00000006 2311.5000000000005 5039.5000000000009 2.0004616975784306 87.500000000000014 1482458816.0000002 1.0000000180025095e-35 5039.5000000000009 8492.0000000000018 523288752.00000006 2.0833333730697636 8347.0000000000018 1830.0833740234377 351.50000000000006 1.4166666865348818 0.77065846323966991 1 0.91699558496475231 3.5000000000000004 2.0833333730697636 0.83333334326744091 2.5000000000000004 2.5000000000000004 7097.5000000000009 7.5000000000000009 4487.5000000000009 2.0833333730697636 6412.5000000000009 911.50000000000011 3.5000000000000004 0.75000000000000011 416.50000000000006 1.0833333134651186 826.50000000000011 2688.0000000000005 4231.5000000000009 1961.0000000000002 1.0000000180025095e-35 1.0833333134651186 3.3000000715255742
decision_type=2 2 2 2 2 2 2 2 2 2 2 2 2 2 2 9 2 2 2 2 2 2 2 2 2 2 2 2 2 2 2 2 2 2 2 2 2 2 9 2 2 2 2 2 2 2 2 2 2 2 2 2 2 2 2 2 2 2 2 2 2 2
left_child=1 8 3 7 5 6 21 14 26 15 12 25 31 22 -3 52 34 -18 54 20 27 30 -14 -24 -25 -12 -1 -20 37 -13 56 -9 44 -34 43 -15 -37 -5 -39 -6 -38 42 -42 51 -33 -41 47 -47 50 -28 -32 -8 -10 -35 -19 -48 -2 -58 -36 60 -16 -62
right_child=4 2 -4 28 39 -7 16 10 9 -11 11 29 13 35 59 -17 17 18 19 -21 -22 -23 23 24 -26 -27 49 -29 -30 -31 48 32 33 53 58 36 40 38 -40 45 41 -43 -44 -45 -46 46 55 -49 -50 -51 -52 -53 -54 -55 -56 -57 57 -59 -60 -61 61 -63
leaf_value=0 0 0 -1.5717783276358867e-06 3.9721260137140292e-06 -0.00048580704538781584 1.9181874994650892e-09 2.4843193058288192e-10 0 0 1.0751498642721493e-07 0 0 0 -0.00038809946390499063 0 0 -5.5060764108854245e-10 1.5697172914830306e-07 1.7883203009748824e-09 -8.3584158556826446e-05 3.9773087564190558e-05 0.031145317731756852 0 0 -1.5807608970763722e-05 -1.5044465673241803e-11 0 3.6894493571359988e-09 -0.00035257127089483525 -3.3732804322271013e-05 0 0 0 0.00064106058246641597 -1.7917990424720643e-10 0 -1.2355252809737039e-08 -1.5788938319413375e-08 1.4427395448108874e-06 -0.00018612769577982526 -2.7105902677959649e-08 0.0088670449383615579 3.641863388803568e-07 -4.0776817811227777e-09 0 0.0043632323582360249 -0.00033434418275075651 0.044849143540760222 4.4917650195884994e-07 0 0 -2.9226210340738135e-10 0 -0.00013323543675505256 -1.055883072786923e-06 0.029735810053096026 0 0.021944416133845901 0.028788184902127624 0 5.8934905016122531e-05 -0.00080015087620501535
leaf_weight=78943.777478623204 14910.128992512822 93153.389988780022 41934.125193715096 3356.6658927313983 149300.29055786133 54320.057861328125 524.37904453277588 64545.14239192009 60586.149290218949 8798.4024047851562 38658.930495381355 8110.1703872680664 53874.999326944351 4323.6347146034241 22100.646971076727 32418.190883874893 3571.7171821594238 117.76907646656036 1426.7751538828015 1012.1882109194994 274.50232756882906 2139.0177915096283 79867.774657130241 2242.3268241882324 2625.7194900512695 611.77899169921875 87455.017638206482 282.65991798043251 3440.2591069824994 16697.102733612061 2748.2412056624889 95236.438526261598 3519.4730751030147 128.17634582519531 7139.0185590535402 3227.7424230873585 3001.6481642574072 19080.092883110046 10660.554138660431 235990.93988037109 115.01113800704479 1125.1763591170311 405.44920349121094 348.31826782226562 91161.10650986433 64890.380249023438 64262.690979003906 9157.6373291015625 1706.3393178731203 95003.497314453125 1745.5154230594635 158.62534236907959 26131.057223588228 3400.669189453125 1284.7887428998947 4012.0409545898438 2271.8248963356018 2303.2100524902344 3138.7608598917723 77211.203125 418.77307239174843 1867.2910771369934
leaf_count=87732 24596 117455 88887 5314 463762 102601 916 84595 73195 16427 63041 14584 78035 8751 30486 48698 6509 191 2264 2003 531 4604 128788 3695 4662 1099 104285 470 6531 32446 4435 141282 5829 235 12078 5352 5638 33390 17264 772152 197 2319 757 595 127188 211196 214614 97704 3396 119463 3322 279 34104 6280 2287 39639 4045 4744 6509 111176 609 3301
internal_value=0.00656213 0.00983871 0.0114547 0.0121521 0.000647776 0.00465274 0.00967601 0.0127095 0.0067419 0.00895565 0.0135032 0.0107531 0.0139342 0.0157023 0.0107823 0.00957574 0.00268259 0.00760454 0.0152367 0.0224924 0.0340106 0.0145215 0.0165533 0.0177402 0.00771222 0.0174003 0.00565843 0.0393973 0.00196707 0.000230115 0.0155069 0.0129006 0.0134969 0.00760572 -0.000786028 0.0060314 0.0093386 0.00288418 0.00200824 -0.000122097 0.00274523 0.0118926 0.0361218 0.0141123 0.0137196 0.00027914 0.00121271 0.00248233 0.0095555 0.0063651 0.013035 0.0243531 0.00843047 -0.00327333 -0.000261653 -0.000164202 0.0174 0.0123148 -0.0022821 0.0122363 0.0100495 -0.00323271
internal_weight=1.76448e+06 1.13544e+06 746101 704167 629038 101424 47103.8 667630 389336 127934 472878 64078 408800 150809 194751 119135 19279.5 7970.4 4398.68 2996.13 1983.94 27824.3 138611 84735.8 4868.05 39270.7 261402 1709.44 36537.6 24807.3 25685.3 257991 193446 7048.32 11309.1 12198.7 7875.03 33097.3 29740.6 527614 4647.28 1645.64 520.46 1031.32 186398 378314 142323 74048 6200.1 182459 4493.76 683.004 86717.2 3528.85 1402.56 68274.7 19485.2 4575.03 10277.8 101598 24386.7 2286.06
internal_count=3598532 1613090 1129186 1040299 1985442 186375 83774 977800 483904 172424 714773 111170 603603 238194 263027 155997 34632 14255 7746 5268 3265 49142 215180 137145 8357 64140 311480 2734 62499 47030 44538 365409 280814 12344 20377 23014 14263 55968 50654 1799067 8911 3273 954 1790 268470 1335305 563153 308900 11153 223748 7757 1195 107299 6515 2478 254253 33385 8789 18587 145572 34396 3910
cat_boundaries=0 1 2
cat_threshold=33553 7204
is_linear=0
shrinkage=0.05


Tree=101
num_leaves=63
num_cat=2
split_feature=16 147 30 28 13 13 24 24 48 28 48 46 13 26 48 24 24 100 35 24 37 24 24 24 147 147 13 3 24 13 40 146 24 12 59 28 15 3 24 13 48 13 146 88 106 16 147 147 147 90 147 21 24 12 20 147 71 12 43 22 13 15
split_gain=14467.8 2094.52 2422.69 1828.15 874.157 419.919 301.601 290.078 539.262 400.202 2070.58 327.953 323.091 310.225 263.141 215.162 202.327 191.81 173.352 203.755 200.741 160.905 156.38 152.014 166.349 165.233 151.009 141.918 140.68 100.102 122.665 98.6622 92.9249 87.9734 120.113 82.8499 80.652 80.3548 77.9033 76.7492 72.0824 67.9714 63.4387 63.3653 62.0042 122.564 76.2876 69.6715 102.005 59.427 57.0164 56.6441 56.1831 56.1389 62.0189 55.8171 55.7872 109.405 210.198 212.656 302.521 189.079
threshold=3.5000000000000004 2.0004616975784306 392.50000000000006 4362.5000000000009 1.0833333134651186 0.41666667163372045 4487.5000000000009 771.50000000000011 8492.0000000000018 2315.0000000000005 4231.5000000000009 4502.5000000000009 1.4166666865348818 4355.5000000000009 5039.5000000000009 2645.0000000000005 1329.5000000000002 802368608.00000012 5.5000000000000009 1190.5000000000002 182.50000000000003 911.50000000000011 1464.5000000000002 87.500000000000014 5.3999998569488534 3.0278023481369023 2.0833333730697636 0 2645.0000000000005 2.0833333730697636 8347.0000000000018 2.1666666269302373 178.50000000000003 1.1666666865348818 47831.500000000007 2315.0000000000005 1.3307163715362551 1 1049.5000000000002 0.75000000000000011 9929.5000000000018 0.91666665673255932 2.1666666269302373 3510130.1250000005 176.50000000000003 2.5000000000000004 4.302898883819581 3.3000000715255742 4.302898883819581 2628053.6250000005 0.90000000596046459 6.5000000000000009 416.50000000000006 2.1666666269302373 2.5000000000000004 0.90000000596046459 1.046933174133301 2.1666666269302373 3166.0000000000005 0.99828177690505993 2.0833333730697636 1.3307163715362551
decision_type=2 2 2 2 2 2 2 2 2 2 2 2 2 2 2 2 2 2 2 2 2 2 2 2 2 2 2 9 2 2 2 2 2 2 2 2 2 9 2 2 2 2 2 2 2 2 2 2 2 2 2 2 2 2 2 2 2 2 2 2 2 2
left_child=1 2 5 6 23 32 7 17 9 11 13 22 18 42 28 16 53 -4 19 20 -10 26 50 -3 25 36 -14 38 -12 39 -31 -18 40 34 -30 -20 -25 -36 41 -19 -1 -7 -11 49 45 46 -6 56 -49 -2 -9 -45 -32 54 -13 -24 -46 58 -58 -60 61 -61
right_child=43 4 3 -5 44 27 -8 8 12 10 14 15 21 -15 -16 -17 31 29 35 -21 -22 -23 55 24 -26 -27 -28 -29 33 30 52 -33 -34 -35 37 -37 -38 -39 -40 -41 -42 -43 -44 51 47 -47 -48 48 -50 -51 -52 -53 -54 -55 -56 -57 57 -59 59 60 -62 -63
leaf_value=0 1.3469687352172753e-07 0 0 -1.4931894112502065e-06 5.3022796563987231e-05 0 -5.0583513899214756e-06 0 0 0 0 0 6.8451928014745542e-10 0 -7.9675097987587322e-05 -0.00090577680028021976 0 0 0 -0.00060393959494438353 0 1.7008460950762583e-07 0 0 -0.00072290929643633597 0 -0.00012576698391972841 0 -0.0021137029364544425 0 0.00060906320260401979 -0.00069231523982932945 0 -0.00046120853509529214 -7.0085274905817838e-08 -1.5034781382972097e-05 -9.5909380437575467e-11 0 -2.3682298210814245e-06 0 0 0 -0.00085914465839802105 0.004470980342864461 -5.0090773751065851e-10 3.3434300938939288e-09 -8.8858571022365502e-07 -0.0010044863015080563 4.0428612311230128e-05 -0.0017301935490565319 0 0.040854953999324907 -0.00012657366491729551 -0.00017721159987635522 0 0 -5.9686171560713323e-10 -0.00012212222429883619 -9.4552082257338416e-07 1.666346788331552e-09 -8.0455896225293199e-05 -4.3695353779682483e-09
leaf_weight=84327.142684617313 528593.8586101532 22918.020684331656 84868.625327467918 27979.119801640511 543.40564122796059 65906.788908779621 4465.2148605585098 59364.970877200365 3960.2060667872429 54054.156853437424 3702.4077758789062 40790.782339721918 1847.0477155819535 2750.2544174194336 19494.152191162109 1838.1884307861328 64483.688381195068 44782.071316093206 15552.348445892334 5199.4755668640137 2178.2466659545898 14628.317405700684 41776.497033953667 52780.804995417595 1363.7744227647781 33881.904405593872 728.44478764384985 30711.696427345276 953.3886501789093 878.72729675471783 176.54693603515625 653.43972778320312 95480.120024710894 3787.057674407959 379.5885101556778 687.00839614868164 2444.028694152832 2208.1680461168289 502.65989673137665 44215.914125189185 36534.328857421875 14887.526872128248 397.36394023895264 17825.147323608398 36106.89230710268 2114.9063720703125 205.60338282585144 1537.0555180907249 1362.6481449604034 24887.360982894897 43461.308989644051 6071.182674407959 1754.0170593261719 432.12668800354004 37298.696966350079 46535.239868164062 4415.4134902954102 15737.869506835938 2206.3905029296875 2398.3714968785644 1451.017022408545 360.69390869140625
leaf_count=93636 1593670 25163 106525 58539 862 80078 9153 77544 6623 87411 6198 62139 3051 4648 37192 3845 106665 60708 24539 10304 3814 28229 59209 66911 2508 45882 1330 46169 1803 1438 331 1240 123070 7244 641 1307 4785 3773 779 64371 43756 20029 744 121032 69442 3609 480 2410 3134 104120 60999 68057 3131 712 52614 71928 8033 31086 3899 3925 2916 596
internal_value=0.00654859 0.00970315 0.0105953 0.012302 0.00476426 0.00706974 0.0128404 0.01293 0.0135803 0.014131 0.0111228 0.0149149 0.00836149 0.0167342 0.00060714 0.0167039 0.0169214 0.0112029 0.011716 0.00697034 0.0131389 0.00298387 0.0135531 0.00745767 0.00837915 0.00864443 0.0145069 0.00955483 0.0067786 0.0127871 0.00349121 0.0189821 0.00578307 0.00276381 0.00842893 0.0150286 0.00695761 0.0140183 0.0084561 0.0130805 0.00486184 0.00857928 0.0175617 5.54129e-05 0.00030184 0.00750261 0.0248766 -1.26174e-05 -0.00758906 -5.34171e-05 0.0122273 0.00257627 -0.00355597 0.0152118 0.0153112 0.0150967 0.000337881 0.00207686 0.00594414 0.0117218 0.0183108 0.0280292
internal_weight=1.76582e+06 1.18844e+06 1.00661e+06 678263 181829 328350 650284 645818 469143 424361 87726.5 336635 44781.1 57201.8 30524.8 145497 143659 176676 27577.3 11337.9 6138.45 17203.8 191138 113389 90470.5 89106.7 2575.49 112009 11030.6 91807.3 2809.29 65137.1 216342 7328.2 3541.15 16239.4 55224.8 2587.76 81297 88998 120861 80794.3 54451.5 577378 68440.3 2863.92 749.009 65576.4 2899.7 553481 102826 23896.3 1930.56 78521.6 78089.5 88311.7 62676.6 26569.8 10831.9 6416.47 4210.08 2759.07
internal_count=3599979 1713100 1437459 1029942 275641 407517 971403 962250 725746 646549 149654 496895 79197 92803 56851 227215 223370 236504 46587 20741 10437 32610 269680 145249 120086 117578 4381 147055 19659 129979 4900 107905 260462 13461 6217 25846 71696 4414 100886 125079 137392 100107 88155 1886879 130392 4951 1342 125441 5544 1697790 138543 189089 3462 115465 114753 131137 119897 50455 19369 11336 7437 4521
cat_boundaries=0 1 2
cat_threshold=33553 8193
is_linear=0
shrinkage=0.05


Tree=102
num_leaves=63
num_cat=6
split_feature=16 147 30 32 13 14 13 30 48 32 48 13 48 28 48 109 24 24 100 147 147 3 24 11 13 146 48 13 29 147 27 28 24 37 3 100 13 117 14 71 23 43 13 14 100 32 28 3 12 109 13 3 35 3 13 11 24 3 147 24 109 26
split_gain=14196.4 2097.67 2296.82 2342.87 925.896 648.078 437.868 400.578 650.922 356.703 2086.51 295.015 289.337 319.66 284.644 178.938 312.813 173.131 172.407 164.069 187.208 146.3 131.292 164.732 249.556 234.862 127.69 126.344 113.971 109.364 106.33 104.078 94.5561 87.4341 77.0525 73.3375 72.4451 68.9197 68.8383 68.8158 206.978 301.285 232.145 253.297 189.389 230.658 67.6369 64.948 99.8025 99.8404 63.7129 60.9649 59.4386 101.969 60.0358 58.2917 56.1777 56.1433 55.9903 55.4424 54.9775 54.7646
threshold=3.5000000000000004 2.0004616975784306 392.50000000000006 4473.0000000000009 1.0833333134651186 2.5000000000000004 0.41666667163372045 886.50000000000011 8492.0000000000018 2688.0000000000005 4231.5000000000009 1.4166666865348818 3986.0000000000005 2315.0000000000005 5039.5000000000009 351.50000000000006 1190.5000000000002 1464.5000000000002 618204352.00000012 2.80012059211731 5.3999998569488534 0 911.50000000000011 3.5000000000000004 2.0833333730697636 0.83333334326744091 5039.5000000000009 2.0833333730697636 199.25000000000003 0.90000000596046459 551.50000000000011 2315.0000000000005 178.50000000000003 182.50000000000003 1 1435613376.0000002 0.91666665673255932 349.91667175292974 2.5000000000000004 1.046933174133301 0.9476255774497987 3166.0000000000005 2.0833333730697636 2.5000000000000004 1663603776.0000002 2688.0000000000005 2315.0000000000005 2 1.1666666865348818 509.50000000000006 1.2500000000000002 3 1.5000000000000002 4 19.750000000000004 3.5000000000000004 87.500000000000014 5 0.90000000596046459 2645.0000000000005 351.50000000000006 4355.5000000000009
decision_type=2 2 2 2 2 2 2 2 2 2 2 2 2 2 2 2 2 2 2 2 2 9 2 2 2 2 2 2 2 2 2 2 2 2 9 2 2 2 2 2 2 2 2 2 2 2 2 9 2 2 2 9 2 9 2 2 2 9 2 2 2 2
left_child=1 2 6 5 19 7 32 18 9 12 61 15 29 17 -15 16 33 50 58 38 28 36 27 -24 25 -25 47 30 -21 -9 -13 -17 35 -10 -20 -1 -8 -30 56 -6 -41 -42 43 44 45 -43 60 -12 49 -49 -14 -16 53 -2 -54 -32 -3 -22 -4 -19 -27 -11
right_child=52 4 3 -5 39 -7 21 8 11 10 26 22 13 14 51 31 -18 59 34 20 57 -23 23 24 -26 46 -28 -29 37 -31 55 -33 -34 -35 -36 -37 -38 -39 -40 40 41 42 -44 -45 -46 -47 -48 48 -50 -51 -52 -53 54 -55 -56 -57 -58 -59 -60 -61 -62 -63
leaf_value=0 -0.0020749766512628397 0 0 8.8988826302009473e-08 -5.02719132988716e-10 -2.5655820135028764e-09 0 0 0 0 -6.6581011159971839e-08 -0.00043209690717918028 0 0 0.00013239905885128466 0 -0.00059273778536261595 0 0 0 3.7785347100288695e-05 0 -2.0241720644076369e-08 -3.4254838021663403e-08 0.0086659674188299344 -1.8685885191557303e-07 -5.3193701320718856e-05 -0.0036357053066823023 -1.5044465673241803e-11 0 6.8451928014745542e-10 -1.4991851901813293e-05 0 0 0 0 0 0 -9.111391641170031e-11 -1.1198805118350919e-06 -5.3129108890104251e-10 1.5830294464169726e-09 0.025825719777506875 -4.1099183278880962e-09 -1.8100393731845799e-06 6.7690280397309969e-05 -0.00032353262851673043 0 0 0 0 -0.0002118638480423596 -1.0827510553540578e-08 0.067364134572793041 0.06434055111197505 1.5126158825484737e-09 0 -0.0014548305878257228 0 -0.0022753541430872255 2.9669091511363987e-07 0
leaf_weight=89825.321381469723 580.49866485595703 13455.388048648834 50101.750622212887 37376.821225166321 39325.326478719711 6207.6474456787109 66391.32542809844 67317.84129101038 3550.272493571043 50107.181876182556 1547.2344645261765 92.754248149693012 70630.09877961874 2049.334881965071 553.60363078862429 8798.4236936569214 5748.5895185470581 69945.359041571617 58656.717258453369 13972.964294821024 452.12255311012268 30687.733996391296 9243.2342293933034 342.95909597724676 2727.7774397432804 48.342075742781162 17319.531982421875 296.05969121307135 100.76400217413902 56075.045043945312 425.70713534206152 622.7425651550293 95612.488487794995 850.94252109527588 98154.990627288818 31030.896362304688 14891.81755656004 43100.597615480423 2503.557373046875 20581.448226928711 3404.1659698486328 1787.9153212867677 1689.2227084748447 800.82638549804688 320.36943244934082 355.13940363377333 90.441641479730606 1757.4461637735367 3997.7476959228516 2445.5977072715759 24368.133562561125 2471.4092247411609 569492.69018518925 1354.3405990600586 6225.1682132482529 82.703571654856205 38954.652925014496 934.29661011695862 22147.332702636719 330.55317687988281 754.23851387947798 539.79872894287109
leaf_count=99997 995 14447 61127 76680 75030 11144 80822 90408 5919 81277 2708 153 101959 3417 992 13894 11179 114601 87552 16172 1022 46210 17468 587 5623 91 33186 534 129 81766 677 1148 123312 1463 133027 37380 20026 57337 4833 39975 6258 2846 3451 1346 539 667 175 3266 7509 4032 38303 4335 1742698 8721 135204 136 49984 1531 29462 625 1373 885
internal_value=0.00650841 0.00963481 0.0105277 0.0121907 0.00469095 0.0129009 0.00709603 0.0130582 0.0140032 0.0146067 0.0115939 0.00734642 0.0154037 0.0167395 0.00437657 0.0113193 0.00671177 0.017119 0.0113869 0.007459 0.00930022 0.00963451 0.00183314 0.000575024 0.00910206 0.0277352 0.000386909 0.0203361 0.0097405 0.0135595 0.0334958 0.016282 0.00578294 0.0167428 0.0123181 0.00485328 0.00851914 0.0110102 0.00549534 8.95848e-05 0.00194023 0.00857571 0.0164451 0.0242308 0.0321707 0.0375301 0.0412369 0.00496448 0.00673275 0.0121201 0.0157266 -0.00536913 7.8891e-05 0.00882667 4.94756e-05 0.0424741 0.00588228 -0.00884986 0.0093655 0.0190011 0.0458535 0.0175832
internal_weight=1.76561e+06 1.18795e+06 1.00622e+06 677776 181739 640400 328440 634192 405131 371456 77714.5 33675.2 293741 170348 5074.35 19571 10149.8 165274 229061 113474 58560.7 111971 14104.2 13207 3963.76 1235.98 27067.6 897.225 57174.3 123393 601.165 9421.17 216469 4401.22 156812 120856 81283.1 43201.4 54913.6 68264.4 28939.1 8357.64 4953.47 3264.25 2463.42 2143.05 893.022 9748.03 8200.79 4203.04 94998.2 3025.01 577653 1934.84 575718 508.411 52410 1386.42 72249.1 70275.9 802.581 50647
internal_count=3599613 1711995 1436428 1028681 275567 952001 407747 940857 629689 569269 132863 60420 436406 264232 8744 33603 18561 255488 311168 145455 76191 147058 26817 25317 7849 2226 50701 1500 73638 172174 966 15042 260689 7382 220579 137377 100848 57466 69264 130112 55082 15107 8849 5398 4052 3513 1639 17515 14807 7298 140262 5327 1887618 9716 1877902 813 64431 2553 90589 115226 1464 82162
cat_boundaries=0 1 2 3 4 5 6
cat_threshold=33553 15584 8705 513 33296 11200
is_linear=0
shrinkage=0.05


Tree=103
num_leaves=63
num_cat=0
split_feature=12 30 32 15 12 15 21 30 40 146 32 44 40 28 15 100 40 24 32 80 44 29 45 24 109 147 36 12 39 14 24 39 40 146 51 45 32 44 20 9 147 70 101 147 12 32 44 28 100 69 43 9 70 29 111 106 62 51 70 124 112 38
split_gain=13743.9 2237.83 2543.42 1646.98 694.191 870.441 614.04 466.152 423.713 295.909 277.204 1610.93 276.897 267.747 246.9 194.461 192.334 158.611 146.763 134.251 131.717 130.615 123.799 121.286 191.573 118.262 95.6844 89.8728 84.5572 87.8742 83.4194 83.1879 97.4057 81.8033 78.0746 88.44 76.3312 142.748 75.1605 72.742 69.9681 69.1092 76.8908 67.4898 66.5347 66.3564 66.1006 63.0954 62.5685 61.6263 115.691 88.3355 100.44 75.5659 62.3849 60.8436 59.7538 59.5023 73.6061 69.6577 76.9681 66.0477
threshold=1.8333333134651186 392.50000000000006 4473.0000000000009 1.6663331389427187 2.1666666269302373 1.3307163715362551 1.0000000180025095e-35 886.50000000000011 8347.0000000000018 0.5000000149011613 2688.0000000000005 3893.5000000000005 3842.5000000000005 2315.0000000000005 1.6663331389427187 763662976.00000012 5111.5000000000009 1464.5000000000002 4473.0000000000009 37780.000000000007 4673.5000000000009 104.75000000000001 7417.6667480468759 1190.5000000000002 351.50000000000006 2.0004616975784306 1.0000000180025095e-35 0.83333334326744091 0.82969802618026745 28.500000000000004 2645.0000000000005 1.008054852485657 5111.5000000000009 0.83333334326744091 10.500000000000002 1457.8333129882815 2688.0000000000005 3893.5000000000005 2.5000000000000004 2.5000000000000004 2.0004616975784306 1.3843718171119692 1771365824.0000002 2.0004616975784306 0.83333334326744091 4089.0000000000005 6001.1667480468759 2315.0000000000005 1435613376.0000002 9857.0000000000018 3685.5000000000005 2.5000000000000004 1.0000554919242861 2137.0832519531255 106.25000000000001 699.50000000000011 39200.500000000007 4.5000000000000009 0.975724756717682 149.50000000000003 830.50000000000011 1.0181214213371279
decision_type=2 2 2 2 2 2 2 2 2 2 2 2 2 2 2 2 2 2 2 2 2 2 2 2 2 2 2 2 2 2 2 2 2 2 2 2 2 2 2 2 2 2 2 2 2 2 2 2 2 2 2 2 2 2 2 2 2 2 2 2 2 2
left_child=1 9 3 7 5 6 18 15 10 21 12 25 27 17 19 33 -15 38 22 44 30 48 36 -10 -25 -12 31 -9 -6 41 -13 32 55 -3 35 39 -2 -38 -14 45 -29 42 57 -19 -11 -8 -23 -26 -1 54 -51 52 -52 -54 -37 -5 -4 59 -59 -30 -61 -60
right_child=4 2 56 26 28 -7 34 8 23 14 11 20 13 16 -16 -17 -18 43 -20 -21 -22 46 -24 24 47 -27 -28 40 29 -31 -32 -33 -34 -35 -36 49 37 -39 -40 -41 -42 -43 -44 -45 -46 -47 -48 -49 -50 50 51 -53 53 -55 -56 -57 -58 58 61 60 -62 -63
leaf_value=0 0 0 -0.0023253564998217758 3.7350904962514636e-06 -0.00072472607630059689 1.7089736292774661e-10 2.3601033349862633e-10 0 0 0 0 0 0 0 5.1662864945743924e-08 0 -0.00011980209095138531 0 0.028565690962295599 0 -3.3598940771040516e-05 0 0 -4.3091364235192664e-06 0 0 -0.00033513073104454163 0 -0.0003213475859936974 0.19098000708338853 0 3.3814131099092882e-08 2.6109501737577511e-07 0 3.1919190564063385e-09 8.9589946572488101e-12 0 0.020683430115883784 0 -3.8737976937319732e-09 0 -0.0019406474928428286 0.0078820336171420823 0 0 2.3601033349862633e-10 0 5.0576683556160979e-05 0 -1.8180337276105281e-10 -7.8546302795246e-11 -1.5874289346739515e-08 1.4414416826813438e-09 0.024549542020958527 -1.356102452554353e-10 -2.5331239110913499e-06 -2.6312211216406036e-06 0.0006752330963131659 -0.001158157706744712 0.00033668034392119947 0.010656261494579057 -0.00017132625023126292
leaf_weight=98361.069705605507 15595.594533264637 86159.891608715057 468.36626708507538 7036.86380456388 51490.356353759766 54238.23828125 354.85186612606049 75127.606474637985 12522.622873306274 29503.995983123779 48622.458110585809 2518.1536571979523 49018.617278598249 2493.439023591578 8813.6472778320312 132638.77807617188 2461.9482879638672 66161.656810045242 2167.8418633937836 87685.256153106689 16554.696559026837 50581.931069731712 5498.8290488123894 7178.1689581871033 11310.544906973839 2940.7339313328266 3429.4428627640009 54770.820861816406 44636.015221834183 3147.0294408798218 7055.3420104980469 16808.843842029572 8038.12646484375 35052.904541015625 1771.7420654296875 340.24611669778824 2217.0803523659706 2321.6380888819695 48708.868898868561 252.21670532226562 873.60345458984375 7525.6383581161499 29037.287422180176 4255.2216254472733 31796.232421875 161.18850672245026 49146.3828125 1846.9019414186478 33671.505859375 5694.2130030989647 730.81723880767822 1220.4453125 1417.6473931446671 416.89316376298666 7040.6570854187012 1140.5296053886414 41625.206409454346 82266.676765918732 83801.31374168396 41079.051038742065 37067.327867507935 148273.98906159401
leaf_count=110129 25885 106244 877 11035 146448 102425 571 100850 20549 40411 78642 4173 74427 4097 16459 188479 4303 107568 4642 108107 31304 60161 9812 14217 20083 4503 6515 79042 109376 95449 12829 29397 13416 46756 3191 536 3965 4807 68780 448 1346 18698 116470 6547 46564 329 62035 3736 40369 10440 1420 2231 2401 865 12408 1977 87971 263111 260020 137164 159939 493887
internal_value=0.00651096 0.00979447 0.011397 0.0121101 0.000585998 0.00437448 0.00933931 0.0126747 0.0137083 0.00672227 0.0141775 0.0115117 0.014859 0.0161711 0.0083924 0.0109872 0.00471431 0.0165087 0.0141033 0.00887344 0.00139711 0.00558509 0.0151597 0.00825959 0.00587506 0.0166368 0.00176069 0.0131221 -0.000141396 6.64557e-05 0.00606537 0.00258631 0.00514123 0.0095393 0.00251225 0.00150621 0.016976 0.0112643 0.0152046 0.0180916 0.0146458 1.11158e-05 8.78641e-05 0.0183184 0.0106688 0.0288404 0.00695098 0.00945948 0.00455334 0.000749699 0.00341709 0.0101907 0.0154579 0.0217009 -0.00267562 0.00898324 -0.000542031 -7.76323e-05 -0.00044223 0.000855751 0.00175583 -0.000897776
internal_weight=1.76615e+06 1.13638e+06 746820 704727 629765 101440 47201.9 668273 414421 389560 381563 77691.4 303872 173100 157799 253852 4955.39 168144 27801 148985 26128.2 231761 25633.1 32858.2 20335.6 51563.2 36453.8 130772 528325 476834 9573.5 33024.4 16215.5 121213 19400.9 17629.2 20134.3 4538.72 97727.5 768.257 55644.4 473687 466162 70416.9 61300.2 516.04 99728.3 13157.4 132033 16860.9 9480.02 3785.8 2565.36 1834.54 7380.9 8177.39 42093.6 437124 314342 122782 78146.4 232075
internal_count=3600836 1613898 1129663 1040815 1986938 186376 83951 978475 636996 484235 578411 131451 446960 265722 211541 341479 8400 257322 49111 195082 48306 272694 44469 58585 38036 83145 62340 181238 1800562 1654114 17002 55825 26428 153000 34840 31649 34657 8772 143207 1348 80388 1558665 1539967 114115 86975 900 122196 23819 150498 30301 17357 6917 4686 3266 12944 13012 88848 1423497 1017018 406479 297103 753907
is_linear=0
shrinkage=0.05


Tree=104
num_leaves=63
num_cat=4
split_feature=16 28 12 32 30 48 13 12 15 21 13 32 48 12 100 109 24 48 146 15 21 24 106 3 40 3 48 28 28 28 48 71 24 24 13 27 45 22 107 48 146 83 3 107 32 12 43 22 24 71 43 13 22 32 13 100 37 48 28 48 3 16
split_gain=14600.1 1823.61 2280.8 2299.39 487.789 535.785 402.872 379.812 403.986 569.211 281.378 268.61 1734.15 287.684 193.835 187.912 285.089 155.172 143.903 117.808 141.817 117.471 121.46 107.2 104.459 101.973 100.121 291.442 99.8594 99.3062 166.66 97.5245 91.4252 90.2301 124.997 92.7169 88.1982 90.824 84.4219 81.9267 80.7054 98.581 82.6583 78.1158 86.5701 78.0118 77.8734 87.7234 77.7117 77.2345 118.124 102.512 163.239 125.089 77.2171 77.2187 76.8611 66.8788 64.4241 124.784 62.9099 62.2417
threshold=3.5000000000000004 380.50000000000006 2.1666666269302373 4473.0000000000009 886.50000000000011 8492.0000000000018 0.41666667163372045 1.8333333134651186 1.3307163715362551 1.0000000180025095e-35 1.4166666865348818 2688.0000000000005 4231.5000000000009 0.83333334326744091 618204352.00000012 351.50000000000006 1190.5000000000002 5039.5000000000009 1.8333333134651186 1.3307163715362551 1.0000000180025095e-35 87.500000000000014 478.50000000000006 0 3842.5000000000005 1 4763.5000000000009 2315.0000000000005 2315.0000000000005 2315.0000000000005 4231.5000000000009 1.046933174133301 2645.0000000000005 911.50000000000011 2.0833333730697636 551.50000000000011 1457.8333129882815 0.99828177690505993 101.50000000000001 5039.5000000000009 1.1666666865348818 5.5000000000000009 2 101.50000000000001 1352.5000000000002 1.8333333134651186 2420.0000000000005 0.99828177690505993 1617.5000000000002 1.046933174133301 3166.0000000000005 2.0833333730697636 0.99828177690505993 2688.0000000000005 2.0833333730697636 1663603776.0000002 182.50000000000003 6412.5000000000009 2315.0000000000005 5039.5000000000009 3 1.5000000000000002
decision_type=2 2 2 2 2 2 2 2 2 2 2 2 2 2 2 2 2 2 2 2 2 2 2 9 2 9 2 2 2 2 2 2 2 2 2 2 2 2 2 2 2 2 9 2 2 2 2 2 2 2 2 2 2 2 2 2 2 2 2 2 9 2
left_child=1 6 3 4 14 7 21 11 9 29 15 13 -13 24 43 16 56 32 23 20 -20 -1 57 38 -6 -8 -15 48 -17 -9 -31 -22 -14 34 35 -12 37 -11 -16 -29 41 -34 -43 44 -3 -27 -33 -48 -28 -38 -51 52 -52 -54 55 -49 -7 -23 -26 -60 -61 -25
right_child=-2 2 -4 -5 5 10 25 8 -10 36 33 12 17 26 18 28 -18 -19 19 -21 31 22 -24 61 58 45 27 39 -30 30 -32 46 40 -35 -36 -37 49 -39 -40 -41 -42 42 -44 -45 -46 -47 47 54 -50 50 51 -53 53 -55 -56 -57 -58 -59 59 60 -62 -63
leaf_value=0 -3.844433966621185e-08 -0.0016459481821850643 -5.9627502653208976e-05 7.3273310565169509e-07 0 0 0 0 -2.5758305488565725e-09 -3.6801078073800398e-09 -0.00041049205971925855 0 0 0 -0.0013830697354169864 0 -4.3204762562143449e-06 -7.1072728949939107e-05 0 -2.4458477798638968e-09 -1.6344039455162831e-10 0 -0.00063910118275563928 0 0 0 0 4.9118012994514576e-05 -1.681271274338765e-05 0 0.019649258610089593 -0.0001134319755304755 -0.0020080177896317219 1.827987332947423e-07 -0.0034065366228746433 6.5029331364208078e-10 -1.1681750011760528e-10 2.2010179789866413e-10 0 -3.790520199442593e-05 -0.00043814810834053031 -6.3251960602528354e-08 0 0 0.039085286534174618 0 -8.4140197701421118e-07 1.4790262015118573e-09 0 -5.3136390842922771e-10 -8.4253246767224719e-07 -8.4133356808013821e-07 1.1591015147693896e-09 -0.0017512653624764175 -0.0025857434629119273 3.2184160450595249e-09 0 0 0 3.869806533882692e-05 -0.00030668000752868203 0
leaf_weight=78989.829683551332 578146.42337799072 834.60324680805206 43040.643054962158 41580.893597126007 75042.726887106895 3990.9367814958096 84539.244547441602 11369.486904144287 5760.507568359375 168.97349905967712 104.88094938546419 51503.732826709747 2500.0024108886719 80238.806739330292 429.11422857642174 9875.6619659662247 6447.6624584197998 16553.981414794922 4404.10302734375 1567.50341796875 1804.8595514297485 80058.265286326408 423.10359811782837 42212.412640243769 69718.104827880859 28346.560200691223 51319.129253380001 289.51902962476015 679.54634284973145 2411.0257186889648 2531.4462280273438 369.69584935903549 1092.9748268127441 15663.356666564941 377.3899113163352 552.44127488136292 6304.454709649086 347.73142242431641 91701.38963508606 1990.4280586242676 3121.218017578125 431.69893728196621 2394.8036834150553 89849.482223510742 1059.0620727539062 2383.5483474731445 307.14185720682144 386.10954391956329 23447.802454471588 2147.8345037102699 472.46180835366249 781.55667582154274 805.14704060554504 196.09217143058777 128.43135392665863 115.51349210739136 907.5410270690918 91690.397728562355 765.51799201965332 116.5027648806572 739.30575066804886 48558.326721191406
leaf_count=87754 1888183 1414 84974 86637 100704 6711 104986 19125 10410 268 173 83010 4127 117753 727 15673 12676 31532 7079 2620 2990 92614 615 59776 101777 40804 79293 501 1269 4292 5151 639 2101 30550 686 895 11277 570 121188 3576 5927 722 4132 112022 2793 4020 499 564 40649 3830 819 1519 1314 359 227 193 1581 113513 1219 194 1181 76013
internal_value=0.00649524 0.00966672 0.0109751 0.0115946 0.0122401 0.0132581 0.00673342 0.0137827 0.00866086 0.0111799 0.00762327 0.01423 0.0116041 0.0149009 0.0106142 0.0113508 0.00688253 0.00110285 0.0115177 0.0053736 0.00797432 0.0056102 0.00634268 0.0118228 0.0133053 0.00918074 0.0163858 0.0176739 0.0161529 0.017143 0.0112217 -0.00019517 0.00618161 0.00273367 0.0170309 0.0301922 0.00251298 0.02268 0.0106133 6.15867e-05 0.00326362 0.00804058 0.0129714 0.00872329 -0.00132392 0.011654 0.0102032 0.0178681 0.0182109 0.00153831 0.00661951 0.0146106 0.0223715 0.0337982 0.0285427 0.0373935 0.0159749 0.00640864 0.0146757 0.00481638 -0.00829675 0.0130476
internal_weight=1.76609e+06 1.18794e+06 821512 778471 736890 453162 366431 414563 33296.7 27536.2 38599.4 381266 77598.4 303668 283728 21901.3 11346.1 26094.7 191985 9083.36 7515.85 251162 172172 182901 146382 115269 157286 77046.9 10555.2 16312 4942.47 3111.75 9540.7 16698.1 1034.71 657.322 11224.3 516.705 92130.5 2279.95 7040.7 3919.48 2826.5 91743.1 1893.67 30730.1 1306.89 937.196 74766.9 10707.5 4403.09 2255.26 1473.7 1001.24 630.054 501.623 4898.48 171749 71339.4 1621.33 855.809 90770.7
internal_count=3600390 1712207 1267901 1182927 1096290 707546 444306 637332 58934 48524 70214 578398 131551 446847 388744 37910 20968 48541 272515 14811 12191 294496 206742 257704 205075 149810 241772 124019 16942 28568 9443 5112 17009 32304 1754 1068 19956 838 121915 4077 12882 6955 4854 116229 4207 44824 2122 1483 119942 19118 7841 4011 2492 1673 984 757 8292 206127 104371 2594 1375 135789
cat_boundaries=0 1 2 3 4
cat_threshold=33033 37649 8193 1
is_linear=0
shrinkage=0.05


Tree=105
num_leaves=63
num_cat=3
split_feature=16 30 12 28 30 12 28 46 21 46 21 24 23 46 12 13 26 13 109 24 24 28 45 12 24 11 13 12 24 3 71 43 9 13 46 24 3 109 106 13 24 46 46 3 24 37 12 41 13 24 46 28 132 85 57 26 24 83 106 124 46 12
split_gain=14373.3 1848.69 2136.75 1695.27 654.88 464.348 444.703 1594.06 395.748 391.92 378.353 330.748 322.168 308.833 298.377 293.318 282.292 232.003 198.006 284.853 175.779 159.975 154.291 124.61 122.479 116.145 208.277 168.674 156.489 115.896 107.276 129.52 200.376 228.167 107.072 104.553 102.095 101.956 96.3225 92.1525 89.3794 85.0263 82.4412 75.251 74.1973 73.2688 68.8764 64.9403 64.6949 63.9264 60.6612 115.936 59.416 75.8098 61.9948 60.9198 56.9121 55.8732 54.2582 53.3351 52.6944 51.3504
threshold=3.5000000000000004 273.50000000000006 1.8333333134651186 4362.5000000000009 886.50000000000011 2.1666666269302373 2315.0000000000005 4232.5000000000009 1.0000000180025095e-35 8089.0000000000009 -2.4999999999999996 4487.5000000000009 0.9476255774497987 4502.5000000000009 0.5000000149011613 0.41666667163372045 4355.5000000000009 1.4166666865348818 351.50000000000006 1190.5000000000002 2645.0000000000005 2315.0000000000005 7417.6667480468759 0.83333334326744091 1617.5000000000002 3.5000000000000004 2.0833333730697636 0.83333334326744091 911.50000000000011 0 1.033076345920563 3166.0000000000005 2.5000000000000004 2.0833333730697636 4770.0000000000009 2645.0000000000005 1 225.50000000000003 442.50000000000006 2.0833333730697636 87.500000000000014 10202.500000000002 3755.0000000000005 2 1329.5000000000002 182.50000000000003 2.1666666269302373 6864.0000000000009 0.75000000000000011 911.50000000000011 3755.0000000000005 3908.166625976563 1.0057289004325869 10002.000000000002 75811.500000000015 3490.0000000000005 2645.0000000000005 2.5000000000000004 663.50000000000011 708.50000000000011 15755.000000000002 2.1666666269302373
decision_type=2 2 2 2 2 2 2 2 2 2 2 2 2 2 2 2 2 2 2 2 2 2 2 2 2 2 2 2 2 9 2 2 2 2 2 2 9 2 2 2 2 2 2 9 2 2 2 2 2 2 2 2 2 2 2 2 2 2 2 2 2 2
left_child=1 15 3 4 14 8 9 11 10 13 -4 16 21 23 43 40 42 18 19 45 24 22 -12 -6 -15 28 27 -27 37 38 44 -32 33 35 56 41 58 -19 -17 -39 -1 -33 -8 -3 -10 -11 -31 -42 -38 -29 51 -23 57 54 -54 -56 -9 59 -16 -2 61 -59
right_child=52 2 5 -5 6 -7 7 34 30 17 12 -13 -14 20 36 29 -18 25 -20 -21 -22 50 -24 -25 -26 26 -28 49 -30 46 31 32 -34 -35 -36 -37 48 39 -40 -41 47 -43 -44 -45 -46 -47 -48 -49 -50 -51 -52 -53 53 -55 55 -57 -58 60 -60 -61 -62 -63
leaf_value=0 0.020837993818603764 0 -2.3170562579721834e-09 -1.5220930141390809e-05 0 1.7627748794187417e-05 0 0 -1.5526837593426992e-10 0 0 -0.00032673484584107819 -3.0068210365996609e-09 0 0 0 0 -0.00038996745883426167 0 0 0.00011231731820383054 0 0 0 0 -2.7893508358634025e-08 0.0065335711233188267 -5.7570210853169992e-08 -2.8369571269948326e-08 0 1.0825242924283885e-10 1.2938155202028457e-09 -2.7110039990674298e-09 0.019582681431462502 -3.4744779349683189e-05 -0.00073279827434619843 0 6.1777865045797857e-10 -2.2498183300245778e-06 -0.0035738916608638624 0 3.1912903486475131e-09 0 0 2.1320472609609455e-10 0 -0.00018827567451539288 0 0 2.5282481753707841e-07 0.022760293314442827 1.1965722733209285e-07 -0.0019088645566382066 -0.00041391091825966934 0.010766232130611432 -0.0032632032135417434 0 5.0653549613521574e-07 0 0.23964314789576965 0.0036855202736239216 -0.00016393213071437264
leaf_weight=79109.229121386539 1849.8560791015625 50199.349555969238 3039.2879638671875 27604.855015039444 98534.481134533882 43578.515502929688 52068.336727619171 2092.2131848335266 4948.7771396636963 3514.0361399948597 14980.925440073013 3361.2799139022827 2856.0830078125 85140.674126148224 70150.569412231445 53855.518461465836 2859.395528793335 117.47213695198298 8960.9230960607529 5205.6543061286211 1643.2435665130615 2141.4240772724152 4562.8298187255859 81313.68815612793 34612.381167888641 346.69215982407331 1996.040183916688 58.134534582495689 6936.3322835564613 27530.588472634554 5688.4248809814453 1367.4877234213054 2215.51416015625 1010.1487599946558 20416.110809326172 261.29027330875397 70912.115439333022 364.09761723875999 465.7857072353363 101.19368523359299 80690.968143902719 321.07976640760899 7544.1968269348145 84079.35557949543 6914.4008312225342 815.99019384384155 786.64226341247559 61349.440551757812 58293.474198423326 751.42679812014103 3863.3942437171936 1478.5316905975342 416.08220100402832 3381.1574020385742 2104.7778644561768 5098.8965950012207 4385.2334895133972 89271.487915154546 714.44837188720703 295.54263305664062 17806.244606018066 457428.74250018969
leaf_count=87878 9027 66500 5335 57777 134313 85995 83453 3513 8127 5844 24873 6394 5255 128479 102792 65226 4879 189 14168 9914 3526 3751 8159 119550 58579 609 4047 96 12828 41447 10635 2182 4072 2036 39255 505 90513 593 618 180 97181 538 12947 101447 13408 1405 1375 77917 80737 1378 8099 2968 925 8174 7264 22467 8243 164561 1166 4000 75142 1595912
internal_value=0.00652813 0.00967362 0.0108296 0.0117034 0.0121469 0.00391622 0.0134538 0.0103937 0.00694297 0.0143126 0.0104462 0.0145838 0.0121557 0.0148485 0.0104929 0.00630849 0.0154058 0.00877781 0.0121649 0.00714855 0.0167973 0.0138434 0.016224 0.0135329 0.0170202 0.00290618 0.0109616 0.0278432 -0.000470802 0.00885019 0.0018678 0.00545746 0.0111806 0.019691 0.000136568 0.0296807 0.0117167 0.0244026 0.00749212 0.0349074 0.00535868 0.0342339 0.016142 0.00866949 -0.00141917 0.0166232 0.0114484 0.00610891 0.0108742 0.0403341 0.00762476 0.0122755 5.85267e-05 -0.00358079 -0.000814971 0.000268842 0.00573752 0.000129192 0.0132492 0.00818195 9.85715e-05 1.13786e-05
internal_weight=1.76576e+06 1.18811e+06 884322 785093 757489 99228.1 423139 92726.8 55649.6 330412 32922.5 65833.2 29883.2 301244 334349 303788 62471.9 29168 18496.6 9535.68 121396 27027.1 19543.8 179848 119753 10671.4 3152.29 1156.25 7519.1 82638.5 22727.1 10863.9 5175.52 2960.01 26893.6 1949.86 200071 582.763 54321.3 465.291 221150 1688.57 59612.5 134279 11863.2 4330.03 28317.2 142040 129206 809.561 7483.35 3619.96 577653 11000.9 7619.76 7203.67 6477.45 566652 70865 2145.4 564506 546700
internal_count=3600366 1712894 1341252 1155314 1097537 185938 654382 158684 99943 495698 58440 107673 53105 444447 443155 371642 101279 51251 31331 17163 190584 47850 33032 253863 187058 19920 6130 2083 13790 108666 41503 19968 9333 5261 51011 3225 275208 962 65844 773 262976 2720 96400 167947 21535 7249 42822 175098 171250 1474 14818 6719 1887472 38830 30656 29731 11756 1848642 103958 13027 1835615 1760473
cat_boundaries=0 1 2 3
cat_threshold=33552 15584 16032
is_linear=0
shrinkage=0.05


Tree=106
num_leaves=63
num_cat=4
split_feature=16 147 29 32 13 32 48 13 32 48 100 13 12 147 147 109 33 37 32 33 32 106 100 29 12 48 25 11 13 12 106 75 13 40 32 32 32 71 23 43 13 15 105 32 147 3 75 48 116 3 147 13 25 51 15 26 88 3 13 21 70 3
split_gain=14555.7 2156.78 2293.25 2088.56 989.501 609.531 677.464 438.848 279.698 1829.26 299.242 264.687 236.931 162.342 173.569 158.228 152.384 198.68 143.12 167.428 142.885 121.092 120.795 118.766 115.739 102.195 101.835 90.2277 220.714 149.839 101.328 85.8817 83.2598 180.077 76.9795 74.9605 73.0657 68.5956 140.326 234.597 209.788 200.175 156.487 208.592 68.461 98.9394 80.2602 65.1418 61.8592 61.5694 60.0865 58.4623 58.1678 56.7206 55.9603 54.5682 53.6796 54.3818 89.845 81.2952 65.829 62.8195
threshold=3.5000000000000004 2.0004616975784306 199.25000000000003 4473.0000000000009 1.0833333134651186 889.50000000000011 8492.0000000000018 1.4166666865348818 2688.0000000000005 4231.5000000000009 546882560.00000012 0.75000000000000011 0.83333334326744091 2.80012059211731 5.3999998569488534 351.50000000000006 1139.5000000000002 182.50000000000003 1352.5000000000002 2263.5000000000005 1495.5000000000002 478.50000000000006 763662976.00000012 199.25000000000003 2.1666666269302373 5039.5000000000009 158.50000000000003 3.5000000000000004 2.0833333730697636 0.83333334326744091 442.50000000000006 17913.500000000004 2.0833333730697636 8347.0000000000018 2688.0000000000005 1046.5000000000002 2688.0000000000005 1.046933174133301 0.9476255774497987 3166.0000000000005 2.0833333730697636 1.3307163715362551 1482458816.0000002 2688.0000000000005 0.90000000596046459 0 1.0000000180025095e-35 5039.5000000000009 1558.666687011719 1 0.90000000596046459 0.25000000745058065 158.50000000000003 4.5000000000000009 1.3307163715362551 4355.5000000000009 5661513.7500000009 2 7.2500000000000009 -4.4999999999999991 1.2399766445159914 3
decision_type=2 2 2 2 2 2 2 2 2 2 2 2 2 2 2 2 2 2 2 2 2 2 2 2 2 2 2 2 2 2 2 2 2 2 2 2 2 2 2 2 2 2 2 2 2 9 2 2 2 9 2 2 2 2 2 2 2 9 2 2 2 9
left_child=1 2 12 5 13 11 8 15 10 55 20 22 21 54 23 16 17 -8 26 24 52 31 -4 -15 -20 44 -12 -9 29 -29 -31 35 -13 -34 -17 51 -32 -6 -39 -40 41 42 43 -41 45 -11 -47 -21 -33 -14 -22 -1 -7 -24 -3 -10 57 58 -2 61 -61 -59
right_child=56 4 3 -5 37 6 7 27 9 25 18 32 49 14 -16 34 -18 -19 19 47 50 -23 53 -25 -26 -27 -28 28 -30 30 36 48 33 -35 -36 -37 -38 38 39 40 -42 -43 -44 -45 -46 46 -48 -49 -50 -51 -52 -53 -54 -55 -56 -57 -58 59 -60 60 -62 -63
leaf_value=0 2.4587075005203758e-08 0 0 1.5984382856715219e-06 -4.7562203064899226e-10 -0.0013309858330604529 0 0 0 -6.0089362574622393e-08 -0.0011130358827397325 0 0 0 -0.00061402230222323828 0 0 0 0 0 0 -0.00059951008454849997 0 0 6.0070096952458586e-05 -2.8734272281468869e-05 0 0 -0.00018726161823498413 1.249646557344164e-07 2.7254872265531759e-07 0 0 -4.4119708767118017e-06 -1.3484409291886212e-05 -0.0012868231690237061 -0.0022126494413388176 -9.0143472994047036e-07 -5.1249581768431514e-10 1.5038779721532337e-09 0.014925339646174762 -3.6338346998121555e-09 -4.4760124998871354e-07 -0.00064827403615955095 0 0 0 -2.2327824262924345e-05 0 0 0 0 0 0 -9.5103080965941447e-11 0 0.022060517625985644 -0.00013078907962230595 0.014763515680430484 -2.0279624035608308e-07 -0.00055131869450502605 -0.0045610301351300181
leaf_weight=51708.00304955407 372470.97624444962 52279.299945175648 81969.952262356877 37439.230770111084 39366.562385976315 519.17467164993286 6265.5397434830666 12076.028889158741 51504.242816925049 549.78681194782257 776.52330780029297 87576.907202363014 26451.659585952759 13961.269913375378 1384.1323289871216 10935.174746513367 3599.8548917770386 6481.3789790272713 107590.63556574658 791.41790867969394 45168.438415527344 433.84646701812744 17869.876953125 43197.882415115833 938.09076690673828 18094.734649658203 76428.459075927734 446.16155805252492 3420.6893126964569 222.95435366034508 824.54249391704798 95919.134976476431 1289.6801280230284 2500.0003890991211 560.95121955871582 247.823974609375 83.873782686889172 20672.135452270508 3416.9145736694336 1729.1666371412575 1724.042067039758 799.09573364257812 342.6051619052887 361.47288470715284 6926.8081665039062 737.62027502059937 1886.5542472600937 1644.0012474060059 18564.427116751671 16134.47918510437 45444.850646972656 35901.482153385878 65703.047622680664 62731.127075195312 2472.9927978515625 547.10579681396484 8823.8611030578613 11192.728530883789 32449.006397366524 130159.28359735012 9298.8133239746094 13090.498031616211
leaf_count=63189 979818 64233 98741 77728 75059 999 10288 22453 83982 899 1429 122796 32634 16128 2566 17061 6917 12765 173769 1362 62862 625 25042 57443 1754 34925 110596 773 6989 389 1484 107081 2082 4498 1059 415 161 40118 6246 2762 3475 1340 569 670 12793 1381 3091 2942 22439 24110 68629 46023 86872 80517 4812 896 95333 64818 266393 410828 30147 40067
internal_value=0.00649064 0.00965459 0.0105594 0.0119138 0.0046408 0.0125092 0.0135754 0.00773513 0.0141922 0.0115329 0.0148107 0.0105351 0.00635547 0.00750794 0.00933847 0.0116053 0.0084433 0.0110087 0.0161553 0.0173059 0.0131975 0.00564334 0.00932479 0.00976218 0.0175969 0.00127572 0.0145014 0.00142359 0.00707302 0.0225417 0.0322153 0.00569996 0.0126886 0.00542956 0.0161005 0.00687599 0.039625 -0.000107369 0.00173575 0.00719624 0.0141448 0.0216565 0.0287858 0.0339179 0.00530463 0.0113856 0.0153923 0.00433698 0.00479737 0.00974605 0.014488 0.00695375 0.0114315 0.0106995 0.00555051 0.017089 -2.15687e-05 -8.16281e-05 0.000229297 -0.000850513 -0.000385624 -0.00352044
internal_weight=1.7661e+06 1.18861e+06 1.00691e+06 761545 181708 724106 470169 44917.1 425251 80246.9 345005 253938 245361 113296 58543.3 27842.9 16346.8 12746.9 188169 110964 156836 202775 162571 57159.2 108529 28195.5 77205 17074.3 4998.22 1577.53 1131.37 202341 91366.6 3789.68 11496.1 87857.3 908.416 68412 29045.4 8373.3 4956.38 3232.34 2433.24 2090.64 10100.8 3173.96 2624.17 2435.42 114484 42586.1 90613.3 87609.5 66222.2 80601 54752.3 52051.3 577485 568661 404920 163741 139458 24283.2
internal_count=3600265 1712861 1437440 1140924 275421 1063196 729520 80339 649181 137967 511214 333676 296516 145182 76137 48090 29970 23053 291852 179827 219362 239772 204300 73571 175523 53089 112025 32249 9796 2807 2034 239147 129376 6580 18120 109627 1645 130239 55180 15062 8816 5341 4001 3432 18164 5371 4472 4304 129520 56744 131491 109212 87871 105559 69045 84878 1887404 1792071 1246211 545860 440975 104885
cat_boundaries=0 1 2 3 4
cat_threshold=8961 37392 46597 464
is_linear=0
shrinkage=0.05


Tree=107
num_leaves=63
num_cat=4
split_feature=16 147 24 32 13 13 32 48 32 48 48 13 13 109 147 147 24 33 3 13 40 32 146 48 48 147 32 11 13 146 24 24 6 24 146 59 3 100 36 107 13 71 146 31 69 21 43 22 13 32 100 40 13 15 32 107 3 17 24 146 46 3
split_gain=14360.9 2142 2227.86 2262.59 977.894 474.899 388.411 708.619 386.672 1852.69 239.372 213.884 183.522 237.321 169.233 190.204 164.023 157.35 143.494 126.348 299.053 115.163 109.858 107.493 90.2666 89.147 88.5032 88.3782 224.872 177.058 83.8493 81.5105 79.5318 74.0832 94.7505 103.249 91.951 73.729 77.9601 69.4986 65.698 64.9824 64.6009 63.3129 68.5673 60.841 113.137 132.68 154.896 128.344 150.538 95.6683 59.1927 57.3665 56.6309 55.7047 55.2859 54.5912 54.3938 53.7334 99.8184 86.0889
threshold=3.5000000000000004 2.0004616975784306 416.50000000000006 4473.0000000000009 1.0833333134651186 0.41666667163372045 1205.0000000000002 8492.0000000000018 2688.0000000000005 4231.5000000000009 3986.0000000000005 0.58333334326744091 1.4166666865348818 351.50000000000006 2.80012059211731 5.3999998569488534 1190.5000000000002 2263.5000000000005 0 2.0833333730697636 8347.0000000000018 228.50000000000003 2.1666666269302373 5039.5000000000009 5039.5000000000009 0.90000000596046459 2688.0000000000005 3.5000000000000004 2.0833333730697636 0.83333334326744091 1464.5000000000002 2645.0000000000005 0.25000000000000011 2645.0000000000005 1.1666666865348818 47831.500000000007 1 1435613376.0000002 1.5000000000000002 101.50000000000001 0.91666665673255932 1.046933174133301 2.1666666269302373 515.28085327148449 -1.0000000180025095e-35 1.5000000000000002 2671.5000000000005 0.99828177690505993 2.0833333730697636 2688.0000000000005 1663603776.0000002 3619.5000000000005 2.0833333730697636 1.3307163715362551 2688.0000000000005 263.50000000000006 2 32.500000000000007 87.500000000000014 2.1666666269302373 15755.000000000002 3
decision_type=2 2 2 2 2 2 2 2 2 2 2 2 2 2 2 2 2 2 9 2 2 2 2 2 2 2 2 2 2 2 2 2 2 2 2 2 9 2 2 2 2 2 2 2 2 2 2 2 2 2 2 2 2 2 2 2 9 2 2 2 2 9
left_child=1 2 5 6 14 37 11 8 10 42 25 32 13 16 53 21 -9 22 40 -13 -21 -16 30 33 -19 -8 -15 -14 29 -29 39 -32 43 -11 35 -35 -37 38 -1 -12 -7 52 -10 -4 -45 -43 -47 -48 49 50 51 -49 -6 58 -31 -18 -17 59 -3 60 61 -2
right_child=57 4 3 -5 41 18 7 12 9 23 17 19 27 26 15 56 55 24 -20 20 -22 -23 -24 -25 -26 -27 -28 28 -30 54 31 -33 -34 34 -36 36 -38 -39 -40 -41 -42 45 -44 44 -46 46 47 48 -50 -51 -52 -53 -54 -55 -56 -57 -58 -59 -60 -61 -62 -63
leaf_value=0 6.1180438306458428e-06 0 0 1.3542916029229969e-06 -5.0028411413549636e-10 0 0 0 0 0 0.030564862832718 0 -2.6951092702010018e-08 0 0 6.659719485643257e-05 0.040905141205117512 0 0 0 -0.00012002438312760378 0 0.0007104124221656115 -3.3791891983325305e-05 -3.3156311714077624e-05 0 -1.3335521304869147e-05 -4.0287357361279424e-08 0.0038831698011417949 2.2217122491391203e-07 0 0 0 -0.0018599638508422724 -0.00041624070292349828 -5.7084894444781048e-08 3.6886986798378985e-09 0 0 0 0 8.0284534575980615e-10 -0.0018472591514475886 0.037627468366780249 -0.0012648364241241051 -6.8592965907222106e-10 -1.6518073356702928e-08 -5.0559967010533387e-10 -0.00012689541713804004 -2.3008463026656034e-07 -1.697351835827643e-06 1.4286840710475703e-09 0.0016996901923884034 -9.0347929138090427e-11 -0.0023875523956329151 -0.00056390852390982851 -0.0011076411326317573 0.4123079182952939 0 -0.00014181815095596351 -0.00018380234653467831 4.8816633903721526e-07
leaf_weight=68793.185794285033 9621.1608371734619 13474.153518930078 98670.764112569392 37533.139366149902 26261.491265699267 65015.49186386168 58927.091206550598 1840.9237060546875 51611.594411373138 2649.0892944335938 722.96033159829676 146688.46667480469 8405.5578609015793 6640.5242958068848 13054.668888509274 391.90101432800293 845.29313135147095 1214.9282961096615 29770.753309249878 2562.5966724380851 3185.1668853759766 44038.679790079594 1145.1046800613403 18166.519744873047 1648.2354431152344 52174.23193359375 569.80050277709961 316.59413183666766 2717.7692208886147 711.77093893289566 74151.546437263489 635.23734647035599 38668.59033203125 1024.5092241466045 3676.8355464935303 421.46787229180336 2362.47352039814 43728.04931640625 89822.307360187173 67135.886619567871 15190.326708197594 22236.251953125 377.63735961914062 165.05834770202637 374.73321723937988 2410.5172004699707 1801.1350212097168 70.984163083136082 802.1284459233284 318.88204961270094 208.60318493843079 1191.1567951142788 13049.623297154903 2464.5631103515625 79.192039430141449 5956.830915927887 990.87833964824677 1090.0949974060059 38875.114212036133 481741.32325744629 2486.8907470703125 82602.870691299438
leaf_count=79901 18796 14480 128636 77686 47327 78633 80272 3088 84043 4402 1699 208072 16201 10766 15072 902 2641 2040 42264 4215 5867 58511 2119 35157 2941 77306 1060 559 5662 1297 123003 1221 52664 1968 6988 714 4179 54039 101503 100676 20371 42846 690 350 557 4521 3377 102 1613 586 343 1868 27583 4796 153 11489 1625 51548 49821 1659522 4694 152736
internal_value=0.00651906 0.00966336 0.0105654 0.0121437 0.00466595 0.00705844 0.0128263 0.0139095 0.0145435 0.0115132 0.0154874 0.0114603 0.00627739 0.00982756 0.00751554 0.00938668 0.00423885 0.0168139 0.00970315 0.0127512 0.00547699 0.00983053 0.017045 0.00121866 0.00520379 0.0137363 0.0165253 0.00167513 0.00797509 0.0269597 0.0171688 0.0183243 0.0100331 0.0053443 0.00279988 0.00832711 0.0133212 0.00562096 0.0051197 0.0158951 0.00859783 -5.7153e-05 0.017117 0.00928301 -0.00778362 0.00173649 0.00587388 0.01065 0.0178928 0.0260743 0.0323075 0.0388092 -0.00138227 0.00551923 0.0396015 0.000654337 -0.00893242 5.15881e-05 0.00587022 3.04353e-05 0.00111916 0.00138578
internal_weight=1.76548e+06 1.18794e+06 1.0063e+06 693978 181641 312320 656445 366130 338045 80290.1 257755 290315 28084.3 15853.4 113290 58476.1 8643.05 146654 109977 152436 5747.76 57093.3 143791 28300.9 2863.16 111101 7210.32 12230.9 3825.33 1107.56 142646 74786.8 137879 10134.4 7485.29 3808.45 2783.94 202344 158615 67858.8 80205.8 68350.8 51989.2 99210.6 539.792 29039.7 6803.41 4392.89 2591.75 1789.63 1470.74 1262.14 39311.1 54813.8 790.963 6802.12 1382.78 577542 52349.3 576452 94710.9 92224
internal_count=3599761 1712465 1437092 1060381 275373 376711 982695 582334 529418 138141 391277 400361 52916 29044 145207 76110 17218 233699 141268 218154 10082 73583 228718 53408 4981 157578 11826 23872 7671 2009 226599 124224 182207 18251 13849 6861 4893 235443 181404 102375 99004 130166 84733 129543 907 55256 12410 7889 4512 2899 2313 1970 74910 69097 1450 14130 2527 1887296 64301 1835748 176226 171532
cat_boundaries=0 1 2 3 4
cat_threshold=37649 8705 2368 8792
is_linear=0
shrinkage=0.05


Tree=108
num_leaves=63
num_cat=2
split_feature=12 30 32 15 12 15 147 30 48 32 48 13 12 15 13 100 109 24 28 48 3 147 24 11 13 24 12 27 40 28 71 43 8 13 32 100 40 117 28 13 12 36 147 9 13 24 48 38 13 40 28 48 3 130 100 83 71 13 24 48 44 24
split_gain=13866.1 2197.2 2448.56 1749.08 665.481 803.777 566.736 442.892 478.4 370.772 2036.69 356.229 293.035 281.298 273.236 194.081 191.586 307.648 189.611 177.012 145.441 127.707 122.349 120.717 244.482 206.908 188.385 122.531 111.181 289.599 106.627 182.298 149.081 245.747 145.402 109.358 103.786 101.156 98.2983 96.4779 91.2231 86.7615 84.0189 83.8532 82.0255 79.2804 76.4571 75.3102 75.3069 163.758 72.1539 98.8296 72.0201 71.0543 102.148 88.4885 82.4211 69.1288 67.7932 174.47 67.3442 66.8808
threshold=1.8333333134651186 392.50000000000006 4473.0000000000009 1.6663331389427187 2.1666666269302373 1.3307163715362551 2.0004616975784306 886.50000000000011 8492.0000000000018 2688.0000000000005 4231.5000000000009 0.41666667163372045 0.83333334326744091 1.6663331389427187 1.4166666865348818 618204352.00000012 351.50000000000006 1190.5000000000002 2315.0000000000005 8492.0000000000018 0 2.0004616975784306 87.500000000000014 3.5000000000000004 2.0833333730697636 911.50000000000011 0.83333334326744091 551.50000000000011 4616.5000000000009 2315.0000000000005 1.046933174133301 3166.0000000000005 2.5000000000000004 2.0833333730697636 2688.0000000000005 1663603776.0000002 4098.5000000000009 349.91667175292974 2315.0000000000005 2.0833333730697636 0.5000000149011613 1.0000000180025095e-35 2.0004616975784306 2.5000000000000004 2.0833333730697636 1617.5000000000002 6412.5000000000009 0.77065846323966991 2.0833333730697636 8347.0000000000018 2315.0000000000005 5039.5000000000009 1 0.28587266802787786 840945664.00000012 4.5000000000000009 1.0844980478286745 0.75000000000000011 2645.0000000000005 5039.5000000000009 15811.666992187502 911.50000000000011
decision_type=2 2 2 2 2 2 2 2 2 2 2 2 2 2 2 2 2 2 2 2 9 2 2 2 2 2 2 2 2 2 2 2 2 2 2 2 2 2 2 2 2 2 2 2 2 2 2 2 2 2 2 2 9 2 2 2 2 2 2 2 2 2
left_child=1 11 3 7 5 6 18 15 9 12 21 22 36 20 16 -3 17 -10 19 -2 57 -11 -1 25 26 27 -25 -16 42 45 37 -32 -33 34 35 -34 -9 43 -18 -29 -17 47 -14 -8 -21 -30 -24 -5 -42 -50 -38 -52 -53 56 -55 -56 -6 -13 59 -12 -15 -28
right_child=4 2 -4 41 53 -7 30 8 14 10 58 13 28 60 23 40 38 -19 -20 44 -22 -23 46 24 -26 -27 61 39 29 -31 31 32 33 -35 -36 -37 50 -39 -40 -41 48 -43 -44 -45 -46 -47 -48 -49 49 -51 51 52 -54 54 55 -57 -58 -59 -60 -61 -62 -63
leaf_value=0 0 0 -2.0887400594027385e-06 5.6789646360458959e-06 -0.00019236627412567758 2.7820530323907634e-10 2.0200413161360647e-10 0 0 0 0 0 0 3.5566499707656968e-07 -0.0003704697095340054 0 0 -0.00051514814807150926 0 0 0 0 0 -3.827298948877456e-08 -3.6872661928535369e-05 -2.5603538067464626e-08 -6.3760133510454853e-08 1.9002183881955406e-09 0 0 -4.5028706319172332e-10 2.6770894674885251e-08 1.3044887443236982e-09 -0.003332322986586608 -0.0010946315930647468 3.1039822327011877e-09 0 -7.0845973532129852e-11 -1.2972629662046879e-05 -0.00303338651293686 0 -0.00031880174827770511 0 -3.5067626580342903e-09 -4.1637026591545556e-06 0 0 5.4717580172088869e-07 0 -0.00010727463724905518 0 3.8500401039370807e-05 -0.00027893096717277469 -0.00039818346193802871 0.011523944188362834 0.00078706541557733718 -0.0012539032857799136 0 -1.8443493399189494e-10 -4.9688822187624721e-05 -0.00017512630456400585 2.4427782451459926e-07
leaf_weight=79098.200694090687 14507.292587757111 83708.93195104599 42131.015925884247 3349.2931986786425 135414.31625366211 54368.412353515625 401.0477180480957 82629.457258701324 4393.5217172652483 48534.743902176619 2497.3275604248047 60719.475099623203 79541.965918064117 7940.6529541015625 117.04562060162425 53823.942626953125 9477.2186458110809 5717.1635093688965 7401.7557282447815 4360.7428982555866 32544.951971769333 2926.3551459610462 87664.801885426044 421.44652608409524 2494.8241771906614 7997.5507507324219 61.544023305177689 392.01269548013806 51167.987913541496 2230.3477149680257 3634.4400177001953 1381.801155090332 1448.5408005863428 998.77647568285465 285.22133859992027 263.57381188869476 62146.812572479248 10782.726764678955 646.68749904632568 99.655816312879324 113044.14958317578 3401.6341623328626 1278.6253662109375 208.48373413085938 1530.8643033206463 23457.675137996674 95083.104370117188 29678.961921215057 1202.5720812529325 1952.9662017822266 524.43257713317871 109.43608936667442 723.12555423378944 202446.92657470703 31199.850463867188 127722.23559570312 31382.610656738281 25995.861583098769 19148.403686523438 4554.4890899658203 975.1085205078125 886.39703962206841
leaf_count=87892 23891 104213 89151 5351 395453 102664 691 111375 7349 78355 4115 73335 116538 14785 190 71018 14980 11055 14700 7458 48788 4520 104578 742 5152 15072 98 619 79107 3988 6596 2483 2305 1981 530 434 91224 19445 1203 179 160623 6467 2001 373 2955 40685 119543 50599 1995 3557 844 181 1149 650547 141688 515763 96028 33877 36561 7929 1775 1612
internal_value=0.0064634 0.00976118 0.0113503 0.0120507 0.000511892 0.00421828 0.00899162 0.0126326 0.0136404 0.014138 0.0110545 0.00671966 0.0149262 0.00887953 0.00783632 0.0109874 0.0114241 0.00655434 0.0135687 0.0160562 0.00951997 0.016832 0.00566236 0.00201418 0.00935531 -0.00128176 0.0263265 0.0268062 0.0164214 0.0177835 0.00243368 0.00685307 0.0137243 0.0199894 0.0301135 0.0356185 0.0133129 -0.000674277 0.0162864 0.0377481 0.0119579 0.00138178 0.0151259 0.019133 0.00874481 0.0183141 0.00637347 0.002165 0.0127464 0.00512412 0.0148334 0.00342153 -0.00728267 -0.000200892 0.000193099 0.0011419 -0.00105451 0.00844572 -0.000293274 0.00389742 0.000312131 0.0386867
internal_weight=1.76623e+06 1.13649e+06 746470 704339 629740 101574 47205.3 667909 414176 381471 77661.3 390022 303810 128176 32705.1 253733 20234.6 10110.7 27800.7 20398.9 119260 51461.1 261846 12470.5 3864.21 8606.26 1369.39 608.714 157677 76856 19404.6 8012.35 4377.91 2996.11 1997.34 1712.11 146133 11392.3 10123.9 491.669 170024 36429.9 80820.6 609.531 5891.61 74625.7 182748 33028.3 116200 3155.54 63503.8 1356.99 832.562 528166 361369 158922 166797 86715.3 26200.2 7051.82 8915.76 947.941
internal_count=3600355 1614370 1129797 1040646 1985985 186506 83842 978229 636823 578572 131480 484573 447092 172560 58251 341406 34587 18404 49004 34304 156000 82875 312013 23664 7604 16060 2452 988 242319 123780 34838 14329 7733 5250 3269 2739 204773 20509 16183 798 237193 62417 118539 1064 10413 119792 224121 55950 166175 5552 93398 2174 1330 1799479 1307998 657451 491481 107212 48605 12044 16560 1710
cat_boundaries=0 1 2
cat_threshold=33553 1
is_linear=0
shrinkage=0.05


Tree=109
num_leaves=63
num_cat=4
split_feature=146 30 32 15 147 15 30 40 13 32 44 146 15 13 28 100 109 45 3 39 147 75 40 28 100 28 44 33 37 146 147 13 40 25 36 32 13 70 13 40 40 40 3 70 31 46 32 30 109 31 112 28 40 112 13 17 3 76 79 133 3 100
split_gain=13881 2171.43 2467.04 1798.76 687.587 1315.19 458.79 439.652 374.379 352.896 1789.02 291.09 275.199 249.909 198.579 197.958 165.795 147.294 144.437 129.115 127.013 108.728 107.71 101.958 98.1604 186.156 101.595 94.4939 161.808 89.873 82.5388 81.486 90.7722 88.7341 73.0798 73.0488 70.9946 67.5634 65.253 155.584 64.248 64.1144 63.1365 61.1386 79.9791 60.8974 165.185 59.4347 64.0428 100.221 56.5532 55.8661 84.7586 55.7817 55.7722 54.9294 53.4715 56.1464 63.1054 81.0695 53.0181 63.7875
threshold=1.8333333134651186 392.50000000000006 4473.0000000000009 1.6663331389427187 2.0004616975784306 0.87965279817581188 886.50000000000011 8347.0000000000018 0.41666667163372045 2688.0000000000005 3893.5000000000005 0.83333334326744091 1.6663331389427187 1.4166666865348818 2315.0000000000005 618204352.00000012 351.50000000000006 7417.6667480468759 0 0.96368896961212169 2.0004616975784306 10983.500000000002 3842.5000000000005 2315.0000000000005 480154688.00000006 2315.0000000000005 4937.0000000000009 1139.5000000000002 182.50000000000003 0.5000000149011613 2.0004616975784306 1.0833333134651186 3842.5000000000005 6665.5000000000009 1.0000000180025095e-35 1650.0000000000002 0.75000000000000011 1.3843718171119692 2.0833333730697636 8347.0000000000018 11388.000000000002 4334.0000000000009 1 1.2399766445159914 296.48645019531256 3755.0000000000005 4473.0000000000009 1289.5000000000002 419.50000000000006 1632.0860595703127 986.50000000000011 2315.0000000000005 5111.5000000000009 1350.5000000000002 2.0833333730697636 44.500000000000007 2 63448.500000000007 3234.767456054688 9.0901055335998553 3 690358432.00000012
decision_type=2 2 2 2 2 2 2 2 2 2 2 2 2 2 2 2 2 2 9 2 2 2 2 2 2 2 2 2 2 2 2 2 2 2 2 2 2 2 2 2 2 2 9 2 2 2 2 2 2 2 2 2 2 2 2 2 9 2 2 2 9 2
left_child=1 8 3 6 5 14 15 9 21 11 20 22 18 16 17 -3 27 -2 36 56 41 50 -8 -18 30 35 -27 28 -9 -17 -13 -21 -33 37 -5 -26 -10 47 42 -40 43 -11 -31 -14 -45 46 -16 -34 -49 -50 -1 -24 -53 -23 -19 -35 57 -6 59 -59 61 -7
right_child=4 2 -4 34 19 60 7 13 12 10 -12 24 40 -15 45 29 23 54 -20 31 -22 53 51 -25 25 26 -28 -29 -30 38 -32 32 33 55 -36 -37 -38 -39 39 -41 -42 -43 -44 44 -46 -47 -48 48 49 -51 -52 52 -54 -55 -56 -57 -58 58 -60 -61 -62 -63
leaf_value=0 0 0 -1.5374051013504888e-05 7.6552365031757123e-07 1.0872172322293305e-09 5.2693406610933188e-05 0 0 0 0 0 0 1.1650214894814293e-07 1.8394334333482477e-09 0 0 0 0 0 5.6033183102394712e-07 0 0 0 -1.8326854868833122e-05 0 0 -2.8809007104111856e-05 0 0 0 0 -0.00018189059865021768 -8.565879877276764e-07 0.020583432042206674 -0.00030167313515833924 0 0 -0.0012786067002204331 0 -0.00010187057133672629 -8.4311257948560714e-06 0 0 2.6977259649815371e-05 -0.0013873754013166697 0.024142914731098333 -0.0033418264585081954 0.0050201328578335707 0.0002081752513598061 -0.032196472907908849 0 0 -0.00015172336210834427 0 0 1.3346013124430582 -0.00018400759302416954 0.0062391844207756904 -1.1154265697865818e-06 -0.012315356295541502 -2.2216128381380429e-09 2.3524432133964818e-07
leaf_weight=48909.709051482845 15228.864542722702 83648.941908478737 42184.853542804718 33106.582599969581 85218.411926269531 2332.0782470703125 75116.068751215935 3713.2819617986679 60333.672575436532 47824.479079693556 26049.002698659897 46353.341325759888 4879.1543350219727 12422.826394081116 2218.5096880197525 53864.221069335938 9486.7919943332672 3523.2750364691019 32521.305086135864 11328.344866245985 2984.1372076869011 102950.64279147983 69544.841003417969 651.84129619598389 60340.050042375922 1895.6569331735373 1738.1944655478001 3511.672679901123 3028.0395630598068 66607.845029048622 744.92379760742188 70043.870843440294 62236.646536827087 20350.665460586548 3421.8259693663567 46110.649109363556 26086.908551476896 5537.6797943115234 1199.2398422434926 1921.837776184082 2756.512451171875 669.96079501509666 46394.173421859741 917.89903736114502 304.80160808563232 3841.6420402526855 1388.3539131879807 79668.527331352234 107665.31267738342 1842.9684524536133 61184.593078613281 916.8587646484375 734.31280517578125 48495.988220214844 1589.8794396966696 301.50763893127441 78811.486524343491 1718.8657150268555 18269.147750854492 7804.7426834106445 44032.805820465088 5070.0088958740234
leaf_count=59657 25263 104023 89230 56001 259319 4392 100819 6241 72914 77196 48158 66601 9687 23542 3929 71110 14943 5958 48801 24570 4568 115196 101551 1196 91395 3215 3134 6699 5753 90934 1129 213369 144053 186990 6556 76385 34056 12856 2001 3530 4986 1308 69481 1246 593 8081 2757 290510 346006 7253 79654 1452 1182 57033 3083 22105 243234 5772 64822 23111 80772 8874
internal_value=0.00646027 0.00976259 0.011342 0.0120457 0.000508292 0.00486359 0.012637 0.0136633 0.00673561 0.0141416 0.0111305 0.0149107 0.00895371 0.00810942 0.0136277 0.0109624 0.0115152 0.0161854 0.0095869 -0.000118158 0.0165334 0.00565172 0.0133054 0.0160494 0.016405 0.0172227 0.006091 0.00703052 0.0104948 0.0119424 0.0144934 0.000441434 0.00030543 0.000711277 0.00124189 0.0176026 0.00851342 0.00045782 0.0127257 0.00558976 0.00045115 0.0171496 0.0129227 0.00331365 0.0133094 0.00664119 0.0113069 0.000578171 0.00101913 0.000234396 0.00684754 0.0146994 0.00560257 0.00478237 0.00883961 0.00386442 -0.0011654 -0.000468038 -0.00241958 -0.0057194 0.000128119 0.00404034
internal_weight=1.76555e+06 1.13553e+06 746186 704002 630024 79225.4 667473 413837 389341 381022 77527.6 303495 127800 32814.5 27790.5 253636 20391.6 20342 118942 550798 51478.6 261541 146312 10138.6 157183 110085 3633.85 10253 6741.32 169987 47098.3 358976 347647 277603 36528.4 106451 86420.6 256951 116123 3121.08 8858.37 48494.4 113002 6101.85 1222.7 7448.51 3606.86 251413 189177 109508 110094 71196 1651.17 151447 5113.15 20652.2 191823 113011 27792.8 9523.61 51434.9 7402.09
internal_count=3600235 1613156 1129333 1040103 1987079 143109 977546 636467 483823 578093 131230 446863 172283 58374 49071 341079 34832 34304 155771 1843970 83072 311540 205004 16139 241859 174129 6349 18693 11994 237056 67730 1247712 1223142 1009773 62557 167780 106970 800678 165946 5531 16512 78504 160415 11526 1839 14767 6686 787822 643769 353259 139311 104185 2634 172229 9041 209095 596258 353024 93705 28883 94038 13266
cat_boundaries=0 1 2 3 4
cat_threshold=33553 33037 38428 41816
is_linear=0
shrinkage=0.05


Tree=110
num_leaves=63
num_cat=4
split_feature=16 30 12 28 147 13 14 30 40 28 44 40 13 13 117 109 104 147 3 31 30 37 75 28 28 31 11 13 12 13 40 20 94 3 12 33 3 31 41 13 12 7 37 40 147 38 14 28 147 40 33 37 95 79 31 3 31 62 31 106 94 77
split_gain=14689.4 1889.62 2276.16 1735.39 704.277 467.45 465.468 358.381 553.404 511.439 1873.32 337.52 267.532 247.901 212.459 181.91 167.409 130.202 129.26 128.889 108.982 126.45 104.223 102.699 98.6669 94.5441 88.2844 240.669 160.345 84.1682 208.613 82.2141 79.8683 79.4907 76.8328 76.1852 73.4606 72.2685 93.1665 70.6546 97.1017 96.1202 78.1004 67.7356 61.7665 61.3874 70.9355 61.1174 60.6001 57.6334 89.1198 65.8544 57.3795 213.26 56.8386 56.1502 89.5399 82.8612 55.9823 71.1329 57.5305 59.6143
threshold=3.5000000000000004 392.50000000000006 2.1666666269302373 3908.166625976563 2.0004616975784306 0.41666667163372045 2.5000000000000004 886.50000000000011 8347.0000000000018 2315.0000000000005 3893.5000000000005 4616.5000000000009 1.4166666865348818 0.91666665673255932 349.91667175292974 351.50000000000006 632581152.00000012 0.90000000596046459 0 927.14965820312511 1159.5000000000002 182.50000000000003 10983.500000000002 4362.5000000000009 2315.0000000000005 927.14965820312511 3.5000000000000004 2.0833333730697636 0.83333334326744091 2.0833333730697636 8347.0000000000018 2.5000000000000004 116169116.00000001 1 2.1666666269302373 2050.5000000000005 2 381.03485107421881 4218.0000000000009 2.0833333730697636 1.8333333134651186 -0.93301269412040699 -24.499999999999996 4334.0000000000009 3.0278023481369023 0.86952012777328502 28.500000000000004 2315.0000000000005 0.90000000596046459 5111.5000000000009 2504.5000000000005 284.50000000000006 1.0000000180025095e-35 1322.771911621094 515.28085327148449 3 515.28085327148449 122003.50000000001 1632.0860595703127 882.50000000000011 2084426560.0000002 13768.916992187502
decision_type=2 2 2 2 2 2 2 2 2 2 2 2 2 2 2 2 2 2 9 2 2 2 2 2 2 2 2 2 2 2 2 2 2 9 2 2 9 2 2 2 2 2 2 2 2 2 2 2 2 2 2 2 2 2 2 9 2 2 2 2 2 2
left_child=1 5 3 4 6 22 7 16 9 11 19 17 15 14 -6 20 48 -9 54 43 21 -10 52 37 -17 31 -14 28 -28 36 -31 -13 33 39 -20 -33 -18 38 -5 40 -15 -42 -43 -11 -16 58 -47 -30 -3 50 51 -12 53 -1 -7 -54 -57 -58 -2 60 61 -60
right_child=45 2 -4 23 13 18 -8 8 12 10 49 25 26 32 44 24 29 -19 34 -21 -22 -23 -24 -25 -26 -27 27 -29 47 30 -32 35 -34 -35 -36 -37 -38 -39 -40 -41 41 42 -44 -45 -46 46 -48 -49 -50 -51 -52 -53 55 -55 -56 56 57 -59 59 -61 -62 -63
leaf_value=-0.0015075527174225113 -1.3367144985676537e-06 0 -3.2954405199321379e-05 0 -1.4292245165137275e-11 0 -2.1105321934555832e-09 0 0 0 0 0 -1.5886927329233915e-10 0 0 0 0 0 0 0 0 0 0 1.5987767945535582e-06 -1.1287248123503791e-05 9.3801043619279333e-06 -3.64513116912768e-08 0.0077767393410491997 1.8579874440371939e-07 0 -0.00010275922254436854 0 1.3572498680503031e-09 4.2062346967564698e-08 -3.0419911959082355e-05 2.5370430217430687e-05 0 1.6572052304268323e-06 -2.9303983964392801e-05 -5.0253307424823399e-05 -0.00010788187837126235 9.2001299529131951e-06 5.429700510601043e-06 0 0 1.1305463430730569e-06 0.18799886067600227 -0.0022640839949566206 0 -3.576576873437487e-05 0 0 0 0 -0.0018000973009478481 0 -0.0016459481821850753 3.0783689762658997e-05 -1.8730265608340909e-05 0.046675848369421541 0.037244189014562792 -0.017394739335969113
leaf_weight=2372.8314233955462 111096.02731323242 55020.163945227861 42844.231632232666 5018.3728319816291 721.40704981982708 65814.838050842285 2656.3457641601562 86505.665239453316 3072.0249624550343 49065.025397963822 4423.901880338788 70887.005092144012 9965.0389918442816 1310.877085570246 24064.562555260956 8820.3572550415993 54201.303560256958 79026.767227634788 57423.636502832174 2832.2990684509277 5502.4542656689882 1758.9285718947649 151556.65707620978 30945.520355224609 591.62797164916992 1131.7148971557617 361.36953612603247 2847.2907061576843 841.44353014230728 1415.4828462451696 2459.8173980712891 50878.475985527039 16921.575734615326 9737.9789033234119 1391.0577607154846 764.654052734375 91205.276444450021 4649.3968772888184 1588.2481677122414 700.70511629804969 305.83777713775635 1022.0033320188522 1206.4150859117508 666.36718461662531 24133.362585119903 453282.30122089386 2776.3003416061401 88.347256600856781 25069.223266601562 15157.859619140625 5997.5750732421875 2543.6195808649063 7937.4304542541504 8366.5920063257217 128.58333587646484 90250.37527179718 581.72154903411865 548.66198921203613 2448.3871827125549 718.861572265625 702.38303375244141 6640.3909163475037
leaf_count=4373 303536 67404 84695 8802 1143 80342 4596 117959 5119 78664 7596 115395 18679 1944 29974 13962 80442 117058 81942 5045 10622 3224 172419 65249 1091 2356 636 5866 1548 2383 4484 76392 30313 17137 2431 1208 123376 8802 3188 1310 530 1611 1936 1264 33360 1447402 85810 167 33558 28909 10864 4744 11500 13598 176 107804 913 1123 10131 7511 7055 26916
internal_value=0.00653664 0.00971835 0.0111038 0.0117375 0.0123183 0.00684639 0.0128751 0.0129627 0.0138595 0.0144195 0.0108992 0.0154016 0.00773961 0.00790047 0.0101218 0.0114964 0.0113842 0.0139249 0.00936489 0.0164718 0.00691485 0.0123948 0.00564533 0.00188432 0.0165253 0.0173782 0.0024794 0.00861753 0.0265186 0.0123738 0.0050983 0.017511 0.0044179 0.00717121 0.0110723 0.0159923 0.0125676 0.00597398 0.00933484 0.0126279 0.0153165 0.0210307 0.0246379 0.0170628 0.0105251 -2.87926e-06 0.00026327 0.0374985 0.0095396 0.000483326 0.00293082 0.00677683 0.00681658 0.00334362 0.00783905 0.00719204 0.00683854 -0.00714116 -0.00100106 -0.00448896 -0.00560399 -0.00666982
internal_weight=1.76496e+06 1.1873e+06 800928 758084 715882 386372 635757 633101 403730 369881 80686.6 289194 33848.9 80124.7 48919.3 19745.4 229371 165532 124758 52563.7 10333.4 4830.95 261614 42201.5 9411.99 123662 14103.5 4138.45 1291.16 149282 3875.3 122530 31205.4 14283.8 58814.7 51643.1 145407 11256 6606.62 4545.84 3845.13 2534.26 2228.42 49731.4 48197.9 577665 456059 929.791 80089.4 28123 12965.1 6967.52 110058 10739.4 65943.4 99318.2 91380.8 1130.38 121606 10510 9791.16 9088.78
internal_count=3599587 1711226 1234605 1149910 1063869 476621 944611 940015 628368 567454 137086 430368 60914 119258 64477 34018 311647 235017 164891 84973 18965 8343 311730 86041 15053 195351 26896 8217 2351 210685 6867 192995 54781 24468 84373 77600 203818 20792 11990 7331 6021 4077 3547 79928 63334 1888361 1533212 1715 100962 52113 23204 12340 139311 17971 80518 121340 109840 2036 355149 51613 44102 37047
cat_boundaries=0 1 2 3 4
cat_threshold=33296 9097 15584 14432
is_linear=0
shrinkage=0.05


Tree=111
num_leaves=63
num_cat=4
split_feature=16 147 28 32 13 14 28 40 32 44 13 147 13 100 24 109 24 44 117 28 147 3 147 44 107 3 31 28 11 13 24 3 24 107 40 24 24 69 28 40 13 100 147 24 3 42 24 28 147 109 107 40 13 147 24 147 24 44 27 147 83 147
split_gain=14455.1 2067.1 2267.96 2092.27 838.245 629.068 431.314 520.615 427.934 2010.79 411.104 291.271 261.784 212.799 184.716 176.586 340.422 174.109 168.517 145.513 140.668 123.568 116.093 113.531 103.237 103.181 91.341 88.2465 81.5616 206.923 137.712 79.4542 77.495 76.2729 74.7201 73.4911 74.5206 117.215 73.1524 117.053 72.6946 70.4625 69.7067 66.7766 66.6552 66.3522 62.9381 67.1927 61.8962 178.209 108.434 101.707 66.2482 60.3101 205.825 89.5417 58.663 99.9223 56.1581 55.7002 53.3161 51.3526
threshold=3.5000000000000004 2.0004616975784306 380.50000000000006 4473.0000000000009 0.91666665673255932 2.5000000000000004 873.16665649414074 8347.0000000000018 2688.0000000000005 3893.5000000000005 0.41666667163372045 1.2500000000000002 1.4166666865348818 618204352.00000012 178.50000000000003 351.50000000000006 1190.5000000000002 3656.8332519531255 349.91667175292974 2315.0000000000005 5.3999998569488534 0 3.0278023481369023 4937.0000000000009 101.50000000000001 1 605.08557128906261 2315.0000000000005 3.5000000000000004 2.0833333730697636 911.50000000000011 2 1329.5000000000002 101.50000000000001 4334.0000000000009 87.500000000000014 911.50000000000011 50562.000000000007 2315.0000000000005 5111.5000000000009 2.0833333730697636 654936352.00000012 1.0500000119209292 1464.5000000000002 3 7453.0000000000009 911.50000000000011 2315.0000000000005 0.35000000894069677 387.50000000000006 800.50000000000011 3842.5000000000005 1.9166666865348818 3.3000000715255742 294.50000000000006 4.302898883819581 2645.0000000000005 4673.5000000000009 551.50000000000011 4.302898883819581 2.5000000000000004 0.90000000596046459
decision_type=2 2 2 2 2 2 2 2 2 2 2 2 2 2 2 2 2 2 2 2 2 9 2 2 2 9 2 2 2 2 2 9 2 2 2 2 2 2 2 2 2 2 2 2 9 2 2 2 2 2 2 2 2 2 2 2 2 2 2 2 2 2
left_child=1 2 10 5 14 6 13 8 11 34 35 17 15 24 -3 16 -9 43 -16 32 22 -12 -20 -21 26 33 -4 -17 30 42 40 -25 -19 -15 -10 -1 -37 -38 41 -40 58 -13 -30 -8 -22 -32 -44 -48 49 -5 51 52 -51 -6 59 -56 57 -11 -14 -55 -2 -26
right_child=60 4 3 48 53 -7 7 12 9 56 21 38 28 25 18 27 -18 19 20 23 44 -23 -24 31 61 -27 -28 -29 29 -31 45 -33 -34 -35 -36 36 37 -39 39 -41 -42 -43 46 -45 -46 -47 47 -49 -50 50 -52 -53 -54 54 55 -57 -58 -59 -60 -61 -62 -63
leaf_value=0 0.033211359332631397 0 -0.0015636507730758089 -0.0018942074268173737 4.1561054608951767e-08 -2.0050055837828041e-09 0 0 0 0 0 0 -3.4225966505374576e-11 -0.0013113027625309083 -1.35776279108768e-11 0 -4.0936796023460788e-06 0 0 0 6.3435826323016148e-05 0 0 3.9536061374132673e-05 0 0 0.035203635561638517 -1.0722885717329156e-05 1.4045859267342031e-07 0.0098362553336423415 1.3427214673455979e-09 -0.00019307745199818573 0 0 0 0 0.0001944130968798863 -0.0005986390980219137 0 -2.1706013662319823e-05 -0.0017989596764069861 0 -3.2597269341951959e-08 0 -0.0010850082767959587 -2.4407389376257527e-08 1.5891485412831098e-07 -0.0025114418038125665 1.338739248063492e-06 0.00010084150482544408 -0.001703606253383172 7.8555745347541622e-08 -0.00022042958998278462 5.0574289425035459e-05 -2.1031173469410192e-09 0 -1.7521318840252321e-10 -1.8842584833533849e-06 6.2572211301237246e-10 0 -8.6737918444120126e-08 0
leaf_weight=58795.160782806342 2141.2241592407227 30954.122435614467 685.58776783943176 817.00245976448059 73608.219071730971 6199.7241668701172 47377.512872295454 4752.0148226320744 50737.198512239382 2546.7887225020677 60723.802791595459 47101.514116406441 117.67402714677155 387.32615661621094 995.93282699584961 9414.7742481231689 6128.3848829269409 54542.728908555582 40095.09795255959 1456.7773611657321 394.23635882139206 42309.772869557142 29647.550799272954 208.20956401526928 50354.414393901825 80473.568542480469 719.04799652099609 602.88424491882324 648.63194590620697 2953.207183688879 773.28628921508789 1127.3217287957668 54935.162177085876 81069.602005004883 695.99630737304688 148337.70671081543 505.99569019675255 438.25872531533241 2718.4230499267578 1211.0142669677734 192.21455526351929 43011.343816161156 62.503959596157074 48425.066711425781 829.62895794957876 8567.5806846618652 586.94720214605331 65.752817749977112 35106.746337890625 777.27055965084583 437.51729297637939 301.84435064345598 69.830312321893871 374.82303287088871 2326.4557617455721 1802.9888111799955 20185.314270019531 4854.1081727445126 567.39683961868286 139.85804350674152 575749.408203125 21244.587254047394
leaf_count=65820 13003 34478 1102 1546 138779 11143 62099 7985 82455 4261 74139 71453 201 660 1734 14819 12100 77881 48846 2347 897 59028 40299 363 61217 120206 1913 1121 1138 6095 1453 1860 85553 108104 1349 178321 1035 602 4573 2266 348 71515 101 68584 1354 16295 1077 122 73467 1264 762 614 150 601 3620 3966 38942 8550 897 277 1875116 28045
internal_value=0.00648464 0.00964087 0.010526 0.0121139 0.00472424 0.012769 0.0129198 0.013886 0.014425 0.0111486 0.00697765 0.0152819 0.00808831 0.0112065 0.00768988 0.0116725 0.00726102 0.014238 0.00907922 0.0155743 0.00936591 0.00956066 0.00966084 0.00429977 0.00896497 0.0122171 -0.00445547 0.0164629 0.00293448 0.00869642 0.000499342 -0.00622623 0.0158618 0.0109533 0.0169899 0.00569858 0.00628838 -0.00770812 0.0175916 0.0109078 0.0194344 0.0178829 0.0248009 0.0126717 -0.00743384 -0.00127943 0.0355667 0.0401562 0.000627976 0.00838968 0.0181593 0.0262233 0.0350991 0.000823766 -0.00470193 -0.00841967 0.000257572 0.00406543 0.0270556 0.0250962 -1.00277e-06 0.00922835
internal_weight=1.76538e+06 1.18749e+06 1.00632e+06 695212 181169 657702 651502 416568 381134 79019.4 311111 302115 35433.3 234934 102917 20898.1 10880.4 208073 71962.4 112270 70966.5 103034 69742.6 2792.31 73003.6 161930 1404.64 10017.7 14535.2 4317.04 10218.2 1335.53 109478 81456.9 51433.2 208077 149282 944.254 94042.3 3929.44 877.285 90112.9 1363.84 95802.6 1223.87 9340.87 715.204 652.7 37510.2 2403.46 1586.46 1148.95 847.101 78252.3 4644.13 4129.44 27586.2 7400.9 685.071 514.681 577891 71599
internal_count=3599911 1711792 1436941 1057996 274851 980193 969050 647803 584051 135557 378945 448494 63752 321247 127608 36025 20085 298687 93130 168004 91396 133167 89145 4570 92277 228970 3015 15940 27727 8533 19194 2223 163434 108764 83804 245778 179958 1637 149807 6839 1446 142968 2438 130683 2251 17748 1300 1199 77803 4336 2790 2028 1414 147243 8464 7586 51753 12811 1098 878 1888119 89262
cat_boundaries=0 1 2 3 4
cat_threshold=37648 33033 1 11200
is_linear=0
shrinkage=0.05


Tree=112
num_leaves=63
num_cat=0
split_feature=16 147 29 32 14 25 48 14 32 48 147 146 146 147 32 48 100 106 117 75 41 32 26 146 32 79 78 62 112 63 39 94 146 62 29 109 25 88 90 11 147 32 20 25 84 114 84 107 31 25 26 39 131 87 63 32 39 147 11 29 61 31
split_gain=14584.5 2195.17 2256.09 2128.12 627.69 623.631 624.103 588.126 326.413 2230.49 304.069 278.444 235.363 154.228 164.531 136.27 129.852 102.482 95.0661 90.0823 82.3601 68.4713 61.684 61.5894 59.6373 59.408 58.2605 58.0584 57.8468 55.3169 162.8 136.316 123.112 59.4883 54.2297 53.3518 52.8748 52.3556 55.5932 51.2555 61.6067 50.4841 49.8365 54.1118 48.4489 48.044 50.0019 47.6949 62.0215 53.1802 47.3405 50.3933 46.6271 68.9444 48.5805 46.3428 45.3668 44.3704 44.2575 44.0655 43.4226 107.975
threshold=3.5000000000000004 2.0004616975784306 199.25000000000003 4473.0000000000009 2.5000000000000004 884.50000000000011 8492.0000000000018 1.5000000000000002 2688.0000000000005 4231.5000000000009 1.0500000119209292 0.83333334326744091 0.83333334326744091 5.3999998569488534 485.50000000000006 3986.0000000000005 763662976.00000012 478.50000000000006 349.91667175292974 17913.500000000004 5222.5000000000009 624.50000000000011 2317.5000000000005 2.1666666269302373 1352.5000000000002 1840.885681152344 1.0000000180025095e-35 312602.00000000006 1641.5000000000002 14382.889648437502 0.96368896961212169 116169116.00000001 1.8333333134651186 212352.50000000003 388.91667175292974 351.50000000000006 2321.0000000000005 3510130.1250000005 2628053.6250000005 3.5000000000000004 3.0278023481369023 1495.5000000000002 2.5000000000000004 2558.5000000000005 2.5000000000000004 1068.5000000000002 1.0000000180025095e-35 101.50000000000001 605.08557128906261 158.50000000000003 4355.5000000000009 0.93853029608726513 14.004629611968996 1.1676763892173769 29606.908203125004 1352.5000000000002 1.0669401884078982 3.3000000715255742 42.500000000000007 7027.5832519531259 135828.75000000003 1182.428894042969
decision_type=2 2 2 2 2 2 2 2 2 2 2 2 2 2 2 2 2 2 2 2 2 2 2 2 2 2 2 2 2 2 2 2 2 2 2 2 2 2 2 2 2 2 2 2 2 2 2 2 2 2 2 2 2 2 2 2 2 2 2 2 2 2
left_child=1 2 12 4 5 11 8 13 10 50 15 16 17 14 57 41 21 19 -16 26 -12 -4 -22 29 56 -14 -1 -13 -21 30 31 32 -9 -34 -18 -26 -24 38 52 40 -20 -7 -37 -44 58 46 -28 48 -23 -49 -10 -52 53 -2 60 -17 -8 -3 -39 -55 61 -54
right_child=37 7 3 -5 -6 6 24 23 9 -11 20 27 25 -15 18 55 34 -19 39 28 22 47 36 -25 35 -27 45 -29 -30 -31 -32 -33 33 -35 -36 42 -38 44 -40 -41 -42 -43 43 -45 -46 -47 -48 49 -50 -51 51 -53 54 59 -56 -57 -58 -59 -60 -61 -62 -63
leaf_value=-0.0014321750815513901 5.4403154971504509e-07 0 0 2.207459293279169e-06 -1.9047553090345561e-09 0 0 0 0 0 0 0 0 -0.00057547573611354446 -1.2898748735779009e-11 0 0 -0.00036044666349672739 0 0 0 -0.001319058903962922 0 -3.6032083334691656e-05 0 0 0 0 0 1.967313538868032e-10 0 7.8207488924672872e-06 8.1766088005449864e-06 8.8242563353784137e-06 0 0 -6.1382656322828133e-06 0.0066805652208385309 -0.0019417089191712479 0 0 0 0 -1.0218047301133724e-05 0.079017542617620465 0 0 6.9901144158047472e-05 0.034650604619555873 0 0 -4.872194054872381e-08 -1.6167750807091968e-07 0.00068659813277539188 -7.5288988931931193e-05 0 0 0 0.65186429304274851 0.043005402648749219 7.8144355288722493e-06 -0.0091447856287071045
leaf_weight=998.97784783202223 271002.65963745117 44257.104833841324 38508.997916817665 37437.961288452148 6452.5645446777344 32909.398259997368 10892.991116523743 420.28577661514282 49975.052864074707 26905.44970703125 78980.449774265289 91077.717027664185 14165.721580505371 2127.554342508316 165.93414545059204 34036.755418777466 45039.667551279068 395.41235256195068 23173.195125462487 97531.361052840948 41031.054107666016 683.16621780395508 1188.7618103027344 40737.589111328125 7136.418360710144 28454.334442138672 53918.240962918848 34657.59327507019 16629.997625112534 23492.604040145874 6371.4120292663574 1546.5375094413757 884.76371765136719 910.79023742675781 45232.136647939682 8629.1071710586548 700.6949462890625 22625.679912170279 24954.241479873657 2109.9824417810887 26639.85054898262 50197.323486328125 4167.1217304468155 431.65875279903412 1060.0174988114741 30665.298014640808 2380.8124935664237 157.65112996101379 1091.0588455200195 52512.69825053215 270.54847495257854 251.99092324078083 53810.385391235352 26253.00407409668 115607.71484375 56913.821357727051 3535.7936143875122 9054.2314147949219 292.88651808013674 2043.1827545166016 56557.333404541016 3939.6438293457031
leaf_count=2193 783075 49766 44988 77613 11529 42638 17808 631 81062 50286 119728 127215 20765 4594 209 47574 59383 574 28109 108912 67991 1131 2115 80315 14072 36012 63593 53739 20172 43252 11224 2719 1382 1458 62758 16240 1297 159611 104060 3411 37250 69919 7052 810 12149 40542 3504 194 2940 66689 444 413 125585 77322 414155 86981 6015 11254 17545 13919 169019 11615
internal_value=0.00644789 0.00961747 0.0105313 0.0118751 0.0124765 0.0126162 0.0138992 0.00456249 0.014496 0.0116047 0.0152522 0.0109214 0.00635962 0.00692689 0.00719595 0.0139107 0.00967776 0.0056488 0.00919463 0.00569859 0.0171675 0.00836569 0.0189318 0.00114357 0.00749392 0.00973702 0.00690125 0.0127335 0.00477184 0.00272736 0.00581515 0.0140615 0.0220115 0.0277123 0.0110287 0.00575062 0.010089 -6.53052e-05 -0.000164289 0.00931555 0.00963889 0.0124466 0.00763051 0.0118353 0.00222205 0.0070392 0.00617141 0.00950727 0.00144032 0.0097789 0.0178002 0.00281426 -5.55315e-05 0.000355802 -0.000591018 0.0152484 0.00995372 0.00524294 0.0017383 0.00270428 0.000139869 -0.000824482
internal_weight=1.76618e+06 1.18804e+06 1.00615e+06 761006 723568 717115 408154 181892 373361 77403 295958 308961 245140 107528 105400 174057 183225 202520 52089 202125 121901 92953.6 42920.5 74364 34793.1 42620.1 87963.3 125735 114161 33626.4 10133.8 3762.38 2215.84 1795.55 90271.8 20364.3 1889.46 578147 554168 51923 49813 83106.7 13227.9 4598.78 23978.6 86964.4 56299.1 54444.6 1774.23 52670.3 50497.6 522.539 529214 299299 229915 90950.6 14428.8 53311.3 22918.6 28296.2 114307 57750
internal_count=3600520 1712465 1436891 1140624 1063011 1051482 632445 275574 570448 132205 438243 419037 296267 134593 129999 247112 238083 239490 68979 238916 191131 115942 71403 140981 61997 56777 109832 180954 129084 60666 17414 6190 3471 2840 122141 38174 3412 1888055 1698750 68770 65359 112557 24102 7862 189305 107639 67097 70954 4071 66883 81919 857 1594690 874316 720374 134555 23823 61020 177156 91241 306219 137200
is_linear=0
shrinkage=0.05


Tree=113
num_leaves=63
num_cat=4
split_feature=16 28 146 28 14 30 48 28 48 13 13 48 104 24 27 24 24 20 28 13 40 24 3 24 11 13 146 13 24 28 21 24 3 146 48 24 24 69 37 146 27 11 8 14 22 146 146 48 55 70 35 28 40 3 3 146 146 40 23 35 37 112
split_gain=14374.1 1826.31 2191.9 1752.8 541.604 421.696 547.344 447.779 2054.87 361.766 328.901 262.595 213.71 168.146 165.737 264.026 165.689 125.377 123.437 118.435 142.595 111.025 108.03 101.297 139.367 258.27 215.785 129.945 95.1702 90.6777 87.7556 87.4973 83.949 82.3403 80.5071 267.152 79.7724 125.657 79.1362 78.0182 71.4414 79.2041 69.5638 193.901 77.733 67.6015 67.4133 65.4709 64.2175 63.7597 88.0056 62.7392 58.3363 56.6221 56.5216 71.6161 71.2171 56.5167 75.0836 112.411 54.9246 54.4295
threshold=3.5000000000000004 380.50000000000006 2.1666666269302373 3908.166625976563 2.5000000000000004 886.50000000000011 8492.0000000000018 2315.0000000000005 4231.5000000000009 0.41666667163372045 1.4166666865348818 5039.5000000000009 739233088.00000012 4487.5000000000009 671.50000000000011 1190.5000000000002 2645.0000000000005 2.5000000000000004 4362.5000000000009 2.0833333730697636 8347.0000000000018 87.500000000000014 0 911.50000000000011 3.5000000000000004 2.0833333730697636 0.83333334326744091 2.0833333730697636 1464.5000000000002 2315.0000000000005 -1.0000000180025095e-35 416.50000000000006 1 0.83333334326744091 5039.5000000000009 2645.0000000000005 911.50000000000011 50562.000000000007 182.50000000000003 2.1666666269302373 551.50000000000011 3.5000000000000004 2.5000000000000004 1.5000000000000002 2.5033333301544194 1.0000000180025095e-35 1.8333333134651186 6412.5000000000009 1.3945764899253847 1.3843718171119692 1.5000000000000002 2315.0000000000005 2203.5000000000005 2 3 0.5000000149011613 0.5000000149011613 4334.0000000000009 0.63157895207405101 6.5000000000000009 -1933.4999999999998 649.50000000000011
decision_type=2 2 2 2 2 2 2 2 2 2 2 2 2 2 2 2 2 2 2 2 2 2 9 2 2 2 2 2 2 2 2 2 9 2 2 2 2 2 2 2 2 2 2 2 2 2 2 2 2 2 2 2 2 9 9 2 2 2 2 2 2 2
left_child=1 9 3 4 5 12 7 11 13 21 14 17 33 60 15 38 28 -7 57 32 -21 -1 -11 27 -25 26 -26 40 -13 -16 -6 -22 -14 -3 35 46 47 -38 -8 -24 -12 -42 -30 -44 -45 -37 -10 -23 49 50 53 -28 -52 -2 55 -36 -56 58 59 -5 -9 -61
right_child=48 2 -4 18 30 6 10 8 34 22 23 16 19 -15 29 -17 -18 -19 -20 20 31 36 39 24 25 -27 51 -29 42 -31 -32 -33 -34 -35 54 45 37 -39 -40 -41 41 -43 43 44 -46 -47 -48 -49 -50 -51 52 -53 -54 -55 56 -57 -58 -59 -60 61 -62 -63
leaf_value=0 -0.0019713552519702252 0 -2.4570114684752123e-05 0 -1.8095175469134974e-09 0 0 0 0 0 -0.00035194433517812265 0 0 -0.0012906420087786079 0 2.1573877276598654e-05 0.00013151836609525923 0 -1.9547774872119563e-07 0 0.00019519686182667612 0 0 -2.3187019904113982e-08 -4.165167574177176e-08 0.0083757038500273835 2.6390717956514819e-07 -0.0034325170555431356 0 -9.4923619559872399e-06 8.2888476558187487e-06 -9.8474316653731738e-05 0 0 4.5008310378369389e-05 9.2217455893717222e-12 0.00018469244203589419 -0.0005506848099459783 0 -8.1879511915158287e-05 1.6898931531894592e-09 -5.7954040455499016e-10 0 -9.8365648959486417e-12 0 -1.6645252953750856e-10 -0.00055121164491865637 0 2.1502362280336859e-05 -0.00016598295646632873 -0.00011357615097973898 0.00017579744389030762 -6.7172027376370487e-09 0.067357980413384574 -0.00021176462437613882 0.0001213049940844096 -2.7378722533932642e-05 -6.6679010933136739e-08 0 3.4396624513216566e-05 0 1.1614293210004957e-06
leaf_weight=79045.204761159373 257.97591710090637 93784.65619559586 43006.441291809082 1606.5400447845459 2650.869140625 79397.888621255755 3633.1733900681138 878.27101135253906 3474.9684104919434 62589.772163391113 94.746870972216129 71254.004106640816 83261.399974793196 1474.0371284484863 10404.56884765625 5991.1219284757972 1623.1153399944305 118044.83986282349 31022.669418334961 1478.4162655174732 286.28336182236671 79837.579671382904 51354.79898352921 10520.461026035249 379.3148080483079 3134.0781154632568 838.17299461364746 367.18259569257498 43331.50642311573 673.80190658569336 5948.2371215820312 2748.8509460389614 61597.687635421753 38717.15625 317.06796669960022 282.81605911254883 512.96541541814804 449.74043327569962 925.38776826858521 1326.5625267028809 456.9039843454957 85.295238338410854 3116.320068359375 2145.7652130126953 529.60514831542969 7125.5624084472656 456.55442810058594 91654.075754642487 13458.44140625 10673.325584411621 11600.811827659607 94.31428337097168 540695.45965576172 1233.8447396755219 2090.6726338863373 2604.4166870117188 15072.085205078125 2919.7892894744873 3932.9376888275146 835.09027801454067 54889.403354763985 2005.1529623419046
leaf_count=87856 503 118120 84883 2782 4573 118030 6064 1363 5734 76334 161 107465 113358 2966 16675 11765 3495 163058 65418 2564 556 92088 71192 20132 669 6511 1535 672 72313 1284 11021 5086 94374 52746 653 463 1042 614 1584 2299 723 146 5569 3983 926 13168 829 113153 39945 23895 29331 177 1786431 8263 3544 5148 29147 6065 7301 1337 88397 3385
internal_value=0.00643119 0.00957686 0.0108866 0.0114937 0.0120625 0.0122099 0.0131673 0.0136991 0.0105552 0.00664317 0.00739415 0.0145718 0.0106961 0.0161949 0.0114127 0.00692603 0.0163958 0.0134446 0.00159854 0.011993 0.00401469 0.00557999 0.00896276 0.00195157 0.000919502 0.00834139 0.0269641 0.0173213 0.0166097 0.0156842 -0.000411686 -0.00218679 0.0122415 0.00923411 0.000281696 0.00364979 0.00629128 -0.00805612 0.0159934 0.0106347 0.030971 0.0379676 0.0183039 0.0131521 0.00327502 -0.00194039 0.0141838 0.00637188 -3.67394e-05 -0.000118134 -4.43492e-05 0.0398927 -7.71222e-05 0.0120814 -0.00161978 0.00479853 -0.00271394 0.00607264 0.00815986 0.012611 0.0166354 0.0185892
internal_weight=1.7662e+06 1.18828e+06 821510 778503 736181 727582 445707 408109 88665.9 366771 37598.5 319443 281874 57241.7 21628.1 10549.7 122000 197443 42322.2 149373 4513.55 251500 115271 15970.5 14966.3 4445.88 1311.8 1004.13 120377 11078.4 8599.11 3035.13 144859 132502 31424.1 11339.9 172454 962.706 4558.56 52681.4 636.946 542.199 49123.2 5791.69 2675.37 7408.38 3931.52 171492 577920 564461 553788 932.487 552296 1491.82 20084.2 2921.48 17162.8 11299.5 8379.72 4446.78 55767.7 2840.24
internal_count=3600864 1712496 1267918 1183035 1096747 1081153 694349 626251 151412 444578 68098 474839 386804 92726 37372 19413 193751 281088 86288 215938 8206 294753 149825 30726 29024 8892 2381 1702 190256 17959 15594 5642 207732 170866 58686 20194 206897 1656 7648 73491 1030 869 82791 10478 4909 13631 6563 205241 1888368 1848423 1824528 1712 1815762 8766 38492 5801 32691 20870 14805 7504 89760 4722
cat_boundaries=0 1 2 3 4
cat_threshold=37392 33037 35472 577
is_linear=0
shrinkage=0.05


Tree=114
num_leaves=63
num_cat=0
split_feature=16 147 30 28 13 14 13 30 40 28 40 46 13 147 24 24 41 109 24 104 147 28 26 24 80 30 28 146 13 40 24 24 11 13 146 13 147 13 24 147 26 94 147 13 147 42 40 11 109 117 147 13 42 51 72 13 11 71 83 146 94 28
split_gain=14214.6 2371.56 2266.96 2041.72 927.915 639.226 448.874 364.653 538.326 443.738 1750.88 309.801 256.612 204.153 199.688 195.516 205.253 181.062 292.695 174.403 144.329 132.733 131.15 130.406 121.407 115.171 98.7734 88.2586 84.4557 199.468 83.9806 80.4182 130.69 237.105 217.943 129.447 79.2955 110.286 202.855 115.812 107.994 77.5796 194.562 76.7478 72.8365 71.9997 71.9636 71.9347 92.1605 66.8794 64.5405 215.749 63.3416 58.8394 68.4205 69.6647 64.2817 70.072 62.0507 63.6803 62.2837 58.0372
threshold=3.5000000000000004 2.0004616975784306 392.50000000000006 3908.166625976563 0.91666665673255932 2.5000000000000004 0.41666667163372045 886.50000000000011 8347.0000000000018 2315.0000000000005 4334.0000000000009 4502.5000000000009 1.4166666865348818 2.80012059211731 2645.0000000000005 4487.5000000000009 4218.0000000000009 351.50000000000006 1190.5000000000002 632581152.00000012 0.90000000596046459 3908.166625976563 4355.5000000000009 1329.5000000000002 37780.000000000007 157.50000000000003 2315.0000000000005 1.8333333134651186 2.0833333730697636 8347.0000000000018 178.50000000000003 911.50000000000011 3.5000000000000004 2.0833333730697636 0.83333334326744091 2.0833333730697636 3.3000000715255742 1.0833333134651186 294.50000000000006 4.302898883819581 1026.5000000000002 116169116.00000001 4.302898883819581 0.75000000000000011 4.302898883819581 4195.5000000000009 10541.500000000002 3.5000000000000004 225.50000000000003 349.91667175292974 2.6000477075576787 1.0833333134651186 7453.0000000000009 4.5000000000000009 67257.000000000015 4.0833332538604745 5.5000000000000009 1.0204875469207766 3.5000000000000004 4.1666667461395273 948645408.00000012 2315.0000000000005
decision_type=2 2 2 2 2 2 2 2 2 2 2 2 2 2 2 2 2 2 2 2 2 2 2 2 2 2 2 2 2 2 2 2 2 2 2 2 2 2 2 2 2 2 2 2 2 2 2 2 2 2 2 2 2 2 2 2 2 2 2 2 2 2
left_child=1 2 6 5 13 7 30 19 9 11 15 20 17 49 23 16 22 18 -10 -4 -9 25 45 -13 -8 -15 -19 36 43 -30 46 35 52 34 -34 47 40 41 44 -40 -6 -38 -43 -21 -39 -11 -1 48 -14 -3 -42 -52 -33 54 55 -2 58 -58 60 -60 -55 -36
right_child=53 4 3 -5 27 -7 24 8 12 10 -12 14 31 21 -16 -17 -18 26 -20 28 -22 -23 -24 -25 -26 -27 -28 -29 29 -31 -32 32 33 -35 61 -37 37 38 39 -41 50 42 -44 -45 -46 -47 -48 -49 -50 -51 51 -53 -54 56 -56 -57 57 -59 59 -61 -62 -63
leaf_value=0 4.6127278168490091e-06 -1.3006029586648539e-11 0 0 -2.0780527298924767e-09 -1.7190416645718188e-09 0 0 0 0 0 0 -0.00033434711841922042 0 -0.0014801507233367277 -0.0012124937933979619 0 0 -3.8889956222254445e-06 0 0 -0.00094309443245747273 0 0 0 0 -9.201220968602098e-06 9.120834804396863e-08 0 -8.6755699859863983e-05 0 1.275585392868095e-09 -3.956909195856895e-08 0.0089256573744588511 1.3384123665447064e-07 -0.0039059000109459398 0 4.99280975186589e-05 -0.00095426187520801791 3.7518409149614195e-05 -1.8447858280868413e-09 3.7293373944535805e-11 -6.7862493402515156e-11 0 -1.8086562656227657e-06 0 0 -5.5056338377212916e-10 1.6053984974728764e-09 0 -2.1459152232949918e-09 5.6134301655814112e-05 -2.2027668911128728e-08 0.0047031749640260804 -3.4925288681932291e-06 0.023685789396877644 0.0072866756360962411 -0.00038385743112865359 -6.8009439151354331e-07 -0.0042566559968585313 0.079393132618232137 0.00016610253188381458
leaf_weight=90111.826918831095 115781.40492248535 903.02148142457008 80261.685496404767 38122.215948939323 3134.4681735634804 6216.7049560546875 52008.767062246799 88545.928339287639 4425.0814931318164 50795.19599134475 24604.536560058594 55636.479706168175 82.906690701842308 12789.44857659936 1585.0237683057785 1492.0421080589294 2071.0753523409367 8983.0734090805054 5873.8434708788991 77506.324685171247 81239.393131256104 969.87199676036835 927.77089631557465 62541.642622113228 59723.412170410156 42760.65057849884 588.09299278259277 67382.4189453125 1408.9011454880238 2418.7741165161133 95498.427221786231 774.72401703521609 343.56711699441075 2697.2462627291679 792.95143264532089 307.71707034856081 653.83037227392197 258.72186553478241 1546.4817861914635 1462.4156548380852 2567.3947486877441 395.21170514822006 241.88211637735367 68055.289481535554 112.19863539934158 878.05706384032965 30693.697143554688 83.704762153327465 424.4444430321455 45868.433486938477 248.92900416254997 359.59166672825813 8529.8355484008789 2645.9069245871506 33231.134063720703 15313.834281921387 31178.141235965828 48056.982833862305 231307.14523416758 99187.630339562893 1243.394603729248 87.916311800479889
leaf_count=100389 295770 1610 101060 77072 4650 11164 72795 120670 7431 81689 46031 82810 145 14809 3348 2961 3632 14187 11495 105393 120704 1717 1538 103181 74101 56629 1084 128714 2383 4422 123060 1450 597 5582 1454 537 1048 422 2414 3356 4649 591 417 98744 241 1533 36957 136 687 53299 355 522 16181 10621 117123 117319 166273 266332 486487 416848 10916 169
internal_value=0.00641042 0.00953928 0.0104884 0.0121388 0.00428112 0.0128082 0.00707589 0.0129646 0.0138685 0.0144213 0.0111438 0.0153355 0.00784636 0.00739373 0.0172831 0.0160163 0.0165037 0.011509 0.00690647 0.0113733 0.0139616 0.00941595 0.0171116 0.0175196 0.00964941 0.00973617 0.0164604 0.000178297 0.0123834 0.00504908 0.00574649 0.0026934 0.00170919 0.00936445 0.027607 0.0171624 -0.00397815 0.000959511 -0.00378784 -0.00809136 -0.00763342 0.0133893 0.0257996 0.0125762 0.0310727 0.0174461 0.00487034 0.0308471 0.0379295 0.00494984 -0.00113311 0.0134988 -0.00151714 -2.10746e-05 0.000779315 0.00129301 -0.000339073 0.00094139 -0.000642506 -0.000716411 0.00563561 0.0407757
internal_weight=1.76594e+06 1.18799e+06 1.00634e+06 678302 181655 640180 328036 633963 404312 370317 80768.7 289548 33995.1 103291 119763 56164.1 54672.1 19870.1 10298.9 229651 169785 56520 52601 118178 111732 55550.1 9571.17 78363.5 149389 3827.68 216304 14125 13226.2 3921.68 1224.43 898.773 10981.1 4670.74 3379.82 3008.9 6310.38 1290.92 637.094 145562 370.921 51673.3 120806 591.056 507.351 46771.5 3175.92 608.521 9304.56 577946 164326 131095 413619 79235.1 334384 330495 3889.3 880.868
internal_count=3599904 1712215 1436772 1029470 275443 952398 407302 941234 629232 568097 137384 430713 61135 128064 189339 91353 88392 34197 18926 312002 241374 73155 84760 185991 146896 71438 15271 147379 210942 6805 260406 26938 25433 7802 2220 1505 18665 8489 6433 5770 10176 2056 1008 204137 663 83222 137346 968 832 54909 5526 877 17631 1887689 530212 413089 1357477 432605 924872 903335 21537 1623
is_linear=0
shrinkage=0.05


Tree=115
num_leaves=63
num_cat=3
split_feature=12 28 32 15 12 15 28 21 48 32 48 13 20 13 15 48 28 48 109 3 106 37 33 11 13 12 107 31 48 28 28 28 40 28 48 100 3 13 75 23 3 39 94 13 38 70 113 46 32 14 40 12 32 131 95 71 39 78 13 121 70 107
split_gain=13311 2104.3 2306.54 1735.84 756.053 775.625 492.858 472.141 455.942 348.321 1869.41 330.468 314.739 313.838 228.216 222.324 191.501 167.889 155.89 129.44 119.196 115.91 171.627 114.202 207.242 219.258 104.322 119.675 101.385 99.7943 99.5032 95.1644 94.6645 177.877 145.764 84.4584 81.9629 81.0183 79.5477 92.8927 79.0693 252.452 156.92 138.681 75.1811 73.9732 86.7683 73.0218 141.42 68.1075 67.3023 65.1067 64.4149 61.1964 60.9736 60.1945 59.8198 59.5583 58.9592 84.5585 85.8647 69.3054
threshold=1.8333333134651186 380.50000000000006 4473.0000000000009 1.6663331389427187 2.1666666269302373 1.3307163715362551 873.16665649414074 1.0000000180025095e-35 8492.0000000000018 2688.0000000000005 4231.5000000000009 1.4166666865348818 2.5000000000000004 0.41666667163372045 1.6663331389427187 5566.5000000000009 2315.0000000000005 8492.0000000000018 351.50000000000006 0 478.50000000000006 182.50000000000003 1139.5000000000002 3.5000000000000004 2.0833333730697636 0.83333334326744091 101.50000000000001 605.08557128906261 3742.5000000000005 151.50000000000003 2315.0000000000005 3908.166625976563 3619.5000000000005 2315.0000000000005 5039.5000000000009 1435613376.0000002 1 2.0833333730697636 3208.5000000000005 0.72977015376091015 2 0.96368896961212169 129008884.00000001 2.0833333730697636 0.89460861682891857 1.2399766445159914 1244.5000000000002 3755.0000000000005 4473.0000000000009 23.500000000000004 2203.5000000000005 0.83333334326744091 1650.0000000000002 14.004629611968996 7777885.0000000009 1.033076345920563 1.0534232258796694 1.0000000180025095e-35 1.9166666865348818 38.500000000000007 0.975724756717682 711.50000000000011
decision_type=2 2 2 2 2 2 2 2 2 2 2 2 2 2 2 2 2 2 2 9 2 2 2 2 2 2 2 2 2 2 2 2 2 2 2 2 9 2 2 2 9 2 2 2 2 2 2 2 2 2 2 2 2 2 2 2 2 2 2 2 2 2
left_child=1 13 3 6 5 7 15 16 9 12 31 18 32 20 19 26 17 -2 21 -15 29 22 -10 -13 25 -25 27 -3 -14 35 -20 -11 -8 52 -35 57 54 -19 -33 -40 41 42 43 -9 55 -16 53 48 -18 58 -5 -28 -34 56 -17 -6 -47 -1 -46 61 -61 -60
right_child=4 2 -4 50 44 -7 8 40 11 10 -12 23 28 14 45 36 47 37 30 -21 -22 -23 -24 24 -26 -27 51 -29 -30 -31 -32 38 33 34 -36 -37 -38 -39 39 -41 -42 -43 -44 -45 49 46 -48 -49 -50 -51 -52 -53 -54 -55 -56 -57 -58 -59 59 60 -62 -63
leaf_value=-0.0016042037478219862 0 -0.0014854682344220161 -5.0641185731614698e-06 7.1953783891223429e-06 -0.00016781115076552804 6.647794967873702e-07 0 8.7342766543229345e-06 0 0 0 -2.0420814039745494e-08 0 0 -4.1410384683096612e-07 -0.001245737624404364 0 0 0 0 -0.00035384792307531222 0 0 -3.7590637358420055e-08 0.002535204695231419 2.0449033425462562e-07 0 0.034021221065354955 0 0 -1.6203923380392578e-05 0.00010717187500000059 0 0 -0.00015013685119591132 0 0 -3.9555175261996032e-06 -5.807146604697167e-08 0 3.4541568283419369e-08 3.5713514698351112e-08 8.7936642558191323e-06 -7.3734308194071984e-05 -0.00029958145450740338 2.3226334054904389e-05 -3.5225870199084315e-05 0.018370092364280367 -0.0028370039527885684 0.11444637338522981 4.5081563165378676e-07 0 0 3.1457360990379022e-05 0 -0.0014538955550643536 -1.5100809527173365e-05 0 0.0018774340562994097 0.0028905191592947356 -0.00080973327127610302 0.015291216099205897
leaf_weight=526.11379787884653 14533.055943518877 959.44103479385376 42377.044082641602 1865.7247009277344 85944.067306518555 54241.8583984375 41255.205940723419 1007.2345024421811 4135.5389167815447 48973.906687438488 26741.240356445312 8851.6625868286937 76794.507655143738 81727.785761967301 5340.6724243164062 258.21667861938477 2211.1485725343227 4315.8016911149025 10092.031889915466 28387.328945398331 427.7329740524292 4419.8761737346649 2183.5023648589849 427.86938295699656 2629.303287088871 981.2537841796875 81570.699004173279 922.27304077148438 98135.971055030823 96606.938903808594 658.14275169372559 938.25655728578568 55752.078765869141 1387.2895698547363 1818.8917808532715 40355.064872384071 73975.961196899414 1531.6382140517235 1347.759006023407 950.19777488708496 13011.825891971588 4375.116516828537 754.43163204193115 237.57578288763762 88966.589183583856 110.01362609863281 724.5343132019043 3835.1427834033966 1374.3028832674026 4323.7710285186768 36422.141265869141 30461.034806251526 38378.995010375977 545.34412169456482 72790.788066864014 43873.713424682617 231.67587113380432 113334.3619222641 92599.641658052802 43364.322016716003 149262.59168624878 19714.331985473633
leaf_count=939 23803 1603 90830 3128 255048 102519 59166 1573 6923 78732 49916 16490 103532 100847 8822 439 3892 7411 15884 40954 618 8789 4035 739 5417 1772 99851 2500 143818 116687 1223 1741 84593 2368 3311 48968 110959 2963 2161 1658 23745 7709 1317 427 192150 147 1088 8025 2773 108856 64101 40356 64188 702 97362 144867 329 127154 331798 152541 503128 111585
internal_value=0.00642604 0.00965603 0.0111454 0.0118071 0.000592977 0.00454674 0.012384 0.00923451 0.0134305 0.0139142 0.0109454 0.00790865 0.0146617 0.00654867 0.00868695 0.0106719 0.013411 0.0159152 0.0117053 0.00924166 0.00555232 0.00744303 0.0117872 0.00157863 0.00854592 0.0240143 0.00901358 -0.00265895 0.0132514 0.00559733 0.0159621 0.0164517 0.0164418 0.017293 0.0057081 0.00480781 0.0119567 0.00875812 0.00814273 0.00312942 0.00324472 0.00780176 0.0225316 0.033434 -0.000166467 -9.82341e-05 0.00928832 0.00653201 0.0116615 0.000174155 0.00144529 0.00920969 0.0176875 0.0197702 0.0107583 -0.0012114 0.00315462 0.00411106 0.000105632 0.000436054 -0.000199692 0.00152645
internal_weight=1.76625e+06 1.13677e+06 768457 726080 629478 101429 687792 47187.3 426853 392474 78951.4 34379.2 313523 368318 117067 260938 27801.1 20380.5 21489.1 110115 251250 10738.9 6319.04 12890.1 4038.43 1409.12 113913 1881.71 174930 250822 10750.2 52210.1 138592 97337.3 3206.18 154216 147025 5847.44 3236.21 2297.96 19386.2 6374.36 1999.24 1244.81 528049 6952.24 1611.57 7420.59 3585.45 398231 38287.9 112032 94131.1 887.034 73049 129818 341.689 113860 393907 304941 192627 112314
internal_count=3600970 1614840 1167585 1076755 1986130 186157 1009526 83638 656456 595184 134208 61272 460976 447255 152889 353070 48867 34177 36854 141801 294366 19747 10958 24418 7928 2511 144310 4103 247350 293748 17107 84292 213626 154460 5679 177061 208760 10374 5560 3819 34771 11026 3317 2000 1799973 11088 2266 14690 6665 1400058 67229 140207 148781 1178 97801 399915 476 128093 1291202 1099052 655669 443383
cat_boundaries=0 1 2 3
cat_threshold=37649 33033 10689
is_linear=0
shrinkage=0.05


Tree=116
num_leaves=63
num_cat=5
split_feature=16 30 146 32 14 30 44 32 44 146 146 20 145 14 22 24 3 3 33 112 27 30 44 104 102 3 44 21 32 24 24 47 37 106 5 104 51 24 146 88 24 30 19 24 24 7 62 90 29 12 11 51 126 112 106 30 3 70 120 107 3 130
split_gain=14326.3 1790.94 2105.78 2038.54 720.918 616.267 453.536 447.057 1596.4 296.758 254.947 218.419 164.288 355.007 184.345 119.352 118.755 107.836 106.504 93.9398 90.8068 82.2496 139.984 111.38 74.3127 71.5726 67.1511 62.2342 61.4049 61.315 56.503 55.7476 53.6066 52.3091 51.2016 50.167 48.6705 47.739 47.3999 47.1057 56.9127 46.83 47.0151 45.9413 45.5921 45.4311 45.1262 44.9308 43.7323 41.4558 40.9665 57.1742 60.3743 55.7782 75.6007 75.2746 44.6935 44.6746 43.6974 43.6465 71.1849 43.2181
threshold=3.5000000000000004 273.50000000000006 2.1666666269302373 4473.0000000000009 2.5000000000000004 886.50000000000011 7986.1667480468759 2688.0000000000005 3893.5000000000005 0.5000000149011613 0.5000000149011613 2.5000000000000004 2.5000000000000004 1.5000000000000002 2.5033333301544194 1190.5000000000002 0 1 3914.0000000000005 803.50000000000011 671.50000000000011 2311.5000000000005 4937.0000000000009 555747776.00000012 1162815168.0000002 2 4137.0000000000009 -1.0000000180025095e-35 1046.5000000000002 1464.5000000000002 178.50000000000003 286.13827514648443 342.50000000000006 663.50000000000011 7.5000000000000009 632581152.00000012 4.5000000000000009 1464.5000000000002 2.1666666269302373 5661513.7500000009 11879.000000000002 2311.5000000000005 5.5000000000000009 1617.5000000000002 87.500000000000014 -0.25000000000000006 39200.500000000007 2628053.6250000005 9366.4165039062518 0.83333334326744091 6.5000000000000009 4.5000000000000009 728.50000000000011 1076.5000000000002 176.50000000000003 1024.0000000000002 3 1.2399766445159914 1627.5000000000002 1.0000000180025095e-35 4 0.67183992266654979
decision_type=2 2 2 2 2 2 2 2 2 2 2 2 2 2 2 2 9 9 2 2 2 2 2 2 2 9 2 2 2 2 2 2 2 2 2 2 2 2 2 2 2 2 2 2 2 2 2 2 2 2 2 2 2 2 2 2 9 2 2 2 9 2
left_child=1 10 3 4 5 9 7 11 18 25 24 12 21 -14 -15 36 28 33 45 43 -17 23 -23 37 30 -3 31 -6 -12 -25 -1 34 -21 -11 -10 -19 -8 -7 49 47 -41 42 -22 -13 -26 -9 -5 50 -48 -18 51 52 53 54 57 -55 58 -2 -54 60 -53 -61
right_child=39 2 -4 46 27 6 15 8 26 17 16 19 13 14 -16 20 38 35 -20 32 41 22 -24 29 44 -27 -28 -29 -30 -31 -32 -33 -34 -35 -36 -37 -38 -39 -40 40 -42 -43 -44 -45 -46 -47 48 -49 -50 -51 -52 59 56 55 -56 -57 -58 -59 -60 61 -62 -63
leaf_value=0 1.013851998765234e-06 0 -3.7011572990847436e-06 -0.0020566394261504746 -3.4872064424984471e-08 0 0 0 0 0 0 0 0 -9.8365648959486417e-12 0 2.0574261096345526e-05 0 0 0 0 0 0 -6.3637993025555953e-06 0 0 0 0 4.885882070877026e-06 -2.1373274135205734e-06 0 0 0 0 0 8.7606588650146477e-12 0 0 0 -0.00012061903716580054 0.0091439574438708874 0.1311873785251724 0.00019995026620665235 0 0 0 0 2.1775411119584475e-06 -0.0019170580214409234 0.030005873673819849 0 0.0032552115183060119 -0.0020288243673821649 0.0067027078325014649 -3.65995351531184e-06 -5.6292444160499506e-07 0.011877428399932844 0.0019235742252281087 2.4747259414832642e-05 0.047259621200446668 -2.0237930443469216e-06 0.054127553820431641 -0.00039225268251706657
leaf_weight=87725.101333330153 1553.6922505428083 50185.731895446777 43612.14128112793 415.95408254861832 2746.9686279296875 28115.71131592989 2671.4402613639832 29132.753591537476 1068.9433345794678 73995.189083099365 75400.915006175637 45497.527174472809 7788.306396484375 5783.21875 1362.874267578125 7384.1070586442947 16213.755950927734 39212.033126831055 1210.0395711362362 76111.627261638641 4425.6513961292803 3838.5660266876221 1827.8413162231445 43192.210855431855 27619.461047390476 83789.422350585461 26220.732330322266 6138.9374694824219 386.59280632436275 31266.153616838157 46404.74003710784 1334.0264225006104 19512.363220214844 722.61775588989258 1467.2532043457031 95784.786010742188 11515.689544677734 27650.102764129639 811.42839241027832 7319.3547439575195 1476.1317901611328 2247.4201797954738 9433.6285858899355 31450.643951416016 30951.416882297024 25024.287253111601 38932.350839614868 32677.022563934326 1926.9148788452148 18260.708494186401 51097.101425446104 460.12305736541748 2488.9022417068481 11538.16859844327 107626.39476406574 19701.017345428467 8100.1394910812378 528.6995792388916 2295.9878082275391 301672.98558998108 1188.0571031570435 27854.378499984741
leaf_count=96607 2918 66541 85968 767 4726 38989 4707 48905 1969 109259 90237 59497 12705 9957 2292 14725 24746 48782 2118 109693 7702 6371 3374 66324 31652 101125 49615 11214 527 53474 57715 2313 31132 1174 2540 131242 18850 41944 1414 55820 39538 4630 17391 44438 39440 38994 78453 159781 6266 29278 272443 792 13193 25172 293246 81269 33893 834 15017 797405 7544 87665
internal_value=0.00641507 0.00955601 0.0106942 0.0112501 0.0118098 0.011969 0.0131941 0.0136778 0.0104612 0.0103773 0.00624393 0.0145278 0.015918 0.0109385 0.00288943 0.00794441 0.00815192 0.0115517 0.0154991 0.0133127 0.00575683 0.0164652 0.010564 0.0167219 0.00514411 0.00853893 0.00119113 -0.00235195 0.00703212 0.017988 0.00449512 0.00733872 0.0143596 0.0130825 0.0116903 0.0107027 0.0115659 0.0150312 0.0105518 -4.41734e-05 0.00358686 0.0078617 0.0089474 0.0120116 0.00663019 0.0158269 0.00041444 -0.000100335 0.000581458 0.0108359 9.37176e-06 -0.000132487 0.000664024 0.000364486 -0.000166238 0.00222847 0.0039401 0.00926857 0.00776615 -0.000502486 0.0076124 -0.000543101
internal_weight=1.76535e+06 1.18777e+06 883996 840384 799109 790223 446533 408855 85458 343690 303774 323397 150825 14934.4 7146.09 37677.9 111073 209715 55367.1 172572 23490.8 135891 5666.41 130224 192701 133975 30091 8885.91 75787.5 74458.4 134130 3870.22 95624 74717.8 2536.2 134997 14187.1 55765.8 35285.9 577578 8795.49 16106.7 13859.3 76948.2 58570.9 54157 41275.2 568783 40859.3 34474.5 536106 485009 153833 140948 109709 31239.2 12885 2082.39 4784.89 331176 1648.18 329527
internal_count=3598312 1711782 1340166 1254198 1168712 1152772 694649 626644 146454 458123 371616 480190 235430 24954 12249 68005 146202 290457 90017 244760 44448 210476 9745 200731 225414 167666 56437 15940 90764 119798 154322 6822 140825 110433 4509 180024 23557 80933 55438 1886530 95358 29723 25093 103935 71092 87899 85486 1791172 84719 54024 1631391 1358948 465542 403439 296998 106441 62103 3752 28210 893406 8336 885070
cat_boundaries=0 1 2 3 4 5
cat_threshold=33296 15584 16032 9221 33296
is_linear=0
shrinkage=0.05


Tree=117
num_leaves=63
num_cat=3
split_feature=16 30 12 30 14 13 30 44 30 44 13 20 12 109 24 24 8 14 22 14 3 26 24 101 24 40 24 13 40 104 30 24 13 11 13 146 27 41 40 21 30 26 24 3 31 3 31 100 40 24 31 40 24 12 70 86 38 70 63 9 109 107
split_gain=14228.8 1797.42 2098.31 1994.42 697.404 393.871 335.93 454.602 425.41 1410.86 253.686 233.188 186.273 182.46 285.305 168.618 142.865 320.844 162.517 129.711 135.294 121.473 119.571 92.261 108.566 89.4611 117.523 89.3194 180.389 102.913 83.6895 80.669 136.888 118.408 239.483 184.761 78.4793 75.9459 69.2238 64.3473 60.361 60.3001 58.2808 58.0695 72.8764 109.48 67.2777 57.1327 56.7786 55.2616 52.7774 50.2412 80.8989 49.2039 72.6517 82.3677 74.9798 70.9766 75.9391 67.7529 64.6635 64.6357
threshold=3.5000000000000004 392.50000000000006 2.1666666269302373 3948.5000000000005 2.5000000000000004 0.41666667163372045 886.50000000000011 7986.1667480468759 2311.5000000000005 3893.5000000000005 1.4166666865348818 2.5000000000000004 0.5000000149011613 351.50000000000006 1190.5000000000002 4487.5000000000009 2.5000000000000004 1.5000000000000002 2.5033333301544194 2.5000000000000004 0 4355.5000000000009 87.500000000000014 569595808.00000012 2645.0000000000005 5111.5000000000009 2645.0000000000005 2.0833333730697636 8347.0000000000018 739233088.00000012 2311.5000000000005 911.50000000000011 2.0833333730697636 3.5000000000000004 2.0833333730697636 0.83333334326744091 421.50000000000006 6281.5000000000009 8347.0000000000018 -1.0000000180025095e-35 2311.5000000000005 2558.5000000000005 1464.5000000000002 1 515.28085327148449 2 605.08557128906261 802368608.00000012 4334.0000000000009 416.50000000000006 515.28085327148449 5111.5000000000009 2645.0000000000005 2.1666666269302373 1.3843718171119692 1.7303703427314761 1.0181214213371279 1.2399766445159914 22392.658203125004 3.5000000000000004 387.50000000000006 711.50000000000011
decision_type=2 2 2 2 2 2 2 2 2 2 2 2 2 2 2 2 2 2 2 2 9 2 2 2 2 2 2 2 2 2 2 2 2 2 2 2 2 2 2 2 2 2 2 9 2 9 2 2 2 2 2 2 2 2 2 2 2 2 2 2 2 2
left_child=1 5 3 4 6 22 12 8 11 15 13 16 47 14 -9 21 23 -18 -19 20 50 48 -1 -8 41 -13 -27 29 -29 -14 -15 32 36 38 35 -35 -12 43 -33 -6 -37 42 -25 -24 -45 -46 -47 -3 -10 -30 -7 52 -11 57 56 -56 -55 -2 -59 -58 61 -61
right_child=53 2 -4 -5 39 19 7 10 9 51 31 25 27 30 -16 -17 17 18 -20 -21 -22 -23 37 24 -26 26 -28 28 49 -31 -32 33 -34 34 -36 40 -38 -39 -40 -41 -42 -43 -44 44 45 46 -48 -49 -50 -51 -52 -53 -54 54 55 -57 59 58 -60 60 -62 -63
leaf_value=0 3.6277757080984132e-07 0 3.7497541194036089e-05 0 -3.3128461207621032e-08 0 0 0 0 0 -0.00031762874145755407 0 0 0 0 -0.00081866499868893383 0 -8.852907296130753e-12 0 -4.511955541408597e-08 0 0 0 0 0 0 -0.00072205935947575108 0 -0.00014228952336891738 0 -1.8133700613127712e-05 2.1769290203810242e-09 -0.0033089860921530407 -3.5711105494939944e-08 0.0083526142709743345 1.588789258643099e-07 2.5461692754191745e-09 0 -1.9905244763585018e-08 7.5917316759573271e-06 -0.0011323802464983151 0 0 0 -0.0015636507730758199 -3.907414309212154e-06 0.031262360296048189 0 0 -8.9125570560415481e-05 -0.001647550972305567 -5.3398719766356204e-07 8.3226259217639157e-12 -0.00049378823499446334 -0.00094567052602563268 -0.017681388888671289 -0.00036637664790936111 1.4909898987862475e-05 1.4707758055574559e-05 0.0032837369141698216 0.00024571560875106261 0.026775289465638188
leaf_weight=79015.004098904785 87535.504371643066 59469.92652130127 42777.575328826904 41487.202001571655 2695.968017578125 65344.103668212891 61390.955776885152 4758.0551364906132 51980.07636474818 4936.427937746048 101.51455841958523 126075.64792573452 66075.149583429098 9642.2089207172394 6267.1291393153369 1678.5869975090027 7826.4443359375 5734.6094970703125 1344.1112060546875 1891.38232421875 57453.367870047688 1294.2315460443497 5536.2889475822449 41392.992310747504 873.80083228647709 46210.467956651002 1020.9588875882328 1889.1934761106968 156.33271038532257 96485.863224029541 604.52018737792969 800.72653372585773 378.46539128571749 363.92087583988905 3201.5805148482323 873.43873244524002 559.34643721580505 86979.175903320312 9899.2035331726074 5908.8794860839844 97.846862494945526 965.69507360458374 29746.976454779506 88316.300403565168 529.96668910980225 479.17109489440918 852.32137489318848 35224.325958251953 705.215784676373 2562.0239943265915 125.81666564941406 16479.203996658325 9089.7596366405487 238568.25616073608 6038.8756713867188 1689.2716064453125 108550.66360705718 1578.1213226318359 5296.4735260009766 53671.047135893255 64061.032117843628 10988.605531692505
leaf_count=87803 163882 72662 84655 84499 4647 79650 89801 8015 83405 8337 171 175109 86175 15300 12308 3279 12815 9880 2271 3128 81922 2245 9065 63778 1770 70080 2096 3129 280 139985 1110 1430 669 645 6682 1581 914 109639 18972 10918 188 1744 51033 101491 782 742 2270 47711 1352 4700 175 31789 16966 801210 15404 4317 293876 2384 9576 217379 292595 87720
internal_value=0.00642406 0.00955552 0.0109068 0.0115146 0.0121315 0.00675517 0.0123035 0.0131377 0.0136214 0.0105 0.00787211 0.0144551 0.0108816 0.0114671 0.00700156 0.0152366 0.0159039 0.0112577 0.0035429 0.00906644 0.00926639 0.0157219 0.00565284 0.0164192 0.0176215 0.0132072 0.015064 0.0118854 0.00501785 0.01208 0.0162709 0.0031731 0.0166483 0.00225309 0.00902177 0.0268063 0.0303738 0.00635576 -0.00061666 -0.00201659 0.0381867 0.0178338 0.0180023 0.00538369 0.00507641 -0.00471119 0.00299526 0.00910941 0.0160937 -0.00322826 0.00770675 0.0018575 0.00405687 -1.00348e-05 -0.000213886 -0.00502277 -0.000135769 0.00103403 0.00592594 0.000493572 0.00126948 0.00238494
internal_weight=1.76553e+06 1.18755e+06 801027 758249 716762 386523 708157 446294 408746 86163.5 37548 322583 261863 21271.9 11025.2 55658.1 149276 14905.2 7078.72 124815 122923 53979.5 261708 134370 72979.5 173307 47231.4 167169 4607.55 162561 10246.7 16276 1039.33 15236.7 4536.79 1335.21 660.861 182693 10699.9 8604.85 971.286 72105.7 71140 95714 90177.8 1861.46 1331.49 94694.3 52685.3 2718.36 65469.9 30505.4 14026.2 577978 483568 7728.15 475840 94410.1 6874.59 237271 128721 64659.7
internal_count=3600106 1711763 1235096 1150441 1065942 476667 1050377 695735 627750 147373 67985 480377 354642 36733 20323 90281 233092 24966 12151 164875 161747 87002 311792 208126 118325 247285 72176 234269 8109 226160 16410 31252 1754 29498 9096 2414 1085 223989 20402 15565 1769 116555 114811 114350 105285 3794 3012 120373 84757 4980 79825 57092 25303 1888343 1712501 19721 1692780 175842 11960 891570 597694 305099
cat_boundaries=0 1 2 3
cat_threshold=33296 14432 33408
is_linear=0
shrinkage=0.05


Tree=118
num_leaves=63
num_cat=3
split_feature=16 147 30 32 13 13 28 44 32 44 13 44 28 28 147 24 97 24 40 24 13 40 3 28 11 13 146 32 24 13 40 12 40 24 146 28 117 40 28 147 32 11 13 12 20 147 23 35 118 12 24 20 97 40 117 84 3 146 39 3 13 94
split_gain=14110.6 2356.4 2253.33 2297.3 892.7 433.692 301.377 504.213 508.007 1721.77 243.712 235.321 245.572 214.324 208.448 183.048 255.742 162.257 160.84 150.205 150.685 140.2 134.845 131.981 130.562 250.335 195.695 111.573 107.582 97.1466 176.911 90.2134 86.3807 82.0686 77.173 75.7154 75.0791 71.5023 71.3292 70.7322 77.7381 68.0389 66.8917 64.9889 70.7005 61.0784 59.1651 97.384 70.1511 58.7431 53.8472 53.5031 50.3648 49.4046 49.391 49.3151 46.9979 69.047 70.9632 275.643 137.766 138.243
threshold=3.5000000000000004 2.0004616975784306 392.50000000000006 4473.0000000000009 0.91666665673255932 0.41666667163372045 873.16665649414074 7986.1667480468759 2688.0000000000005 3893.5000000000005 1.4166666865348818 3656.8332519531255 2315.0000000000005 3908.166625976563 2.80012059211731 1190.5000000000002 27205051.000000004 1464.5000000000002 4881.5000000000009 911.50000000000011 2.0833333730697636 5111.5000000000009 0 4362.5000000000009 3.5000000000000004 2.0833333730697636 0.83333334326744091 228.50000000000003 1464.5000000000002 2.0833333730697636 8347.0000000000018 1.8333333134651186 4334.0000000000009 178.50000000000003 2.1666666269302373 2315.0000000000005 349.91667175292974 9661.0000000000018 2315.0000000000005 3.0278023481369023 1046.5000000000002 3.5000000000000004 0.75000000000000011 2.1666666269302373 2.5000000000000004 0.90000000596046459 0.72977015376091015 6.5000000000000009 423.50000000000006 2.1666666269302373 416.50000000000006 2.5000000000000004 18222872.000000004 8347.0000000000018 349.91667175292974 9.5000000000000018 1 2.1666666269302373 0.96368896961212169 2 2.0833333730697636 129008884.00000001
decision_type=2 2 2 2 2 2 2 2 2 2 2 2 2 2 2 2 2 2 2 2 2 2 9 2 2 2 2 2 2 2 2 2 2 2 2 2 2 2 2 2 2 2 2 2 2 2 2 2 2 2 2 2 2 2 2 2 9 2 2 9 2 2
left_child=1 2 5 6 14 33 18 8 11 13 15 28 17 32 36 -9 -17 43 45 20 41 -14 -7 27 53 26 -26 -16 -8 42 -31 39 49 37 51 -28 -3 -1 -18 40 -6 52 -20 44 -13 -4 47 48 -15 -10 -32 -19 -12 -21 -29 -35 -33 58 59 -58 61 -61
right_child=-2 4 3 -5 31 22 7 10 9 -11 19 12 21 46 23 16 38 34 29 24 -22 -23 -24 -25 25 -27 35 54 -30 30 50 56 -34 55 -36 -37 -38 -39 -40 -41 -42 -43 -44 -45 -46 -47 -48 -49 -50 -51 -52 -53 -54 -55 -56 -57 57 -59 -60 60 -62 -63
leaf_value=0 -1.7348323189312719e-08 -1.2355727552204598e-11 0 1.2476860173157708e-06 -1.9741500878467377e-09 0 0 0 0 0 1.0711036821677833e-09 0 0 0.00010193293847733377 0 0 0 0 0 2.068082571859975e-09 -0.0012781705679384267 -7.9738048083059576e-05 0 -0.0015152074388373182 -3.3925550224633837e-08 0.0079349835574256122 1.9334300446760544e-07 -1.2253809078544009e-11 0 0 0.00055743692283158179 -4.132586331110938e-08 0 0 0.00049884711722897475 -0.0021680995726144764 0 0 -1.7102340235364544e-05 0 -1.6692454716134316e-09 -3.1290299018493784e-09 0 -6.436634562985491e-05 0 0 0 -5.5167892742957751e-08 2.9035733040139179e-09 -0.0012161668474075563 -8.4629442472428101e-05 0 1.1997506297889929e-09 -1.8909982524295543e-08 0 -0.00044420445503421394 2.6595209303297631e-08 2.2919911118022309e-05 3.5302654254522459e-08 8.0396781973072145e-06 -7.004835542277272e-05 8.1827096352345781e-06
leaf_weight=84350.674445582088 577323.72834014893 927.05821570754051 52745.004781007767 37412.578341960907 2049.3666736185551 64717.282958984375 59425.166690587997 9057.6254961490631 47470.457212388515 27876.676116943359 121.80742197483778 55639.785675507039 2503.7509936280549 123.2859411239624 12930.918991208076 5516.691831111908 5546.5406193733215 40572.79673589766 74877.426476493478 748.22367564029992 442.88349447399378 2567.2051738500595 47025.210061579943 710.82613348960876 341.82193633727729 2964.9203680753708 838.30653673410416 87.234842639416456 66880.350158691406 1334.6050924733281 155.07053518295288 10620.080876350403 677.66781002283096 95502.526603169739 644.8765869140625 91.181687772274017 46096.54866027832 36454.906372070312 591.99482154846191 5685.7242772579193 3277.359595656395 130.04325440526009 64834.500337161124 607.37205123901367 44997.947968482971 23484.496948242188 1375.8748455047607 1255.0975360870361 552.85105228424072 329.85751914978027 2259.5925049781799 30693.082361325622 584.64128285646439 9210.7473182678223 42826.062561649829 171.49682570248842 4386.5555686950684 34343.204025268555 15555.578184127808 1261.3746322877705 462.30242674425244 541.28099551051855
leaf_count=93752 1887043 1637 64411 76705 2993 79093 79250 14486 76483 52129 210 84636 4217 221 14892 10779 9170 68687 101409 1347 804 4560 67647 1289 598 6185 1506 116 97211 2223 280 19362 1285 123017 1239 168 53529 43631 1114 10010 5764 218 94174 1022 63442 31276 2489 2050 976 596 4121 48125 931 17550 56838 244 7946 68187 29116 1944 871 931
internal_value=0.00640697 0.00952438 0.0104713 0.0121186 0.00428508 0.00707096 0.0128225 0.013607 0.0141384 0.0105832 0.00796421 0.0150684 0.0162387 0.0159764 0.00732941 0.0115109 0.00736602 0.0165563 0.0113215 0.00321639 0.019622 0.00539112 0.00960078 0.00937481 0.0017368 0.00908874 0.027646 0.0096474 0.0134169 0.0123078 0.00436251 0.000251796 0.0168166 0.00576507 0.018373 0.0395375 0.00486923 0.00489851 0.0143869 -0.00394267 -0.00808238 0.0321026 0.012521 0.0152658 0.0153642 0.00946509 0.00365838 -0.00198436 0.0133038 0.0170679 -0.00371066 0.0185288 0.0382169 -0.00139028 0.0108744 0.00685918 0.000939569 0.00151267 0.00368561 0.00800802 0.0221238 0.0284649
internal_weight=1.76479e+06 1.18747e+06 1.00571e+06 677485 181761 328222 640072 420382 384194 79661.8 36187.4 304532 178227 51785.1 103579 20712.9 11655.2 173156 219691 15474.6 1279.38 5070.96 111742 56555 14195.2 4236.23 1271.31 55844.2 126306 143461 3749.27 78182.8 48478 216480 71910.8 929.488 47023.6 120806 6138.54 11012.5 5326.73 836.492 139712 101245 100638 76229.5 3307.11 1931.23 676.137 47800.3 2414.66 71265.9 706.449 9958.97 42913.3 95674 67170.4 56550.3 22207.1 6651.51 2264.96 1802.66
internal_count=3598135 1711092 1435667 1028283 275425 407384 951578 653684 588618 136229 65066 452389 275928 84100 128301 35549 21063 267151 297894 29517 2163 8777 146740 73135 27354 8457 2272 71846 176461 202207 6624 147124 78364 260644 118051 1674 55166 137383 10284 18767 8757 1359 195583 149100 148078 95687 5736 3247 1197 77079 4401 116812 1141 18897 56954 123261 128357 108995 40808 11692 3746 2875
cat_boundaries=0 1 2 3
cat_threshold=33552 32796 5792
is_linear=0
shrinkage=0.05


Tree=119
num_leaves=63
num_cat=3
split_feature=16 147 30 30 13 13 30 44 30 44 46 13 147 109 100 31 3 31 12 33 37 147 29 147 146 13 40 30 3 147 29 13 106 3 147 147 147 75 11 13 146 20 13 107 33 37 13 109 38 12 15 26 112 17 112 26 106 30 30 13 18 30
split_gain=14239.5 2337.44 2230.24 2021.03 933.085 433.242 299.984 535.545 450.322 1495.09 248.464 244.767 206.716 185.014 166.676 139.207 138.931 131.397 124.577 119.562 184.54 115.159 131.277 112.596 104.715 93.4906 207.99 84.3419 79.457 78.9605 100.521 99.5347 142.214 114.101 101.186 86.9476 86.8917 75.4179 73.5178 239.866 149.925 70.4334 68.9972 68.7617 66.4453 65.1529 70.0015 63.9353 66.288 62.3425 60.7192 56.9037 53.6883 53.4266 52.352 50.7791 49.0001 62.1788 48.3977 47.9118 153.213 54.3935
threshold=3.5000000000000004 2.0004616975784306 392.50000000000006 3948.5000000000005 0.91666665673255932 0.41666667163372045 886.50000000000011 7986.1667480468759 2311.5000000000005 3893.5000000000005 4502.5000000000009 1.4166666865348818 2.80012059211731 351.50000000000006 618204352.00000012 927.14965820312511 0 927.14965820312511 2.1666666269302373 1139.5000000000002 182.50000000000003 5.3999998569488534 199.25000000000003 0.90000000596046459 1.8333333134651186 2.0833333730697636 8347.0000000000018 2311.5000000000005 1 3.3000000715255742 1033.916687011719 1.0833333134651186 176.50000000000003 2 4.302898883819581 4.302898883819581 4.302898883819581 10983.500000000002 3.5000000000000004 2.0833333730697636 0.83333334326744091 1.5000000000000002 0.75000000000000011 391.50000000000006 910.50000000000011 22.500000000000004 2.0833333730697636 225.50000000000003 1.0181214213371279 2.1666666269302373 1.3307163715362551 2835.5000000000005 1468.5000000000002 54.500000000000007 933.50000000000011 4355.5000000000009 478.50000000000006 273.50000000000006 2311.5000000000005 1.0833333134651186 2.5000000000000004 1159.5000000000002
decision_type=2 2 2 2 2 2 2 2 2 2 2 2 2 2 2 2 9 2 2 2 2 2 2 2 2 2 2 2 9 2 2 2 2 9 2 2 2 2 2 2 2 2 2 2 2 2 2 2 2 2 2 2 2 2 2 2 2 2 2 2 2 2
left_child=1 2 5 6 12 37 14 8 10 15 23 13 -3 19 -4 49 42 18 41 20 -9 22 -14 -8 29 28 -27 -15 -16 30 -6 33 35 36 -34 -33 -31 54 44 40 -40 50 56 -23 45 46 47 -13 -49 55 51 -12 -39 -2 -1 -10 -7 -58 -42 -32 -61 -62
right_child=53 4 3 -5 24 16 7 11 9 -11 17 38 21 27 25 -17 -18 -19 -20 -21 -22 43 -24 -25 -26 26 -28 -29 -30 31 59 32 34 -35 -36 -37 -38 52 39 -41 58 -43 -44 -45 -46 -47 -48 48 -50 -51 -52 -53 -54 -55 -56 -57 57 -59 -60 60 61 -63
leaf_value=0 -1.5251161861133229e-07 0 0 0 -1.9433050724160239e-09 0 0 0 0 0 0 -0.00030174735793986329 0 0 0 0 0 0 -4.8095006786542383e-05 0 0 8.3547892943357187e-05 0 0 3.8272862804000773e-07 0 -7.9672009939835148e-05 -1.5457865431067753e-05 0 1.0515586734705097e-10 -1.9551571917020285e-09 4.7431692642724291e-05 -0.00090654878144761373 0 3.6628373695997787e-05 -1.7182234523405173e-06 -5.6124838110349632e-11 0 -3.2504224203632064e-08 0.0052168394305466166 1.2641281608358606e-07 0 0 -0.0012691956515648861 -1.7964483400856324e-08 -2.4015191711439309e-08 -0.0024365275888841211 2.3588732800394754e-09 8.1551582153949208e-11 -0.0013842380980583168 -3.6991855767443132e-08 -0.0018960378025404401 0 1.441231078186374 0 0 -2.2557389045774202e-06 1.1841149105684678e-07 -0.0018347566872659296 -2.0824953317344355e-09 4.5322175915204289e-05 5.3379538193193413e-05
leaf_weight=35962.46547279018 577552.87762451172 46893.624250456691 72424.60341835022 37347.867223739624 3016.6293895095587 55253.594495937228 89682.423177242279 3756.4971808865666 47654.852321147919 27927.490936279297 42919.710794270039 114.25012205727398 13808.73392701149 8910.0256471633911 77189.494554668665 3080.6724052429199 30741.121760368347 1156.7285032272339 1040.6579508781433 3526.4105491638184 2977.4555250927806 259.22584363818169 41399.311849355698 83732.89280796051 67082.796264648438 1555.8491486012936 2554.4141387939453 560.15750122070312 76877.959809303284 373.75920437276363 590.13871199265122 310.18786808848381 1546.3934313058853 785.2712828963995 1388.4599796533585 213.04565834999084 122.79067879915237 93510.452360361814 370.71482720784843 3056.653009057045 874.24879702925682 76420.403964519501 25500.364885091782 967.25723886489868 8973.4508285522461 785.31831979751587 206.49767170846462 379.62856305390596 107.98035966604948 331.97263288497925 342.227783203125 311.75505489110947 27219.786376953125 353.6212158203125 59439.330810546875 792.4362096786499 247.21467447280884 88.449996948242188 81.312337785959244 2246.9820212684572 275.39686322212219 212.74166750907898
leaf_count=44275 1861576 55099 90924 75619 4449 66855 122536 6373 76646 52157 71250 203 15907 14079 102924 5485 46321 2390 1911 6744 5724 546 54829 124720 128157 2631 4670 1032 112466 558 915 521 2411 1284 3149 483 194 105602 648 6314 1577 116926 33409 1729 17081 1475 367 612 183 595 637 583 32713 26551 77768 1414 351 118 158 4086 423 317
internal_value=0.00640116 0.00953381 0.010476 0.0121134 0.00431106 0.00709098 0.0127725 0.0135839 0.0141332 0.0107994 0.0150329 0.00763864 0.0074292 0.0112951 0.0113295 0.0158221 0.00961746 0.0167601 0.0169204 0.00664218 0.0105478 0.00946791 0.0098046 0.0138158 0.000189017 0.0122392 0.00479428 0.0163351 0.0124378 -0.00431345 -0.00796204 0.000567549 -0.0038428 0.0124665 -0.00812588 0.0201566 0.0309092 0.00578369 0.00281245 0.00825642 0.0260095 0.0170698 0.00852744 -0.00568129 0.000553697 0.00996047 0.0199205 0.0285344 0.036417 0.0164732 0.0186754 0.0188415 0.00495323 -3.58023e-05 0.00683456 0.0166212 0.0075402 -0.0114877 0.0364758 -0.00196407 0.000822856 0.0261992
internal_weight=1.76539e+06 1.18748e+06 1.00599e+06 678025 181493 327963 640677 410075 375394 79787.4 295607 34680.6 103328 19730.5 230602 51859.9 111831 122191 121035 10260.4 6733.95 56434.5 55208 173415 78164.6 158178 4110.26 9470.18 154067 11081.8 6341.89 4739.91 3458.09 1281.82 2934.85 523.234 496.55 216132 14950.1 4382.93 1326.28 119994 81089.6 1226.48 10567.1 1593.68 808.357 601.859 487.609 48779.3 43573.7 43231.5 120730 577906 95401.8 48447.3 55589.3 335.665 955.561 3325.26 2735.12 488.139
internal_count=3599650 1711523 1436466 1029054 275057 407412 953435 639820 577250 136297 440953 62570 128110 33952 313615 84140 147054 193697 191307 18841 12097 73011 70736 247256 146947 222691 7301 15111 215390 18790 10190 8600 6564 2036 5560 1004 752 260358 28618 8697 2383 189396 100733 2275 19921 2840 1365 998 795 78655 72470 71833 138315 1888127 122043 78060 67324 469 1735 5741 4826 740
cat_boundaries=0 1 2 3
cat_threshold=33553 33033 8609
is_linear=0
shrinkage=0.05


Tree=120
num_leaves=63
num_cat=4
split_feature=16 147 30 28 13 14 13 28 48 28 48 13 13 147 24 24 11 13 12 109 24 40 13 3 100 24 147 24 26 28 12 24 107 24 13 40 3 48 147 26 13 24 3 147 147 28 104 11 109 24 13 106 18 13 18 103 3 24 24 48 147 28
split_gain=14341.6 2316.06 2280.45 2162.38 891.862 603.257 437.765 343.37 544.421 432.654 2077.08 322.617 310.044 201.03 200.9 182.626 182.904 278.192 207.398 176.694 331.493 174.902 169.1 140.945 138.344 163.238 128.578 112.399 112.315 99.4792 87.7406 83.1044 82.398 78.8766 78.7157 183.201 76.5328 74.1445 73.7004 107.134 100.573 194.629 122.734 116.273 94.0371 73.2336 72.2738 68.3176 79.1706 67.6014 65.8057 68.7759 64.3192 220.709 63.4226 85.5965 62.7264 96.7402 60.1554 250.143 59.4151 58.2078
threshold=3.5000000000000004 2.0004616975784306 392.50000000000006 3908.166625976563 0.91666665673255932 2.5000000000000004 0.41666667163372045 873.16665649414074 8492.0000000000018 2315.0000000000005 4231.5000000000009 1.0833333134651186 1.4166666865348818 2.80012059211731 4487.5000000000009 911.50000000000011 3.5000000000000004 2.0833333730697636 0.83333334326744091 351.50000000000006 1190.5000000000002 4881.5000000000009 2.0833333730697636 0 618204352.00000012 2645.0000000000005 5.3999998569488534 87.500000000000014 4355.5000000000009 2315.0000000000005 1.8333333134651186 178.50000000000003 391.50000000000006 1464.5000000000002 2.0833333730697636 8347.0000000000018 1 9929.5000000000018 3.3000000715255742 1026.5000000000002 1.0833333134651186 294.50000000000006 2 4.302898883819581 4.302898883819581 2315.0000000000005 703073344.00000012 3.5000000000000004 225.50000000000003 1464.5000000000002 0.75000000000000011 478.50000000000006 2.5000000000000004 1.0833333134651186 1.5000000000000002 560171488.00000012 3 1464.5000000000002 2645.0000000000005 5039.5000000000009 4.302898883819581 3908.166625976563
decision_type=2 2 2 2 2 2 2 2 2 2 2 2 2 2 2 2 2 2 2 2 2 2 2 9 2 2 2 2 2 2 2 2 2 2 2 2 9 2 2 2 2 2 9 2 2 2 2 2 2 2 2 2 2 2 2 2 9 2 2 2 2 2
left_child=1 2 6 5 13 7 31 21 9 11 14 24 19 -3 28 22 -17 18 -18 20 -10 -4 47 50 33 49 27 -15 -11 -21 38 37 -28 -9 36 -36 -23 -1 39 -6 42 44 60 -43 -42 -20 -13 48 -14 -26 51 -8 -41 -54 -2 56 57 -56 59 -12 -40 -29
right_child=54 4 3 -5 30 -7 23 8 12 10 58 46 15 26 -16 16 17 -19 45 29 -22 34 -24 -25 25 -27 32 61 -30 -31 -32 -33 -34 -35 35 -37 -38 -39 40 52 41 43 -44 -45 -46 -47 -48 -49 -50 -51 -52 -53 53 -55 55 -57 -58 -59 -60 -61 -62 -63
leaf_value=0 -5.3927539476332731e-07 0 0 0 -1.8461398187952228e-09 -3.1472038142243974e-08 0 0 0 0 0 0 9.2524064750619955e-10 0 -0.001110853909221421 -1.7066259228037951e-08 -3.0604061507233382e-08 0.0061030148890241394 1.7567154192728166e-07 0 -0.00049316886924796082 0 -0.0016521252380788443 0 0 -0.00085994279675476464 8.4887126525251555e-05 0 0 -1.5393781747508053e-05 4.2435355279487437e-06 0 -0.0012137753621376825 0 0 -7.9931295999574221e-05 0 0 9.8033403617137085e-11 -1.5655668983427518e-09 4.5060108010586131e-05 -0.00086122159840018836 0 3.5475307383165553e-05 -1.6323122797201607e-06 -0.0015642318888095211 0 3.0108508963788697e-09 2.2409296140946112e-09 0 0 -1.9176740976178943e-06 -1.8729991113630717e-09 5.0759759274154881e-05 1.9812485076354324e-05 -5.4351486201552531e-05 1.8298989850062953e-07 7.8863537476688837e-06 -1.5854603185871954e-10 -5.7858062104343411e-05 2.8062441259635308e-12 7.7738833081499178e-05
leaf_weight=84357.860431601759 569085.08757781982 46900.074028864503 76398.560804247856 38129.481184959412 3127.0104708522558 6141.7422485351562 55287.127698153257 70203.963276907802 4641.8013113364577 50341.864307999611 3557.9642119407654 48568.645189724863 106.97460437938571 9385.4099612236023 1432.7816615104675 9313.315210826695 329.79584991186857 2786.6289160251617 827.83359098434448 9459.9248151779175 5965.2611526027322 69494.965933665633 407.17526297271252 30793.274244308472 47798.393058419228 1324.2195889949799 274.1849547624588 45670.960447430611 906.13689088821411 609.04522132873535 67207.73193359375 95765.809949588031 988.7733588218689 64143.228620998561 1283.8766185194254 2256.3094024658203 69657.102561950684 36315.140258789062 364.69506557285786 2536.7480974197388 251.49541249871254 1571.0403633341193 800.39722360670567 1448.4253973737359 122.48193460702896 88.802053928375244 40664.322505950928 128.55088740959764 559.08015996217728 26029.127421975136 25539.181013584137 327.59958338737488 270.95587450265884 386.5761803984642 1816.2292230129242 3233.4738616943359 2041.347204208374 1739.2331583499908 17987.512930393219 6675.0845947265625 116.96289616823196 190.6297744512558
leaf_count=93687 1871733 55043 95760 77083 4657 11049 66904 93675 7800 80768 5933 74296 176 10576 2838 17629 591 5755 1490 14929 11719 92842 741 46340 69704 2820 574 59830 1511 1136 128497 123441 1734 93428 2135 4110 101865 43549 550 4583 421 2471 1292 3361 250 168 67402 213 908 42400 33380 464 385 560 2997 6017 4221 3034 34628 11919 189 288
internal_value=0.00640008 0.00954233 0.01048 0.012136 0.00434528 0.0128251 0.0070598 0.0129761 0.0138219 0.0143736 0.0111297 0.0152521 0.00787503 0.00739231 0.0169934 0.00228219 0.000600423 0.00949484 0.0291248 0.0118099 0.0073051 0.0113747 0.0209469 0.00959827 0.0141795 0.015898 0.00940079 0.00976144 0.0175097 0.0165543 0.000316103 0.0057468 -0.00636909 0.0132181 0.0124085 0.00504261 0.0125959 0.00487381 -0.00382399 -0.00734419 0.000934541 -0.00357191 0.0128632 -0.00778874 0.0304261 0.0413535 0.0177701 0.0343669 0.0408035 0.0162101 0.00850053 0.00753627 -0.000901781 0.0130262 -6.0505e-05 0.00414431 0.00788602 0.0118813 0.000183306 0.00324398 0.032465 0.0107818
internal_weight=1.76614e+06 1.18822e+06 1.00661e+06 678219 181615 640090 328386 633948 414857 379633 80901.3 298732 35224.2 103410 52680.8 14548.2 13346.4 4033.06 1246.43 20676 10607.1 219091 1201.78 111947 209499 75151.7 56510 55247 51248 10069 78204.5 216439 1262.96 134347 142692 3540.19 139152 120673 10996.8 6321.29 4675.5 3393.44 1282.06 3019.47 373.977 916.636 89233 794.606 666.055 73827.5 81153.9 55614.7 3194.28 657.532 577915 8830.28 5596.81 3555.46 28220.6 10233 481.658 45861.6
internal_count=3600449 1712447 1437186 1029421 275261 952338 407765 941289 644577 581322 137597 443725 63255 128045 85117 27671 25633 8004 2249 35584 19519 296712 2038 147088 302027 114924 73002 70694 82279 16065 147216 260677 2308 187103 200952 6245 194707 137236 18719 10185 8534 6503 2031 5832 671 1658 141698 1297 1084 112104 100748 67368 5528 945 1888002 16269 10252 6031 52480 17852 739 60118
cat_boundaries=0 1 2 3 4
cat_threshold=33553 33033 8609 4016
is_linear=0
shrinkage=0.05


Tree=121
num_leaves=63
num_cat=2
split_feature=146 30 32 15 146 15 21 28 48 32 48 13 20 13 15 28 28 40 48 24 27 24 3 13 24 3 39 94 13 40 28 48 112 28 12 24 13 48 24 48 46 24 24 48 130 93 49 39 48 83 21 46 32 13 40 23 37 15 18 24 21 24
split_gain=13634.9 2081.43 2504.84 1649.44 586.363 572.816 831.689 417.601 417.747 388.681 1811.25 339.627 305.189 287.741 219.266 204.91 200.275 188.147 177.515 171.765 151.621 282.857 139.416 134.45 118.888 113.024 252.334 242.819 120.722 104.023 142.537 117.264 102.569 97.7811 82.5763 80.2942 80.1776 79.4845 79.02 136.657 78.4835 75.7446 72.5034 69.7901 73.4314 79.4865 72.9977 68.5542 83.3517 66.9475 73.2683 66.7432 161.348 65.1981 141.656 64.3983 63.2092 61.643 76.2052 59.306 55.165 55.0013
threshold=1.8333333134651186 392.50000000000006 4473.0000000000009 1.6663331389427187 2.1666666269302373 1.3307163715362551 1.0000000180025095e-35 873.16665649414074 8492.0000000000018 2688.0000000000005 4231.5000000000009 0.41666667163372045 2.5000000000000004 1.4166666865348818 1.6663331389427187 3908.166625976563 2315.0000000000005 4881.5000000000009 8492.0000000000018 911.50000000000011 671.50000000000011 1190.5000000000002 0 2.0833333730697636 87.500000000000014 1 0.96368896961212169 116169116.00000001 2.0833333730697636 3619.5000000000005 2315.0000000000005 5039.5000000000009 803.50000000000011 2315.0000000000005 0.5000000149011613 1464.5000000000002 2.0833333730697636 6412.5000000000009 2645.0000000000005 5039.5000000000009 15755.000000000002 1617.5000000000002 771.50000000000011 3508.5000000000005 0.29959915578365331 142220.56250000003 12383.500000000002 0.99667522311210643 5039.5000000000009 4.5000000000000009 10.500000000000002 3755.0000000000005 4473.0000000000009 2.0833333730697636 8347.0000000000018 0.72977015376091015 182.50000000000003 1.5236033797264101 1.0000000180025095e-35 1190.5000000000002 -1.4999999999999998 2645.0000000000005
decision_type=2 2 2 2 2 2 2 2 2 2 2 2 2 2 2 2 2 2 2 2 2 2 9 2 2 9 2 2 2 2 2 2 2 2 2 2 2 2 2 2 2 2 2 2 2 2 2 2 2 2 2 2 2 2 2 2 2 2 2 2 2 2
left_child=1 11 3 7 5 6 16 17 9 12 15 24 29 20 22 -11 18 -3 -2 23 21 56 -13 -15 -1 41 27 28 -27 -9 35 -32 -14 -22 -19 -31 42 -26 39 -12 -16 -8 -20 -6 -45 -46 49 48 60 50 -47 52 -18 -36 -55 -17 -10 58 -7 -34 -5 -61
right_child=4 2 -4 47 43 57 25 8 13 10 38 14 32 19 40 55 51 34 36 -21 33 -23 -24 -25 37 26 -28 -29 -30 30 31 -33 59 -35 53 -37 -38 -39 -40 -41 -42 -43 -44 44 45 46 -48 -49 -50 -51 -52 -53 -54 54 -56 -57 -58 -59 -60 61 -62 -63
leaf_value=0 0 0 -1.4519832933146405e-05 8.8044021951762561e-06 -0.000846685935185013 -2.988161400541145e-07 -2.3958486998846962e-07 0 0 0 0 0 0 1.0415846220555502e-09 5.6838179698579956e-07 -5.2409498108030307e-08 0 0 0 6.6321103220357009e-09 0 -6.6433399960375009e-06 0 -0.0014479249465293447 0 7.6645740480465582e-06 -1.9805941961750915e-07 7.7320525660372399e-06 -7.5615523045277676e-05 0 0 -0.00011315591453922238 0 -1.4806716927543062e-05 0 0 -3.7577416498901785e-06 0 -1.5061872860044902e-10 -1.8544244958920133e-05 -0.00016587521053049956 7.6703858001146497e-06 0 -0.00032992330787683718 -0.00045819171895011834 0.0071584183705993287 0.018167110297990008 -2.5759046280122615e-07 1.895460578032732e-07 0.00045155249980787242 0.12866320579578749 0.018521001308181174 -0.0030342373275237433 0 -6.5709664868385259e-05 0 0 4.6674064544977313e-06 -3.002841900690001e-08 0 2.1459188341264446e-06 0
leaf_weight=78995.487233469496 14504.145868301392 88324.287610530853 42246.082221984863 2615.8287506103516 73708.095092773438 18751.537353515625 5245.7371106147766 41304.592793941498 3713.1721831560135 48429.640384674072 2521.2905197143555 64237.553787231445 77758.759882688522 748.66655937209725 7943.6672668457031 1862.844799041748 2231.0546803474426 48370.080688476562 2357.3296625465155 11790.904415130615 10587.323159456253 5527.2606220245361 55152.993600517511 382.85911795124412 87428.639015316963 939.50086630880833 6358.6700615882874 1634.609468460083 209.69246207177639 54443.063316345215 1380.8182792663574 1796.6359825134277 32180.421849012375 658.00931930541992 103124.84003164619 39624.716125488281 1559.7836098968983 95159.308959960938 19348.548522949219 4552.5523147583008 946.10781860351562 5027.4462809562683 1989.5149371474981 166269.91949462891 81445.504976272583 35547.918190956116 12710.593627929688 20673.894989013672 8568.8300552368164 157279.45513916016 1231.8148698806763 3823.3959777355194 1385.0911819934845 1018.9152555242181 1826.3345565795898 1392.3777961730957 776.04929542541504 32491.89501953125 3136.474365234375 63572.065574645996 4749.5252456665039 604.70280122756958
leaf_count=87758 23860 109886 89194 3943 214122 33998 8656 59070 6112 77617 4160 78070 104757 1209 14837 3087 3940 63792 3768 22430 16845 10797 78125 737 104287 1489 11697 2933 383 82187 2343 3325 44328 1239 146501 66470 3009 119577 36885 7940 1715 9730 3714 498830 209092 160766 75427 36765 14321 623131 18181 8035 2759 1669 3326 2513 1319 63331 5433 96017 7691 979
internal_value=0.00636568 0.00963636 0.0111829 0.0118923 0.000464785 0.00394246 0.00796847 0.0124589 0.0134039 0.0138676 0.0107122 0.00667525 0.0146558 0.00810304 0.0087827 0.0161562 0.0135062 0.0108039 0.0160662 0.00221826 0.0116793 0.00720399 0.00934678 0.0208222 0.00564173 2.4621e-05 0.00406631 0.0166237 0.0342308 0.0164073 0.0173006 0.00688107 0.0132621 0.0156646 0.0118572 0.0176524 0.00875661 0.00634291 6.29974e-05 0.00458518 0.00120642 -0.00357224 0.0122459 -0.000204455 2.69911e-05 0.000509726 0.00103087 0.00155833 0.00402289 0.000790397 0.00271085 0.00648142 0.0113509 0.0126389 0.00516823 0.00401021 0.0165265 0.000442996 -0.00160791 0.0143527 0.00792331 0.0152316
internal_weight=1.76618e+06 1.13634e+06 746476 704230 629839 101646 47266 667622 424957 390773 78107.3 389864 312666 34184.2 128280 51684.9 27850.3 242664 20410.8 12922.4 21261.8 10016.5 119391 1131.53 261583 19415.7 9142.47 2783.8 1149.19 138550 97245.2 3177.45 174116 11245.3 154340 94067.8 5906.63 182588 26422.4 7073.84 8889.78 10273.2 4346.84 528193 454485 288215 206770 36608.1 15934.2 194059 36779.7 7439.54 3616.15 105970 2845.25 3255.22 4489.22 54379.9 21888 96357.2 7365.35 64176.8
internal_count=3600107 1613823 1129454 1040260 1986284 186735 83973 977540 652366 591678 132202 484369 459476 60688 172747 83217 49085 325174 34351 24376 36312 18228 156195 1946 311622 34888 16502 4805 1872 213395 154325 5668 246081 18084 215288 148657 10491 223864 48985 12100 16552 18386 7482 1799549 1585427 1086597 877505 62720 25955 802078 178947 14734 6699 151496 4995 5600 7431 102762 39431 141324 11634 96996
cat_boundaries=0 1 2
cat_threshold=33296 34332
is_linear=0
shrinkage=0.05


Tree=122
num_leaves=63
num_cat=2
split_feature=12 30 32 15 147 15 147 8 28 48 32 48 146 48 28 28 15 28 48 100 24 48 24 3 109 24 147 23 117 53 33 3 31 114 24 48 100 20 60 12 24 7 62 24 24 11 11 147 48 108 32 25 100 63 28 20 70 38 126 48 38 132
split_gain=13695.1 2103.05 2363.78 1709.89 645.188 1378.24 555.111 374.866 347.908 447.225 409.699 1921.6 311.405 260.149 251.397 206.522 203.775 189.538 180.833 178.85 171.345 164.852 152.921 145.591 140.034 123.452 105.238 97.7141 92.6152 81.8917 78.0774 74.7083 73.3332 72.8384 72.3565 126.775 65.4227 65.3686 65.1677 65.1113 61.6672 61.1548 60.3932 59.5735 59.1017 58.2084 57.0891 60.0211 56.6231 56.2915 64.7809 57.4574 60.0942 57.6302 56.088 61.5718 54.0097 104.564 53.107 52.7916 58.0637 49.8181
threshold=1.8333333134651186 392.50000000000006 4473.0000000000009 1.6663331389427187 2.0004616975784306 0.87965279817581188 2.0004616975784306 2.5000000000000004 873.16665649414074 8492.0000000000018 2688.0000000000005 4231.5000000000009 0.5000000149011613 3986.0000000000005 3908.166625976563 2315.0000000000005 1.6663331389427187 2315.0000000000005 5039.5000000000009 618204352.00000012 1190.5000000000002 8492.0000000000018 1464.5000000000002 0 351.50000000000006 178.50000000000003 0.90000000596046459 0.72977015376091015 349.91667175292974 1099.5000000000002 7207.5000000000009 1 515.28085327148449 1037.5000000000002 2645.0000000000005 5039.5000000000009 1435613376.0000002 2.5000000000000004 60106.667968750007 0.83333334326744091 771.50000000000011 -0.25000000000000006 39200.500000000007 911.50000000000011 2645.0000000000005 1.0000000180025095e-35 3.5000000000000004 3.0278023481369023 14189.000000000002 167.50000000000003 4473.0000000000009 1289.5000000000002 271426448.00000006 37418.890625000007 2315.0000000000005 1.5000000000000002 1.2399766445159914 3.9421279430389409 251.50000000000003 3004.0000000000005 1.0181214213371279 0.74983531236648571
decision_type=2 2 2 2 2 2 2 2 2 2 2 2 2 2 2 2 2 2 2 2 2 2 2 9 2 2 2 2 2 2 2 9 2 2 2 2 2 2 2 2 2 2 2 2 2 2 2 2 2 2 2 2 2 2 2 2 2 2 2 2 2 2
left_child=1 12 3 6 5 17 8 28 19 10 13 14 25 26 -12 22 23 21 -17 -3 43 -2 37 32 -22 36 -10 38 -8 42 41 -21 -14 -27 35 -13 -1 -15 -16 -25 -23 -31 58 -11 -24 -45 47 -30 56 50 -44 -51 -53 -54 55 -26 -18 -58 -6 60 -5 -50
right_child=4 2 -4 59 29 -7 7 -9 9 20 11 34 16 15 27 18 48 -19 -20 31 24 40 44 39 54 33 -28 -29 46 30 -32 -33 -34 -35 -36 -37 -38 -39 -40 -41 -42 -43 49 45 -46 -47 -48 -49 61 51 -52 52 53 -55 -56 -57 57 -59 -60 -61 -62 -63
leaf_value=0 0 0 -4.2561823543119107e-06 6.2161962453325821e-06 -3.1172286988275585e-06 -2.8099657367608444e-08 -1.1641121400174371e-11 -9.8365648959486417e-12 0 0 0 0 0 0 9.6838912028368595e-05 0 8.6521333653306389e-08 0 -8.4684361400714264e-05 0 -0.00046779822785786296 0 0 0 0 0 0 0 0 0.003657697038046981 0.041985454786394219 0 -0.0010219792510454239 0 -1.4308779716643017e-10 -2.8667516533731344e-05 0 0 -4.978902320429413e-08 0 0 -4.594364678780444e-07 0.00017344115637852938 0 -0.00062672550629811938 0 0 0 -9.4782724921946102e-06 -1.2977529601761281e-06 0.067490075026372373 -0.0017301414820264458 5.9943437078896491e-05 -0.00026127156554731637 -1.2311218584371173e-06 0 2.1659787082330251e-05 -0.0010385213725458877 -0.01262237079211901 2.689173092954824e-07 8.9619220356655342e-07 -0.00035964444233593595
leaf_weight=98890.296510103624 14537.120694637299 67570.236184202135 42117.650176584721 2399.1533374786377 4308.1332387924194 51289.557281494141 147.87061662971973 5656.202392578125 69183.126477323472 3367.1799321174622 45661.366408884525 2370.8510131835938 87924.347171783447 51071.627649532631 52.561980798840523 1906.5757543575019 5788.3648853302002 7416.9576828479767 2696.9480895996094 73560.558298110962 6854.5778614282608 2832.2243205904961 66237.405828535557 28784.413986206055 3978.323411911726 60245.792145609856 54359.545288085938 1318.2639274597168 22935.184703756124 41739.389495849609 5018.9605712890625 73624.933645248413 195.64997482299805 38827.168579101562 18199.80224609375 4370.6139831542969 34137.246337890625 44360.960042953491 1656.8620189875364 31695.90185546875 2987.0412002205849 50652.779968261719 14601.035316467285 4854.5407778508961 416.11178588867188 4562.0207455866039 2142.675147857517 26881.688425287604 1365.761531829834 69417.179132461548 1725.8990440368652 7960.1831378936768 228146.01358413696 125561.77087020874 1767.9457830488682 6953.5923509597778 798.32856559753418 648.51348876953125 1004.2021536827087 31396.528839111328 2711.0713024139404 267.63602066040039
leaf_count=109301 23893 84133 89100 3829 9685 93667 188 9767 92735 5321 73453 3901 105788 77281 95 3140 11431 14765 4734 97915 13666 4610 107864 40837 7451 72727 78853 2393 27730 142233 54495 107579 271 50604 34711 7572 40414 62625 2721 47732 5735 160686 40057 8142 803 7490 3567 37796 2585 141620 13912 21459 776939 479039 3551 11860 1058 1127 2714 54192 4523 371
internal_value=0.00637611 0.00965158 0.0112042 0.0118914 0.000457581 0.00468102 0.0124666 0.00778124 0.0129096 0.0137881 0.014289 0.0109575 0.00667302 0.0151341 0.0167387 0.0164231 0.00838935 0.013652 0.0059775 0.0112888 0.00815267 0.0161455 0.0167197 0.00882875 0.00520927 0.00550854 0.0133949 0.00278365 0.00910834 -0.000149387 0.00116572 0.0122666 0.00752799 0.00684486 -0.00032803 0.00409647 0.00451325 0.0154356 -0.00510186 0.0107208 0.009031 0.000835714 -0.000432366 0.0126542 0.018558 0.0106109 0.00922098 0.00956471 0.00102606 -0.000369424 0.0025123 -0.000478581 -0.000225669 -0.000128964 0.00831772 0.00965393 0.00292489 0.011564 -0.00573196 0.00135403 0.00606676 -0.00738018
internal_weight=1.76611e+06 1.13691e+06 747345 705227 629198 79062.9 668720 57763.6 610957 396201 363863 73630.3 389569 290232 48689.1 166690 157469 27773.3 4603.52 214756 32338.2 20356.4 162086 148600 19554.4 232101 123543 3027.69 52107.4 550136 97411.1 147185 88120 99073 24941.3 6741.46 133028 95432.6 1709.42 60480.3 5819.27 92392.2 452724 12783.7 66653.5 9416.56 51959.5 49816.9 8868.6 447412 16326.9 431085 361668 353708 12699.9 10931.9 7235.21 1446.84 5312.34 36506.8 5110.22 1633.4
internal_count=3600436 1614927 1130681 1041581 1985509 142670 979037 79048 899989 610362 552881 124846 484246 428035 78662 256447 211200 49003 7874 289627 57481 34238 248573 194628 36528 273046 171588 5209 69281 1842839 357414 205494 106059 123331 46184 11473 149715 139906 2816 88569 10345 302919 1485425 20953 108667 15632 69093 65526 16572 1473026 53969 1419057 1277437 1255978 22862 19311 13616 2185 12399 62544 8352 2956
cat_boundaries=0 1 2
cat_threshold=33296 33033
is_linear=0
shrinkage=0.05


Tree=123
num_leaves=63
num_cat=5
split_feature=16 30 32 146 14 28 48 32 48 13 13 20 28 146 24 100 109 24 13 11 13 146 3 23 24 145 9 146 16 13 48 112 28 48 28 146 48 56 23 37 11 146 21 39 3 24 18 28 8 24 3 3 31 3 31 24 48 31 24 10 146 46
split_gain=14423 1833.13 2201.72 2205.73 659.201 398.047 496.787 480.562 1929.09 370.076 304.95 253.59 229.496 174.191 168.514 167.227 162.2 311.05 157.395 155.719 282.129 238.284 141.318 124.823 121.861 104.389 259.749 145.052 103.179 98.9881 121.602 95.7056 198.728 100.348 87.9075 85.8016 81.4239 68.4248 70.9953 68.3263 67.9369 62.1491 217.274 94.8306 129.731 60.5419 60.3352 58.5865 55.6256 54.5588 52.4195 50.0815 66.7243 78.418 56.5167 49.8896 111.482 49.3931 49.0454 47.9712 55.8291 48.0163
threshold=3.5000000000000004 392.50000000000006 4473.0000000000009 2.1666666269302373 2.5000000000000004 873.16665649414074 8492.0000000000018 2688.0000000000005 4231.5000000000009 0.41666667163372045 1.4166666865348818 2.5000000000000004 3908.166625976563 1.8333333134651186 911.50000000000011 618204352.00000012 351.50000000000006 1190.5000000000002 2.0833333730697636 3.5000000000000004 2.0833333730697636 0.83333334326744091 0 0.9476255774497987 87.500000000000014 2.5000000000000004 1.5000000000000002 1.8333333134651186 1.5000000000000002 2.0833333730697636 8492.0000000000018 803.50000000000011 2315.0000000000005 5039.5000000000009 2315.0000000000005 0.5000000149011613 6412.5000000000009 64838.000000000007 0.72977015376091015 182.50000000000003 3.5000000000000004 1.8333333134651186 1.0000000180025095e-35 0.96368896961212169 1 1464.5000000000002 1.0000000180025095e-35 2315.0000000000005 1.0000000180025095e-35 1464.5000000000002 2 3 515.28085327148449 4 605.08557128906261 2645.0000000000005 5039.5000000000009 515.28085327148449 1464.5000000000002 1.5000000000000002 2.1666666269302373 11086.000000000002
decision_type=2 2 2 2 2 2 2 2 2 2 2 2 2 2 2 2 2 2 2 2 2 2 9 2 2 2 2 2 2 2 2 2 2 2 2 2 2 2 2 2 2 2 2 2 9 2 2 2 2 2 9 9 2 9 2 2 2 2 2 2 2 2
left_child=1 9 3 4 5 15 7 11 12 24 16 25 -9 22 18 -3 17 39 40 -16 21 -21 57 48 -1 31 27 -27 -13 35 -31 49 45 -34 -18 -17 51 -14 -39 -8 -12 50 -43 44 -44 -33 -6 -23 -15 -7 -37 -26 -53 -54 -55 56 -10 -11 -30 -50 -61 -62
right_child=-2 2 -4 -5 46 6 10 8 55 13 14 28 37 23 19 29 34 -19 -20 20 -22 47 -24 -25 36 26 -28 -29 58 30 -32 32 33 -35 -36 41 -38 38 -40 -41 -42 42 43 -45 -46 -47 -48 -49 59 -51 -52 52 53 54 -56 -57 -58 -59 -60 60 61 -63
leaf_value=0 -3.3349673114831697e-07 0 3.1673767543871636e-06 -3.455604504593731e-05 4.2213827163722154e-06 0 0 0 0 0 2.0768039010743423e-09 0 0.04928034025524089 -3.7885759908530972e-08 -1.6544551784125616e-08 0 0 1.9877715041327627e-05 -0.0014723982540679305 -2.9405463952691946e-08 0.0069722413319702747 1.7456067162857637e-07 0 -5.2139125325896511e-07 0 0 1.4263035197359386e-12 5.8651330210119849e-06 0 0 -6.2424181624964889e-05 0 0 -0.00014056147671487546 -1.2929914022430379e-05 0 0 -4.7299572047965202e-08 0 0 -3.9738974085398615e-09 0 -1.6668234279051907e-07 -1.9093299027383993e-07 6.9292026783637069e-06 0 -2.6992032420292135e-08 0.00048036910862343226 -1.4628259176489607e-06 0 0 0 -0.0014854682344220271 -3.7120435937509911e-06 0.030720238823199686 -1.359334089734432e-10 -2.7234140707044219e-05 -0.0012151527467219002 0 0 0.0002940487042199316 -0.00026615111954198548
leaf_weight=78837.040361608844 577722.42141723633 79507.719240754843 46178.948001146317 38155.191467285156 5899.2564697265625 28841.803851753473 4307.2874127626419 51941.621316850185 2852.2287902832031 64136.014090210199 728.9184836782515 90810.748300552368 87.163715660572052 199.04092025756836 10651.512515665963 51864.484212346375 10360.285276412964 6484.9690294265747 486.73306749016047 390.32400601916015 3205.8173975348473 882.86767506599426 55050.095544978976 1316.3228149414062 5044.9226837158203 9301.2425537109375 3717.2398681640625 2145.02734375 43339.423977613449 1563.9194131419063 2729.4115142822266 46298.70675778389 1015.8831405639648 1842.9037208557129 673.00693607330322 63878.281814858317 95004.603637695312 2051.9055987000465 1475.2362479567528 783.21556377410889 141.73303027823567 3382.4891662597656 393.99964761734009 1652.4274892807007 392.6563286781311 35000.849586486816 2638.1435546875 91.689263105392456 599.32943725585938 26926.740661621094 44888.426116660237 80760.625527322292 499.70993947982788 463.77731657028198 805.99461841583252 22168.97314453125 5278.4885559082031 124.76664862036705 44302.445163011551 1590.4418144226074 764.97905206680298 968.0874342918396
leaf_count=87586 1888074 98706 96889 73598 10803 39876 7237 83945 4746 77899 1186 123947 181 287 20401 67856 16320 12745 926 692 6648 1589 78048 2090 8315 15220 6426 3740 60719 2671 4990 71018 1747 3386 1263 87178 119468 3426 2667 1369 236 5362 613 2699 608 59267 4555 174 937 41168 66815 92492 758 713 2153 42820 9354 173 67986 2438 1225 1674
internal_value=0.00639339 0.00954495 0.0109082 0.011556 0.012179 0.0123453 0.0132207 0.0137238 0.0103874 0.00671479 0.00783654 0.0145825 0.0159224 0.00895554 0.00268543 0.0107412 0.0116136 0.00747762 0.019563 0.00117952 0.00889918 0.0279329 0.00935442 0.000203186 0.00564547 0.0160616 0.0121189 0.015848 0.013297 0.0116234 0.00412488 0.0164888 0.0175539 0.00459357 0.0159519 0.0118167 0.00635489 0.00373749 0.00265109 0.016728 0.0322878 0.0125807 0.00754432 -0.00382886 0.0104526 0.0180095 -0.00163111 0.0411492 0.00448501 0.0148814 0.0128502 0.00525486 0.00495696 -0.00464462 0.00201801 0.000238598 0.00358876 0.00775594 0.0145212 0.00579529 0.00814391 0.00193146
internal_weight=1.7656e+06 1.18788e+06 801712 755533 717378 708841 458587 419399 85855.6 386166 39188.4 333543 55555.9 124749 16579.6 250254 22608.8 11575.5 1357.38 15222.2 4570.7 1364.88 119311 5438.2 261417 155090 15163.5 11446.3 178453 170746 4293.33 139927 84158.3 2858.79 11033.3 166453 182580 3614.31 3527.14 5090.5 870.652 114588 5821.57 2439.08 786.656 81299.6 8537.4 974.557 4121.88 55768.5 108767 87575 82530.1 1769.48 1269.77 30299.7 8130.72 64260.8 87641.9 3922.84 3323.51 1733.07
internal_count=3600098 1712024 1235768 1138879 1065281 1049923 712425 641639 147139 476256 70786 494500 90219 164771 31852 337498 38934 21351 2348 29504 9103 2455 156120 8651 311485 241848 25386 18960 252652 238792 7661 216462 135418 5133 17583 231131 223899 6274 6093 8606 1422 163275 9282 3920 1221 130285 15358 1763 6561 81044 153993 104431 96116 3624 2866 56920 14100 78072 128705 6274 5337 2899
cat_boundaries=0 1 2 3 4 5
cat_threshold=33296 34340 33037 14432 33408
is_linear=0
shrinkage=0.05


Tree=124
num_leaves=63
num_cat=0
split_feature=12 30 32 8 12 9 10 147 13 17 14 147 13 28 48 32 48 13 28 48 28 28 48 109 48 32 40 145 103 37 33 20 80 147 28 23 147 28 32 33 39 46 39 13 46 32 40 13 13 40 32 105 62 118 10 29 13 57 38 40 69 126
split_gain=13430.2 2079.28 2358.52 745.617 701.441 560.372 487.547 520.967 519.014 473.108 403.724 519.145 334.361 330.811 525.851 426.06 1877.41 317.974 300.646 260.523 187.687 181.539 179.388 174.92 171.239 169.29 166.292 135.88 134.15 124.75 190.455 121.876 107.726 107.565 95.7483 95.1099 94.758 94.5691 89.471 86.9715 82.4533 81.3905 79.5225 114.29 77.098 137.099 75.8396 89.352 74.8546 163.532 71.7841 71.6712 69.3094 69.1269 67.9669 67.6507 67.4084 66.533 93.2127 64.1906 63.3118 92.2143
threshold=1.8333333134651186 392.50000000000006 4473.0000000000009 3.5000000000000004 2.1666666269302373 3.5000000000000004 3.5000000000000004 2.0004616975784306 0.91666665673255932 1.0000000180025095e-35 1.5000000000000002 2.0004616975784306 0.41666667163372045 873.16665649414074 8492.0000000000018 2688.0000000000005 4231.5000000000009 1.4166666865348818 3908.166625976563 3986.0000000000005 2315.0000000000005 2315.0000000000005 5039.5000000000009 351.50000000000006 8492.0000000000018 1352.5000000000002 4881.5000000000009 3.5000000000000004 595131072.00000012 182.50000000000003 1139.5000000000002 2.5000000000000004 37780.000000000007 3.0278023481369023 2315.0000000000005 0.72977015376091015 0.90000000596046459 151.50000000000003 1352.5000000000002 910.50000000000011 0.96368896961212169 8089.0000000000009 1.0186958312988283 2.0833333730697636 3755.0000000000005 4473.0000000000009 3842.5000000000005 1.0833333134651186 2.0833333730697636 8347.0000000000018 1650.0000000000002 186079808.00000003 39200.500000000007 1866.0000000000002 3.5000000000000004 691.91665649414074 0.75000000000000011 319891.50000000006 0.77065846323966991 2203.5000000000005 23603.000000000004 893.00000000000011
decision_type=2 2 2 2 2 2 2 2 2 2 2 2 2 2 2 2 2 2 2 2 2 2 2 2 2 2 2 2 2 2 2 2 2 2 2 2 2 2 2 2 2 2 2 2 2 2 2 2 2 2 2 2 2 2 2 2 2 2 2 2 2 2
left_child=1 12 3 5 9 6 7 13 33 38 -11 21 37 26 15 19 18 23 -17 36 31 24 -22 29 -12 40 -3 32 -8 30 -16 50 54 51 -25 -20 -15 41 -2 42 -13 -1 43 -19 45 -23 47 -42 56 -50 -21 -9 53 -6 -14 -26 -28 -7 -59 -54 61 -61
right_child=4 2 -4 -5 52 57 28 8 -10 10 11 25 27 14 17 16 -18 39 35 20 22 44 -24 34 55 -27 48 -29 -30 -31 -32 -33 -34 -35 -36 -37 -38 -39 -40 -41 46 -43 -44 -45 -46 -47 -48 -49 49 -51 -52 -53 59 -55 -56 -57 -58 58 -60 60 -62 -63
leaf_value=0 -3.8062885832079733e-08 0 -4.6942274391372219e-06 7.2381031340038294e-07 -0.0010036054292781424 1.0069719139722834e-06 4.3779558664214387e-06 0 -1.6859703300120544e-09 -7.3624426734154351e-06 0 6.5528798557546003e-06 0 0 0 0 0 9.6153766060425036e-10 -4.4934593446122054e-08 0 0 0 -6.182870119855761e-05 0 0 1.2539051315414831e-05 0 3.6913142454705639e-07 -0.00013196251596659284 0 0 0 0 0 -1.3175705019718987e-05 0 0 0 1.0200900442874916e-05 -1.1997755122727939e-09 -1.9456480608076277e-07 0 7.4137612715574619e-10 -0.0013987783413645372 0.018057864722671024 -0.0024916041268683705 -1.852369865500528e-07 8.9273120679739023e-06 0 -6.5534489149740203e-05 0 0 -0.0029258383474540573 -0.052005244910304151 -5.0327683883240062e-07 0 0 1.6505084077412383e-05 -1.9923077076037493e-05 0.00016290703269934427 -0.00051008043932635567 0.018715144563068043
leaf_weight=94590.712919081561 14221.234506607056 75654.125441968441 42014.577519178391 15515.557434082031 6256.8029613494873 5863.2813382148743 6908.1561622619629 1240.135839484632 8674.3635834008455 11556.10986328125 14410.477803975344 2138.0261178910732 55337.77113686502 69256.806228242815 3821.6814558357 45902.554051160812 24908.211975097656 806.91781602799892 1743.8550491333008 52305.035077057779 1905.6628063097596 2220.1910321414471 2704.1128273010254 9277.3169946670532 2991.3013877868652 12584.328332930803 74834.014175206423 5810.0733032226562 3625.2548637390137 4079.9740018844604 2111.9342739582062 74821.790194988251 66072.161848068237 24250.507840752602 610.21430492401123 1335.8234786987305 54291.936889648438 107177.34448164701 28601.564321517944 10201.953235626221 175.48470938205719 59927.447082519531 1053.8895864486694 377.09174981713295 3810.4319334030151 1373.3478212356567 4217.6040964126587 238.92856955528259 1102.9704709723592 1876.8198471069336 35030.823639631271 23410.480025291443 11009.115116119385 278.16118049621582 821.58535766601562 2878.8366913795471 61152.887767456472 716.63402414321899 4006.5035905838013 233887.07195281982 264468.17328262329 12154.924194335938
leaf_count=105776 23980 94767 88857 28248 14852 9288 11059 1720 14446 20461 23758 3338 77166 92929 6430 73724 46200 1310 2872 79525 3160 3930 4751 14558 4960 23827 101312 12248 6004 7951 3881 110348 81763 33474 1129 2416 78686 134212 58309 19445 257 71688 2001 693 8023 2786 7047 347 1817 3381 58838 29183 31071 678 1214 5472 88179 1176 6918 690467 977498 85285
internal_value=0.00638031 0.00962389 0.0111679 0.0118533 0.000520835 0.0120971 0.012275 0.0124432 0.007896 0.00432937 0.0072488 0.00930591 0.00666303 0.0128715 0.0137274 0.01427 0.0108798 0.00761673 0.0165631 0.0151328 0.0164222 0.0136978 0.00647098 0.0115364 0.0161444 0.00302322 0.0112901 0.00875682 0.00160108 0.00687704 0.0115044 0.0167051 0.00911194 0.00989541 0.0162541 0.00143789 0.0133922 0.00563856 0.000334522 0.00134543 -0.00335164 0.0048468 0.0102707 0.0191602 0.00699491 0.0122486 -0.0071007 0.0132935 0.0123171 0.00447423 0.0179744 0.00756868 -0.000210625 -0.00532774 0.0107223 0.00894314 0.0124889 0.000681611 -0.00373401 -0.00014649 -6.50182e-05 0.000512258
internal_weight=1.7666e+06 1.13713e+06 747394 705379 629472 689864 679277 668744 57575.5 101418 58595.1 47039 389737 611168 396548 364207 73890.4 32341 48982.2 290316 166767 27684.6 4609.78 19901.1 20280.6 19354.4 214621 128042 10533.4 10013.6 5933.62 162158 122232 48901.1 9887.53 3079.68 123549 261696 42822.8 12439.9 6770.04 154518 2237.9 1184.01 7403.97 3593.54 4632.02 414.413 138967 2979.79 87335.9 24650.6 528054 6534.96 56159.4 5870.14 135987 10586.4 4723.14 521519 510510 246042
internal_count=3601089 1614743 1130676 1041819 1986346 1013571 996189 979126 78823 186495 104206 83745 484067 900303 610847 553449 125212 57398 79012 428237 256622 48929 7911 33949 34190 34816 289456 172391 17063 18262 10311 248711 160143 64377 15687 5288 171615 311676 82289 23449 10989 177464 4004 2003 14739 6716 7651 604 194689 5198 138363 30903 1799851 15530 78380 10432 189491 17382 8094 1784321 1753250 775752
is_linear=0
shrinkage=0.05


Tree=125
num_leaves=63
num_cat=3
split_feature=16 147 30 28 13 13 28 48 28 48 13 46 24 147 109 24 24 24 25 100 12 24 3 28 26 13 147 30 11 13 12 13 40 24 13 28 24 3 100 24 48 37 13 11 109 12 12 24 20 24 12 147 17 17 37 1 3 73 40 24 42 12
split_gain=14417.2 2251.52 2215.25 2241.97 922.318 454.956 318.437 631.915 444.632 2035.38 375.677 294.526 223.578 192.51 192.23 340.575 170.693 166.754 165.096 162.869 138.706 137.51 131.189 129.815 122.135 121.835 120.055 114.048 107.97 100.984 108.12 97.6056 195.029 93.4221 85.3344 84.045 83.1464 77.5629 76.1416 75.6518 233.613 71.6339 69.2571 68.3427 64.8271 58.1417 58.0857 53.461 52.5345 50.2723 48.6624 47.5541 47.5527 46.837 61.972 58.7915 54.3702 46.7659 46.6687 45.344 45.246 46.1785
threshold=3.5000000000000004 2.0004616975784306 392.50000000000006 3908.166625976563 0.91666665673255932 0.41666667163372045 873.16665649414074 8492.0000000000018 2315.0000000000005 4231.5000000000009 1.4166666865348818 4502.5000000000009 2645.0000000000005 2.80012059211731 351.50000000000006 1190.5000000000002 4487.5000000000009 911.50000000000011 1289.5000000000002 618204352.00000012 2.1666666269302373 1464.5000000000002 0 4362.5000000000009 4355.5000000000009 2.0833333730697636 0.90000000596046459 157.50000000000003 3.5000000000000004 2.0833333730697636 0.83333334326744091 2.0833333730697636 8347.0000000000018 1329.5000000000002 1.0833333134651186 2315.0000000000005 178.50000000000003 1 1435613376.0000002 2645.0000000000005 5039.5000000000009 182.50000000000003 0.75000000000000011 3.5000000000000004 225.50000000000003 2.1666666269302373 1.8333333134651186 1464.5000000000002 2.5000000000000004 416.50000000000006 1.8333333134651186 0.90000000596046459 54.500000000000007 1.5000000000000002 -122.49999999999999 671.50000000000011 2 1.0000000180025095e-35 5111.5000000000009 1464.5000000000002 7453.0000000000009 1.8333333134651186
decision_type=2 2 2 2 2 2 2 2 2 2 2 2 2 2 2 2 2 2 2 2 2 2 9 2 2 2 2 2 2 2 2 2 2 2 2 2 2 9 2 2 2 2 2 2 2 2 2 2 2 2 2 2 2 2 2 2 9 2 2 2 2 2
left_child=1 2 5 6 13 36 19 8 11 16 14 26 20 -3 15 41 24 25 53 51 21 48 42 27 45 43 59 -15 -19 30 -30 37 -33 -32 -20 -16 38 -21 57 40 46 -9 -7 44 -12 -10 -11 -28 -13 -34 -46 -4 -2 54 56 -55 -6 -1 -38 -8 61 -36
right_child=52 4 3 -5 18 22 7 10 9 39 17 12 -14 23 35 -17 -18 28 34 31 -22 -23 -24 -25 -26 -27 47 -29 29 -31 33 32 49 -35 60 -37 58 -39 -40 -41 -42 -43 -44 -45 50 -47 -48 -49 -50 -51 -52 -53 -54 55 -56 -57 -58 -59 -60 -61 -62 -63
leaf_value=-0.001523993560430892 -3.849735749049433e-07 0 0 0 -4.9256073002958687e-07 0 0 0 0 0 6.8471250891377622e-10 0 -0.00078560938160211486 0 0 -0.00046077424885816455 -0.00096958123267208989 -1.565733541708525e-08 1.1783760686212564e-05 0 -7.3660454006037703e-05 0 0 -0.0013075513999409429 0 -0.0013448987983048931 0 0 -2.787520197999882e-08 0.0066236293253605473 1.2593202110284996e-07 0 0.00055010861756998322 1.9877233913279114e-07 -3.0654240509122094e-09 -1.1808110180744348e-05 0 0 0 -1.2913673463899045e-10 -5.8920907390258571e-05 0 0 -5.0744443223383067e-09 1.9248868221577456e-09 -0.00076158411360213642 -0.00095490234825854623 0 0 -6.2815108858271803e-05 1.024163705526444e-09 0 1.3730660726912109 -8.1801390802965386e-05 -3.7047891643382517e-09 0.00082874354299433239 6.4495499649887926e-06 0 0 0 0.010015724839576069 5.238505834726798e-06
leaf_weight=294.21914753573947 577546.31454849243 46824.312381312251 47422.597154259682 38295.905573248863 962.34241676330566 55637.956223651767 49656.331132173538 4048.5610633715987 50534.487445354462 3304.2357468605042 112.59313363954425 42543.367637962103 1845.302261531353 12781.226438507438 9392.9463167190552 6071.329314686358 1404.2678608894348 9830.7336328979582 4658.1453177332878 74214.99002751708 1051.1334037780762 49091.101853072643 30701.116630077362 699.00616180896759 909.8137469291687 427.31150148808956 37877.769662618637 43054.03398373723 338.8044632319361 2912.9906758666039 404.32201340794563 1402.2612933218479 154.0193920135498 511.82631406188011 3585.7558911442757 603.56122016906738 35191.453133970499 74169.996397972107 30991.257568359375 18411.819001674652 6865.22802734375 727.37941789627075 25498.663836419582 127.92588740959764 480.92026919126511 350.69690608978271 402.40359497070312 46311.510475873947 31561.129161626101 2266.78000831604 84.466666698455811 20564.628112792969 353.48057174682617 9830.0961017608643 15813.029987871647 555.46114921569824 3005.5154314041138 89524.402833692729 60436.942260742188 41705.088754892349 6047.8401508331299 33640.207824707031
leaf_count=469 1861315 55009 57677 77383 1538 67435 65358 6777 81093 5474 191 65927 3926 14804 14877 11882 2824 18666 8783 98755 1914 82412 46250 1262 1516 798 53334 57032 598 6061 715 2349 273 973 6698 1132 43934 107993 37378 35453 12288 1253 33409 211 780 645 723 71693 45259 4114 133 27172 26608 17678 25985 970 5014 99547 79261 59114 13723 66657
internal_value=0.00638828 0.00953898 0.0104631 0.0120947 0.00441227 0.00709126 0.0127978 0.0136055 0.0142001 0.0109395 0.0072782 0.0150885 0.0169323 0.00751091 0.0116399 0.00702906 0.0167474 0.00130903 0.000311331 0.0112575 0.0171888 0.0173432 0.00968079 0.00947485 0.0172137 0.0189313 0.0137641 0.00974301 -0.000243669 0.00649935 0.018354 0.0121665 0.0042756 0.0272759 0.00213514 0.016642 0.00575316 0.0123698 0.00488107 0.000278749 0.00364993 0.0170175 0.00862232 0.0303697 0.0366908 0.0175384 0.0137645 0.0151266 0.0159828 -0.00431794 0.0435853 0.0092224 -8.93563e-05 -0.00258636 -0.0040139 0.000132184 0.00157191 0.00414355 0.00685481 0.0125083 0.00144278 0.000790918
internal_weight=1.76603e+06 1.18813e+06 1.00667e+06 678393 181457 328276 640097 419901 383826 82183 36075.7 301643 126092 103359 20843.8 10847.3 53199.3 15231.9 78098.4 220195 124247 123196 111838 56534.3 51795 1233.22 175551 55835.3 13998.7 4167.94 1254.95 152208 3823.06 916.148 47931.9 9996.51 216438 148385 120810 28983.7 10571.9 4775.94 81136.6 805.906 677.98 50885.2 3706.64 84189.3 74104.5 2420.8 565.387 67987.2 577900 30166.4 19780.9 10385.6 3967.86 89818.6 95628.4 91361.4 43273.8 37226
internal_count=3600475 1712552 1437399 1029716 275153 407683 952333 654000 588953 140016 65047 448937 199438 128107 35921 19912 86078 29126 147046 298333 195512 193598 147094 73098 83254 2113 249499 71836 27013 8347 2286 213484 6736 1688 95861 16009 260589 206748 137394 53938 18485 8030 100844 1315 1104 81738 6197 125027 111186 4387 913 84849 1887923 51185 32537 18648 6552 100016 123195 124472 87078 73355
cat_boundaries=0 1 2 3
cat_threshold=33553 33033 33372
is_linear=0
shrinkage=0.05


Tree=126
num_leaves=63
num_cat=3
split_feature=16 30 32 12 12 12 15 21 12 32 44 40 24 24 46 30 12 24 3 37 40 35 29 45 32 46 33 23 27 25 39 3 46 24 11 16 117 40 40 20 94 24 100 11 63 12 100 31 24 29 100 22 21 23 59 46 3 37 17 51 12 101
split_gain=14355.7 1779.45 2219.11 2163.45 379.887 418.473 377.237 493.866 336.55 259.701 1371.77 288.448 456.728 288.106 176.073 193.97 159.611 152.243 149.404 144.921 141.333 138.587 119.125 115.888 132.042 165.309 115.548 105.342 105.198 90.8433 96.3461 192.982 86.6889 81.826 73.7748 67.8278 79.8444 65.6933 65.5203 65.4088 64.9537 64.5107 63.014 62.4886 58.4553 57.3112 57.0343 56.9174 54.6941 51.7693 50.9044 49.8972 53.0339 49.1718 47.3876 46.0067 63.8591 44.458 44.1581 44.1004 43.2998 47.8295
threshold=3.5000000000000004 392.50000000000006 4473.0000000000009 2.1666666269302373 1.8333333134651186 0.5000000149011613 1.3307163715362551 1.0000000180025095e-35 0.5000000149011613 2688.0000000000005 3893.5000000000005 8347.0000000000018 911.50000000000011 1190.5000000000002 4502.5000000000009 2311.5000000000005 1.8333333134651186 911.50000000000011 0 182.50000000000003 3619.5000000000005 5.5000000000000009 104.75000000000001 7417.6667480468759 2435.0000000000005 3755.0000000000005 3914.0000000000005 0.9476255774497987 671.50000000000011 1289.5000000000002 0.96368896961212169 1 5519.0000000000009 1464.5000000000002 2.5000000000000004 1.0000000180025095e-35 349.91667175292974 4334.0000000000009 5383.5000000000009 1.5000000000000002 129008884.00000001 1464.5000000000002 802368608.00000012 3.5000000000000004 45844.572265625007 0.83333334326744091 1435613376.0000002 515.28085327148449 1464.5000000000002 2137.0832519531255 1435613376.0000002 0.18225524574518207 1.0000000180025095e-35 0.7500000298023225 47831.500000000007 8617.5000000000018 2 1.0000000180025095e-35 44.500000000000007 4.5000000000000009 2.1666666269302373 1109472896.0000002
decision_type=2 2 2 2 2 2 2 2 2 2 2 2 2 2 2 2 2 2 9 2 2 2 2 2 2 2 2 2 2 2 2 9 2 2 2 2 2 2 2 2 2 2 2 2 2 2 2 2 2 2 2 2 2 2 2 2 9 2 2 2 2 2
left_child=1 8 3 4 5 17 7 23 22 11 26 12 32 19 33 41 18 42 47 34 49 55 46 24 -6 -26 37 51 -15 30 31 40 -7 -14 59 36 -19 -11 -24 -30 -22 -16 -3 -38 -31 -20 -1 50 -8 54 -10 -18 60 -28 57 -21 -57 -9 -2 -13 -53 -62
right_child=58 2 -4 -5 6 9 48 20 16 10 -12 13 14 28 15 -17 27 35 45 21 29 -23 38 -25 25 -27 53 -29 39 44 -32 -33 -34 -35 -36 -37 43 -39 -40 -41 -42 -43 -44 -45 -46 -47 -48 -49 -50 -51 -52 52 -54 -55 -56 56 -58 -59 -60 -61 61 -63
leaf_value=0 -4.4302459926424862e-07 0 3.1282164606960539e-06 -1.6871023395187017e-05 0 0 -2.9829602167528931e-08 1.1216211401685514e-05 0 0 0 0 0 -3.6945458411152821e-06 0 2.814662526891554e-05 -3.3625222473077089e-08 -1.1059064775054141e-11 0 0 6.3850297390368216e-06 0 0 0 0 0 -4.2687863777146619e-08 -6.9976523655590492e-07 0 4.5454632415004473e-06 -1.7585714777529237e-07 -7.5330927990175481e-07 0 0 0 0 0 0 0 0 -0.00011615663014445427 0 0 0 1.1946104400706315e-05 0 0 -0.00093634314538841861 6.6302343284916515e-06 4.9763418816504831e-06 0 0 -2.2446784836686523e-06 0 1.1192339032668263e-05 0 -0.0019394397814870513 4.2098904064444266e-06 0.80281665604399599 0 0.00041290659426427423 -0.00012948497030108966
leaf_weight=98573.52208699286 577556.09088134766 58911.960986375809 46141.866589307785 38210.409851074219 13671.294891357422 67001.56884431839 4111.6590576171875 476.84034308791161 58936.968192651868 37794.37905421108 24681.462585449219 7751.0074949339032 57408.556859970093 5494.5050029754639 55439.290945470333 2923.6464538574219 204.04217147827148 132.49727630615234 28748.552501678467 847.99275207519531 606.42987555265427 4895.4928970336914 40108.581016629934 4489.6199035644531 2509.8702685832977 3334.110871553421 508.16516780853271 1324.77392578125 4196.195574760437 5426.0793794989586 4334.3574833869934 1066.1186857819557 50527.109828948975 68476.494211912155 5627.1365594789386 77065.1953125 22923.133924657479 554.41331062465906 59729.7998046875 6542.5431394577026 128.08333325386047 40143.582307398319 34301.197235107422 1398.3890016730875 1969.9263597130775 31773.773193359375 33740.397827148438 172.78319764137268 4496.8433837890625 1048.3720998764038 28926.818395778537 1604.7720413208008 1049.1376800537109 358.71971988677979 1004.5079762041569 661.86189842224121 2320.5686893463135 625.41300368309021 544.62747192382812 28858.245971679688 287.45367622375488 1021.7804470062256
leaf_count=110364 1853880 71480 96665 73730 22632 86491 6856 791 69185 61626 46714 12348 78999 10815 84450 5186 300 169 40862 1347 953 7703 47540 8231 4414 6630 823 2116 7895 10508 7357 1740 70070 102539 9279 110843 31830 1071 74827 11377 207 67496 46050 2389 3749 47861 40370 247 8645 1824 36485 2450 1689 697 1529 1008 4092 1030 34359 43018 450 1714
internal_value=0.00636463 0.00951014 0.0108537 0.0115041 0.0121218 0.0124345 0.00788585 0.00989758 0.00672209 0.0132377 0.0102727 0.0137008 0.0142894 0.0107055 0.015612 0.0171958 0.00853409 0.0104835 0.00884353 0.0125533 0.00329015 0.00668554 0.00551965 0.0144901 0.0161567 0.00986299 0.0160846 0.000162587 0.00490381 0.00106749 -0.00343013 0.00628861 0.0117641 0.0143726 0.0137654 0.0118234 0.00952771 0.0164927 0.00682365 0.00778286 0.0257991 0.0175839 0.00902417 0.00973896 0.00479893 0.0107588 0.00453565 0.00752465 -0.00162271 0.0128189 0.00758197 0.00406804 0.00531132 -0.00196079 0.0173368 -0.000436931 -0.00336028 0.0101634 -9.72208e-05 0.0145849 0.00878204 0.00202843
internal_weight=1.7657e+06 1.1876e+06 801397 755255 717045 667745 49299.5 40691 386203 473013 63897.1 409116 341920 67195.5 224392 98506.5 154051 194732 148559 50962.3 16686.1 8725.92 232152 24004.9 19515.3 5843.98 39215.7 5491.96 16233.2 13531 6134.99 1800.63 117529 125885 42236.4 101519 24454 38348.8 99838.4 10738.7 734.513 95582.9 93213.2 24321.5 7396.01 60522.3 132314 88036.6 8608.5 3155.13 87863.8 4167.19 3963.14 866.885 2106.76 3830.42 2982.43 1102.25 578101 36609.3 2914.01 1309.23
internal_count=3599995 1711756 1235296 1138631 1064901 977805 87096 71595 476460 715044 110931 604113 495231 108882 338670 157132 203359 262761 194640 78795 29688 14150 273101 41907 33676 11044 64217 8719 30087 24514 10257 2900 156561 181538 64645 145231 34388 62697 122367 19272 1160 151946 117530 34219 14257 88723 150734 105917 15501 5174 105670 6603 6303 1520 3350 6447 5100 1821 1888239 55366 4614 2164
cat_boundaries=0 1 2 3
cat_threshold=33296 10497 33280
is_linear=0
shrinkage=0.05


Tree=127
num_leaves=63
num_cat=0
split_feature=16 147 24 32 13 14 13 146 48 32 48 13 24 24 25 13 37 147 35 32 80 41 147 32 147 48 24 109 46 32 13 109 24 48 24 26 146 23 63 117 25 25 117 24 147 146 40 39 13 25 147 17 13 147 113 24 48 48 26 48 26 13
split_gain=14235.5 2371.83 2099.59 2146.06 1029.55 611.213 456.245 380.362 494.765 420.527 1425.41 418.374 271.505 257.048 240.044 233.72 213.607 191.717 180.199 137.114 130.001 119.545 109.076 121.131 100.331 99.7009 89.9376 131.638 81.1322 79.7775 76.265 77.1389 99.0279 75.2885 78.5326 73.9259 71.0683 85.4062 70.3053 62.6299 62.3077 57.7015 55.4711 55.3773 54.3648 69.0865 82.5852 71.2714 68.683 55.8168 54.9541 51.2174 49.6652 47.7201 47.3733 77.0672 486.432 75.9189 50.4341 55.0693 49.0272 46.1968
threshold=3.5000000000000004 2.0004616975784306 416.50000000000006 4473.0000000000009 0.91666665673255932 2.5000000000000004 0.41666667163372045 0.83333334326744091 8492.0000000000018 2688.0000000000005 4231.5000000000009 1.4166666865348818 911.50000000000011 771.50000000000011 884.50000000000011 2.0833333730697636 182.50000000000003 2.80012059211731 5.5000000000000009 1205.0000000000002 37780.000000000007 4980.5000000000009 5.3999998569488534 228.50000000000003 3.3000000715255742 5039.5000000000009 1190.5000000000002 387.50000000000006 8617.5000000000018 2959.5000000000005 1.4166666865348818 351.50000000000006 1190.5000000000002 9929.5000000000018 178.50000000000003 2317.5000000000005 2.1666666269302373 1.125000059604645 37418.890625000007 349.91667175292974 73.500000000000014 2321.0000000000005 349.91667175292974 1464.5000000000002 3.6000000238418584 1.5000000000000002 3842.5000000000005 0.86391466856002819 1.0833333134651186 389.50000000000006 3.3000000715255742 1.0000000180025095e-35 1.0833333134651186 4.302898883819581 1.0000000180025095e-35 2645.0000000000005 4231.5000000000009 3742.5000000000005 2558.5000000000005 5039.5000000000009 3940.5000000000005 0.75000000000000011
decision_type=2 2 2 2 2 2 2 2 2 2 2 2 2 2 2 2 2 2 2 2 2 2 2 2 2 2 2 2 2 2 2 2 2 2 2 2 2 2 2 2 2 2 2 2 2 2 2 2 2 2 2 2 2 2 2 2 2 2 2 2 2 2
left_child=1 2 6 5 17 7 33 14 9 12 -11 16 -9 15 25 -13 26 42 -18 44 61 43 23 -19 36 40 -10 -28 54 -24 31 32 -30 34 -1 -23 37 38 -21 -25 -4 -37 -3 -14 45 47 48 49 -47 -6 -49 -7 -52 -26 -16 57 60 -56 -59 -60 -57 -8
right_child=-2 4 3 -5 19 51 20 8 11 10 -12 13 21 -15 28 -17 18 22 -20 24 -22 35 29 39 53 -27 27 -29 30 -31 -32 -33 -34 -35 -36 41 -38 -39 -40 -41 -42 -43 -44 -45 -46 46 -48 50 -50 -51 52 -53 -54 -55 55 56 -58 58 59 -61 -62 -63
leaf_value=0 -2.482697334445263e-07 -1.1138834299373458e-11 0 3.0873084655880236e-06 -1.5994383817385939e-09 -2.7767624033447902e-08 0 0 0 0 0 0 0 4.8108784733713612e-10 0 -5.9674353415362091e-05 0 0 0 4.4582456041212771e-06 0 0 0.0001056425819151996 -1.0506107095409334e-11 -5.911016972781625e-07 0 -0.00045828444796232901 0 0 -0.0010186152156399398 -1.5712755996322158e-08 0 -0.002202005939260412 0 0 0 9.8249807041350429e-05 -1.7715919074681237e-09 1.9858250853127325e-05 0 0 2.195598141566113e-05 0 0 3.6453438045924716e-10 -3.9629087310184539e-07 -1.6368087559077334e-07 -1.5830023625262869e-09 9.8726244511857806e-06 3.5721379794583267e-05 2.9480721752683793e-10 0.00029981637445030367 -0.0010041048673951464 -5.8916820515619867e-07 0 0 -1.2267989957237547e-10 0 0 0 0 0
leaf_weight=84441.883988012793 578031.26116943359 877.76585282385349 2967.3748512268066 37486.442064285278 249.97699539363384 2598.4375 28204.040997222066 71139.168740749359 20854.651444688439 29615.669177532196 20030.725219726562 5101.2688641697168 45750.181362390518 14560.629041671753 10125.146090984344 1555.3428329229355 6183.4050916135311 13000.694062650204 4826.2204666137695 13157.180224865675 57161.639533996582 61529.483794927597 194.99860811233521 95.734030783176422 1493.9243569970131 80389.773071289062 1813.7393178939819 1976.2179937362671 1355.8970856070518 1063.0290479660034 1253.3375229537487 2908.5641435086727 1240.5167996883392 51946.14404296875 65658.158935546875 1787.0299987792969 31247.775299072266 2669.54150390625 6039.2393293082714 42208.860114574432 57372.28173828125 1082.0155334472656 45888.885589599609 56514.028707027435 921.34624499082565 304.80407765507698 17435.167102217674 1227.5230798721313 881.27897271513939 349.64166498184204 161.97857275605202 3548.13232421875 250.48452386260033 1691.9830160140991 56254.567808762193 12556.909787997603 5494.5551482588053 70628.252477362752 1328.6258842758834 1179.5464858300984 1258.1652984619141 24759.382834009826
leaf_count=93756 1888250 1573 5375 77772 338 4468 36635 98000 31798 49448 38399 8085 65296 27573 16123 2783 11703 14952 7950 24858 69570 101217 373 122 2357 112618 3489 3316 2087 1943 2264 4499 2299 63891 77461 3123 63784 4831 11478 55802 71491 1960 53273 87752 1573 449 29410 1694 1348 546 241 6578 367 3745 74885 19361 9889 102699 2060 1934 2000 35242
internal_value=0.00637172 0.00950335 0.0104519 0.0119833 0.00424079 0.0126474 0.00704614 0.0127957 0.0139361 0.0147792 0.0105931 0.00967454 0.015653 0.00411481 0.0115138 0.0122539 0.0129828 0.00751511 0.00719122 -9.22467e-05 0.00963535 0.016757 0.00947357 0.00980475 0.00121096 0.00999526 0.0155697 0.00847995 0.0128043 -0.00508024 0.00743633 0.00997078 0.00370275 0.00563485 0.0050669 0.0184453 0.001728 0.00391438 0.0050798 0.0111021 0.00845861 0.0105931 0.00514621 0.0156937 -0.00346077 -0.00398594 -0.00298751 -0.0122827 0.00977518 0.00245976 -0.0176751 -0.00304476 -0.00186904 -0.00740634 0.0130327 0.0128071 0.00985889 0.013247 0.0143097 0.00733599 0.0148636 0.0114203
internal_weight=1.76588e+06 1.18785e+06 1.00644e+06 694266 181412 656780 312171 650633 344320 287448 49646.4 56871.5 237802 21217.2 306314 6656.61 35654.2 103330 11009.6 78081.8 110125 166663 56563.3 55305.3 56299.6 140729 24644.6 3789.96 165584 1258.03 6758.32 5504.98 2596.41 202046 150100 64398.5 53113.7 21866 19196.4 42304.6 60339.7 2869.05 46766.7 102264 21782.2 20860.9 18621.3 2239.6 1186.08 599.619 1639.99 6146.57 412.463 3185.91 158826 148701 19309.6 129391 73136.4 2508.17 13815.1 52963.4
internal_count=3600156 1711906 1436849 1060294 275057 982522 376555 971476 541892 445195 87847 96697 357348 38441 429584 10868 58256 128038 19653 147019 141447 259348 73192 70876 111053 189484 38603 6805 240100 2316 11149 8885 4386 235108 171217 106300 104951 41167 36336 55924 76866 5083 54846 153048 35966 34393 31207 3186 1797 884 2302 11046 608 6102 228951 212828 31250 181578 106693 3994 21361 71877
is_linear=0
shrinkage=0.05


Tree=128
num_leaves=63
num_cat=5
split_feature=16 147 30 32 13 14 13 28 48 32 48 13 28 147 147 24 109 24 100 3 13 28 29 48 44 28 28 11 13 146 24 24 23 13 48 13 117 100 24 48 11 13 14 37 24 24 117 109 3 28 48 3 147 14 3 13 3 24 24 30 29 48
split_gain=14347.1 2300.22 2234.45 2215.39 951.867 609.512 438.071 336.172 598.786 523.593 2001.06 367.47 304.903 298.417 200.279 196.062 190.91 353.167 174.529 140.45 138.13 120.501 122.993 118.859 111.274 221.546 93.596 85.7946 85.1683 103.266 115.808 83.4216 82.8061 81.6667 145.174 90.5644 74.3368 74.0235 71.4987 96.8973 71.2309 70.2913 70.129 70.1205 68.6191 67.2846 60.7366 59.8892 55.1685 54.6583 104.408 83.0721 51.1717 51.1709 50.6062 55.6112 50.3049 49.4594 49.3131 81.4612 48.0897 45.7697
threshold=3.5000000000000004 2.0004616975784306 392.50000000000006 4473.0000000000009 0.91666665673255932 2.5000000000000004 0.41666667163372045 873.16665649414074 8492.0000000000018 2688.0000000000005 4231.5000000000009 1.4166666865348818 3908.166625976563 0.90000000596046459 2.80012059211731 911.50000000000011 351.50000000000006 1190.5000000000002 618204352.00000012 0 2.0833333730697636 4362.5000000000009 199.25000000000003 3986.0000000000005 4673.5000000000009 2315.0000000000005 2315.0000000000005 3.5000000000000004 2.0833333730697636 0.83333334326744091 1329.5000000000002 178.50000000000003 0.72977015376091015 2.0833333730697636 8492.0000000000018 0.75000000000000011 349.91667175292974 1435613376.0000002 2645.0000000000005 5039.5000000000009 3.5000000000000004 0.75000000000000011 1.5000000000000002 182.50000000000003 1464.5000000000002 1464.5000000000002 349.91667175292974 225.50000000000003 1 2315.0000000000005 5039.5000000000009 2 0.90000000596046459 2.5000000000000004 3 1.2500000000000002 4 1329.5000000000002 1049.5000000000002 273.50000000000006 199.25000000000003 6412.5000000000009
decision_type=2 2 2 2 2 2 2 2 2 2 2 2 2 2 2 2 2 2 2 9 2 2 2 2 2 2 2 2 2 2 2 2 2 2 2 2 2 2 2 2 2 2 2 2 2 2 2 2 9 2 2 9 2 2 9 2 9 2 2 2 2 2
left_child=1 2 6 5 14 7 31 18 9 13 12 16 -11 23 36 20 17 43 52 41 40 22 -16 -9 45 44 -18 -17 29 -29 -31 37 -14 35 -35 56 -3 -1 39 -12 47 58 54 -10 -26 -15 -24 -13 -44 57 -51 -52 -4 -43 55 -6 -20 -25 -8 -60 -38 -33
right_child=-2 4 3 -5 42 -7 19 8 11 10 38 15 32 24 21 27 26 -19 33 -21 -22 -23 46 49 25 -27 -28 28 -30 30 -32 61 -34 34 -36 -37 60 -39 -40 -41 -42 53 48 -45 -46 -47 -48 -49 -50 50 51 -53 -54 -55 -56 -57 -58 -59 59 -61 -62 -63
leaf_value=0 -3.189400631836002e-07 -1.059894394472849e-11 0 2.8748715762583201e-06 -1.7431638799081384e-09 -2.2346271171834465e-08 0 0 0 0 0 6.2642249165634214e-10 -4.0553470592730181e-08 0 0 -1.4898523037487622e-08 0 -0.00042286045308714853 0 0 -0.0012615945084354597 -0.0011797449412507821 -9.9808050713079417e-12 0 0 2.113697435005002e-05 -1.2120962114406689e-05 -2.5695804084513441e-08 0.0062924478350381285 1.14498095759812e-07 1.5583289789122823e-07 0 0 0 -5.2925850747587157e-05 0 0 0 -1.1654590625909122e-10 -8.2689034779020532e-06 -4.7311631948031222e-09 0 -6.0306145675464075e-07 0 0 0 0 1.80458809007078e-09 3.9004237628503249e-06 0 3.6801102779445588e-05 -0.0002001193766981319 0 -3.2256979898281914e-08 -2.9281284562587829e-07 4.088804821340553e-05 0 0 -2.030461042845655e-06 2.0837462138545427e-07 0 0
leaf_weight=89853.473774894606 578012.77386474609 930.21319727599621 47290.040330648422 37369.809236526489 1920.4062047898769 6243.7148895263672 55342.830678120255 69064.844725131989 3954.9940575361252 47678.900270462036 2645.4764785766602 109.25063433125615 1903.3368797302246 39716.321043491364 13905.236466061324 9324.6290144138038 9416.8885807991028 5912.2200698852539 40786.866148173809 30652.677351951599 391.89295027405024 700.26761102676392 93.34986924007535 36645.908409118652 39138.828958034515 2070.9201126098633 606.56120681762695 346.04147684946656 2767.4401616603136 393.650564879179 515.62975051999092 48771.629415482283 1342.5731544494629 1335.6074365749955 2289.6432418823242 66788.1502398476 18790.202677965164 30970.004638671875 20010.53955078125 4820.317497253418 130.80922073498368 25345.775482177734 11312.6626496315 740.32586622238159 29648.826232910156 49650.459898233414 41810.618467658758 570.13176900148392 60027.385934352875 744.51783561706543 125.06318151950836 756.97598969936371 20394.704925537109 244.86904907226562 2993.0624556392431 2014.6634606420994 40000.330101490021 34006.864906311035 335.24282890558243 68.830156326293945 27382.755108594894 46752.95556640625
leaf_count=100051 1888779 1654 57521 76738 2998 11235 66789 92692 6599 76926 4370 189 3188 55940 16040 17674 14872 11543 52253 46159 729 1271 121 51600 60629 3794 1132 600 5717 692 956 61013 2421 2210 4148 96617 20573 37325 38423 8520 214 33153 20496 1270 51309 76821 55623 920 115069 1185 205 1234 26944 341 4363 4309 56591 52081 524 116 33058 62123
internal_value=0.00637862 0.00952242 0.010458 0.0120983 0.00434779 0.0127889 0.00707259 0.012942 0.0137781 0.0143559 0.0107154 0.00753702 0.0165828 0.0153023 0.00749155 0.00145146 0.0118283 0.0071515 0.0113562 0.00961112 0.0207879 0.00949866 0.00975736 0.0136274 0.0167798 0.0182603 0.0167766 -0.000290345 0.00581197 0.0166115 0.0254556 0.00575851 0.00175286 0.012301 0.00488383 0.0124832 0.00508346 0.00488532 -0.000159346 0.00401601 0.0325705 0.00851923 0.000185948 0.0173883 0.0187454 0.0156058 0.0111096 0.0390717 0.00065243 0.0150452 0.00597574 -0.00565759 0.00924553 0.0106903 -0.00461647 -0.000872249 0.0113564 0.0152538 0.00752394 -0.00986559 0.00536548 0.00686288
internal_weight=1.76588e+06 1.18787e+06 1.00599e+06 677650 181881 640280 328338 634036 415151 379971 78401.1 35180.5 50924.8 301570 103613 14549.5 20631 10607.5 218885 111990 1202.08 56509.5 55809.2 141344 160225 70858.6 10023.4 13347.4 4022.76 1255.32 909.28 216348 3245.91 151201 3625.25 147575 47103.2 120823 27476.3 7465.79 810.192 81337.5 78268.2 4695.32 68787.7 89366.8 41904 679.382 71340 72279.3 1626.56 882.039 67684.7 25590.6 6928.13 3935.07 80787.2 70652.8 55746.9 404.073 46173 95524.6
internal_count=3600650 1711871 1436296 1028702 275575 951964 407594 940729 644445 581338 133848 63107 82535 447490 128340 27691 35416 19412 296284 147082 2052 73055 71784 198997 248493 115732 16004 25639 7965 2248 1648 260512 5609 211819 6358 205461 55285 137376 51313 12890 1323 100923 147235 7869 111938 132761 55744 1109 135565 106305 2624 1439 84465 33494 11670 7307 108844 103681 67429 640 53631 123136
cat_boundaries=0 1 2 3 4 5
cat_threshold=33553 32796 1 42188 33033
is_linear=0
shrinkage=0.05


Tree=129
num_leaves=63
num_cat=3
split_feature=12 30 32 8 12 10 17 21 14 13 28 48 32 48 13 20 28 24 100 28 48 109 24 145 24 13 3 40 103 112 104 28 28 3 46 32 20 13 40 48 25 11 13 12 24 39 3 37 23 13 24 24 48 32 11 109 53 12 13 24 87 131
split_gain=13815.8 2063.21 2365.95 736.251 633.425 450.696 424.375 491.742 515.649 357.567 336.258 474.178 420.096 1785.69 370.187 307.883 230.713 189.681 187.561 167.999 175.141 152.397 310.64 131.279 123.366 122.276 122.083 112.831 105.555 101.077 100.317 204.472 91.6444 91.0275 87.2596 152.036 84.8837 81.4986 138.409 80.8437 78.0128 74.0622 77.8029 117.436 100.383 73.0274 201.247 71.1382 69.9832 69.6418 66.8431 66.3965 124.929 65.956 64.7037 68.3706 63.5114 58.1624 72.7809 57.6188 57.4215 73.9335
threshold=1.8333333134651186 392.50000000000006 4473.0000000000009 3.5000000000000004 2.1666666269302373 3.5000000000000004 1.0000000180025095e-35 1.0000000180025095e-35 1.5000000000000002 0.41666667163372045 873.16665649414074 8492.0000000000018 2688.0000000000005 4231.5000000000009 1.4166666865348818 2.5000000000000004 3908.166625976563 911.50000000000011 618204352.00000012 2315.0000000000005 8492.0000000000018 351.50000000000006 1190.5000000000002 3.5000000000000004 87.500000000000014 2.0833333730697636 0 3842.5000000000005 595131072.00000012 883.50000000000011 593026208.00000012 2315.0000000000005 2315.0000000000005 1 3755.0000000000005 4473.0000000000009 3.5000000000000004 2.0833333730697636 8347.0000000000018 6412.5000000000009 1289.5000000000002 3.5000000000000004 2.0833333730697636 0.83333334326744091 1329.5000000000002 0.96368896961212169 2 182.50000000000003 0.72977015376091015 2.0833333730697636 771.50000000000011 2645.0000000000005 5039.5000000000009 1495.5000000000002 3.5000000000000004 225.50000000000003 3023.0000000000005 1.0000000180025095e-35 0.91666665673255932 1464.5000000000002 0.9294915795326234 14.004629611968996
decision_type=2 2 2 2 2 2 2 2 2 2 2 2 2 2 2 2 2 2 2 2 2 2 2 2 2 2 9 2 2 2 2 2 2 9 2 2 2 2 2 2 2 2 2 2 2 2 9 2 2 2 2 2 2 2 2 2 2 2 2 2 2 2
left_child=1 9 3 5 6 10 53 8 -8 24 18 12 15 16 21 30 57 25 -3 20 -10 22 47 26 -1 54 -11 -9 -7 -17 59 -32 -23 -30 35 -21 37 -20 -39 -26 45 -19 43 -43 -45 46 -29 -13 -18 50 -22 52 -15 -2 55 -16 60 58 -14 -12 -6 -62
right_child=4 2 -4 -5 56 28 7 27 19 23 11 14 13 51 17 29 48 41 36 34 49 32 -24 -25 39 -27 -28 40 33 -31 31 -33 -34 -35 -36 -37 -38 38 -40 -41 -42 42 -44 44 -46 -47 -48 -49 -50 -51 -52 -53 -54 -55 -56 -57 -58 -59 -60 -61 61 -63
leaf_value=0 -3.1615408357943411e-08 0 -4.7744168901853186e-06 7.387237836065406e-07 -0.00090428243878349517 4.4443775009757738e-06 -5.7459631777123101e-06 7.2331097827308712e-06 0 0 0 0 0 0 5.951013681837481e-10 0 -3.8525797063648784e-08 -1.4153596883392795e-08 0 0 0 0 -0.00025150531546012104 4.4834536185008096e-07 0 -0.00086030573708484727 0 5.746135357002432e-06 0.00011372290036509268 0 0 1.4007269762090588e-06 -1.1320460019981216e-05 -0.00016279247374258122 0.017154971498821604 -0.0023890624088951508 0 0 -5.3237662209648653e-05 0 1.0157612573377277e-05 -2.4411013876957099e-08 -0.0023804287944032766 9.6724661802216621e-08 1.4958679504588171e-07 -3.6608257394451736e-07 -7.0670834450004001e-07 0 0 -3.248718905879411e-06 0 -1.107186120563597e-10 -2.2512943128283337e-05 1.1262982493415194e-05 -7.6645076007547987e-09 1.7143586883427987e-09 0.0068305423278108958 0 -5.5942606402847872e-07 0 0.00037051056649294316 -0.00051607480684788824
leaf_weight=78806.085619984893 16352.47149848938 79153.038304805756 42025.050325870514 15442.179290771484 83986.601707458496 6830.5014114379883 7714.101318359375 5628.2039794921875 14494.896178305149 88813.930649504066 34118.946843624115 3966.3252130746841 1857.0633726269007 2639.8893814086914 102.45978639274836 105854.10276412964 1899.7637990266085 8342.2686741277575 83594.295056045055 2209.7111246287823 2342.9186230301857 10266.792742729187 6033.792799949646 5776.53076171875 87479.879443943501 403.5310034789145 33398.087538003922 955.12496495246887 280.83810043334961 71086.781457424164 69947.658557891846 2180.2890548706055 671.13348007202148 3315.8448219299316 3874.0709338188171 1370.8468196094036 79637.482238769531 1035.9719727635384 1805.76904296875 95010.989135742188 9059.85604596138 396.60755790024996 2519.1266785860062 411.87046790122986 508.53096032142639 5941.3490381240845 1519.1405320167542 759.82790946960449 1366.9702911376953 1531.1077149510384 1983.4949923753738 19834.527770996094 4840.090446472168 26301.25701713562 132.48422073200345 531.33849254250526 12191.969360351562 47383.795562744141 360.30767264962196 34780.039901733398 258817.59282684326 173484.5099029541
leaf_count=87543 27810 98131 88916 28112 261664 10979 13488 9830 23859 110056 47447 6653 2646 4350 183 144328 3165 15684 119063 3907 3752 16119 11800 12203 104328 774 50191 1502 428 106029 112690 3961 1245 5569 8112 2778 107013 1707 3272 119477 17829 686 5183 711 958 10060 2432 1299 2482 2978 3688 38007 8450 54129 222 842 49199 76323 572 53459 867554 622065
internal_value=0.00638117 0.0096751 0.0112143 0.011902 0.000441423 0.0121441 0.00406373 0.00682444 0.0105176 0.00672414 0.0123026 0.0131402 0.013631 0.0103964 0.007564 0.0144467 0.0157597 0.00101177 0.0108229 0.0136905 0.0160428 0.0115945 0.00736822 0.00888941 0.00566351 0.0202387 0.00923756 0.00114609 0.00182729 0.0130574 0.0161897 0.0174937 0.015751 -0.00510423 0.00726701 0.0128937 0.0117777 0.0128631 0.00453236 0.0063775 -0.00083666 -0.000835444 0.00491362 0.0147593 0.0245575 -0.00430297 0.00291272 0.0169667 0.00288675 0.00874375 0.0119868 1.53893e-05 0.00402968 0.000269151 0.0319636 0.0386016 -0.000252753 0.0166074 0.00868495 0.0148244 -0.000336994 -0.000104562
internal_weight=1.76536e+06 1.1356e+06 746317 704292 629759 688850 101279 58624.8 35521.1 389286 678423 433196 398150 80182.4 35046.1 317968 52867.9 13348.2 245227 27807 20352.4 21697.9 10759.9 127989 261297 1169.81 122212 23103.7 10427.2 176941 141027 72127.9 10937.9 3596.68 7454.63 3580.56 166074 86436 2841.74 182491 17475.5 12178.4 3836.14 1317.01 920.401 8415.61 2474.27 4726.15 3266.73 5857.52 4326.41 27314.5 7479.98 42653.7 766.282 633.798 528481 49601.2 2217.37 68899 516289 432302
internal_count=3599892 1613256 1129458 1040542 1986636 1012430 186154 104215 62562 483798 995454 666268 603909 135995 62359 467914 85188 25243 329186 49074 34277 37116 19752 172450 311348 2021 160247 41653 16976 250357 217557 116651 17364 5997 14797 6685 231055 124042 4979 223805 31823 23222 7538 2355 1669 13994 3934 7952 5647 10418 7440 50807 12800 81939 1247 1025 1800482 79541 3218 100906 1751283 1489619
cat_boundaries=0 1 2 3
cat_threshold=33553 33280 10497
is_linear=0
shrinkage=0.05


Tree=130
num_leaves=63
num_cat=4
split_feature=16 28 32 14 17 16 28 48 32 48 13 13 28 20 100 24 109 24 14 145 14 9 13 24 3 106 16 28 13 40 20 28 48 40 11 107 13 24 31 11 37 23 48 18 24 16 3 24 48 92 13 18 13 40 24 24 107 3 3 36 16 27
split_gain=14518.3 1773.73 2119.76 1885.82 475.609 479.048 405.894 539.757 458.289 1874.96 385.182 341.577 245.605 239.883 206.796 169.635 156.519 297.173 152.478 129.127 307.606 156.253 128.852 116.276 110.097 107.461 102.741 100.085 97.0421 143.361 92.7875 90.5341 133.127 125.364 89.4635 89.0978 77.5258 88.2906 75.202 73.4427 72.2203 71.648 68.1244 63.8408 63.2636 57.398 54.9182 52.4243 117.482 50.7706 66.0447 47.7897 46.3817 87.6261 45.7875 44.674 44.4053 71.2223 68.9702 48.8206 44.0888 44.0245
threshold=3.5000000000000004 380.50000000000006 4473.0000000000009 2.5000000000000004 1.5000000000000002 2.5000000000000004 873.16665649414074 8492.0000000000018 2688.0000000000005 4231.5000000000009 1.4166666865348818 0.41666667163372045 3908.166625976563 2.5000000000000004 618204352.00000012 911.50000000000011 351.50000000000006 1190.5000000000002 2.5000000000000004 2.5000000000000004 1.5000000000000002 1.0000000180025095e-35 2.0833333730697636 87.500000000000014 0 478.50000000000006 1.5000000000000002 2315.0000000000005 2.0833333730697636 8347.0000000000018 3.5000000000000004 2315.0000000000005 4464.5000000000009 4334.0000000000009 3.5000000000000004 101.50000000000001 2.0833333730697636 1329.5000000000002 605.08557128906261 3.5000000000000004 182.50000000000003 0.72977015376091015 6412.5000000000009 1.0000000180025095e-35 1464.5000000000002 1.5000000000000002 1 2645.0000000000005 5039.5000000000009 1.0000000180025095e-35 0.91666665673255932 2.5000000000000004 2.0833333730697636 8347.0000000000018 1464.5000000000002 1464.5000000000002 1.0000000180025095e-35 2 3 1.0000000180025095e-35 1.5000000000000002 421.50000000000006
decision_type=2 2 2 2 2 2 2 2 2 2 2 2 2 2 2 2 2 2 2 2 2 2 2 2 9 2 2 2 2 2 2 2 2 2 2 2 2 2 2 2 2 2 2 2 2 2 9 2 2 2 2 2 2 2 2 2 2 9 9 2 2 2
left_child=1 11 3 4 6 -6 14 8 13 12 16 23 49 19 35 22 17 40 24 31 -21 -22 39 -1 -13 42 -15 -18 30 -30 -16 33 -33 54 -17 38 37 45 -3 61 -9 51 56 -5 -35 -36 -32 48 -11 50 -10 -14 -26 -54 -8 -28 57 -25 -58 -60 -37 -12
right_child=-2 2 -4 43 5 -7 7 10 9 47 15 18 41 26 28 34 27 -19 -20 20 21 -23 -24 25 52 -27 55 -29 29 -31 46 32 -34 44 36 60 -38 -39 -40 -41 -42 -43 -44 -45 -46 -47 -48 -49 -50 -51 -52 -53 53 -55 -56 -57 58 -59 59 -61 -62 -63
leaf_value=0 -5.1160671543799725e-07 -0.0014039363671201621 4.7774214215312589e-06 2.7489347393725907e-06 0 -8.0582112788585297e-05 0 0 0 0 5.6534629755411459e-10 0 -3.6599507213797014e-08 0 0 -1.3445917035337374e-08 0 3.1459095062269517e-05 -3.0448189473585625e-07 0 0 1.3549883437491418e-12 -0.0011905314235487465 0 0 -0.00029719769367082539 0 -1.0754443152971583e-05 0 -4.7617675099731477e-05 0 0 0 0 3.1595373911619265e-08 0 0.0060968468830063906 9.4351770904698007e-08 0.026566687897078691 -4.205766859811831e-09 0 0 0 -2.3681158856092566e-08 0 7.7356255321484652e-08 0 -1.0518268478421078e-10 -2.4831596787733279e-05 0 -5.3145476082150371e-07 4.3219523819415517e-05 2.2788389255068432e-07 -3.8445068638592872e-06 0 0 0 -0.0012443918934653448 0 0 0 1.6286407555909933e-09
leaf_weight=79096.342146008741 578052.43884277344 732.88484835624695 46295.667724609375 29597.236389160156 7681.175537109375 14645.681640625 29787.444992780685 4200.9446666240692 1869.3837783485651 2747.4893417358398 101.71760976687074 61950.383375525475 1883.7148609161377 90715.982332229614 91861.779780678451 10147.797686487436 10387.151564598083 6431.4653720855713 1746.7151489257812 7985.87109375 1373.85498046875 5905.77978515625 459.75048618018627 4925.4800996780396 50277.702414095402 406.61429119110107 42960.199808120728 671.82988357543945 1597.9012823775411 2686.0529632568359 49083.080239892006 2683.203857421875 2390.8234443664551 43804.196588516235 148.373824685812 54644.323589324951 3040.996294260025 764.58204197883606 745.77676391601562 135.64374459907413 774.0917272567749 1459.0099449157715 91672.87613940239 2669.8671875 30307.610328674316 439.07212066650391 36741.744815826416 22049.138549804688 5177.0209121704102 49624.391177579761 359.54302197694778 130.21269416809082 159.8551499247551 860.0325403213501 27780.202758789062 44019.564840316772 61905.144344806671 1966.7768051624298 8549.7203607223928 2651.8696980811656 29253.08878326416 592.53016322851181
leaf_count=87896 1888137 1201 98024 57383 13445 27354 41276 7059 2682 4583 185 75351 3157 123928 131558 19377 16394 12766 2878 12981 2300 10215 875 5648 69418 592 60218 1247 2689 4928 63035 4404 4367 67217 266 65855 6364 1402 1979 223 1329 2645 113445 4595 51826 758 53863 42754 9128 80693 579 213 262 1551 42098 67625 69380 3406 10168 3935 38084 956
internal_value=0.00637408 0.009537 0.010827 0.0114476 0.0119616 0.00477391 0.0121842 0.0130956 0.0136197 0.0103527 0.00741542 0.00664272 0.0158089 0.0144649 0.0106389 0.00144136 0.0116247 0.00751398 0.00889976 0.0159232 0.0115597 0.00412447 0.0188174 0.00560935 0.0091259 0.00633877 0.0132172 0.0158637 0.0115915 0.00415285 0.0117708 0.0164102 0.00985242 0.0166629 -9.99858e-05 0.00860836 0.00586004 0.0158196 -0.00355497 0.0305754 0.0166894 0.00293423 0.00639962 -0.000385577 0.0180231 0.0303893 0.0105882 0.000281157 0.00376915 0.0166711 0.00928059 -0.00317641 0.0108428 0.000283602 0.0149115 0.0144454 0.00533309 0.00149541 0.00569481 0.0093091 0.00882282 0.0371464
internal_weight=1.76577e+06 1.18772e+06 821547 775251 742984 22326.9 720657 453311 415015 85299.9 38295.9 366170 55326.3 329715 267347 15830.5 22465.5 11406.5 114995 152019 15265.5 7279.63 1289.64 251175 113248 172078 177696 11059 181971 4283.95 177687 136753 5074.03 131679 14540.8 85376.1 4393.02 1352.03 1478.66 829.892 4975.04 3472.94 171672 32267.1 74111.8 587.446 85824.8 29973.6 7924.51 51853.3 2228.93 2013.93 51297.6 1019.89 57567.6 86979.8 79999 6892.26 73106.7 11201.6 83897.4 694.248
internal_count=3600150 1712013 1268083 1170059 1108081 40799 1067282 704090 634889 146434 69201 443930 89969 488455 363192 30406 38795 21154 149460 236684 25496 12515 2239 294470 146582 206574 251771 17641 256073 7617 248456 211188 8771 202417 28167 107119 8790 2426 3180 1364 8388 6015 205982 61978 119043 1024 116898 56465 13711 83954 3261 3370 71231 1813 83374 127843 92537 9054 83483 14103 103939 1141
cat_boundaries=0 1 2 3 4
cat_threshold=37392 33037 8724 33561
is_linear=0
shrinkage=0.05


Tree=131
num_leaves=63
num_cat=3
split_feature=12 30 32 15 12 15 21 12 12 48 24 24 32 48 28 28 44 28 15 48 24 3 37 35 24 28 109 104 41 3 39 3 91 24 24 48 46 32 46 111 100 70 86 48 24 32 100 47 48 145 20 15 117 93 12 37 69 37 118 24 28 85
split_gain=13590.3 2031.72 2410.03 1800.41 647.828 754.651 638.861 388.461 309.505 272.044 390.979 279.147 462.464 1541.81 232.859 193.735 179.53 292.613 177.719 163.047 151.069 145.576 136.039 135.09 122.851 116.388 83.7112 82.5976 81.8447 81.0293 79.4363 245.099 79.2036 76.6012 75.6584 98.682 74.2601 178.139 72.3667 67.7633 66.9523 66.5494 74.5066 66.4921 65.1378 64.3298 62.9693 61.5552 58.6408 58.5188 57.1809 56.0278 70.5211 71.8961 55.0428 54.5228 54.3555 59.2346 72.1092 52.1214 52.0795 51.3475
threshold=1.8333333134651186 392.50000000000006 4473.0000000000009 1.6663331389427187 2.1666666269302373 1.3307163715362551 1.0000000180025095e-35 0.5000000149011613 0.5000000149011613 8492.0000000000018 1190.5000000000002 911.50000000000011 2688.0000000000005 4231.5000000000009 3908.166625976563 2315.0000000000005 4673.5000000000009 2315.0000000000005 1.6663331389427187 8492.0000000000018 911.50000000000011 0 182.50000000000003 5.5000000000000009 178.50000000000003 1277.666687011719 351.50000000000006 739233088.00000012 8541.5000000000018 1 0.96368896961212169 2 118011.66796875001 1464.5000000000002 2645.0000000000005 5039.5000000000009 3755.0000000000005 4473.0000000000009 15755.000000000002 324.41667175292974 1435613376.0000002 1.3843718171119692 1.7303703427314761 5039.5000000000009 1617.5000000000002 1817.0000000000002 763662976.00000012 1410.0813598632815 5039.5000000000009 1.5000000000000002 1.5000000000000002 1.0000000180025095e-35 349.91667175292974 557999.34375000012 0.83333334326744091 1126.0000000000002 82505.000000000015 342.50000000000006 1190.5000000000002 178.50000000000003 2315.0000000000005 15220.000000000002
decision_type=2 2 2 2 2 2 2 2 2 2 2 2 2 2 2 2 2 2 2 2 2 9 2 2 2 2 2 2 2 9 2 9 2 2 2 2 2 2 2 2 2 2 2 2 2 2 2 2 2 2 2 2 2 2 2 2 2 2 2 2 2 2
left_child=1 8 3 7 5 6 15 20 24 11 22 27 16 14 -14 19 33 44 21 -2 46 55 32 28 40 30 -12 -9 -24 -30 31 -8 -11 -13 35 -15 37 -17 -20 -21 -1 47 -43 -19 -18 -7 -3 56 -26 -16 -28 52 -22 -54 -23 59 57 -6 -59 -10 -52 -58
right_child=4 2 -4 -5 41 45 25 9 18 10 26 12 13 34 49 36 17 43 38 39 51 54 23 -25 48 -27 50 -29 29 -31 -32 -33 -34 -35 -36 -37 -38 -39 -40 -41 -42 42 -44 -45 -46 -47 -48 -49 -50 -51 60 -53 53 -55 -56 -57 61 58 -60 -61 -62 -63
leaf_value=0 0 0 -1.3959359686233075e-05 6.0158269613030946e-07 -0.00016002981649024947 -3.2520804837954389e-08 5.4601511254425335e-06 0 0 0 -0.00040557205845153104 0 0 0 -3.4769531853662276e-08 0 0 0.00015014055437796199 6.3949205008474156e-07 0 -9.4817598217389338e-12 0 0 0 0 9.5433040933796496e-06 0 0 0 -0.0018424677924126942 -3.0748269888373398e-07 -6.9983519352731203e-07 0 0 -1.060575405276154e-10 5.5818022523236129e-06 0.014992318588296161 -0.0026398987212947981 -0.000156496291592504 0 0 -0.00081120257301884853 -0.017084465357875753 -2.8794132563750554e-05 0 1.8450475670674197e-05 0 0.0081690574312728078 0 0 0 0 0 -5.4488273940611622e-07 0 -0.00074363541516538902 -0.0013734909083519336 0.00010095005306816064 0.0066082653685648257 0 -1.0033243884910448e-05 0.0048826132885597014
leaf_weight=98978.337694935733 14487.413533478975 55472.119280576706 41948.867017030716 36446.236083984375 302016.55065917969 26717.212309837341 951.77654072642326 65195.417455434799 49623.609256103635 28554.755641404539 6502.7706317901611 61056.930584669113 36512.566617250443 2076.88427734375 1423.6248779296875 2240.7763226926327 62274.313335418701 107.77081298828125 7907.5318908691406 2925.4376772195101 131.61924362182617 28856.830673217773 748.79119873046875 4902.8576278686523 33016.33749973774 11667.364665776491 4746.4298496246338 52810.814365386963 668.72532558441162 2342.8396997451782 5174.9306859970093 1496.2305977344513 13787.141491468996 71456.316173791885 16491.309204101562 3735.5334167480469 3794.3611900806427 1390.2252045869827 954.21780395507812 2908.2770387381315 34201.788818359375 6619.3016967773438 1761.27392578125 2354.367317199707 26826.303428649902 27310.373139381409 38018.031188964844 12138.408599853516 66102.157958984375 1059.0130615234375 6022.5607867240906 77078.1953125 23561.417387962341 606.30852222442627 31857.555419921875 150.08343887329102 91578.566604614258 66715.292373657227 37334.271728515625 38351.352669402957 898.34245729446411 10216.084350585938
leaf_count=109322 23840 67070 88765 62360 903313 45689 1479 84103 58028 43569 13055 84365 59491 3456 2388 3951 95828 182 14714 5013 172 41026 1198 7714 39453 22330 9103 73051 1025 4112 8596 2367 21263 107428 31752 6646 8002 2771 1723 5357 40487 16359 4408 4160 46291 56640 50723 49707 83733 1923 10406 110852 33097 927 47871 211 338412 224337 188750 47758 1736 75415
internal_value=0.00637813 0.00964403 0.0111732 0.0118671 0.000484863 0.00415257 0.00878309 0.012458 0.00671962 0.0132327 0.0103353 0.0137296 0.0145755 0.0107267 0.0167238 0.0136417 0.0156283 0.0173314 0.00842923 0.0161675 0.0105794 0.0088388 0.0125789 0.00686838 0.00555898 0.00179414 0.00403675 0.0116838 -0.000259837 -0.00393974 -0.00301018 0.00440903 0.013747 0.0144515 0.000241269 0.00514644 0.00672826 0.0118395 0.00154955 0.00910675 0.00456687 -0.000216661 -0.00463666 0.000325626 0.0178012 0.000121067 0.00912933 -0.000145412 0.00689193 0.0019036 0.00657034 0.0119165 0.00982152 0.0100206 0.0107256 0.00753666 -0.000229525 2.94538e-05 0.00105832 0.00758897 0.0094692 -0.00126265
internal_weight=1.76526e+06 1.13582e+06 745819 703870 629444 101064 47036.8 667424 390000 472556 69175.2 403381 285375 61298.9 38995.2 27746.5 224076 91562.8 157701 20321.1 194868 148839 51005.1 8663.21 232299 19290.3 18170.1 118006 3760.36 3011.57 7622.94 2448.01 42341.9 132513 22303.7 5812.42 7425.36 3631 8861.75 5833.71 133180 528380 8380.58 2462.14 89100.6 54027.6 93490.2 519999 99118.5 2482.64 11667.3 101378 24299.3 24167.7 60714.4 88125 507861 406066 104050 87975 6920.9 101795
internal_count=3599273 1612537 1128211 1039446 1986736 186035 83706 977086 484326 714245 113181 601064 443910 105656 63802 48934 338254 146461 211331 34210 262841 194894 78881 14049 272995 34772 34300 157154 6335 5137 12442 3846 64832 191793 41854 10102 14724 6722 16437 10370 149809 1800701 20767 4342 142119 102329 117793 1779934 123186 4311 21245 145048 34196 34024 88897 105997 1730227 1316400 413087 105786 12142 413827
cat_boundaries=0 1 2 3
cat_threshold=33296 33280 10497
is_linear=0
shrinkage=0.05


Tree=132
num_leaves=63
num_cat=0
split_feature=16 147 28 28 12 14 28 48 28 48 46 12 24 48 24 24 147 24 24 24 28 109 48 24 63 117 28 147 11 79 24 12 24 48 29 20 28 16 48 37 37 19 20 17 104 24 95 12 12 41 31 75 38 88 24 90 12 14 35 83 23 24
split_gain=14255 2310.83 2136.09 2117.98 819.738 633.992 398.6 600.759 449.61 2137.36 324.323 321.479 229.171 203.83 177.775 167.963 139.041 136.427 134.407 128.583 123.945 105.086 98.3642 88.6838 82.1378 81.2997 72.9904 68.2438 67.3999 67.2845 66.3512 65.9984 65.3658 196.412 64.9507 61.7448 61.3349 60.0062 57.9979 56.2983 55.5771 53.8398 53.2915 46.9924 46.7679 48.106 43.9898 43.2325 44.3024 41.6281 41.2447 41.2091 41.1982 40.0703 43.5872 40.2726 48.8392 39.4092 39.401 39.0351 37.2764 37.2567
threshold=3.5000000000000004 2.0004616975784306 380.50000000000006 3908.166625976563 1.5000000000000002 2.5000000000000004 873.16665649414074 8492.0000000000018 2315.0000000000005 4231.5000000000009 4502.5000000000009 0.83333334326744091 2645.0000000000005 5039.5000000000009 1190.5000000000002 4487.5000000000009 1.2500000000000002 1464.5000000000002 178.50000000000003 178.50000000000003 4362.5000000000009 351.50000000000006 9929.5000000000018 911.50000000000011 25426.673828125004 349.91667175292974 1419.8333129882815 2.80012059211731 3.5000000000000004 2216.767944335938 1464.5000000000002 0.83333334326744091 2645.0000000000005 5039.5000000000009 1033.916687011719 2.5000000000000004 2315.0000000000005 1.5000000000000002 3986.0000000000005 -1933.4999999999998 106.50000000000001 3.5000000000000004 2.5000000000000004 1.0000000180025095e-35 776788576.00000012 535.50000000000011 7777885.0000000009 2.1666666269302373 1.8333333134651186 3512.0000000000005 1182.428894042969 17913.500000000004 1.3073385357856753 5661513.7500000009 11879.000000000002 3690190.0000000005 2.1666666269302373 2.5000000000000004 3.5000000000000004 7.5000000000000009 0.42857141792774206 1961.0000000000002
decision_type=2 2 2 2 2 2 2 2 2 2 2 2 2 2 2 2 2 2 2 2 2 2 2 2 2 2 2 2 2 2 2 2 2 2 2 2 2 2 2 2 2 2 2 2 2 2 2 2 2 2 2 2 2 2 2 2 2 2 2 2 2 2
left_child=1 2 11 5 18 6 13 8 10 15 16 19 17 31 34 39 30 42 -3 22 25 -16 -1 44 -25 -20 38 -27 -29 57 -8 -4 33 -11 40 -23 -37 -15 41 52 -9 -6 -12 -7 45 -21 -14 48 -28 61 -19 -24 -10 55 -55 -2 -57 -13 -46 -26 -58 -50
right_child=53 4 3 -5 26 43 7 14 9 32 12 29 46 37 21 -17 -18 50 20 23 -22 35 51 24 59 27 47 28 -30 -31 -32 -33 -34 -35 -36 36 -38 -39 -40 -41 -42 -43 -44 -45 58 -47 -48 -49 49 -51 -52 -53 -54 54 -56 56 60 -59 -60 -61 -62 -63
leaf_value=0 -8.0038497147559169e-08 0 0 0 -9.3447360960396973e-12 -2.0871060668614663e-08 0 0 0 0 0 0 0.06933813161364924 0 -0.00026774283998403541 0.00079355089681806996 0 0 -9.0076723857634998e-12 0 -0.0011384463881354168 0 0 0.0001754578199340995 -0.00049059828861137695 0 -8.5925155879351678e-12 0 0 0 0 0 -9.9923547214331171e-11 -6.5850743743667864e-05 0 0 -9.7150526670919394e-06 0 -1.8437304535323663e-07 0 0 6.8869127524771419e-06 0 0.00013771695975078914 0 0 -0.00082476749070179974 0.00020172852290940859 8.608127839466758e-06 2.7942358424037918e-05 -0.0011106573065324478 0 -0.0018725916323869629 0.0087768982815138227 0.11572800235036081 0.00029410381963478857 -0.0093279439164549293 -2.5614293130971081e-09 0 6.8285944934098905e-05 -0.0031573695389095048 1.8128456182473723e-05
leaf_weight=93471.110418763477 551638.98555183411 31327.608728647232 57206.906185150146 38065.03006362915 1387.7717766165733 2670.7296905517578 67602.741405852139 6402.3053066730499 718.67773389816284 3591.879499912262 42130.47069978714 25683.295860290527 160.33891159296036 64877.774169921875 7595.5405040681362 1457.8351445198059 45845.516883134842 48684.394401550293 159.3182472884655 42253.693093299866 1199.9306774139404 8835.1977070271969 15272.351903688163 441.15807867050171 456.42283391952515 26272.797198086977 3472.7131023406982 45839.42205501534 2279.9157314207405 36623.429061889648 61736.460838191211 24937.169738769531 18048.015763759613 6673.6493225097656 5083.9706721901894 4484.7442603111267 610.54866027832031 88369.91357421875 28167.076904296875 50150.965091228485 2232.4369673728943 1476.7686305642128 31464.206272125244 3551.65576171875 27708.751690864563 3165.2733459472656 1999.2498223185539 25427.143951416016 934.37095069885254 9607.5857036113739 67.520638942718506 30021.539942014962 80.185715198516846 7303.8885860443115 1472.0201721191406 391.35384368896484 5235.3315596282482 229.14524841308594 35436.723510742188 65.793492317199707 11469.538885623217 3733.1473495960236
leaf_count=104124 1704333 35060 70974 77082 2145 4563 89943 10593 1145 5994 65197 36760 698 87334 15452 3030 70004 81703 204 49223 2616 16809 19721 907 624 30554 6656 61806 3815 46409 89622 33249 34761 11899 8362 7508 1145 130109 48949 80611 3696 2280 45083 6555 36092 4523 4216 53000 1502 19163 102 34770 106 55905 39299 650 17051 361 44946 131 70542 7244
internal_value=0.00639907 0.00953278 0.010469 0.0120094 0.00433635 0.0126734 0.0128253 0.0137564 0.014335 0.0110225 0.0152271 0.00702324 0.0171785 0.0111811 0.00751089 0.0170026 0.0138402 0.0174635 0.00713529 0.00621617 0.00827457 0.00467547 0.00520513 0.00749703 -0.00760087 0.0085312 0.000297433 0.00860773 0.00972701 0.0102275 0.0130012 0.00917105 -4.65412e-05 0.00313865 0.0119593 0.00725501 0.0116389 0.0122584 -0.00155215 0.0174814 0.0145998 0.00522499 0.0161038 -0.00320997 0.00763108 0.00640682 0.00102979 0.00162692 0.00352072 0.0047529 0.0195158 0.00711766 0.00430114 -4.43049e-05 0.0033084 -9.60508e-05 -0.00248601 0.012178 0.00851153 -0.0210137 -0.00289548 0.00862704
internal_weight=1.76496e+06 1.18745e+06 1.00616e+06 695336 181286 657271 651049 415657 380412 80721.2 299691 310829 124506 235392 35244.7 52407.7 175185 122347 107079 248293 75751.4 21526 138765 109528 963.374 74551.5 74206.6 74392.1 48119.3 62535.9 129339 82144.1 28313.5 10265.5 13718.7 13930.5 5095.29 153248 31031.6 50949.8 8634.74 2864.54 73594.7 6222.39 108564 45419 2159.59 43175 17747.8 14275.1 48751.9 45293.9 798.863 577511 8775.91 568735 17096.2 25912.4 63145.5 522.216 16704.9 4667.52
internal_count=3598910 1711130 1436136 1057545 274994 980463 969345 647679 584114 137546 446568 378591 196999 321666 63565 84892 249569 192085 134055 295061 98995 40914 158615 136446 1662 96379 140939 96175 65621 83530 179565 104223 52654 17893 22651 25462 8653 217443 53374 81862 14289 4425 110280 11118 134784 53746 4914 87565 34565 27909 81805 54491 1251 1887780 95204 1792576 88243 37121 81038 755 87593 8746
is_linear=0
shrinkage=0.05


Tree=133
num_leaves=63
num_cat=3
split_feature=16 147 30 32 12 14 12 147 48 32 48 32 30 28 35 147 28 28 3 95 132 37 100 28 35 28 48 48 46 25 3 31 100 48 11 71 28 48 48 32 28 28 11 100 41 117 20 28 48 48 41 12 69 3 19 36 37 45 25 28 88 35
split_gain=14498.5 2107.03 2193.98 2215.38 717.958 630.106 375.05 329.855 442.193 336.425 1449.3 258.054 252.803 189.831 160.318 153.959 152.18 141.118 136.17 128.54 151.797 127.84 111.009 108.235 108.081 102.965 162.249 132.198 101.215 93.6901 90.7237 87.2249 77.7866 75.0802 75.0017 74.9588 81.899 69.7035 68.5083 68.4609 62.7443 61.357 58.8957 57.5434 56.3294 56.176 53.5904 66.445 292.959 52.9719 52.3965 50.4026 54.5324 49.3932 45.0623 43.8418 74.3338 43.8012 43.313 42.7961 41.3629 41.1798
threshold=3.5000000000000004 2.0004616975784306 392.50000000000006 4473.0000000000009 1.8333333134651186 2.5000000000000004 0.83333334326744091 0.90000000596046459 8492.0000000000018 2688.0000000000005 4231.5000000000009 1205.0000000000002 1024.0000000000002 873.16665649414074 3.5000000000000004 2.80012059211731 3908.166625976563 4362.5000000000009 0 1.0000000180025095e-35 0.29573160409927374 182.50000000000003 654936352.00000012 3908.166625976563 5.5000000000000009 2315.0000000000005 4464.5000000000009 5039.5000000000009 3288.5000000000005 1289.5000000000002 1 605.08557128906261 727686944.00000012 9929.5000000000018 2.5000000000000004 1.4199788570404055 380.50000000000006 4231.5000000000009 8492.0000000000018 228.50000000000003 1419.8333129882815 1419.8333129882815 3.5000000000000004 802368608.00000012 8541.5000000000018 349.91667175292974 2.5000000000000004 2315.0000000000005 4231.5000000000009 6412.5000000000009 4458.5000000000009 2.1666666269302373 -94713.999999999985 2 3.5000000000000004 5.5000000000000009 1126.0000000000002 8014.7500000000009 11584.000000000002 2315.0000000000005 1.0000000180025095e-35 1.5000000000000002
decision_type=2 2 2 2 2 2 2 2 2 2 2 2 2 2 2 2 2 2 9 2 2 2 2 2 2 2 2 2 2 2 9 2 2 2 2 2 2 2 2 2 2 2 2 2 2 2 2 2 2 2 2 2 2 9 2 2 2 2 2 2 2 2
left_child=1 2 6 5 14 7 18 13 9 11 23 43 21 22 28 40 38 39 33 20 31 34 -4 -11 44 27 -27 -13 -3 37 -8 35 55 -1 -10 57 49 54 46 -17 -16 -30 45 -9 -23 -41 47 50 -49 -37 -15 52 -31 -34 -6 56 -21 -20 -5 -40 -7 -2
right_child=61 4 3 58 29 60 30 8 12 10 -12 25 -14 16 15 17 -18 -19 19 32 -22 24 -24 -25 -26 26 -28 -29 41 51 -32 -33 53 -35 -36 36 -38 -39 59 42 -42 -43 -44 -45 -46 -47 -48 48 -50 -51 -52 -53 -54 -55 -56 -57 -58 -59 -60 -61 -62 -63
leaf_value=0 0.022738131229335212 -8.1628925840959713e-12 0 -3.1038107188741117e-06 -6.8949455719139596e-07 -1.797791484570155e-08 0 0 0 0 0 0 0 0 0 0 0 -0.0010815240687286453 -0.0014636781311978461 0 0.025238353502224753 0 0 0 0 0 -2.4721820079355983e-11 0 9.2190050315910099e-09 8.8194992438327468e-06 0 0.03278646237297507 0 0 0 6.2219594673268427e-05 -0.00068983632871642006 -5.2165287889838207e-07 0 -8.5572882113638112e-12 -8.1196938062078058e-12 0.024394546289553645 0 0 -0.0017503444027920591 0 0 0 0 0 0 0.00038515565731764506 8.1775432890041605e-06 0 6.5984908272365851e-06 0 -0.00074006677798136309 0 0.030065998195958989 -3.1040709651097842e-05 0.00010228985751790899 -3.8137636840268243e-07
leaf_weight=103235.83239746094 1933.1342926025391 244.81090879440308 52341.537349037826 35850.826383113861 1064.0717938542366 2663.4486568421125 35354.9638671875 50655.671985626221 22530.15074590221 27327.781854152679 18986.871734619141 75048.360691236332 18773.808738768101 29082.863414213061 47096.665711641312 13261.320481486619 1708.8896145299077 1242.3439986109734 3358.9283508155495 33546.356188941747 1007.4433577060699 620.98570251464844 75766.844360351562 1952.7184448242188 3929.3489456176758 3720.2829776536673 2714.18798828125 56114.258920431137 805.02157974243164 581.83111572265625 32676.664741516113 607.15626907348633 46050.29834318161 43591.411010742188 3586.2258197329938 145.86667950451374 103.31666946411133 21753.135955810547 10288.506976678967 92.479840883985162 3132.8068156242371 303.00737857818604 2291.0967994052917 34936.380149841309 2659.7128753662109 45800.365575980395 109867.68473148346 6363.5392150878906 3834.5180969238281 243.31666629016399 20630.743978500366 27257.129028320312 15049.642793655396 24036.950855731964 1412.7523009181023 2216.955870937556 801.77699422836304 1274.8544232845306 1493.5135192871094 666.03640937805176 3560.3763095885515 574774.1611328125
leaf_count=114500 9642 437 63956 71693 1644 4601 43946 68606 34655 45960 36609 112176 35637 40908 54598 15357 2820 2667 6111 38864 2757 1046 101986 3510 6470 6029 4851 92935 1395 1128 49224 2317 56374 51453 5970 166 141 37939 16942 120 5903 656 3882 50731 4806 61721 154123 10032 6910 306 32065 56492 29033 33864 2219 3397 1381 2721 4998 1279 6566 1875146
internal_value=0.00643268 0.00959185 0.0104863 0.0121115 0.00463157 0.0128018 0.00713109 0.0129572 0.0140746 0.0148844 0.0110987 0.0157031 0.0098549 0.011793 0.00704241 0.00683728 0.0128291 0.00849005 0.00626685 0.00756945 0.000873093 0.0124691 0.0103175 0.0180755 0.00657334 0.0170442 0.0108653 0.0173473 0.0241512 0.000526987 0.0104366 -0.00227179 0.00799334 0.00525994 0.0140964 -0.00439537 0.0141379 -0.00195825 0.0129695 0.00882743 0.00477442 0.0305779 0.00970317 0.0135469 -0.000124985 0.0100938 0.0132169 0.0144208 0.0107415 0.0246461 0.0151753 0.00193115 0.00419458 0.00896886 0.00598788 0.00612324 0.00568297 -0.00636757 0.000273459 0.0091348 -0.00302897 -7.13706e-05
internal_weight=1.76402e+06 1.18732e+06 1.00593e+06 677676 181388 640332 328252 634108 323557 271457 48267.4 223189 52100.2 310551 114270 112917 182443 62687.6 260220 113393 6740.88 33326.4 128108 29280.5 7210.05 137597 6434.47 131163 1352.84 67118.6 68031.6 5733.44 106652 146827 26116.4 5126.28 492.5 24230 180734 61445.3 50229.5 1108.03 48183.9 85592.1 3280.7 45892.8 169779 59911.7 10198.1 389.183 49713.6 42888.6 15631.5 70087.2 2476.82 36565.1 34348.1 4633.78 37344.3 10954.5 6223.82 576707
internal_count=3596371 1711583 1436392 1028870 275191 952179 407522 941012 509991 421407 86079 335328 88584 431021 146736 144248 265079 83747 314352 148399 14519 52947 165942 49470 12322 215991 10880 205111 2488 128455 93170 11762 133880 165953 40625 9445 613 41802 262259 81080 60501 2051 65723 119337 5852 61841 244038 89915 16942 472 72973 86653 30161 90238 3863 43642 40245 8832 76691 18221 11167 1884788
cat_boundaries=0 1 2 3
cat_threshold=528 33296 33025
is_linear=0
shrinkage=0.05


Tree=134
num_leaves=63
num_cat=5
split_feature=16 146 28 32 14 13 30 48 32 48 13 28 12 104 109 13 40 14 3 33 37 145 14 9 106 75 28 146 48 41 28 23 107 31 12 35 78 146 13 13 12 21 3 21 28 48 3 16 13 113 38 3 32 25 26 64 21 19 9 3 107 69
split_gain=14556.5 1752.33 2208.25 2226.17 671.169 429.227 376.378 625.847 498.825 2001.57 403.844 236.607 227.315 217.565 176.346 138.904 148.568 138.603 122.205 114.482 159.234 113.503 396.647 190.757 105.849 99.4025 97.1136 87.4018 85.3152 82.0247 187.508 80.1968 77.3133 84.1718 70.4474 68.6837 62.8169 53.7786 70.2973 52.4828 52.2435 170.878 54.2756 52.0686 51.7503 80.846 77.5045 49.9997 123.032 49.6639 49.2382 78.2418 46.1922 45.6842 45.076 43.6469 43.0697 74.0092 48.3191 42.7888 78.54 86.5126
threshold=3.5000000000000004 2.1666666269302373 380.50000000000006 4473.0000000000009 2.5000000000000004 0.41666667163372045 886.50000000000011 8492.0000000000018 2688.0000000000005 4231.5000000000009 1.4166666865348818 3908.166625976563 0.83333334326744091 739233088.00000012 351.50000000000006 2.0833333730697636 8347.0000000000018 2.5000000000000004 0 1139.5000000000002 182.50000000000003 2.5000000000000004 1.5000000000000002 1.0000000180025095e-35 478.50000000000006 14267.500000000002 2315.0000000000005 0.83333334326744091 3986.0000000000005 4980.5000000000009 2315.0000000000005 0.63157895207405101 101.50000000000001 605.08557128906261 0.5000000149011613 2.5000000000000004 1.0000000180025095e-35 1.0000000180025095e-35 0.91666665673255932 0.75000000000000011 1.8333333134651186 1.0000000180025095e-35 1 -1.0000000180025095e-35 2315.0000000000005 5039.5000000000009 2 1.0000000180025095e-35 0.91666665673255932 1334.5000000000002 0.95252400636672985 3 1650.0000000000002 158.50000000000003 287.50000000000006 148062.00000000003 2.5000000000000004 2.5000000000000004 1.5000000000000002 4 1.0000000180025095e-35 -15889.499999999998
decision_type=2 2 2 2 2 2 2 2 2 2 2 2 2 2 2 2 2 2 9 2 2 2 2 2 2 2 2 2 2 2 2 2 2 2 2 2 2 2 2 2 2 2 9 2 2 2 9 2 2 2 2 9 2 2 2 2 2 2 2 9 2 2
left_child=1 2 5 4 6 24 13 8 12 11 14 37 28 27 19 34 -17 18 39 20 -9 29 -23 -24 25 36 -16 32 -8 -14 52 -13 33 -4 -15 -34 -1 38 -10 -7 42 -42 -36 -6 47 -46 -47 48 -30 -27 51 -43 -31 -37 -25 -35 -41 58 -58 60 61 -38
right_child=-2 -3 3 -5 43 17 7 10 9 -11 -12 31 21 15 26 16 -18 -19 -20 -21 -22 22 23 54 -26 49 -28 -29 44 30 -32 -33 35 55 40 53 59 -39 -40 56 41 50 -44 -45 45 46 -48 -49 -50 -51 -52 -53 -54 -55 -56 -57 57 -59 -60 -61 -62 -63
leaf_value=-0.0011980217457892351 -3.7121565412678529e-07 -2.2023904652185142e-05 -0.001333739548764157 3.419911522661856e-06 -1.892861188901307e-08 0 0 0 0 0 1.025215386156951e-09 -3.3031055257648491e-08 0 0 0 0 -4.487459868018906e-05 -1.4434726025580602e-08 0 0 0 0 0 8.7586856767352127e-09 -0.00018462398799682367 0 -8.3370194693288556e-06 0 0 0 2.4577683795751591e-05 0 0 -0.007163117887668824 0 7.0368740562332108e-05 0.086003910731259819 0 -5.0488202277820806e-07 0 0 -2.8603834210377552e-07 0 1.7792512280577437e-06 0 4.0716329877059575e-05 -0.00020489114906246941 0 -2.1711778713012736e-07 0 -2.2358214619286453e-07 5.2594793702702091e-06 0 0 8.7589892561190652e-09 0.028119113459297507 0 0 8.7577020191353948e-09 0 0 -0.0015404090006663985
leaf_weight=998.06037549907342 578163.19720458984 45016.182739257812 803.02284979820251 41581.82010602951 2692.3494873046875 57669.225086823106 75351.987138032913 4062.6782757639885 1850.7868338823318 30217.977294921875 15993.187550127506 1887.6193097233772 92025.104072570801 42022.420045942068 9733.0187771320343 1461.55361738801 3048.0992584228516 691.94046020507812 29465.096958965063 3892.5271368026733 3118.0174288749695 16139.59765625 2097.820068359375 118.28601402044296 428.9591646194458 104138.91331851482 681.09374141693115 38778.360107421875 8123.9312967285514 34258.40406036377 1699.2785263061523 1656.7657203674316 1483.2231209278107 96.253085784614086 47687.520678877831 121.722875893116 274.52234601974487 49598.778564453125 356.55447298288345 24213.10860311985 3271.7606201171875 428.60798311233521 49579.442227005959 5935.2633972167969 761.04488754272461 117.16945711523294 723.99914105981588 59835.460433959961 1420.0734945312142 42750.904164791107 1529.2238321304321 356.08365106582642 23066.423667907715 90242.942301213741 7872.939327776432 1023.1329005435109 115.03340344130993 715.68810839951038 309.28495788574219 82196.87818415463 19318.025564193726 1011.0295426845551
leaf_count=2172 1888651 88242 1350 86636 4663 69623 101146 6871 2651 56639 30799 3136 136574 57029 15461 2527 5660 1087 42709 7495 5988 25808 3428 215 627 115649 1266 52647 11259 53352 3123 3018 2354 136 65548 145 868 80531 570 31583 5237 687 76091 10970 1227 193 1154 87650 2269 50177 2489 568 39789 110666 13393 2796 147 981 450 97430 25540 1934
internal_value=0.00641448 0.00958087 0.00996193 0.011465 0.0120998 0.00674868 0.012264 0.013167 0.0137334 0.0103381 0.00698254 0.0159883 0.0146312 0.0108335 0.0114601 0.012142 0.00349825 0.00930522 0.0094425 0.00706608 0.010809 0.0158354 0.0127977 0.00501979 0.00559639 0.00563889 0.0161312 0.00935866 0.0131722 0.0163628 0.0178186 0.00348791 0.00853266 -0.00138852 0.012411 0.00874037 0.00682344 0.0168434 0.00919891 0.00845584 0.0131161 0.00840983 0.0133862 -0.00176342 0.0144167 0.00552543 -0.00515235 0.0146219 0.0112576 0.00480178 -0.00198721 0.00818856 0.0183038 0.008565 0.00149608 0.00746889 0.0103536 0.0198555 0.0363942 0.00694466 0.00899016 -0.00296836
internal_weight=1.76628e+06 1.18812e+06 1.1431e+06 778803 737222 364297 728594 446661 409180 85568.5 37480.5 55350.5 323612 281933 21487.3 149385 4509.65 113179 112487 11073.2 7180.7 177278 26228.6 10089 251117 250688 10414.1 132549 146334 151049 59024.1 3544.39 93770.3 1922.41 144875 91847.9 103799 51806.1 2207.34 83022.3 102853 5585.68 97267 8627.61 70981.7 1602.21 841.169 69379.5 9544 146890 2313.92 784.692 57324.8 90364.7 7991.23 1119.39 25353.1 1140.01 424.318 102800 20603.6 1285.55
internal_count=3601074 1712423 1624181 1183204 1096568 440977 1080935 695005 627125 146545 67880 89906 480580 385930 37081 215836 8187 146580 145493 20354 12859 275682 42844 17036 294397 293770 16727 170094 204898 232838 96264 6154 117447 4282 207649 113165 127944 83752 3221 102784 150620 8981 141639 15633 103752 2574 1347 101178 13528 165826 3744 1255 93141 110811 13608 2932 33161 1578 597 125772 28342 2802
cat_boundaries=0 1 2 3 4 5
cat_threshold=37649 33033 1 34348 11488
is_linear=0
shrinkage=0.05


end of trees

feature_importances:
item_qty_lag1=755
li_qty_roll_mean_6=675
loc_qty_roll_max_3=525
category_code=459
baseline_weighted=385
item_qty_roll_max_3=374
li_qty_roll_mean_3=319
item_qty_roll_mean_3=299
loc_qty_lag1=297
baseline_rolling3=287
item_qty_roll_median_3=202
loc_rev_lag1=167
item_active_locs_lag6=147
li_qty_roll_median_3=127
li_qty_zero_sale_months=115
li_qty_roll_max_3=114
li_qty_lag3=111
item_qty_lag1_to_roll3=111
loc_qty_roll_median_3=109
item_active_locs_lag1=107
loc_qty_roll_mean_3=105
item_qty_trend_3=93
li_qty_roll_min_3=89
item_qty_roll_std_3=89
item_qty_number_of_sale_months=85
li_qty_lag1_to_roll3=80
li_qty_trend_3=79
li_qty_roll_std_3=72
item_qty_growth_ratio=68
item_active_locs_lag2=65
li_qty_lag6=61
brand_qty_number_of_sale_months=60
baseline_lag1=59
item_qty_lag6=58
item_qty_lag2=56
item_qty_roll_min_3=52
loc_qty_lag2=50
item_rev_lag1=50
brand_qty_lag6=48
item_qty_lag3=47
li_qty_number_of_sale_months=45
loc_qty_lag6=45
cat_qty_lag1_to_roll3=45
loc_rev_roll_mean_3=44
li_qty_lag1=42
li_qty_lag2=39
loc_active_items_lag1=39
cat_qty_roll_min_3=38
loc_qty_number_of_sale_months=36
item_qty_zero_sale_months=35
cat_qty_growth_ratio=35
add_to_cart_lag1=35
item_qty_roll_mean_6=34
item_rev_lag2=34
cat_qty_lag2=33
li_rev_lag1=32
brand_qty_roll_max_3=29
item_active_locs_lag3=29
item_active_locs_roll_mean_6=28
cat_qty_trend_3=26
cat_qty_roll_median_3=25
loc_active_items_roll_mean_6=22
loc_qty_roll_mean_6=21
cat_qty_lag6=21
li_qty_growth_ratio=18
cat_qty_lag1=18
cat_qty_roll_max_3=18
loc_rev_lag6=18
item_rev_lag6=17
item_active_locs_roll_mean_3=17
atc_to_view_lag1=17
loc_qty_roll_min_3=16
loc_rev_lag2=14
loc_active_items_lag6=14
atc_to_view_roll3=14
cat_qty_roll_mean_3=13
month_cos=12
cat_qty_roll_std_3=12
li_qty_months_since_last_sale=11
loc_qty_lag3=11
li_rev_lag3=11
view_item_lag6=11
brand_qty_zero_sale_months=10
item_code=9
month_sin=9
brand_qty_roll_std_3=9
li_rev_roll_mean_3=9
loc_rev_lag3=9
loc_qty_trend_3=8
item_rev_lag3=8
loc_active_items_lag3=8
add_to_cart_roll_mean_3=8
cat_qty_lag3=7
brand_qty_growth_ratio=7
brand_qty_lag1_to_roll3=7
li_rev_lag2=7
loc_rev_roll_mean_6=7
loc_active_items_lag2=7
weeks_to_tet=7
cat_qty_roll_mean_6=6
brand_qty_roll_mean_6=6
li_rev_roll_mean_6=6
add_to_cart_lag3=6
target_month_idx=5
cat_qty_number_of_sale_months=5
item_rev_roll_mean_3=5
purchase_to_atc_lag1=5
loc_qty_roll_std_3=4
loc_qty_zero_sale_months=4
brand_qty_lag2=4
view_item_lag1=4
view_item_lag3=4
purchase_to_atc_roll3=4
brand_qty_lag1=3
brand_qty_roll_median_3=3
brand_qty_roll_min_3=3
li_rev_lag6=3
item_rev_roll_mean_6=3
add_to_cart_lag6=3
category_pre_tet_60d_code=3
brand_code=2
brand_qty_roll_mean_3=2
brand_qty_trend_3=2
loc_active_items_roll_mean_3=2
view_item_lag2=2
add_to_cart_lag2=2
add_to_cart_roll_mean_6=2
location_code=1
loc_qty_lag1_to_roll3=1
brand_qty_lag3=1
view_item_roll_mean_6=1
days_to_tet=1
abs_days_to_tet=1

parameters:
[boosting: gbdt]
[objective: regression_l1]
[metric: l1]
[tree_learner: serial]
[device_type: gpu]
[data_sample_strategy: bagging]
[data: ]
[valid: ]
[num_iterations: 135]
[learning_rate: 0.05]
[num_leaves: 63]
[num_threads: 12]
[seed: 42]
[deterministic: 0]
[force_col_wise: 1]
[force_row_wise: 0]
[histogram_pool_size: -1]
[max_depth: -1]
[min_data_in_leaf: 80]
[min_sum_hessian_in_leaf: 0.001]
[bagging_fraction: 0.8]
[pos_bagging_fraction: 1]
[neg_bagging_fraction: 1]
[bagging_freq: 1]
[bagging_seed: 400]
[bagging_by_query: 0]
[feature_fraction: 0.75]
[feature_fraction_bynode: 1]
[feature_fraction_seed: 30056]
[extra_trees: 0]
[extra_seed: 12879]
[early_stopping_round: 0]
[early_stopping_min_delta: 0]
[first_metric_only: 0]
[max_delta_step: 0]
[lambda_l1: 0.1]
[lambda_l2: 0.5]
[linear_lambda: 0]
[min_gain_to_split: 0]
[drop_rate: 0.1]
[max_drop: 50]
[skip_drop: 0.5]
[xgboost_dart_mode: 0]
[uniform_drop: 0]
[drop_seed: 17869]
[top_rate: 0.2]
[other_rate: 0.1]
[min_data_per_group: 100]
[max_cat_threshold: 32]
[cat_l2: 10]
[cat_smooth: 10]
[max_cat_to_onehot: 4]
[top_k: 20]
[monotone_constraints: ]
[monotone_constraints_method: basic]
[monotone_penalty: 0]
[feature_contri: ]
[forcedsplits_filename: ]
[refit_decay_rate: 0.9]
[cegb_tradeoff: 1]
[cegb_penalty_split: 0]
[cegb_penalty_feature_lazy: ]
[cegb_penalty_feature_coupled: ]
[path_smooth: 0]
[interaction_constraints: ]
[verbosity: -1]
[saved_feature_importance_type: 0]
[use_quantized_grad: 0]
[num_grad_quant_bins: 4]
[quant_train_renew_leaf: 0]
[stochastic_rounding: 1]
[linear_tree: 0]
[max_bin: 31]
[max_bin_by_feature: ]
[min_data_in_bin: 3]
[bin_construct_sample_cnt: 200000]
[data_random_seed: 175]
[is_enable_sparse: 1]
[enable_bundle: 1]
[use_missing: 1]
[zero_as_missing: 0]
[feature_pre_filter: 1]
[pre_partition: 0]
[two_round: 0]
[header: 0]
[label_column: ]
[weight_column: ]
[group_column: ]
[ignore_column: ]
[categorical_feature: 3]
[forcedbins_filename: ]
[precise_float_parser: 0]
[parser_config_file: ]
[objective_seed: 16083]
[num_class: 1]
[is_unbalance: 0]
[scale_pos_weight: 1]
[sigmoid: 1]
[boost_from_average: 1]
[reg_sqrt: 0]
[alpha: 0.9]
[fair_c: 1]
[poisson_max_delta_step: 0.7]
[tweedie_variance_power: 1.5]
[lambdarank_truncation_level: 30]
[lambdarank_norm: 1]
[label_gain: ]
[lambdarank_position_bias_regularization: 0]
[eval_at: ]
[multi_error_top_k: 1]
[auc_mu_weights: ]
[num_machines: 1]
[local_listen_port: 12400]
[time_out: 120]
[machine_list_filename: ]
[machines: ]
[gpu_platform_id: 0]
[gpu_device_id: 0]
[gpu_use_dp: 0]
[num_gpu: 1]

end of parameters

pandas_categorical:[]
