tree
version=v4
num_class=1
num_tree_per_iteration=1
label_index=0
max_feature_idx=136
objective=regression
feature_names=location location_code item_code category_code brand_code target_month_idx month_sin month_cos li_qty_lag1 li_qty_lag2 li_qty_lag3 li_qty_lag6 li_qty_roll_mean_3 li_qty_roll_mean_6 li_qty_roll_median_3 li_qty_roll_std_3 li_qty_roll_max_3 li_qty_roll_min_3 li_qty_months_since_last_sale li_qty_number_of_sale_months li_qty_zero_sale_months li_qty_trend_3 li_qty_growth_ratio li_qty_lag1_to_roll3 item_qty_lag1 item_qty_lag2 item_qty_lag3 item_qty_lag6 item_qty_roll_mean_3 item_qty_roll_mean_6 item_qty_roll_median_3 item_qty_roll_std_3 item_qty_roll_max_3 item_qty_roll_min_3 item_qty_months_since_last_sale item_qty_number_of_sale_months item_qty_zero_sale_months item_qty_trend_3 item_qty_growth_ratio item_qty_lag1_to_roll3 loc_qty_lag1 loc_qty_lag2 loc_qty_lag3 loc_qty_lag6 loc_qty_roll_mean_3 loc_qty_roll_mean_6 loc_qty_roll_median_3 loc_qty_roll_std_3 loc_qty_roll_max_3 loc_qty_roll_min_3 loc_qty_months_since_last_sale loc_qty_number_of_sale_months loc_qty_zero_sale_months loc_qty_trend_3 loc_qty_growth_ratio loc_qty_lag1_to_roll3 cat_qty_lag1 cat_qty_lag2 cat_qty_lag3 cat_qty_lag6 cat_qty_roll_mean_3 cat_qty_roll_mean_6 cat_qty_roll_median_3 cat_qty_roll_std_3 cat_qty_roll_max_3 cat_qty_roll_min_3 cat_qty_months_since_last_sale cat_qty_number_of_sale_months cat_qty_zero_sale_months cat_qty_trend_3 cat_qty_growth_ratio cat_qty_lag1_to_roll3 brand_qty_lag1 brand_qty_lag2 brand_qty_lag3 brand_qty_lag6 brand_qty_roll_mean_3 brand_qty_roll_mean_6 brand_qty_roll_median_3 brand_qty_roll_std_3 brand_qty_roll_max_3 brand_qty_roll_min_3 brand_qty_months_since_last_sale brand_qty_number_of_sale_months brand_qty_zero_sale_months brand_qty_trend_3 brand_qty_growth_ratio brand_qty_lag1_to_roll3 li_rev_lag1 li_rev_lag2 li_rev_lag3 li_rev_lag6 li_rev_roll_mean_3 li_rev_roll_mean_6 item_rev_lag1 item_rev_lag2 item_rev_lag3 item_rev_lag6 item_rev_roll_mean_3 item_rev_roll_mean_6 loc_rev_lag1 loc_rev_lag2 loc_rev_lag3 loc_rev_lag6 loc_rev_roll_mean_3 loc_rev_roll_mean_6 item_active_locs_lag1 item_active_locs_lag2 item_active_locs_lag3 item_active_locs_lag6 item_active_locs_roll_mean_3 item_active_locs_roll_mean_6 loc_active_items_lag1 loc_active_items_lag2 loc_active_items_lag3 loc_active_items_lag6 loc_active_items_roll_mean_3 loc_active_items_roll_mean_6 view_item_lag1 view_item_lag2 view_item_lag3 view_item_lag6 view_item_roll_mean_3 view_item_roll_mean_6 add_to_cart_lag1 add_to_cart_lag2 add_to_cart_lag3 add_to_cart_lag6 add_to_cart_roll_mean_3 add_to_cart_roll_mean_6 atc_to_view_lag1 purchase_to_atc_lag1 atc_to_view_roll3 purchase_to_atc_roll3 baseline_lag1 baseline_rolling3 baseline_weighted
feature_infos=[42:1367] [0:1007] [1:6071] -1:10:0:5:2:12:9:6:7:15:11:8:13:4:3 [0:424] [4:12] [-1:0.86602538824081421] [-1:1] [0:1307] [0:704] [0:881] [0:717] [0:916.66668701171875] [0:758] [0:748] [0:423.04632568359375] [0:1307] [0:698] [0:10] [1:11] [0:10] [-390:933] [0:208] [0:2.9485714435577393] [0:279743] [0:196105] [0:180685] [0:180685] [0:184880.328125] [0.1666666716337204:168442.671875] [0:180353] [0:70185.140625] [0:279743] [0:154488] [0:4] [1:11] [0:10] [-75238:167587] [0:11766.5] [0:2.9992313385009766] [282:35985] [0:30186] [0:27378] [0:27378] [94:30168.333984375] [47:27787.5] [0:30186] [3.2998316287994385:5650.8115234375] [282:35985] [0:24629] none [1:11] [0:10] [-6319:13505] [0.40100622177124023:8681] [0.51442670822143555:2.9989635944366455] [5989:2032351] [5989:1925005] [115:1834548] [0:1419025] [6143.33349609375:1930634.625] [3189.5:1692433.125] [6133:1925005] [44.289451599121094:194700.359375] [6202:2032351] [115:1834548] none [3:11] none [-100809:476769] [0.24097894132137299:2.8048393726348877] [0.4525378942489624:1.6861405372619629] [1:836156] [0:589396] [0:562795] [0:557817] [0.3333333432674408:641258.6875] [0.1666666716337204:587526.3125] [0:589396] [0.47140449285507202:142751.078125] [1:836156] [0:510443] none [1:11] [0:10] [-131819:337932] [0.067700989544391632:33312] [0.077377758920192719:2.9997298717498779] [0:81683344] [0:93016368] [0:102033952] [0:223456672] [0:92244552] [0:71538664] [0:14992991232] [0:14992991232] [0:14992991232] [0:14992991232] [0:14483165184] [22576.765625:14017269760] [24432560:4421221888] [0:3954481920] [0:3833083904] [0:3754495744] [8144186.5:3915859968] [4072093.25:3754394368] [0:958] [0:922] [0:903] [0:834] [0:927.33331298828125] [0.1666666716337204:891.33331298828125] [69:3100] [0:2743] [0:2586] [0:2333] [58:2779.333251953125] [29:2601.5] [0:24309] [0:24309] [0:21879] [0:16665] [0:22126.666015625] [0:17248.166015625] [0:11707] [0:11707] [0:10973] [0:10973] [0:10094.6669921875] [0:7544] [0:46] [0:21572] [0:20.333333969116211] [0:18286.666015625] [0:1307] [0:916.66668701171875] [0.20000000298023224:1011.9000244140625]
tree_sizes=6817 7105 7082 7101 7084 7078 7070 7071 7105 7099 7109 7104 7107 7081 7097 7114 7112 7115 7096 7075 7065 7125 7112 7125 7103 7073 7103 7121 7099 7106 7105 7099 7099 7083 7140 7104 7125 7125 7096 7151 7094 7143 7148 7124 7110 7135 7148 7111 7132 7142 7145 7131 7157 7196 7113 7139 7169 7139 7141 7118 7131 7140 7113 7115 7148 7127 7147 7150 7130 7144

Tree=0
num_leaves=63
num_cat=3
split_feature=135 136 12 17 24 136 136 24 17 24 3 17 24 48 136 64 24 39 12 108 3 12 95 30 14 64 111 100 17 33 24 136 100 94 41 24 46 111 30 136 24 40 24 60 24 3 24 39 4 136 24 40 14 136 30 94 20 46 136 39 24 39
split_gain=43092.2 8945.69 7588.66 1969.88 1948.84 1501.98 1034.5 505.794 459.412 371.009 361.421 327.488 304.197 232.745 191.48 190.182 178.086 138.058 134.628 130.854 129.467 126.653 111.875 103.746 95.5279 92.9627 89.2674 88.0889 85.6254 83.1212 77.811 71.5271 70.3115 69.8702 69.7577 65.1271 80.0861 62.8416 59.419 59.053 58.9277 58.5422 69.108 58.2947 57.7004 57.469 55.786 54.6468 54.0616 53.5785 49.7015 48.7042 47.8504 46.2999 45.9959 43.923 42.3247 42.2739 42.2411 41.7131 41.396 41.2293
threshold=4.1666667461395273 9.3000006675720233 1.8333333134651186 12.500000000000002 906.50000000000011 6.1000001430511483 2.8014467954635625 2645.0000000000005 6.5000000000000009 2645.0000000000005 0 28.500000000000004 1951.5000000000002 5039.5000000000009 7.9000003337860116 1317867.0000000002 2645.0000000000005 2.2421650886535649 0.83333334326744091 423.50000000000006 1 11.833333492279055 7668465.0000000009 8111.0000000000009 19.500000000000004 1317867.0000000002 104.91666793823244 802707648.00000012 65.500000000000014 53.500000000000007 4459.5000000000009 3.6000000238418584 877818368.00000012 145816624.00000003 4976.5000000000009 4043.5000000000005 5002.0000000000009 277.25000000000006 1.0000000180025095e-35 4.8009357452392587 1612.5000000000002 6492.0000000000009 906.50000000000011 43423.666015625007 1612.5000000000002 2 292.50000000000006 0.66133511066436779 264.50000000000006 14.00000047683716 4459.5000000000009 4110.5000000000009 5.5000000000000009 19.04999923706055 11173.000000000002 145816624.00000003 1.0000000180025095e-35 8584.5000000000018 14.00000047683716 0.66133511066436779 4459.5000000000009 0.86362355947494518
decision_type=2 2 2 2 2 2 2 2 2 2 9 2 2 2 2 2 2 2 2 2 9 2 2 2 2 2 2 2 2 2 2 2 2 2 2 2 2 2 2 2 2 2 2 2 2 9 2 2 2 2 2 2 2 2 2 2 2 2 2 2 2 2
left_child=2 5 4 8 10 16 12 13 20 31 18 15 41 40 33 24 39 32 46 38 29 -10 -11 51 -5 43 -15 50 59 -3 34 -8 -12 -7 -24 36 -14 -32 -9 -2 -6 -4 -43 -23 57 55 -1 -22 -30 -45 -18 60 -31 -49 -39 -16 -35 -28 -54 -13 -21 -26
right_child=1 3 6 11 7 14 9 19 21 22 17 28 35 26 45 -17 27 -19 -20 23 47 25 30 -25 61 -27 44 -29 48 52 37 -33 -34 56 -36 -37 -38 54 -40 -41 -42 42 -44 49 -46 -47 -48 53 -50 -51 -52 -53 58 -55 -56 -57 -58 -59 -60 -61 -62 -63
leaf_value=0.95737419984412186 0.97894321517469618 1.0534946690329225 0.96617597727379834 1.0412597644806116 0.96164678769201484 0.99035058712023927 0.97242263256927408 0.99627336555885737 1.0158589499656427 1.0154098414999573 0.96043915960439719 1.0007750549129564 0.96952634689895711 0.9772623312716604 0.99733952204287568 1.025839726239014 0.98204945203317706 0.97098158403106705 0.96069321050491452 0.96586895057004762 0.982260371683084 0.98684823917761944 0.97546899726263492 0.97814554448616065 1.0372877830152334 1.0123838291455256 0.96419182208698351 0.99001823778282572 1.1383566521916968 0.99560887487199157 0.99693812256732695 0.97610003771701448 0.96310713076703613 0.99798897244792295 0.98074370775470354 0.97509802576440952 0.97387726947808506 0.98098896924237911 0.97500615471658858 0.98380039922658535 0.96381181229408008 0.96678135439173962 0.97073558156823214 1.02501546273074 0.9674716125152889 0.9931813923871079 0.9590725896744684 0.99919518800124763 1.0692851578952127 1.0349245085948633 0.98689750362288042 0.97011128759813658 1.0111299172160935 1.0137724905456447 0.99208199954816312 1.0061751367498883 0.99289936119508027 0.96749037497617152 1.0256949741733679 1.072842696014453 0.96944095308950096 1.0612017346056741
leaf_weight=125245.22674149659 13217.654449462891 120.40380831807852 36871.891586303711 1688.3315064907074 71984.899120330811 6209.6806335449219 38029.58154296875 350.31038999557495 4990.1099195480347 219.84456253051758 49837.767974853516 21.450762957334518 25156.743972301483 1684.1005344390869 1750.2820028066635 1110.2567176818848 9292.6928262710571 4233.151123046875 61892.722381591797 27872.162924265489 394.62238339334726 82.066629886627197 13466.615075826645 2570.7851672172546 215.8181779384613 1012.1768546104431 52172.711265563965 13067.742858886719 87.834757328033447 442.69404515065253 706.05880570411682 20281.720138549805 48998.864631652832 13597.250092629343 11742.308193206787 15886.278938293457 18252.276176929474 14884.390174388885 5206.7898755073547 11914.559326171875 55837.577011108398 20895.815635681152 23447.639167785645 3060.2463383674622 29720.66498374939 1528.9123355150223 78897.772735595703 2969.5957546234131 46.94307279586792 2543.4341912269592 12328.856276512146 17000.675678605214 4218.3784931059927 672.81252288818359 998.55011034011841 7498.8212866783142 5890.8405750952661 11941.089488983154 572.52151882648468 693.53295400738716 11437.192819267511 1484.657103061676
leaf_count=142006 35095 2083 61422 20908 99236 23962 80723 1776 35353 1804 65241 211 47792 4610 8195 16244 27272 8840 81882 46135 1547 342 31829 7451 2941 9881 80029 48903 9776 2255 3576 49175 72192 62295 33095 37686 40695 42794 12972 36867 84600 35801 46392 26585 52382 7366 96768 18831 2330 28313 42687 33519 27846 7942 4463 42448 25332 20960 5785 22991 22059 28203
internal_value=0.968612 0.996401 0.964813 1.02217 0.962029 0.989329 0.972405 0.965114 1.01529 0.976283 0.959625 1.04927 0.969636 0.963988 0.997326 1.04387 0.984453 0.962141 0.95865 0.969016 1.00705 1.02191 0.979865 0.968324 1.04977 1.02641 0.965855 0.986775 1.07779 1.01229 0.979677 0.973702 0.961762 0.994978 0.977926 0.972359 0.971356 0.982338 0.97635 0.981246 0.962592 0.967648 0.968872 1.02891 0.96565 1.00292 0.958031 0.999901 1.1148 1.02952 0.984814 0.967875 1.01142 1.0019 0.981687 1.00447 0.996451 0.964806 1.01288 1.07071 0.966908 1.05819
internal_weight=1.02045e+06 122725 897724 26427.9 656884 96297.3 240840 287779 21079.1 100329 369106 5348.83 140511 223341 36475.8 4499.06 59821.5 103070 266036 64437.9 9391.03 11688 42017.8 58880.8 3388.81 6697.92 95518.6 34689.3 849.762 5354 41797.9 58311.3 98836.6 25697.8 25208.9 59295.3 43409 16589 5557.1 25132.2 127822 81215.3 44343.5 5685.75 93834.5 10778 204143 4037.03 134.778 5603.68 21621.5 56310 5233.59 3642.41 15882.9 9249.1 19488.1 64113.8 4790.9 714.984 39309.4 1700.48
internal_count=2080694 630789 1449905 270367 932658 360422 517247 465729 166763 247459 466929 103604 269788 341817 169598 68296 190824 146273 320656 123912 66289 100474 117561 109164 52052 65121 157981 118862 35308 37969 115757 129898 137433 111589 64924 126173 88487 50833 14748 71962 183836 143615 82193 55240 153371 58009 238774 28320 12106 54898 69959 101713 35886 26773 47257 50643 87627 100989 33631 23202 68194 31144
cat_boundaries=0 1 2 3
cat_threshold=33561 13349 13477
is_linear=0
shrinkage=1


Tree=1
num_leaves=63
num_cat=2
split_feature=12 135 135 24 12 14 135 24 3 106 24 3 24 13 12 62 135 48 8 13 38 38 12 24 108 24 8 106 37 108 108 14 13 134 30 134 13 135 94 24 48 89 13 13 95 24 40 111 89 12 95 106 24 124 134 44 26 97 13 111 101 35
split_gain=38829.5 7923.5 6822.25 1759.29 1324.86 1256.68 838.93 454.917 391.68 373.501 330.923 322.323 278.765 269.947 234.213 209.641 207.992 206.3 154.078 141.729 120.743 112.886 112.619 98.778 96.1457 95.665 92.2215 87.3429 85.8832 83.8858 82.7064 79.8022 77.3309 76.3667 74.5556 69.4095 66.6332 64.552 62.7917 58.5421 58.9346 57.8339 55.0505 51.3768 48.7775 48.1976 51.0197 47.012 44.2986 44.0755 42.3065 41.6312 40.8023 39.0456 38.6441 38.4891 37.7551 36.9373 36.7439 45.5674 35.2338 35.1671
threshold=4.1666667461395273 9.5000000000000018 1.8333333134651186 906.50000000000011 6.5000000000000009 16.500000000000004 2.8333333730697636 3216.5000000000005 0 700.50000000000011 2394.5000000000005 1 2645.0000000000005 32.750000000000007 5.1666667461395273 1223859.5000000002 11.833333492279055 5565.5000000000009 4.5000000000000009 0.58333334326744091 3.9216867685317998 0.5908242166042329 7.8333332538604745 3216.5000000000005 489.50000000000006 1612.5000000000002 21.500000000000004 700.50000000000011 1126.0000000000002 351.50000000000006 351.50000000000006 91.500000000000014 2.4166666269302373 8.5000000000000018 8111.0000000000009 4.5000000000000009 3.0833333730697636 0.83333334326744091 165569536.00000003 4459.5000000000009 5039.5000000000009 1950438.7500000002 3.7500000000000004 1.7500000000000002 1.0000000180025095e-35 1190.5000000000002 7411.0000000000009 104.91666793823244 539050.00000000012 0.83333334326744091 7668465.0000000009 700.50000000000011 176.50000000000003 407.50000000000006 3.5000000000000004 7973.6667480468759 1.0000000180025095e-35 1.0000000180025095e-35 5.0833332538604745 501.08332824707037 674816448.00000012 1.5000000000000002
decision_type=2 2 2 2 2 2 2 2 9 2 2 9 2 2 2 2 2 2 2 2 2 2 2 2 2 2 2 2 2 2 2 2 2 2 2 2 2 2 2 2 2 2 2 2 2 2 2 2 2 2 2 2 2 2 2 2 2 2 2 2 2 2
left_child=2 4 3 11 14 8 10 17 16 21 32 19 36 15 23 26 38 25 -6 52 37 -7 51 55 44 -5 -11 54 43 -14 50 -15 45 -18 -26 -10 57 -13 -3 40 -32 -23 -31 -19 -9 -4 -47 -27 -35 -49 -12 -20 -1 -24 -16 -2 -25 -8 59 -29 -58 -30
right_child=1 5 6 7 18 9 12 24 35 13 30 20 29 31 27 -17 33 28 22 -21 -22 41 53 56 34 47 -28 58 61 42 39 -33 -34 48 -36 -37 -38 -39 -40 -41 -42 -43 -44 -45 -46 46 -48 49 -50 -51 -52 -53 -54 -55 -56 -57 60 -59 -60 -61 -62 -63
leaf_value=-0.010901055626495855 0.0095390987869377209 0.033859990110613053 -0.0023780988868122646 -0.0063617780630663276 0.021281303395278246 0.021415727028098692 0.0053222467530714725 0.026412202291605076 0.016918141446359055 0.069875656695584626 0.040241562765509636 -0.0075698934878396483 0.022051546736046781 0.095563033170175296 0.0122059743532593 0.050785092839534585 0.041711228581198793 -0.003067372457308472 0.024183959365678586 -0.0075133034442369994 0.0019817568492475112 0.049713394305722788 0.031194839230596808 0.042482730262721716 2.0848060249149332e-05 0.012458659897527499 0.086848959849744362 0.026002719674336268 0.019862267641967513 0.0088924158324354286 0.0013314078579546057 0.13867975030378718 0.0026411436439329637 0.049452040531797838 0.0088497394528845846 0.033590284553690411 0.0077011439415570803 -0.0049663578913507938 0.045217213852749322 0.0071904098686589694 0.0056981547471273413 0.070642695225281799 0.013374411527135324 0.00033845128907432711 0.0067341095517273689 -0.00085697912702474273 0.003323645443620727 -0.0053629634075491074 0.060116390479499383 -0.0029920733157991742 0.01257537589303899 0.029850090211868803 -0.0094549950897831123 0.037286229067726613 0.018188838488053 0.01382461461917817 0.014279354609717241 0.002310272486359365 0.024993582502396704 0.01771651532871947 0.018971223773710508 0.0033334887520069297
leaf_weight=92475.753813343821 12650.719263076782 1529.6633627638221 38740.897853448987 82531.084663391113 5537.9454479217529 283.15005016326904 20871.75507247448 338.2975025177002 785.26462671905756 1849.3182884883136 149.38284397125244 58610.366973876953 1476.9917602539062 724.73682022094727 3576.7571868896484 965.30881881713867 902.37618541717529 64927.06917142868 5597.4177799224854 69821.829729635268 4368.252685546875 1179.0613603591919 5076.055419921875 137.94888973236084 34593.061340808868 434.24881410598755 1451.0881331730634 2288.3455241024494 348.60717582702637 30213.273250779137 19045.172147512436 130.1036491394043 16621.461262151599 1314.8408267498016 2568.3052973747253 3102.8082368373871 15542.995021939278 40130.199371337891 6205.6046905517578 12065.139397144318 13006.043123006821 467.15104484558105 8871.9678075704724 13346.383472919464 4526.8814830780029 33365.25439453125 9340.3973846435547 34771.910193920135 4057.837779045105 44978.316257476807 1825.5628118515015 7817.4545822143555 103567.36654663086 5569.6014709472656 11136.992111206055 8970.438024520874 9700.7832509577274 19887.058102607727 6514.8647219836712 6107.6440629959106 6848.5643375813961 4148.8852863311768
leaf_count=103808 33494 8717 64805 115115 22352 1523 47184 1719 3553 24097 1069 77695 6521 22800 10685 12679 6313 104991 24016 92155 9035 13491 26397 1049 64424 1300 28049 10157 1432 78376 36994 11635 33728 11208 7398 22431 37872 59579 44312 29915 29697 8027 26687 24787 11578 59181 19505 51121 40955 72766 5697 38175 124717 33255 39502 27100 30585 40189 27364 21258 24638 8897
internal_value=3.03338e-06 0.0264113 -0.0036008 -0.00624218 0.019979 0.051556 0.00359362 -0.00330994 0.0445099 0.0694396 0.00117553 -0.00852704 0.0071923 0.0765102 0.016132 0.0713478 0.0484375 -0.00413286 0.0288078 -0.00944777 -0.00615136 0.0506568 0.0305395 0.0135495 0.00149679 -0.00516666 0.0773518 0.0194712 -0.00210047 0.0103526 0.00466987 0.102208 -0.000466743 0.0552444 0.000631278 0.0301494 0.00491535 -0.00651184 0.0429743 0.00422146 0.0031036 0.0556753 0.00991007 -0.00248658 0.00810602 -0.00110107 5.73003e-05 -0.00393648 0.0575123 -0.0040259 0.0146802 0.0274872 -0.0101372 0.0343838 0.0167353 0.0113176 0.0164404 0.00385281 0.0221699 0.0199769 0.0162218 0.00461784
internal_weight=1.01999e+06 122480 897510 656487 97531.5 24948.3 241023 287513 17898.4 7049.92 144159 368974 96864 5120.56 67933.1 4265.72 14010.3 245487 29598.5 265865 103109 1929.36 24060.5 38308.5 42026.5 162716 3300.41 29624.6 82770.9 40562.2 46091.3 854.84 98068 6275.05 37161.4 3888.07 56301.8 98740.6 7735.27 44116.4 32051.2 1646.21 39085.2 78273.5 4865.18 81446.5 42705.7 80184.5 5372.68 79750.2 1974.95 13414.9 196043 10645.7 14713.7 21621.2 16687.3 40758.8 14910.9 8395.99 16549.3 4497.49
internal_count=2079754 629817 1449937 932517 370027 259790 517420 465528 137489 122301 280591 466989 236829 99260 225832 64825 111505 380409 144195 320680 146309 23041 121843 116866 85119 240302 52146 108966 140107 111584 103372 34435 177219 58476 71822 25984 125245 137274 53029 96606 66691 21518 105063 129778 13297 143491 78686 125187 52163 123887 6766 62191 228525 59652 50187 60594 56272 87373 58779 31415 55223 10329
cat_boundaries=0 1 2
cat_threshold=13477 33561
is_linear=0
shrinkage=0.05


Tree=2
num_leaves=63
num_cat=2
split_feature=12 135 12 24 14 135 135 24 106 24 3 3 14 24 135 40 106 24 56 38 13 88 108 10 134 111 96 12 108 69 30 13 135 24 8 108 38 13 40 24 134 104 24 101 37 30 94 62 94 13 2 33 40 32 99 38 9 41 24 100 109 23
split_gain=35154.5 7136.33 6159.9 1594.48 1584.67 816.615 774.292 413.85 392.31 306.758 297.987 297.933 285.179 262.536 210.41 195.309 137.301 135.194 132.72 129.602 117.881 117.059 105.464 96.3207 84.7855 82.6049 82.1307 81.2522 78.4521 75.854 75.5378 74.9387 72.9746 70.4889 69.1072 68.8904 62.7964 62.4436 60.653 57.0363 56.786 56.6679 56.046 55.0916 48.1013 47.7436 47.1538 45.0388 44.9846 44.8724 44.3031 42.6086 42.1372 42.0877 41.3105 41.035 40.9041 39.7791 39.6457 38.8326 37.5621 36.996
threshold=4.1666667461395273 8.5000000000000018 1.8333333134651186 906.50000000000011 14.500000000000002 5.8333332538604745 2.8333333730697636 2910.5000000000005 717.50000000000011 2645.0000000000005 0 1 28.500000000000004 2394.5000000000005 10.500000000000002 4622.5000000000009 700.50000000000011 3216.5000000000005 1317867.0000000002 3.9216867685317998 0.75000000000000011 1924484.5000000002 489.50000000000006 89.500000000000014 8.5000000000000018 104.91666793823244 1093005824.0000002 18.500000000000004 351.50000000000006 123750.50000000001 8111.0000000000009 2.0833333730697636 7.1666667461395273 1612.5000000000002 4.5000000000000009 351.50000000000006 0.70142048597335827 3.4166666269302373 6785.0000000000009 1612.5000000000002 4.5000000000000009 1033369888.0000001 1460.5000000000002 820536160.00000012 1509.0000000000002 1.0000000180025095e-35 145816624.00000003 39200.500000000007 145816624.00000003 0.41666667163372045 1181.5000000000002 9851.0000000000018 4622.5000000000009 1352.5000000000002 1627916352.0000002 0.76997897028923046 51.500000000000007 8041.5000000000009 1460.5000000000002 841400512.00000012 385.50000000000006 0.7500000298023225
decision_type=2 2 2 2 2 2 2 2 2 2 9 9 2 2 2 2 2 2 2 2 2 2 2 2 2 2 2 2 2 2 2 2 2 2 2 2 2 2 2 2 2 2 2 2 2 2 2 2 2 2 2 2 2 2 2 2 2 2 2 2 2 2
left_child=2 5 3 11 10 17 9 15 21 31 14 49 18 38 46 39 34 41 27 20 59 26 45 29 -16 53 -6 -10 -15 36 61 44 -18 57 -7 -11 -14 60 -8 -5 -12 -2 -40 -19 -4 -9 -3 -29 -26 -1 54 52 -37 -17 -31 -23 -57 -27 -43 -13 -30 -24
right_child=1 4 6 7 8 16 13 22 12 35 40 19 23 28 24 25 32 43 -20 -21 -22 55 30 -25 48 33 -28 47 37 50 -32 -33 -34 -35 -36 51 -38 -39 42 -41 -42 58 -44 -45 -46 -47 -48 -49 -50 -51 -52 -53 -54 -55 -56 56 -58 -59 -60 -61 -62 -63
leaf_value=-0.010137155087691075 0.0098375954926970266 0.028682170782713814 -0.0013039985987254503 -0.0064009274377539926 0.045652700118139752 0.015143855656385983 0.002416794923660062 0.024804820128807872 0.061344096576344931 0.014451545297402758 0.015698926832893416 -0.0086705117860354491 0.03582363770455689 0.020397652375634883 0.037356624340508474 0.0032654500636673219 0.024248179366810261 0.015438228563275203 0.045108976941871319 0.00038630707708805562 -0.005248254945602669 0.034847352229932987 -0.0015278120569044385 0.12866602580792005 0.039205538173016419 -0.0042394686630041869 0.017474596118934666 0.017619221793402456 0.0098449172845754551 0.042583111391849303 0.0084070830536398782 0.0017587016021873585 0.030487970170044506 -0.00090426693837160365 0.02250042718350348 0.0028809782704635532 0.099656082471122565 0.012074393519659683 0.0041411530921275858 -0.0042776578842404107 0.029473896463348276 0.011049535574166054 0.0086467688417024482 0.020634700674601852 0.012786818617246523 0.0060280506791869949 0.037840388640559552 0.076840051310471461 0.05134624761496135 -0.0083847843702084951 0.083842705121350058 0.017982212273588743 0.006377414542944152 0.02021682951830292 0.085172564353714952 0.063942791315481015 0.10972309854426121 -0.0013420029171818718 0.016406627575315604 -0.0068846122820679524 0.0063411494592920704 0.00146503195969115
leaf_weight=123378.58176663518 15592.921997070312 1730.8087569177151 73937.594052255154 66303.644948959351 1795.8552722930908 4430.3330936431885 22057.330688476562 360.76048612594604 2217.0506769418716 1781.1665725708008 966.44014683365822 70544.876100154361 41.851880766451359 1625.9546184539795 1783.9986340999603 1263.8305132389069 11955.833129882812 18386.539855957031 774.18478775024414 6125.2038269042969 63349.383013024926 115.59994328022003 28011.714183330536 142.48049354553223 896.79291439056396 54520.636206388474 303.78524780273438 33.273422040045261 14335.42306772992 181.73204826936126 2560.4137139320374 30347.818747103214 7748.30419921875 36797.98993897438 11519.200994491577 23243.208500031382 687.39916449785233 13307.128160519525 17742.26025390625 60533.345474243164 3370.3368957042694 5889.1930847167969 11305.935913085938 7080.0020141601562 610.09910249710083 5454.1356778144836 7823.9369506835938 1764.137603841722 5671.4390563964844 51991.23879763484 342.94960328564048 567.38002490997314 13703.360106345266 515.75277876853943 84.834178924560547 751.02546083927155 53.274330377578735 15141.489729881287 8399.1138610839844 53645.523193359375 16440.984875952825 16352.776735305786
leaf_count=140157 42578 8832 128989 91009 18412 15250 45119 1825 24932 6199 4244 86702 443 7031 11619 2791 51927 61715 8918 11755 91434 1051 48855 11650 6353 82798 1577 170 38875 2622 7359 59741 40295 65024 48827 48626 20090 38871 38785 92215 22380 16755 28719 27781 1879 13620 49054 28850 50009 64792 10244 2206 32650 2086 2709 10551 2421 26133 28044 71775 39503 32066
internal_value=-1.05978e-05 0.0251112 -0.0034391 -0.00594771 0.0456095 0.018008 0.00339801 -0.00315821 0.0629559 0.00107569 0.0383638 -0.00812327 0.0700921 0.00685665 0.0412353 -0.00405625 0.0239096 0.014206 0.0641417 -0.00676963 -0.00700374 0.0481273 0.000844559 0.0892974 0.0470606 -0.00249603 0.0415833 0.0678048 0.00960985 0.0850573 5.73354e-05 -0.000335798 0.0267028 -0.00267467 0.0204578 0.00484365 0.0960266 0.00921162 0.00439398 -0.00538765 0.0263467 0.0119237 0.00589509 0.0168835 -0.00118853 0.00719587 0.0361835 0.0757517 0.0496925 -0.00961714 0.071857 0.00438715 0.004178 0.00818535 0.0562899 0.0630277 0.0670476 -0.00360977 0.0141994 -0.00789914 0.00797347 -0.000424531
internal_weight=1.02039e+06 122535 897857 656851 31533.2 91001.4 241006 287816 9289.43 144191 22243.8 369035 6269.89 96815 17907 235077 35653.7 55347.8 4788.65 193665 187540 3019.54 52739.8 1481.25 8352.23 108240 2099.64 4014.46 45709.5 1338.77 46924.9 104896 19704.1 106460 15949.5 39295.1 729.251 44083.5 51105.5 126837 4336.78 29881.2 29048.2 25466.5 74547.7 5814.9 9554.75 1797.41 6568.23 175370 609.516 37513.9 36946.6 1779.58 266.566 919.9 804.3 69662.1 14288.3 124190 30776.4 44364.5
internal_count=2079892 630303 1449589 932396 297131 333172 517193 465781 144640 280290 152491 466615 110628 236903 125867 362056 156299 176873 62870 261666 249911 34012 103725 47758 67981 178832 19989 53952 124280 36108 88280 190609 92222 173955 64077 89681 20533 117249 112623 183224 26624 87377 67504 89496 130868 15445 57886 29020 56362 204949 15575 83482 81276 4877 5331 14023 12972 108931 44799 158477 78378 80921
cat_boundaries=0 1 2
cat_threshold=13477 33296
is_linear=0
shrinkage=0.05


Tree=3
num_leaves=63
num_cat=2
split_feature=12 12 17 136 24 136 17 24 24 3 136 24 17 100 124 136 13 64 136 13 64 39 13 110 49 109 108 39 33 13 136 13 13 24 28 3 33 24 17 24 135 134 136 12 94 62 24 48 100 100 95 51 48 30 48 110 24 134 136 75 13 24
split_gain=31744.1 6403.03 5862.82 1536.65 1438.4 1070.12 900.651 346.528 338.55 313.449 237.009 209.016 204.466 173.772 170.309 163.727 136.951 111.53 109.495 108.781 103.685 100.962 87.801 82.6442 76.2414 73.0803 72.6225 72 70.0264 69.6937 68.3172 66.5914 65.8155 59.7926 58.3363 57.8387 58.0266 56.694 54.7509 53.9321 50.0693 48.9084 48.8461 45.5714 43.249 42.9774 42.0708 52.6679 41.8173 40.5069 36.4272 36.3442 34.3219 33.9436 38.4292 33.6042 31.8752 30.3861 29.8354 29.4703 29.3151 26.7014
threshold=4.5000000000000009 1.8333333134651186 7.5000000000000009 6.9000003337860116 1048.5000000000002 3.3000000715255742 14.500000000000002 1951.5000000000002 3216.5000000000005 0 5.4000003337860116 3625.0000000000005 32.500000000000007 655930912.00000012 407.50000000000006 11.200000286102297 0.75000000000000011 1317867.0000000002 9.3000006675720233 2.7500000000000004 1317867.0000000002 2.2421650886535649 2.7500000000000004 562.50000000000011 6002.5000000000009 348.50000000000006 217.50000000000003 0.78077611327171337 1.0000000180025095e-35 5.7500000000000009 14.00000047683716 0.58333334326744091 3.7500000000000004 1951.5000000000002 11113.500000000002 1 128.50000000000003 416.50000000000006 88.500000000000014 1951.5000000000002 1.1666666865348818 23.500000000000004 2.4208741188049321 7.8333332538604745 145816624.00000003 39200.500000000007 1612.5000000000002 6986.0000000000009 802707648.00000012 655930912.00000012 1.0000000180025095e-35 1.5000000000000002 4243.5000000000009 11173.000000000002 3994.0000000000005 208.50000000000003 4459.5000000000009 4.5000000000000009 14.00000047683716 1736.5000000000002 1.7500000000000002 4459.5000000000009
decision_type=2 2 2 2 2 2 2 2 2 9 2 2 2 2 2 2 2 2 2 2 2 2 2 2 2 2 2 2 2 2 2 2 2 2 2 9 2 2 2 2 2 2 2 2 2 2 2 2 2 2 2 2 2 2 2 2 2 2 2 2 2 2
left_child=1 4 3 10 9 7 15 22 13 16 39 32 17 33 24 -4 37 41 -16 25 30 31 42 50 -5 49 -15 -14 -13 44 -17 -11 46 55 51 36 -20 -1 -29 -2 -28 -8 -3 -26 -12 -32 -7 -48 -41 61 -10 -25 -53 54 -30 -6 -27 -45 -38 -46 -33 -9
right_child=2 5 6 14 8 11 12 19 23 21 29 28 27 26 18 20 -18 -19 35 -21 -22 -23 -24 34 43 56 40 38 53 -31 45 60 -34 -35 -36 -37 58 -39 -40 48 -42 -43 -44 57 59 -47 47 -49 -50 -51 -52 52 -54 -55 -56 -57 -58 -59 -60 -61 -62 -63
leaf_value=-0.0094517383056056652 0.0095004012209646393 -0.0019070428168220322 0.038382150613238866 0.021761990511999223 0.0044827051053878287 0.0043124846247788676 0.069405809510551295 0.0022326559613405641 0.023491538773664198 -0.0068942080324737934 0.014079866664576444 0.029809756124953492 0.030319429945403261 0.0039222868971922394 0.02981964030756519 0.04840905741878386 -0.0060745924991508216 0.05504620310402969 0.089882928502520734 0.0071137216497736168 0.037296944463694998 0.001757767013461739 0.0033496901127781625 0.0050565255838267223 0.024411444682242892 0.00056869432825601364 -0.0032989849436009799 0.099862015574679053 0.0093633444450941031 0.023377132439925473 0.016014844163985548 -0.0048791264993375055 0.010825207216491252 -0.0032826488662413135 0.01221921418086371 0.031685681847598367 0.039909281762313585 -0.0077024428100622684 0.1507424705781566 0.012359935326311152 -0.00077948559761294156 0.084463486937182308 0.00051667677382986497 0.022171762900159635 0.02164156834063008 0.059051948196506512 0.0058365481163182645 0.010694432903949665 0.016697340708129376 0.0073050128353013477 0.0064649977510283126 -0.0012404628415263906 0.0023598867924995662 0.02140037479413967 0.013732869950756885 -0.0056132593844524913 0.0045019780494181946 0.032907137924301229 0.053549983110094401 0.017109592006801358 -0.0011403772047567165 0.0068197176640743045
leaf_weight=163145.81381482829 8188.9618110656738 51727.595657110214 3717.2002735137939 6775.7591247558594 831.95896053314209 17668.272805809975 1307.7525162696838 12974.645810425282 339.18129920959473 57941.021041568369 5664.4668723642826 589.48929595947266 34.608315467834473 5283.6600797176361 10375.238229751587 3521.7593629360199 50424.849329423159 917.02435493469238 63.353006072342396 21367.583506762981 1181.01411652565 4738.462646484375 13888.592437982559 3593.5116000175476 3774.2566703557968 25988.159173965454 42547.712846040726 532.37635266780853 8657.8934944793582 7744.5750740468502 59.777121067047119 54219.69981098175 9287.9452728033066 48396.029708862305 1052.4974341392517 2589.4609070792794 3306.2408198267221 64763.647705078125 61.348291993141174 12868.936302185059 36763.681640625 964.29474973678589 34749.23193359375 767.22101773135364 6803.9626686573029 3448.6974768638611 16231.885370254517 8511.3394527435303 9819.4999313354492 10444.04895401001 4242.3758144378662 23787.377208251506 9170.8004336170852 988.59544968605042 12070.254639513791 79378.344429016113 6425.097204208374 5036.1400182116777 464.60004264116287 7668.84050822258 5808.6003983654082 4202.0339999198914
leaf_count=187503 22562 87521 24736 31735 1893 39452 19435 26344 1722 76565 18656 3439 466 11913 55462 30313 68910 15615 1343 53037 11808 9743 29390 8251 17511 49592 67376 21592 23792 33675 282 78836 26101 76502 3660 20726 23496 81560 7734 39794 64438 20652 65438 3666 27800 40042 38517 23864 34437 25969 11081 41982 18783 4453 38379 111651 14688 31059 5135 27562 9979 10601
internal_value=8.91705e-06 -0.00302154 0.0256865 0.0208567 -0.00563641 0.0036894 0.0538769 0.00162571 -0.00270337 -0.00750418 0.0160001 0.00875796 0.0750211 -0.00351316 0.029464 0.047107 -0.00843264 0.0698547 0.0330022 0.00404985 0.0510535 -0.00539698 -0.000340346 0.00138908 0.0258281 0.0029592 -0.00175301 0.101158 0.0128036 0.0193425 0.0533609 -0.00568487 0.00701221 -0.00467091 0.00061642 0.0381391 0.0422986 -0.00895469 0.10525 0.0129817 -0.00213118 0.0758159 -0.000933057 0.028703 0.01779 0.0583225 0.00617695 0.00750798 0.0142377 0.00484905 0.00772902 0.00028202 -0.000238473 0.0123411 0.0119083 -0.00550845 0.00134858 0.0314908 0.0415981 0.0192412 -0.00451744 0.00335527
internal_weight=1.01986e+06 912202 107657 91911.5 656429 255773 15745.9 181767 255387 401042 58759.2 74005.7 3817.4 213201 33152.3 11928.4 278334 3189.07 16798.9 81401.6 8211.25 122708 100365 42185.7 16353.4 60034 84595.1 628.333 22306.2 27881.8 7030.23 117969 51699.4 128606 37604.2 6423.65 3834.19 227909 593.725 30877.4 79311.4 2272.05 86476.8 9577.62 20137.3 3508.47 42411.5 24743.2 22688.4 27620.7 4581.56 36551.7 32958.2 21716.7 20728.1 80210.3 32413.3 5803.36 3770.84 14472.8 60028.3 17176.7
internal_count=2080219 1492925 587294 394619 932348 560577 192675 362580 419252 513096 204486 197997 85494 333773 190133 107181 337973 55702 106162 180231 82445 175123 182349 85479 83971 127194 143727 29792 70063 107693 70637 165380 127934 190046 72676 50700 29974 269063 29326 96793 131814 40087 152959 52236 74018 40324 101833 62381 74231 62914 12803 69016 60765 66624 62171 113544 64280 34725 28631 55362 88815 36945
cat_boundaries=0 1 2
cat_threshold=33561 13345
is_linear=0
shrinkage=0.05


Tree=4
num_leaves=63
num_cat=0
split_feature=135 17 135 135 17 32 135 135 135 32 31 17 32 32 8 135 35 64 106 48 30 48 106 23 106 13 13 94 80 106 35 135 64 95 17 39 106 13 35 134 107 13 8 35 8 40 32 23 32 40 30 109 40 104 110 13 48 46 90 39 65 65
split_gain=28691.4 6715.13 4297.08 1546.68 1076.61 996.001 714.622 263.587 260.951 254.937 233.682 222.981 195.717 194.994 187.034 159.498 110.5 109.183 109.156 97.7217 96.4907 96.72 96.0906 81.8691 76.3811 72.0027 67.7184 66.438 66.3972 65.3001 56.1803 54.2682 51.4228 50.4943 49.8123 45.5431 44.7119 43.1244 49.5462 41.7521 41.5885 40.1019 39.7284 39.2684 38.782 38.6096 38.4569 36.7592 36.0633 52.8325 35.9913 35.2776 34.6149 33.1274 32.9529 32.922 31.9302 31.5671 31.5522 31.2287 30.7572 30.4928
threshold=3.8333333730697636 6.5000000000000009 1.5000000000000002 6.5000000000000009 13.500000000000002 1203.5000000000002 2.5000000000000004 5.1666667461395273 10.500000000000002 2431.5000000000005 604.60299682617199 28.500000000000004 3251.5000000000005 487.50000000000006 3.5000000000000004 8.5000000000000018 1.5000000000000002 1317867.0000000002 700.50000000000011 7659.5000000000009 2557.0000000000005 4485.5000000000009 700.50000000000011 1.7515625357627871 700.50000000000011 2.0833333730697636 3.0833333730697636 145816624.00000003 37164.000000000007 732.50000000000011 2.5000000000000004 13.500000000000002 1317867.0000000002 7668465.0000000009 65.500000000000014 1.5700779557228091 682.50000000000011 4.5833332538604745 4.5000000000000009 3.5000000000000004 1.0000000180025095e-35 2.4166666269302373 3.5000000000000004 7.5000000000000009 23.500000000000004 4622.5000000000009 1203.5000000000002 1.1672258973121645 1640.5000000000002 7411.0000000000009 8111.0000000000009 385.50000000000006 6492.0000000000009 978195232.00000012 539.50000000000011 7.2500000000000009 5039.5000000000009 6879.0000000000009 1.0000000180025095e-35 0.93782541155815136 79712.000000000015 79712.000000000015
decision_type=2 2 2 2 2 2 2 2 2 2 2 2 2 2 2 2 2 2 2 2 2 2 2 2 2 2 2 2 2 2 2 2 2 2 2 2 2 2 2 2 2 2 2 2 2 2 2 2 2 2 2 2 2 2 2 2 2 2 2 2 2 2
left_child=2 3 5 7 8 13 9 22 -3 25 20 17 26 28 60 36 -12 44 57 -15 21 -7 39 41 56 35 48 -9 40 59 -14 -20 47 -25 -31 46 -16 38 54 -2 -1 51 -29 -26 -6 50 -4 -18 -8 -50 -32 -11 -48 -42 -24 -38 -17 -10 -41 -13 -5 -37
right_child=1 4 6 14 11 10 12 27 18 23 16 29 30 19 15 24 32 -19 31 -21 -22 -23 37 33 43 -27 -28 42 -30 34 45 -33 -34 -35 -36 61 55 -39 -40 58 53 -43 -44 -45 -46 -47 52 -49 49 -51 -52 -53 -54 -55 -56 -57 -58 -59 -60 -61 -62 -63
leaf_value=-0.0003848496257856325 0.0068700389498148259 0.033038402498295191 -0.0035716481819817883 0.0015064385889766287 0.064299368926547279 -0.0053904104113656837 0.0011946919197918003 0.012922391496662531 0.031038503843992822 0.0028291903926376915 0.019665612960755814 0.044967094313310835 0.02476892506794133 -0.0068154693263976886 0.020933940925051367 0.017918700274970681 -0.00085878560136635497 0.048886892729678111 0.04525181515982863 -0.0040952656219896107 -0.001325188397297423 -0.0028252294002969205 0.037668403057942772 0.03593063240521608 0.038909266967930595 0.00096262312159412021 0.006137992638467411 0.01384062651118452 -0.0090050078852820046 0.094436612652866458 0.0053055350535768393 0.053972827994216668 0.010472317603340105 0.0085874643181456899 0.13387834329426823 -0.0040070331918374228 0.024507157399583604 0.016847058688389871 0.010803291380094761 0.017439891663891521 -0.0083972909318645924 0.0045409911268977209 0.019261356874695837 0.031052772514406569 0.077117478713075824 0.0092079021745112757 -0.0024338354768996661 0.0038480234465804244 0.0024757592435431541 0.0071181313499050214 0.012332475510071854 -8.0561846819725009e-05 0.00035770494711047428 -0.006146207337174369 0.016420806376449281 0.030603008579173453 0.028838170883102615 0.041908163515923164 0.0099686524341151203 0.083285956809338535 0.017418235061160661 0.0061447932544375647
leaf_weight=2232.7195091996109 12652.702009677887 6076.6690788269043 44244.828746885061 326.90989446640015 1782.3069086074829 79394.81148147583 29612.729602694511 8366.6133728027344 1060.4284362792969 18319.757050322369 824.48007202148438 84.990921318531036 468.49816131591797 125458.36618041992 6665.2597708702087 851.41618919372559 15262.465196490288 948.8366813659668 3753.8191683292389 44827.482482910156 36283.566177368164 68435.117626190186 195.03228206932545 178.62005233764648 3508.2701110839844 20642.002818971872 15685.666156888008 4232.1899933815002 139850.83071899414 494.38183212280273 19483.496687501669 3481.0602948665619 1354.1022320985794 3005.7208595275879 100.66009330749512 1036.7122069597244 8655.6374660134315 6290.1154563874006 14618.100341796875 1532.7234168052673 34393.791027069092 11179.52712459676 17074.4428191185 2962.0094604492188 923.614577293396 16023.475026845932 35624.361038208008 5695.4026031494141 25612.099445343018 8059.2201957702637 2011.6555439531803 24137.75515460968 16129.861225128174 31212.315082550049 2909.7249422073364 3005.331665456295 3242.219409942627 1872.3314437866211 18523.271013259888 156.14621704816818 4428.7300138473511 2574.968865275383
leaf_count=4140 32492 36343 68351 810 25249 111800 57920 27304 7528 38343 3529 1395 2458 163456 29166 4406 27428 14671 31375 66540 63547 109448 1366 1193 27685 39229 37437 14229 160832 18021 46071 39771 4622 8425 10398 1604 41291 22417 43044 6165 41229 25200 67427 19704 18500 44021 58015 12706 52911 19818 6497 44746 29782 41852 10180 16561 20478 16042 52279 5465 19100 6212
internal_value=6.66209e-06 0.0209638 -0.00334874 0.016425 0.0472386 -0.00582636 0.00158257 0.0128829 0.0412449 -0.000420706 -0.00304068 0.0689106 0.00461559 -0.00735377 0.0255198 0.0270327 0.00169534 0.0635574 0.0461472 -0.00609942 -0.00363586 -0.00420295 0.0108849 0.00233919 0.0319291 -0.00172485 0.00319685 0.0167017 -0.00838218 0.0922502 0.00756474 0.0494521 0.00103064 0.0101282 0.101224 -0.00228181 0.0242092 0.0132874 0.0120233 0.00912081 -0.00709808 0.00187658 0.0181852 0.0353161 0.0686899 0.00734945 -0.00248922 0.000420135 0.00246773 0.00358715 0.00596367 0.00117485 -0.00156372 -0.00732646 0.017763 0.0260799 0.0265708 0.0379856 0.0105403 0.0699218 0.0163258 0.00322923
internal_weight=1.02003e+06 140776 879256 120041 20735.2 585225 294031 86394.9 16244.3 177074 207250 4490.94 116957 377976 33645.8 28890.1 23136.5 3654.76 10167.6 170286 184113 147830 56721.7 56821.4 10563.9 120253 78969.7 29673.2 207690 836.179 37987.1 7234.88 22312 3184.34 595.042 99610.7 18326.2 24013 17722.9 32708.7 67838.8 53637 21306.6 6470.28 2705.92 37518.6 95999.1 20957.9 63284 33671.3 21495.2 42457.5 51754.2 65606.1 3104.76 11661 4093.64 2932.76 20056 241.137 4755.64 3611.68
internal_count=2080224 680862 1399362 456104 224758 811129 588233 276903 131059 321100 333080 93699 267133 478049 179201 159291 48285 58420 94716 229996 284795 221248 167943 117907 72273 203193 168086 108960 248053 35279 99047 71146 44756 9618 28419 163964 87018 77007 54590 90936 87221 108289 81656 47389 43749 96589 156148 40134 130649 72729 52568 83089 87797 83081 11546 57852 24884 23570 58444 6860 19910 7816
is_linear=0
shrinkage=0.05


Tree=5
num_leaves=63
num_cat=0
split_feature=12 17 12 24 12 17 24 24 14 12 13 12 8 17 12 46 12 64 64 24 12 21 124 24 80 38 110 108 14 40 60 124 46 12 46 107 13 13 99 122 108 24 24 107 40 16 38 28 39 13 24 40 13 60 40 124 24 65 88 8 111 111
split_gain=25768.8 5344.5 4539.81 1184.35 1093.6 970.401 578.917 319.022 266.701 232.239 205.316 192.847 173.298 171.875 159.685 153.374 148.45 102.319 96.5715 93.1909 81.8717 80.9202 69.0527 68.857 65.2561 65.5628 65.1726 63.0498 61.2639 59.8293 59.1182 58.6041 57.716 56.0598 55.0173 53.1987 51.9523 51.647 49.4308 59.4834 49.3619 45.9315 45.5204 45.3318 43.4926 43.1172 42.2548 40.9054 39.6574 38.3887 36.658 38.326 36.554 36.4119 36.3883 34.7869 32.8134 31.4775 31.359 30.6608 30.6551 30.4944
threshold=4.1666667461395273 6.5000000000000009 1.8333333134651186 906.50000000000011 6.5000000000000009 14.500000000000002 2394.5000000000005 2645.0000000000005 10.500000000000002 2.8333333730697636 0.58333334326744091 3.1666666269302373 3.5000000000000004 43.500000000000007 5.1666667461395273 5515.5000000000009 7.8333332538604745 1317867.0000000002 1317867.0000000002 4459.5000000000009 13.500000000000002 5.5000000000000009 461.50000000000006 2645.0000000000005 37164.000000000007 3.9216867685317998 562.50000000000011 263.50000000000006 25.500000000000004 4110.5000000000009 43423.666015625007 285.50000000000006 5515.5000000000009 0.83333334326744091 7211.5000000000009 216.50000000000003 2.4166666269302373 1.4166666865348818 1627916352.0000002 3200.833374023438 423.50000000000006 4459.5000000000009 1190.5000000000002 1.0000000180025095e-35 5664.5000000000009 42.500000000000007 0.76997897028923046 11113.500000000002 1.5700779557228091 4.0833332538604745 906.50000000000011 8314.5000000000018 8.2500000000000018 43423.666015625007 5104.0000000000009 285.50000000000006 1612.5000000000002 79712.000000000015 463238.01562500006 3.5000000000000004 104.91666793823244 104.91666793823244
decision_type=2 2 2 2 2 2 2 2 2 2 2 2 2 2 2 2 2 2 2 2 2 2 2 2 2 2 2 2 2 2 2 2 2 2 2 2 2 2 2 2 2 2 2 2 2 2 2 2 2 2 2 2 2 2 2 2 2 2 2 2 2 2
left_child=2 4 3 10 14 8 9 15 52 36 24 21 57 18 23 33 55 20 28 29 -10 32 44 -2 25 -1 -21 -24 -7 -9 -22 -16 41 61 -11 -17 48 -12 39 -15 -13 -8 -36 -23 -18 -20 -47 -28 50 -42 -4 -52 -3 -30 -25 -14 -37 -6 -32 -33 -35 -5
right_child=1 5 6 7 12 13 11 19 17 34 37 40 16 38 31 35 22 -19 45 26 30 43 27 54 -26 -27 47 -29 53 -31 58 59 -34 60 42 56 -38 -39 -40 -41 49 -43 -44 -45 -46 46 -48 -49 -50 -51 51 -53 -54 -55 -56 -57 -58 -59 -60 -61 -62 -63
leaf_value=-0.0071161001424515646 0.0086330250836928312 0.029299520063014763 -0.0027102971304440691 0.0032040756949533477 0.00041198757364107426 0.063589523325476502 0.0017945220153732868 -0.0021377158069507368 0.041791775864092537 0.0021491352617558491 -0.0056850661033340773 0.01811339093700488 0.018837919484405521 0.1067478914163042 0.013450090855946107 0.0048826859249272471 0.019975276148361074 0.031983715937661458 0.040056794813589952 0.012609437135946495 0.0098766768406017072 0.041997609381148826 0.062722681414548107 0.010911654906496423 -0.0084331089171204559 -0.0018229676660739093 0.001806608527408932 0.031874711244813954 0.020326126936267716 0.0016430372843629576 0.043110648940209696 0.013585852139653722 0.0066390291732972857 0.009775287034455021 0.0031982236076720525 -0.0026423231004465805 0.0021156675329157626 -0.0027029006580787354 0.12185019351610607 0.045308044270970245 0.0078717055891692461 0.0053599385604411413 0.0074998078561819689 0.010570174160333935 0.028228044607971028 0.024518430691812504 0.064954746133244687 0.012053777328258112 0.0055208095257158144 0.012401500190824692 -0.0010186375607708776 0.0024670859482042833 0.036628945611832081 0.082148984608881911 0.015060538450430917 0.023927310921876804 -0.00019081727506697489 0.01641251964443138 0.05453034453205996 0.019021389982067372 -0.0035960250569430337 -0.005542385305143306
leaf_weight=92161.423123631743 17162.206230163574 4428.7710075378418 25155.139885663986 1008.8947668075562 330.89294338226318 1550.7960550785065 28295.229242801666 29762.814498186111 4098.8698580078781 26499.369995117188 102043.61105617136 1459.3966674804688 5594.6487278938293 99.732800483703613 13544.65385055542 3007.0717716217041 2284.6496214866638 1345.2374491691589 469.71142482757568 1735.3879699707031 83.429723758250475 118.3588924407959 170.10078239440918 11089.062316894531 152009.77575683594 6249.941650390625 15886.456354141235 7002.0726261138916 25.131151854991913 16135.724350690842 747.4715256690979 3270.0458221435547 14066.086101531982 430.34271430969238 11854.870971679688 46178.806160926819 16701.390873432159 16936.422127701342 161.97434425354004 67.470349311828613 25551.277209167369 13274.029023647308 12795.774169921875 3475.1426258087158 5393.2391510009766 74.461563222110271 557.3713616207242 1037.2931728363037 2303.1656920909882 5733.8212405396625 44357.638750076294 9589.8833351135254 2802.6957111358643 838.69395166635513 10141.234344482422 8506.8847045898438 19383.93431854248 4451.1355276107788 3483.2312486171722 12822.567947387695 78127.699277877808 75191.864744186401
leaf_count=115472 47127 25487 40863 2199 792 23626 57396 49960 33276 54798 138475 6262 23491 5404 46070 7198 11502 13046 5844 6035 358 1008 2789 34214 176138 10637 32237 48232 193 32277 7062 11186 34951 1189 25563 73840 33814 26474 13361 1657 67653 31937 32320 10882 32280 895 13977 3651 5549 17880 77644 19333 19620 20649 35658 41021 34863 19106 40541 51642 118441 104136
internal_value=-1.01521e-05 0.0214929 -0.00294415 -0.00509725 0.0167689 0.0445645 0.00292244 -0.00269301 0.0394279 0.00099963 -0.00697093 0.00604275 0.0241299 0.0672498 0.0131187 -0.00358791 0.0255868 0.0448239 0.0639926 0.000402681 0.0468745 0.00434019 0.0290778 0.0109895 -0.0077835 -0.00678 0.00338213 0.0326113 0.0696098 -0.000808472 0.051697 0.0158763 0.00387028 -0.00446012 0.0037311 -0.00161928 -0.000424432 -0.00526062 0.101878 0.0821943 0.00912212 0.00293321 0.00543142 0.0116124 0.0257744 0.051649 0.0602204 0.00243531 -0.000945636 0.00870225 -0.00113401 -0.000398894 0.0321432 0.080369 0.012894 0.0219092 -0.00191761 0.0153066 0.0525193 0.0179176 -0.00352265 -0.0054265
internal_weight=1.02112e+06 122598 898518 657287 101763 20835 241231 287886 16989.7 149257 369401 91973.3 33733.6 3845.34 68029.8 223329 28951.6 9758.24 3516.17 64557.7 8413 59228.8 14850.1 38392.5 250421 98411.4 18659.1 7172.17 2414.62 45898.5 4314.13 29637.3 55635.3 154759 51150 68569.8 98107.2 118980 329.177 167.203 32744.5 41569.3 24650.6 3593.5 7677.89 1101.54 631.833 16923.7 81405.8 31285.1 79102.7 53947.5 7231.47 863.825 21230.3 14101.5 65562.7 4782.03 4230.7 16092.6 78558 76200.8
internal_count=2081181 630106 1451075 933222 405110 224996 517853 466026 139390 289884 467196 227969 179213 85606 225897 341866 159315 94283 65184 124160 81237 136174 94803 116999 302247 126109 41923 51021 44468 82237 47961 108898 124284 225965 112681 115901 177203 164949 20422 7061 91795 89333 57883 11890 43782 20716 14872 35888 143389 85533 137840 96977 45107 20842 69872 64512 108703 19898 47603 62828 119630 106335
is_linear=0
shrinkage=0.05


Tree=6
num_leaves=63
num_cat=4
split_feature=135 12 17 136 24 136 17 3 24 31 136 24 106 14 17 12 13 13 25 38 3 132 95 111 100 24 3 13 135 13 24 48 99 3 37 119 136 20 24 38 32 40 81 12 111 106 17 13 106 48 24 65 39 100 124 38 38 131 88 92 8 106
split_gain=23264.4 4720.65 4350.3 1159.01 1061.87 812.288 643.519 284.17 267.75 226.863 173.687 159.102 157.413 146.823 135.188 120.182 117.014 109.019 102.749 91.2246 91.1691 86.8836 86.6011 82.1812 79.613 83.3688 71.7206 66.2918 65.0774 61.1081 55.2731 59.5915 54.5431 53.4687 58.4601 50.949 50.7284 50.2904 48.6722 48.1941 46.3232 49.0402 44.6 43.8731 42.017 40.5862 39.5876 39.5032 38.6009 38.2919 48.4602 38.2441 37.9832 37.8027 35.2227 34.8932 32.714 32.2112 30.6021 30.5483 29.4659 29.406
threshold=4.5000000000000009 1.8333333134651186 7.5000000000000009 6.9000003337860116 1190.5000000000002 3.3000000715255742 15.500000000000002 0 1951.5000000000002 604.60299682617199 5.4000003337860116 2161.5000000000005 700.50000000000011 12.500000000000002 43.500000000000007 1.1666666865348818 0.75000000000000011 8.2500000000000018 1.0000000180025095e-35 3.9216867685317998 1 0.35132654011249548 7668465.0000000009 501.08332824707037 763893248.00000012 4459.5000000000009 2 2.7500000000000004 0.83333334326744091 5.0833332538604745 4459.5000000000009 6413.5000000000009 1627916352.0000002 3 4375.5000000000009 3356.5000000000005 9.3000006675720233 1.0000000180025095e-35 416.50000000000006 0.70142048597335827 3251.5000000000005 4110.5000000000009 903.00000000000011 15.500000000000002 277.25000000000006 664.50000000000011 21.500000000000004 2.0833333730697636 682.50000000000011 6986.0000000000009 906.50000000000011 50294.500000000007 1.5700779557228091 1223247232.0000002 196.50000000000003 0.76997897028923046 0.84233343601226818 6.2367424964904794 399407.71875000006 508560.62500000006 1.5000000000000002 732.50000000000011
decision_type=2 2 2 2 2 2 2 9 2 2 2 2 2 2 2 2 2 2 2 2 9 2 2 2 2 2 9 2 2 2 2 2 2 9 2 2 2 2 2 2 2 2 2 2 2 2 2 2 2 2 2 2 2 2 2 2 2 2 2 2 2 2
left_child=1 4 3 10 7 8 13 16 27 15 37 53 33 45 21 40 38 23 57 28 43 55 -13 42 25 -10 -20 49 -9 54 31 -24 35 36 -35 -16 -5 48 -1 -23 41 -6 -14 -15 -32 -4 -41 -17 -2 -3 -51 -44 -25 -7 -12 -8 -22 -11 -19 -36 -28 -31
right_child=2 5 6 12 9 11 14 19 24 18 29 22 17 20 32 47 -18 58 26 -21 56 39 30 52 -26 -27 60 -29 -30 61 44 -33 -34 34 59 -37 -38 -39 -40 46 -42 -43 51 -45 -46 -47 -48 -49 -50 50 -52 -53 -54 -55 -56 -57 -58 -59 -60 -61 -62 -63
leaf_value=-0.0081639619609266759 0.010289622866840112 -0.0019169293802412267 0.028137364447921687 0.021169807655620373 -0.0050085292156416663 0.0034396824413268044 0.024975854463889599 -0.0056792707148478061 0.0012873541285870383 0.058451936240547314 0.011550499445588214 0.044384071595877199 0.055693613039688152 0.045629113342760597 0.096525755809200017 -0.001520444922357554 -0.0051254000162552034 0.028219723819987559 0.0076938153245830676 0.0019450281430680402 0.020191826646198584 0.037279817376623406 0.0062807424923143609 0.02364026974343595 0.0058274273937666734 0.0056535843070583593 -0.0011417326469929563 0.0028513722682732348 -0.0034829930291880515 0.016463916793398141 0.024651606104694163 0.011018896647696678 0.11746137554420577 0.014620564522660135 0.027735462094546883 0.038717386250048988 0.029761872518027834 0.0082101582005927876 -0.0065862679157555701 0.065005254225128969 -0.001288360503025574 -0.0028334106490251632 0.0055209770006161459 0.055550045388238004 0.011353473469933754 0.037814456970078653 0.080655979696382663 0.0019141883842849667 0.01464138482112138 -0.0014852128120664242 0.0018693444268127494 0.031717497970111315 0.0055634664898046556 0.0069780296199744548 0.016302694522321703 0.0543731717249826 0.038821689409957637 0.016093344497179321 0.035696474813520555 0.064286314388805929 0.0025892298692348653 0.021608669135220117
leaf_weight=163314.31643639272 10200.781451314688 43585.491096287966 1412.5870990753174 7009.5480438023806 57056.572583436966 18628.097190856934 114.30928239971399 77276.704315185547 41121.946807861328 46.858298256993294 6222.2434471845627 177.46964454650879 187.77209550142288 2325.9186817482114 108.57321643829346 67177.572535008192 54912.603542394936 1990.7370758056641 4124.305525302887 5331.53466796875 290.17920589447021 114.1137891067192 17109.610603988171 9240.7321305274963 25314.535118103027 14894.102241516113 12012.362153530121 13865.472137659788 59888.565086364746 5062.0618506669998 621.1518862247467 10853.379780828953 160.28669357299805 3861.6873115748167 208.03331226762384 60.699822425842285 2287.034725189209 10517.31421366334 69855.546661376953 1062.4449066864327 18227.095188140869 47509.052580595016 146.1812718808651 2206.0197244808078 13917.153846740723 4845.9366989135742 686.48047971725464 9561.8114981949329 10223.954376220703 21618.234390258789 21444.869750976562 3305.4255240857601 301.15084934234619 12704.30224609375 10522.104248046875 1006.7708200439811 1327.4789340496063 933.98218636214733 4543.6079254150391 79.824170642532408 9457.2404632568359 6223.6324768066406
leaf_count=187641 30497 73468 9040 32423 80213 41317 1220 103661 82007 507 20407 1641 2299 22432 5633 112804 75629 12685 11693 10911 2096 1436 43174 47402 61368 36892 21301 29361 89929 19728 3352 32452 13364 18835 1716 1401 14745 30828 88465 18244 32214 75075 533 28469 43723 37238 18507 18731 35538 37132 42613 21504 1000 32260 40015 18614 14804 3661 35493 1493 19991 27637
internal_value=-1.11084e-06 -0.00259665 0.021959 0.0178106 -0.00484138 0.00316471 0.0462679 -0.00629838 0.00136734 -0.00206676 0.0136049 0.0075807 0.0252892 0.0410359 0.0658486 -0.00264476 -0.00720201 0.0281356 0.00227288 -0.00447065 0.0465299 0.0624652 0.00956716 0.0255136 0.00350024 0.00244842 0.00166385 -0.000358444 -0.00472039 0.0164564 0.00942114 0.00812012 0.0963283 0.0211144 0.0162077 0.0760007 0.0232605 0.0110214 -0.00769134 0.0691098 -0.00361486 -0.00402034 0.0319134 0.0503539 0.0119228 0.0356335 0.0711726 -0.00109241 0.0124685 -0.000872149 0.0001852 0.0306104 0.0230706 0.00487462 0.0145375 0.0513926 0.0352722 0.0181508 0.0334217 0.0379824 0.000501291 0.0193023
internal_weight=1.0204e+06 912542 107856 92133.8 656686 255856 15721.8 430579 181845 226107 58972.1 74011.2 33161.7 12408.1 3313.68 199532 288082 19715.6 26574.7 142497 6149.6 2984.12 42678.8 13181.3 81330.6 56016 25593.9 100514 137165 28030 42501.3 27963 329.56 13446.1 4149.54 169.273 9296.58 30942.1 233170 1863.04 122793 104566 3639.38 4531.94 14538.3 6258.52 1748.93 76739.4 20424.7 86648.6 43063.1 3451.61 9541.88 31332.4 16744.3 1121.08 1617.66 980.84 6534.35 287.857 21469.6 11285.7
internal_count=2080462 1493186 587276 394778 932426 560760 192498 556236 362841 376190 204650 197919 190128 114079 78419 319037 351735 120916 57153 204501 67801 58021 124342 72738 180267 118899 52985 182574 193590 107787 122701 75626 20398 69212 22044 7034 47168 96863 276106 38187 187502 155288 24336 50901 47075 46278 36751 131535 66035 153213 79745 22037 48402 73577 60422 19834 16900 4168 48178 3209 41292 47365
cat_boundaries=0 1 2 3 4
cat_threshold=33561 5285 12352 15397
is_linear=0
shrinkage=0.05


Tree=7
num_leaves=63
num_cat=4
split_feature=136 135 17 3 136 136 17 31 135 13 135 106 135 14 17 13 35 14 13 25 94 3 64 64 21 35 25 106 99 46 111 109 13 119 136 35 14 37 37 35 106 135 95 65 80 33 65 13 35 95 13 17 106 80 94 135 13 62 25 3 3 16
split_gain=21095.3 4602.9 3625.34 819.941 813.392 783.62 582.291 304.32 221.256 201.886 170.102 158.284 148.962 137.69 125.802 122.716 114.309 112.259 109.531 103.952 86.7504 81.2768 77.9076 72.548 68.6181 64.7117 62.187 59.9213 59.7941 59.0841 58.0817 56.2625 50.8841 48.5178 47.158 46.2625 45.9525 44.9554 40.2188 39.8262 37.6395 36.4645 35.8639 34.6835 33.9788 31.609 31.091 30.968 30.3246 30.1869 30.0454 29.4799 28.9072 28.6737 28.6357 28.5825 27.8674 27.8619 27.8139 27.0203 26.6501 25.7073
threshold=4.8009357452392587 1.8333333134651186 7.5000000000000009 0 3.3000000715255742 6.9000003337860116 15.500000000000002 296.27484130859381 0.83333334326744091 2.7500000000000004 3.1666666269302373 700.50000000000011 1.1666666865348818 12.500000000000002 32.500000000000007 4.0833332538604745 1.5000000000000002 8.5000000000000018 5.0833332538604745 1726.5000000000002 145816624.00000003 1 1317867.0000000002 1317867.0000000002 1.5000000000000002 4.5000000000000009 1145.5000000000002 320.50000000000006 1627916352.0000002 5800.0000000000009 251.41666412353518 385.50000000000006 1.0833333134651186 3356.5000000000005 11.200000286102297 4.5000000000000009 4.5000000000000009 344.50000000000006 4375.5000000000009 2.5000000000000004 700.50000000000011 15.500000000000002 7668465.0000000009 50294.500000000007 5214.5000000000009 1688.5000000000002 50294.500000000007 1.7500000000000002 4.5000000000000009 383025888.00000006 9.5833334922790545 88.500000000000014 700.50000000000011 6617.5000000000009 165569536.00000003 23.166666984558109 7.2500000000000009 1124816.0000000002 3508.0000000000005 2 3 42.500000000000007
decision_type=2 2 2 9 2 2 2 2 2 2 2 2 2 2 2 2 2 2 2 2 2 9 2 2 2 2 2 2 2 2 2 2 2 2 2 2 2 2 2 2 2 2 2 2 2 2 2 2 2 2 2 2 2 2 2 2 2 2 2 9 9 2
left_child=1 3 5 8 9 10 13 12 27 19 -2 29 32 50 23 20 44 30 25 37 -6 -18 41 43 -23 38 -10 -1 33 -7 -13 -21 39 -16 -19 42 -32 59 54 -5 -11 -15 -22 -8 -9 -41 -43 -14 -31 -27 -4 -30 -20 -46 -12 -45 -38 -36 -37 -3 -26 -24
right_child=2 4 6 7 15 11 14 16 26 40 18 17 47 22 28 -17 21 34 52 31 35 24 61 -25 60 49 -28 -29 51 48 36 -33 -34 -35 57 58 56 -39 -40 45 -42 46 -44 55 53 -47 -48 -49 -50 -51 -52 -53 -54 -55 -56 -57 -58 -59 -60 -61 -62 -63
leaf_value=-0.0076966862011402237 -0.0020845035152617414 -0.00041482330313995301 0.030963888475644231 0.00084832424085839369 0.0040167182810766609 0.014898050882888645 0.012306636214425175 0.00039685994046463027 -0.0051520240863477508 0.0033324933577343072 0.011720677955866989 0.057529988676437598 -0.002275713694652147 0.042655232052860093 0.080785843923626546 0.010963198404851868 0.0071252647281224539 0.028315438177418318 0.014956105015000077 0.0034544572766880659 0.037104821723603208 -0.0016607618061768169 0.027773894075614328 0.045339048097054871 0.005468541594071479 0.0093420814439661697 -0.0023664339198161475 -0.005923484485597437 0.092975293774124279 0.025799382280057678 0.014702260574284341 0.00058095569830598267 -0.0024205720558230412 0.039628488099029711 0.040764954445923061 0.0052814999972610422 0.02221465939091264 0.0021227724395951348 0.028861361635457185 -0.0052476822353831358 0.0066533439256724102 0.01381783234767989 0.0098838804009577074 0.056986015845872984 0.060226499587976302 -0.0031987765787738608 0.05203460028892716 0.00031139101154024554 0.019770527947487414 0.013330287211120548 0.038096412535123823 0.13900798587358329 0.019461468955410979 0.015518194366883148 0.016818076514420816 0.069795858333294644 0.027837040522749591 0.030517746839656343 0.0085085334111484664 -0.002455171357276003 0.00091743146360295899 0.046836880758402186
leaf_weight=166877.22408445389 1631.4767258167267 38669.930648803711 3769.3435841798782 3045.4488549083471 26469.467862695456 4553.42138671875 33.226138293743134 417.5847156047821 72211.140268146992 21058.408490747213 4422.6851038485765 122.49281042814255 62984.948800012469 2533.9915974810719 262.49977970123291 17365.546923071146 3550.1121549606323 5735.2260988354683 5658.3676674813032 31331.298517227173 121.8492374420166 46699.697117805481 823.80821299552917 813.41894721984863 4103.2703857421875 12087.576208114624 27742.175161540508 66741.479936599731 220.66362524032593 3211.7984352111816 1482.6824771165848 37343.090299606323 26347.920252814889 101.38157558441162 1547.3677024841309 17140.415685534477 6405.2836257228628 11424.04602432251 541.14959716796875 120882.82690143585 14359.329864501953 55.189562492072582 12992.099843978882 799.08102244138718 36.573114395141602 22315.67405462265 2480.8679943084717 14165.090593889356 6050.5824546813965 7838.4479160308838 2475.2430762052536 44.888319492340088 9721.5229797363281 1264.5538136959076 7376.5038623809814 1039.0394560098648 3398.791886090301 1190.4707679748535 10960.015955090523 27974.589254766703 14835.157829284668 228.37250065803528
leaf_count=192574 2785 69325 25695 5889 62052 20843 226 871 97540 46567 14602 1656 100517 24222 10306 54099 10065 34845 21260 68938 949 78870 7585 14267 9603 36975 44312 87380 10802 18903 7309 72770 41714 2247 14421 41597 31949 23485 3391 164322 36356 294 38210 11879 413 34775 31721 25674 30352 27375 20457 6520 41615 4760 28672 22326 20183 10955 31211 46092 28648 3808
internal_value=-8.5203e-07 -0.00235361 0.0219732 -0.00461211 0.00317593 0.0178062 0.0440212 -0.00280635 -0.00634761 0.00129093 0.0137876 0.0236824 -0.0036272 0.0390291 0.0626389 0.00721317 8.43163e-05 0.0265402 0.0143312 0.00047312 0.00625089 -0.000232067 0.0443642 0.0578911 -0.000631113 0.0126751 -0.00437895 -0.00719014 0.0828201 0.0195684 0.0232981 0.00189202 -0.00444366 0.0694028 0.0309037 0.00768557 0.0229236 -0.000774981 0.0155218 -0.0048081 0.00467907 0.0469389 0.0101386 0.0633308 0.0128199 -0.00492843 0.0512078 -0.00180065 0.0218629 0.0109115 0.0337947 0.101022 0.0178048 0.0168014 0.0149084 0.0642468 0.0241656 0.0363175 0.00654045 -0.00127179 0.00190725 0.0319365
internal_weight=1.02009e+06 921431 98656.9 654221 267210 82975.8 15681 320649 333572 182161 49277.7 33698.1 249742 12366.8 3314.2 85049.4 70906.9 19882.3 47646.3 146743 67683.8 69188.2 6122.23 2684.77 65638.1 32266.4 99953.3 233619 629.433 13815.8 11409.3 68674.4 172592 363.881 8473.06 41214.4 11286.8 78068.6 12340.3 146244 35417.7 5070.05 13113.9 1871.35 1718.71 143199 2536.06 77150 9262.38 19926 6244.59 265.552 15379.9 1301.13 11799.2 1838.12 9804.08 2737.84 28100.4 66644.5 18938.4 1052.18
internal_count=2080024 1519578 560446 927927 591651 368091 192355 506121 421806 363533 176675 191416 372891 113782 78573 228118 133230 121318 173890 280610 174019 127186 67630 48698 117121 111015 141852 279954 29875 70098 61097 141708 246700 12553 60221 111967 59441 138902 46665 204986 82923 56237 39159 34431 6044 199097 32015 126191 49255 64350 46152 17322 62875 5173 43274 34205 52132 25376 72808 115417 38251 11393
cat_boundaries=0 1 2 3 4
cat_threshold=33561 8256 15460 4128
is_linear=0
shrinkage=0.05


Tree=8
num_leaves=63
num_cat=2
split_feature=136 12 17 24 136 17 136 12 24 100 18 24 24 14 14 3 17 13 64 23 21 111 88 3 124 132 94 48 12 24 48 24 81 108 100 39 39 130 24 39 46 135 24 64 136 124 13 95 93 40 93 24 48 111 51 46 39 46 93 122 39 17
split_gain=19045.2 4183.97 3292.41 1109.89 710.377 543.76 478.975 279.306 248.532 161.443 146.025 142.858 137.993 134.344 131.468 108.368 98.6774 96.9173 94.0401 82.0871 81.1739 77.4879 69.4412 62.7968 59.877 58.9328 58.0971 56.6618 50.8075 50.4172 49.9011 58.6274 48.6868 48.0226 47.2691 47.1829 47.0082 45.6187 43.2484 40.8223 40.1422 39.9586 39.5295 39.2121 39.0824 37.5101 36.4105 35.877 34.0985 33.2583 32.9606 32.8518 31.43 30.1759 30.171 30.108 29.8412 27.7477 27.7385 26.6966 26.0923 25.346
threshold=4.8009357452392587 2.1666666269302373 7.5000000000000009 1190.5000000000002 6.9000003337860116 16.500000000000004 3.3000000715255742 0.83333334326744091 3216.5000000000005 620091584.00000012 2.5000000000000004 2645.0000000000005 2394.5000000000005 12.500000000000002 8.5000000000000018 0 37.500000000000007 5.0833332538604745 1317867.0000000002 0.27350650727748876 2.5000000000000004 104.91666793823244 399407.71875000006 1 600.50000000000011 0.35132654011249548 250275448.00000003 6139.0000000000009 1.1666666865348818 4459.5000000000009 6413.5000000000009 1190.5000000000002 1640.0000000000002 105.50000000000001 1142034816.0000002 0.82915791869163524 2.2421650886535649 0.35481521487236029 176.50000000000003 2.2421650886535649 3995.5000000000005 1.1666666865348818 8460.0000000000018 1317867.0000000002 11.200000286102297 461.50000000000006 1.4166666865348818 1.0000000180025095e-35 388934.06250000006 6492.0000000000009 1136607.4375000002 1328.5000000000002 7659.5000000000009 104.91666793823244 4.5000000000000009 4236.5000000000009 0.82915791869163524 6879.0000000000009 3785375.8750000005 3200.833374023438 0.82915791869163524 3.5000000000000004
decision_type=2 2 2 2 2 2 2 2 2 2 2 2 2 2 2 9 2 2 2 2 2 2 2 9 2 2 2 2 2 2 2 2 2 2 2 2 2 2 2 2 2 2 2 2 2 2 2 2 2 2 2 2 2 2 2 2 2 2 2 2 2 2
left_child=1 3 4 7 10 13 11 15 9 41 17 30 34 48 19 39 25 26 45 -6 43 -11 61 36 49 -7 -2 29 -23 -14 -3 -32 -26 -28 -8 -18 57 -24 -17 -1 -13 53 47 55 -39 -15 -25 -22 -4 -21 59 -36 -40 -5 -35 -10 -19 -9 -37 -27 -47 -16
right_child=2 6 5 8 14 16 12 23 20 21 -12 40 27 18 22 38 35 56 -20 24 42 28 37 46 32 50 33 -29 -30 -31 31 -33 -34 54 51 58 -38 44 52 -41 -42 -43 -44 -45 -46 60 -48 -49 -50 -51 -52 -53 -54 -55 -56 -57 -58 -59 -60 -61 -62 -63
leaf_value=-0.0049724791027010318 0.0097559339604788558 -0.00052015875662032504 0.026003109642805517 0.0072466625340797571 0.0066167248310999632 0.047248242511393562 0.0032430843993669065 -0.0037391814866876236 -0.00032138625790032767 0.01238300213461814 -0.0017006037897057211 0.0028846557853638675 0.0056623636311527517 0.039494436485249897 0.016226570695655165 -0.0078035541723818439 0.030675712596112181 0.010746140323964532 0.029515199896349271 0.015690614993069837 0.025761883270613059 -0.0021485437737862657 0.024916059922115243 -0.0050499883329735472 0.069465481315937258 0.057566499799645121 0.032171005169593515 0.011311457223444581 0.00021024775128359954 0.0097747787467882419 0.00016132768497038896 0.0036849265321894694 0.024289352340987721 0.016255149305229689 0.0047173529535453687 0.077773099428172177 0.0074687749753127438 0.02871913167223808 -0.0068708984113109543 0.00047083425922620831 0.0060882372339652671 -0.0022716216310595251 0.015457887525832421 0.0079305296152959569 0.038017448220112361 0.032763388864549485 -0.0024260000317975206 0.0043033955731470097 0.034437699076809394 0.020920568524337962 0.069826152800646551 0.009087617362707797 -0.0051746879095794056 -0.0042542646214611714 0.011912359213111061 0.0029730701674604864 0.017651059017311226 -0.0015284003595395584 0.10541833237100162 0.018128253485878081 0.049505218987739449 0.024045820971443265
leaf_weight=63040.280288696289 15019.348791286349 36872.512697219849 1639.9671468734741 574.11178779602051 1104.0077321529388 897.44923520088196 22479.103607177734 31309.593085289001 30433.08644759655 1123.9303646087646 1613.6041526794434 19229.944547653198 16296.323283195496 1882.4844484329224 1718.9499456882477 92552.266394625651 40.505960941314697 1775.7575208693743 1159.2039852142334 5351.1777853965759 199.40570582449436 40584.140781402588 4536.357421875 80116.610164910555 60.014883041381836 580.99096179008484 356.93378591537476 14972.885559082031 52173.549694061279 13753.91881275177 23465.78493309021 23762.06177520752 5999.2166938781738 6637.1629462242126 9404.20458984375 267.86920261383057 1150.3098754882812 3422.0294818878174 99289.85228729248 3641.5977783203125 19916.403993606567 45174.72900390625 984.64774703979492 1822.3503932952881 1708.0188884735107 256.80487203598022 15844.339738577604 7809.1203142255545 4611.8117523193359 7107.3601021766663 885.38824081420898 7938.1452026367188 37727.481658935547 72478.856773376465 10138.784024238586 8980.745791554451 13612.996543526649 25982.347023963928 151.23506021499634 47.358697891235352 3283.5547070503235 2653.3128051757812
leaf_count=85289 47530 67060 10695 1505 3852 15966 50721 46021 56176 3805 2786 42503 41682 18932 8925 103789 786 6227 12574 23892 1178 65557 30000 108167 1039 10808 2418 47995 95419 42588 43642 51964 34218 26162 22570 11807 2889 21365 119359 7044 50083 72970 3738 5719 16333 2387 24782 18065 35600 35802 20201 22344 49106 103873 34490 19221 56627 42502 12205 565 40074 15835
internal_value=7.14406e-06 -0.00222776 0.0209018 -0.0040483 0.0169211 0.0418915 0.00401 -0.00555344 -0.00146269 -0.0022116 0.0130885 0.00201961 0.0069012 0.0374873 0.0225174 -0.00645211 0.0615687 0.0135906 0.0424789 0.0198719 0.00169975 -0.00066354 0.0262138 -0.00382913 0.0206617 0.0574874 0.0120278 0.00879773 -0.000821743 0.0075449 0.000858127 0.00193431 0.0247433 0.0140187 0.00475672 0.0828833 -0.00253523 0.0285817 -0.00696792 -0.00467443 0.00451472 -0.00344083 0.00600379 0.000760903 0.0318193 0.0452461 -0.00461632 0.00483989 0.0322282 0.0186753 0.063537 0.00671825 -0.00640391 -0.00416376 0.0136313 0.000429182 0.016855 -0.00273668 0.0878746 0.0546188 0.048297 0.020975
internal_weight=1.0196e+06 921085 98519.7 712993 82815 15704.6 208091 450655 262339 212109 49154.6 123247 84844.6 12833.8 33660.4 296251 2870.8 47541 6582.05 19621.8 50229.4 93881.6 14038.7 154403 18517.8 2411.19 32152.2 45023.1 92757.7 30050.2 84100.4 47227.8 6059.23 17132.9 39821.5 459.61 58442.2 9666.41 229570 66681.9 39146.3 118228 8993.17 41236.2 5130.05 5422.84 95960.9 8008.53 6251.78 12458.5 1513.74 17342.3 137017 73053 16775.9 39413.8 15388.8 57291.9 419.104 628.35 3540.36 4372.26
internal_count=2079427 1519326 560101 1036174 367501 192600 483152 588948 447226 343129 176240 255252 227900 120262 191261 364587 72338 173454 73967 98803 104097 164781 92458 224361 94951 47540 110600 132265 160976 84270 162666 95606 35257 63070 95635 24798 91412 67698 272254 92333 92586 178348 22981 81116 37698 61393 132949 19243 46295 59694 31574 44914 168465 105378 60652 75397 62854 88523 24012 11373 42461 24760
cat_boundaries=0 1 2
cat_threshold=15584 15584
is_linear=0
shrinkage=0.05


Tree=9
num_leaves=63
num_cat=3
split_feature=135 136 135 17 136 24 136 3 24 24 136 24 3 13 17 13 48 64 107 39 24 94 27 39 64 24 40 46 24 21 135 38 13 14 136 106 134 109 136 111 13 109 48 124 111 96 20 46 110 101 38 14 56 14 38 130 24 24 16 3 93 24
split_gain=17177 4104.07 2612.97 802.527 797.453 610.732 513.461 266.233 208.229 172.743 147.68 144.887 134.469 132.983 131.488 95.9064 90.04 73.2731 72.5061 70.6751 68.1646 64.2703 63.1315 60.0988 55.8376 54.4329 56.183 54.0351 63.6234 51.1809 49.6464 49.2031 48.0112 48.0058 45.4238 44.5042 43.4647 43.0346 38.5322 37.8416 37.8275 37.0348 36.3757 35.963 34.4095 33.9712 33.3267 32.7347 32.315 32.1188 30.5685 34.5406 29.8165 29.5804 27.9247 25.5006 25.0085 24.6838 24.6023 23.9888 23.7104 23.5623
threshold=3.8333333730697636 9.3000006675720233 1.5000000000000002 13.500000000000002 6.1000001430511483 906.50000000000011 2.4208741188049321 0 2645.0000000000005 2645.0000000000005 14.00000047683716 1612.5000000000002 1 4.5833332538604745 28.500000000000004 6.4166667461395273 6413.5000000000009 1317867.0000000002 53.500000000000007 2.2421650886535649 2645.0000000000005 145816624.00000003 1.0000000180025095e-35 0.86362355947494518 1317867.0000000002 8460.0000000000018 4881.5000000000009 6879.0000000000009 1190.5000000000002 1.5000000000000002 0.5000000149011613 0.76997897028923046 2.4166666269302373 91.500000000000014 14.00000047683716 700.50000000000011 2.5000000000000004 385.50000000000006 11.200000286102297 104.91666793823244 1.9166666865348818 385.50000000000006 6986.0000000000009 222.50000000000003 187.58333587646487 24501782.000000004 2.5000000000000004 8584.5000000000018 337.50000000000006 605151904.00000012 0.70142048597335827 21.500000000000004 1317867.0000000002 7.5000000000000009 0.84233343601226818 0.31203860044479376 1328.5000000000002 8460.0000000000018 36.500000000000007 2 328585.73437500006 8460.0000000000018
decision_type=2 2 2 2 2 2 2 9 2 2 2 2 9 2 2 2 2 2 2 2 2 2 2 2 2 2 2 2 2 2 2 2 2 2 2 2 2 2 2 2 2 2 2 2 2 2 2 2 2 2 2 2 2 2 2 2 2 2 2 9 2 2
left_child=2 4 5 7 13 12 11 10 27 16 21 40 30 20 17 22 39 50 -10 42 47 -3 43 -9 29 26 -20 59 -29 -11 -1 55 41 52 -25 -17 -15 49 -23 -7 -4 -13 -14 -6 -18 -45 -41 -2 -30 61 -5 -52 -33 -12 -19 -16 -49 -31 -56 -8 -37 -22
right_child=1 3 6 14 15 9 8 23 18 24 53 32 19 36 31 35 44 54 25 -21 37 38 -24 34 -26 -27 -28 28 48 57 -32 33 -34 -35 -36 60 -38 -39 -40 46 -42 -43 -44 45 -46 -47 -48 56 -50 -51 51 -53 -54 -55 58 -57 -58 -59 -60 -61 -62 -63
leaf_value=-0.0070635173545404968 0.0047753273011021695 0.022464022254642176 -0.0025903625923028905 0.031071361078505323 0.015342723944217743 0.0039548748584774694 0.0033741682670451406 0.0084989880295914012 0.032408907753849213 -0.0012977990272032809 0.019180810645831138 0.0017024570429776372 -0.005426612609673487 0.0085160806788613843 0.01252329965057334 0.017396190244685725 0.0037824420721612479 0.01612123545319109 0.0041212222795661982 0.0022000870533656429 0.0080480060463312842 0.029553650674841992 0.013574230050059165 0.018189536029648644 0.0081010365740306987 0.012556796797155951 0.0077145250883569735 0.0014079955358174898 0.014625510468986427 0.0018842172808944048 -0.0056510703834316556 0.081942836594383561 0.0033776729641989338 0.10557983216528551 0.027871310737612787 0.01888972930352063 0.013753290292904757 0.0076510749582222376 0.035671164791918931 -0.0029735585837461693 -0.00010257504563279093 -0.00079580275562936449 -0.0033919438277702041 0.040524794369305284 -0.0016662378421010834 0.020302432810048218 -0.0045554994404401602 0.0058781694083181795 0.0050219983711241659 0.013830238150026666 0.049339192858527184 0.061204943635929779 0.059698464410465939 0.042935549750845597 0.030654746593905297 0.065925895700059772 0.010816226671275665 0.011900001399573423 0.048419246561019876 0.00032371226150863509 0.025158058672390501 0.016144295406114246
leaf_weight=147023.44826537836 16747.724181652069 1995.0610377267003 67216.902035444975 149.05040100729093 4793.65669298172 1523.2735757827759 7819.5312652587891 866.9173443838954 261.83707046508789 35763.622707366943 138.00633414275944 26605.08492693305 50400.701122283936 5183.335910320282 51.46932244906202 4098.2596049308777 3125.2855672836304 137.74236158654094 26306.069203644991 4065.7706298828125 6423.4744024276733 5840.1554489135742 11139.483848571777 2555.0198936462402 2046.7317504882812 3008.5403653383255 18563.866417497396 19280.953556060791 921.15366864204407 12066.290734291077 107978.7248840332 287.38526548584923 16182.115015655756 114.01753854751587 2321.8350219726562 1969.7067031860352 16937.209614753723 14136.162649154663 4674.3717842102051 53139.516164779663 19780.788249284029 33526.979844093323 38978.482830047607 214.17998445034027 39614.037658691406 7516.1811147928238 89276.375696182251 5108.6605834960938 17981.441057920456 7443.3544073104858 1411.3666096427478 1129.9265791326761 344.76030170917511 3591.8510572146624 354.74472256377339 39.829348541796207 5166.0598754882812 647.99177074432373 450.91766667366028 36505.319629669189 6686.2414016723633 1047.0584449768066
leaf_count=169195 42197 12051 105724 1658 20215 3565 16990 4244 1951 62046 1016 53197 65722 16425 604 18988 7026 1367 62264 8437 19145 39877 44375 15648 6700 10681 51172 38617 3182 24692 135772 10282 35849 11176 23568 9606 61459 41218 39739 79899 35903 59992 56708 1867 64792 36666 124876 13356 42415 27116 19415 22519 11508 40593 4079 1566 16040 2071 9150 70001 37751 4365
internal_value=-9.81477e-06 0.0161872 -0.00260738 0.0339385 0.0120897 -0.00453809 0.00123912 0.0300092 0.00357545 -0.00258107 0.0332995 -0.000629918 -0.0058703 0.00924311 0.0532509 0.0182012 -0.00328303 0.0491149 0.00618875 -0.00424562 0.00794762 0.0307119 0.0163157 0.0206095 1.24406e-05 0.00604492 0.00560805 0.00205061 0.00342926 -0.000329036 -0.00646521 0.0711512 0.000960145 0.0754053 0.0228024 0.0216983 0.0125265 0.00962936 0.0322753 -0.00388141 -0.00202477 0.00030946 -0.00453937 0.018753 -0.00126765 0.020866 -0.00396528 0.00613935 0.00549063 0.0115038 0.0533308 0.054628 0.0698758 0.0420606 0.0370651 0.036107 0.00836188 0.00239552 0.0406273 0.000862835 0.0237334 0.00918444
internal_weight=1.02068e+06 141065 879611 26454.4 114611 585650 293961 21983.2 130649 237203 16239.4 163312 348447 78193 4471.21 36417.7 186678 3633.75 48140.3 93445 56072.5 12509.6 23663.5 5743.77 50524.6 47878.5 44869.9 82508.4 38183.5 48477.9 255002 837.462 76314.2 746.163 4876.85 12754.2 22120.5 29050 10514.5 143939 86997.7 60132.1 89379.2 12524 42739.3 7730.36 142416 27022.4 18902.6 14913.9 2690.34 2541.29 632.146 3729.86 943.405 91.2987 10274.7 12714.3 805.662 44324.9 8655.95 7470.53
internal_count=2080288 680849 1399439 270060 410789 811501 587938 176736 297273 375667 133276 290665 435834 241321 93324 169468 280158 58188 126068 130867 163437 91667 103123 43460 95509 124117 113436 171205 84214 88809 304967 35136 149038 32966 39216 66345 77884 91844 79616 208340 141627 113189 122430 58748 71818 38533 204775 71593 45597 50626 43592 41934 21790 41609 14596 2170 29396 26763 13229 86991 47357 23510
cat_boundaries=0 1 2 3
cat_threshold=13477 33561 4192
is_linear=0
shrinkage=0.05


Tree=10
num_leaves=63
num_cat=3
split_feature=135 136 135 17 136 32 136 17 24 3 24 3 13 24 107 64 13 35 40 106 30 100 13 24 100 108 35 17 111 35 24 44 37 24 12 62 106 107 20 63 104 28 106 107 24 37 107 101 24 3 33 100 106 4 40 37 24 40 83 8 100 24
split_gain=15511.6 3692.97 2353.19 741.963 715.886 552.233 462.091 198.892 196.834 153.047 142.207 141.088 126.186 125.141 109.054 105.305 79.2895 77.0829 69.4713 65.625 64.5135 73.757 64.2041 62.5455 61.9257 61.1443 59.3465 52.0084 50.6032 49.0054 47.4991 45.6058 43.2407 42.0977 40.488 39.3149 38.8512 38.2064 37.0564 45.994 36.9156 36.7781 36.687 35.3279 33.0533 32.0551 31.6877 31.3512 31.218 31.1207 31.0849 30.662 30.4262 29.7842 29.5846 29.1599 29.1558 28.3699 27.8718 30.4591 26.79 26.7831
threshold=3.8333333730697636 9.3000006675720233 1.5000000000000002 10.500000000000002 6.1000001430511483 1203.5000000000002 2.4208741188049321 19.500000000000004 3216.5000000000005 0 4459.5000000000009 1 4.5833332538604745 1612.5000000000002 264.50000000000006 1317867.0000000002 6.4166667461395273 2.5000000000000004 3849.5000000000005 717.50000000000011 11173.000000000002 802707648.00000012 3.0833333730697636 1951.5000000000002 841400512.00000012 489.50000000000006 4.5000000000000009 65.500000000000014 501.08332824707037 5.5000000000000009 1951.5000000000002 3905.0000000000005 1509.0000000000002 2910.5000000000005 15.500000000000002 212352.50000000003 700.50000000000011 524.50000000000011 1.0000000180025095e-35 10875.628906250002 932762112.00000012 11113.500000000002 717.50000000000011 724.50000000000011 3216.5000000000005 4375.5000000000009 1.0000000180025095e-35 1.0000000180025095e-35 2161.5000000000005 2 1.0000000180025095e-35 802707648.00000012 700.50000000000011 264.50000000000006 4110.5000000000009 4375.5000000000009 176.50000000000003 4347.0000000000009 8.5000000000000018 37.500000000000007 966547680.00000012 3625.0000000000005
decision_type=2 2 2 2 2 2 2 2 2 9 2 9 2 2 2 2 2 2 2 2 2 2 2 2 2 2 2 2 2 2 2 2 2 2 2 2 2 2 2 2 2 2 2 2 2 2 2 2 2 9 2 2 2 2 2 2 2 2 2 2 2 2
left_child=2 4 5 9 12 11 13 15 22 20 14 56 23 40 35 34 26 -13 48 43 21 -3 29 -2 -19 46 55 57 51 32 -20 44 49 -23 -5 -7 -18 -12 -11 -40 -4 54 -14 -9 -15 -41 -10 -39 -16 -8 -35 52 -25 -29 -27 -6 -1 -21 59 -47 -51 -33
right_child=1 3 6 7 16 10 8 19 25 38 37 17 42 31 18 -17 36 24 30 27 -22 33 -24 28 -26 41 -28 53 -30 -31 -32 61 -34 50 -36 -37 -38 47 39 45 -42 -43 -44 -45 -46 58 -48 -49 -50 60 -52 -53 -54 -55 -56 -57 -58 -59 -60 -61 -62 -63
leaf_value=-0.0070740481362887341 0.0050941394042820949 0.022533726423377122 -0.0028717670471561153 0.037649523764804425 0.017994314212580614 -0.0027678058458482117 -0.0015274758539566037 0.047315335106022607 0.03335146510677197 0.02477244795579292 0.0117719464786291 0.00046062993322301579 0.00982603117708572 -0.0018761642227578285 -0.004539248152428006 0.027028273715284514 0.016446613724472821 -0.005579780728694291 -0.0026002496354474488 0.045058045128125418 0.03902010215834565 0.024049998932898775 0.0050779405466447628 0.0070496040007496643 -0.0038032514033336084 0.0041434574871343326 0.013562092866606416 0.11378251057965734 0.0071927022741403619 0.0004601068856016106 -0.0002030371221964868 0.0014115415874516087 0.012204254679748124 0.069907144381050515 0.047272025753940135 0.0067865951634540431 0.022374196655221515 0.0072066176786872299 0.0017904827959195173 0.014952408888341977 -0.00080671971767288457 0.015306445546515408 0.013919433749594631 0.0046053641042231681 0.0012955852353050291 0.030849208087922166 0.011991631409806381 0.00074616288426540252 -0.002624886546330803 0.0020620200794628828 0.032493094363766115 0.013777464159075565 0.012870833172919911 0.057296813695703268 0.0072430436270602104 0.029899558126189302 -0.0057691895235448005 0.064356638757807602 0.016729326569807447 0.071935126430210855 0.0050600268042860332 0.0047956701716447246
leaf_weight=95853.197317123413 17722.247059583664 3834.3525622598827 45559.36336517334 1749.2672185897827 8735.8102524280548 1455.3191967010498 3986.8141117095947 418.29806491732597 184.46327304840088 1795.9914621599019 1039.3805084228516 7397.9202653798275 10249.475810289383 18938.330051422119 55067.185385942459 1179.2895126342773 4079.5494735240936 103504.93632507324 68026.609345197678 236.76418256759644 1585.9916687011719 1750.8948192596436 16335.382918354124 6164.0008597373962 93308.938552856445 15976.101702287793 14303.235290527344 78.824637291952968 22907.083328723907 41869.322631835938 29686.080299377441 35978.048610687256 1221.0424041748047 56.133641228079796 3022.1890668869019 4128.4225177764893 8686.1470794677734 2254.0200699567795 497.68331176042557 1888.2160279154778 41240.363403320312 1016.5093207359314 11799.312408447266 55.172842293977737 14503.103748321533 334.22740685939789 2968.6475133895874 11257.421961903572 34757.144165039062 20462.067499164492 6382.5189545303583 5786.5793647766113 3539.4124965667725 36.191182019189 14885.038879320025 548.89730834960938 77522.682830810547 1163.3979384899139 334.27085781097412 52.453242897987366 11728.730671882629 6983.2830543518066
leaf_count=107766 45521 24493 70778 16906 40733 2441 7107 8933 1503 14264 3838 13658 33442 31853 75693 13425 18888 131058 104768 5558 15622 11297 39581 18160 130426 38312 58259 9148 66169 81590 52765 71039 4056 1132 42035 10697 47371 5983 1833 11978 70704 4161 44285 411 29430 3520 10542 22513 54894 42346 51489 21105 12598 1953 40599 4037 94748 32074 2670 1486 27534 16731
internal_value=4.22314e-07 0.0153973 -0.00246865 0.0322357 0.0115078 -0.00430164 0.00118225 0.0450245 0.00339848 0.0267498 -0.00223061 -0.00544069 0.00881163 -0.000591697 -0.00258977 0.0404393 0.0173047 -0.00454901 -0.0027948 0.0587288 0.0295016 0.0282686 0.00222354 0.00755205 -0.00473757 0.00660483 0.0155851 0.0638251 0.00868629 0.00163522 -0.00187201 0.000883999 0.00295065 0.0309515 0.0437497 0.00429546 0.020481 0.00253579 0.0190089 0.0157332 -0.00189069 0.00594739 0.0120171 0.0423591 -0.00050047 0.0183899 0.0132479 0.00182451 -0.00379857 0.00263802 0.0328255 0.0108944 0.00917402 0.0963768 0.00563871 0.0187002 -0.00649027 0.0611141 0.0273695 0.0365211 0.00315358 0.00196179
internal_weight=1.02007e+06 140974 879096 26452.1 114522 585259 293837 7939.39 130634 18512.7 207672 377588 78168.1 163202 193121 5950.75 36353.6 204212 187537 1988.65 13609.9 12023.9 95603.4 56119.3 196814 35030.8 23587.9 1515.18 38397.1 79268 97712.7 76402.8 37398.7 8189.55 4771.46 5583.74 12765.7 14550.8 4902.84 3106.85 86799.7 31877.6 22048.8 473.471 33441.4 2609.17 3153.11 13511.4 89824.3 36177.6 6438.65 15490 9703.41 115.016 30861.1 9284.71 173376 1400.16 720.952 386.681 32190.8 42961.3
internal_count=2079909 680795 1399114 270227 410568 811248 587866 130443 297331 139784 333592 477656 241280 290535 301258 72366 169288 275142 288120 58077 104033 88411 202214 163553 261484 95117 103029 48733 118032 162633 157533 149053 81043 63918 58941 13138 66259 32334 35751 21487 141482 83072 77727 9344 61283 19654 12045 28496 130587 76987 52621 51863 30758 11101 78911 44770 202514 37632 7676 5006 69880 87770
cat_boundaries=0 1 2 3
cat_threshold=13477 33296 33560
is_linear=0
shrinkage=0.05


Tree=11
num_leaves=63
num_cat=1
split_feature=136 12 17 24 17 136 136 16 24 24 48 14 17 18 134 13 124 3 24 12 108 46 32 30 64 64 99 130 24 107 41 39 94 48 97 41 38 28 24 136 24 128 110 100 24 48 24 13 14 38 38 14 12 98 62 39 83 38 24 108 14 24
split_gain=14031.5 3058.78 2416.22 816.499 531.786 367.892 362.422 218.659 197.146 147.726 135.765 133.515 119.701 112.352 87.7428 80.088 79.3627 77.902 76.8288 71.1142 66.8305 63.7227 62.4525 58.4873 58.4064 57.8603 53.1834 56.1847 51.8064 51.6316 51.5307 51.0231 47.5387 44.0713 44.0575 43.0954 42.7239 39.8178 38.6626 37.557 36.9572 34.6422 34.3904 33.8488 33.0353 32.5911 32.3331 30.5723 28.8143 28.6436 28.6369 27.9953 27.716 27.6188 27.403 26.5767 25.6944 25.6002 25.2358 25.1224 24.5952 23.8152
threshold=4.8009357452392587 2.1666666269302373 6.5000000000000009 1190.5000000000002 13.500000000000002 6.9000003337860116 3.6000000238418584 1.5000000000000002 4459.5000000000009 1951.5000000000002 6413.5000000000009 10.500000000000002 28.500000000000004 2.5000000000000004 3.5000000000000004 5.7500000000000009 600.50000000000011 0 3625.0000000000005 1.1666666865348818 263.50000000000006 5515.5000000000009 487.50000000000006 1890.5000000000002 1317867.0000000002 1317867.0000000002 1627916352.0000002 0.3269536048173905 4043.5000000000005 264.50000000000006 6580.0000000000009 1.5700779557228091 145816624.00000003 8479.5000000000018 44137698.000000007 7177.5000000000009 0.76997897028923046 11113.500000000002 1612.5000000000002 14.00000047683716 768.50000000000011 1171.5000000000002 252.50000000000003 763893248.00000012 2645.0000000000005 8479.5000000000018 2161.5000000000005 1.4166666865348818 91.500000000000014 0.84233343601226818 0.70142048597335827 21.500000000000004 7.8333332538604745 140658720.00000003 212352.50000000003 0.86362355947494518 2.5000000000000004 0.91614836454391491 1776.5000000000002 603.50000000000011 25.500000000000004 1951.5000000000002
decision_type=2 2 2 2 2 2 2 2 2 2 2 2 2 2 2 2 2 9 2 2 2 2 2 2 2 2 2 2 2 2 2 2 2 2 2 2 2 2 2 2 2 2 2 2 2 2 2 2 2 2 2 2 2 2 2 2 2 2 2 2 2 2
left_child=1 3 5 7 11 13 9 22 10 33 19 53 24 15 -7 32 30 47 35 42 -18 28 -1 -10 50 36 27 41 -11 54 -16 45 -2 -3 56 -8 -13 59 -37 -38 -35 -14 -5 -24 -32 -19 -21 -9 -28 -26 -6 -52 -22 -4 -12 -17 -34 -54 -31 -25 -51 -44
right_child=2 6 4 8 12 14 18 17 23 21 29 25 26 -15 16 55 20 31 -20 46 52 -23 43 37 49 -27 48 -29 -30 58 44 -33 34 40 -36 38 39 -39 -40 -41 -42 -43 61 -45 -46 -47 -48 -49 -50 60 51 -53 57 -55 -56 -57 -58 -59 -60 -61 -62 -63
leaf_value=-0.0063552259430938096 0.0078757947777800697 -0.00050222998582161356 0.016846533154521805 0.0036418716919611968 0.027024866865961696 0.0092091816808209329 0.0039618458942646618 -0.0046895656980094269 0.023874561182929702 0.001340528953103527 -0.00068628323110565034 0.023458886101175049 0.05021308092755037 -0.0016431910579866446 0.014334138355169473 0.009987355202521633 0.05157873802902601 -0.0033116634812153617 0.0091554301077790556 -0.0021077419414342624 0.018867855700686761 0.0057675356131603938 -0.0055264409475214698 0.0066076697894943736 0.012567002274688719 0.022712823267868561 0.07241233184274519 0.069649163735157227 0.0047024284279309613 -0.00069818280364235122 0.01606020377550485 0.0027448193491542653 0.03569943234582882 -0.00024134264173547701 0.0098644205140528338 0.0050250096547642155 0.032789661774998112 0.011670767996803616 0.0095871128898235344 0.040311480139118609 0.0034425315317208258 0.0083508083429643873 -0.0039404117051147379 -0.0037169228120335612 0.022290668672090997 -0.0011103893223989041 -0.00011653866153833837 -0.0020582854686731181 0.10786776823707132 0.027251166195467594 0.04461963441798622 0.055295471131118781 0.018753347808116744 0.025170858831127879 0.011300127871788405 0.016772626925119733 0.013724946630251464 0.026642401497461166 0.0016112203702169992 0.0016802476011896076 0.044989820479553383 -0.0024283225654105171
leaf_weight=153778.47930093482 11120.668883636594 45050.853088378906 1202.6379795074463 1834.2836809158325 154.80697905784473 2395.6256899833679 23354.525133132935 93886.004717677832 337.81980895996094 30271.516402244568 666.59528398513794 797.86715149879456 143.60527873039246 1633.2292904853821 8183.7954869270325 1747.4724668711424 199.96961212158203 55137.38445854187 20065.116638183594 44106.660522460938 3504.6209208369255 23866.317810058594 62745.963722229004 3032.0302243232727 139.3629470653832 1214.416576385498 254.59978008270264 285.29930233955383 18445.420701026917 28435.57537651062 3532.9604740142822 4655.662841796875 134.50362288951874 11152.776550292969 14060.495908379555 9813.9472484588623 4315.7751003503799 1227.694580078125 8831.9002380371094 2742.3808499574661 17466.211242675781 76.038103103637695 58052.770321369171 43994.868469238281 5411.2851581573486 24204.766181945801 37920.181762695312 12519.418028980494 78.895115852355957 353.8823377750814 1410.265579672996 1134.9385687410831 1400.2424715608358 6063.459587097168 1667.1951518058777 8477.1713621616364 12137.939125061035 3995.0473970919847 20253.518733978271 17649.847873210907 452.29448147118092 47275.062489032745
leaf_count=178579 34663 82403 6323 4230 1710 10292 57079 122763 1931 62560 1287 6257 4207 2805 39794 6409 3098 80214 63613 70545 17913 60858 78527 8354 1354 11536 10141 10806 46246 48892 16616 9504 1092 20693 47516 24650 36340 4528 26961 31726 38291 970 81766 60900 32990 39576 69279 19464 9221 4162 19388 22564 8466 38944 5317 37071 47097 29903 39939 36196 9105 74798
internal_value=-2.6053e-06 -0.00192177 0.0179091 -0.00347829 0.0330406 0.0138665 0.00340844 -0.00476882 -0.00126105 0.0020498 -0.0016781 0.0288517 0.0482961 0.0112487 0.0183758 0.0116904 0.0192127 -0.00348082 0.00660987 -0.00229541 0.022989 0.00365073 -0.00571013 0.00324171 0.0443605 0.0329003 0.0653652 0.0549831 0.00261356 0.000610749 0.0172055 -0.00234138 0.010619 0.000472399 0.0117771 0.00539355 0.034473 0.00292281 0.00718639 0.0357156 0.00200678 0.0357954 -0.00314356 -0.00478069 0.0198312 -0.0026402 -0.0011873 -0.00437962 0.0809639 0.0336097 0.0481167 0.049392 0.0223432 0.023795 0.00787492 0.015614 0.0139676 0.0245978 0.000262379 0.00240301 0.0372311 -0.00326179
internal_weight=1.02046e+06 921700 98755.6 713382 20820.5 77935 208319 450923 262459 146253 240212 16336.5 4483.99 49311.5 28623.5 47678.3 26227.9 190403 62065.5 189189 9099.88 72583.3 260519 22247.4 3645.55 9070.44 838.438 504.943 48716.9 51022.9 17128 83997.8 37453.6 73669.8 26332.9 42000.4 7856.02 21909.6 18645.8 7058.16 28619 219.643 107162 106741 8944.25 79342.2 82026.8 106405 333.495 945.54 2700.01 2545.2 8899.91 7266.1 2333.79 10224.6 12272.4 5395.29 48689.1 20681.9 806.177 105328
internal_count=2080422 1519943 560479 1036589 224754 335725 483354 589527 447062 311051 396053 131126 93628 176653 159072 173848 148780 271521 172303 300618 59380 169664 318006 51009 58283 85859 35345 15983 108806 95435 89400 129294 130368 141387 95705 108690 74323 49078 51611 68066 58984 5177 160794 139427 49606 119790 139824 142227 19362 14621 43662 41952 56282 45267 6604 43480 48189 38369 88831 44550 13267 156564
cat_boundaries=0 1
cat_threshold=33561
is_linear=0
shrinkage=0.05


Tree=12
num_leaves=63
num_cat=3
split_feature=12 12 17 136 17 24 136 24 24 24 136 136 17 100 3 26 3 30 136 111 106 132 106 100 24 28 100 24 24 41 99 30 100 119 110 106 100 33 8 94 44 95 104 44 41 3 112 20 30 100 39 92 8 35 110 94 24 24 20 24 41 63
split_gain=12723.7 2569.55 2381.6 652.88 475.168 471.085 457.127 171.02 156.009 152.799 121.359 109.997 105.021 86.1167 81.4899 82.7484 73.6062 71.8193 64.2462 61.2587 57.659 56.4259 54.1364 53.0228 57.9029 47.9012 47.4233 43.7215 42.9425 51.4278 42.2861 40.3606 48.9689 38.5964 38.3442 37.9923 36.0545 34.5715 34.5575 33.9552 32.0301 29.7948 28.9105 28.1973 28.0026 28.0025 27.9071 27.5513 27.5493 32.0245 27.1711 27.1429 25.7944 25.1274 24.5587 24.1644 24.0575 24.011 23.4095 22.8884 22.5035 22.4439
threshold=4.5000000000000009 1.5000000000000002 6.5000000000000009 2.8014467954635625 13.500000000000002 651.50000000000011 6.1000001430511483 1776.5000000000002 2161.5000000000005 4459.5000000000009 11.200000286102297 7.9000003337860116 28.500000000000004 763893248.00000012 0 1.0000000180025095e-35 1 1890.5000000000002 3.9007984399795537 277.25000000000006 700.50000000000011 0.36696706712245947 700.50000000000011 763893248.00000012 4043.5000000000005 4937.3332519531259 918187584.00000012 768.50000000000011 1612.5000000000002 4732.0000000000009 1627916352.0000002 11173.000000000002 763893248.00000012 3356.5000000000005 151.83333587646487 700.50000000000011 1142034816.0000002 1.0000000180025095e-35 28.500000000000004 145816624.00000003 5745.3332519531259 1.0000000180025095e-35 1033369888.0000001 6845.1665039062509 5472.5000000000009 2 883.50000000000011 1.0000000180025095e-35 11173.000000000002 513943376.00000006 0.66133511066436779 1125409.3125000002 133.50000000000003 1.5000000000000002 208.50000000000003 165569536.00000003 3625.0000000000005 176.50000000000003 2.5000000000000004 1328.5000000000002 1.0000000180025095e-35 4982.1621093750009
decision_type=2 2 2 2 2 2 2 2 2 2 2 2 2 2 9 2 9 2 2 2 2 2 2 2 2 2 2 2 2 2 2 2 2 2 2 2 2 2 2 2 2 2 2 2 2 9 2 2 2 2 2 2 2 2 2 2 2 2 2 2 2 2
left_child=1 5 6 7 10 16 20 26 13 18 55 35 21 54 15 -13 36 -11 28 41 42 47 45 24 -9 46 -3 -28 -5 -30 33 32 -17 -14 -15 -8 -1 -18 50 -34 56 -10 -2 -37 -24 -12 -21 -6 49 -19 -16 -23 -32 -20 -7 -4 -22 -38 -56 -44 -27 -40
right_child=2 3 4 9 12 8 11 23 19 17 22 14 30 34 38 31 37 48 53 25 40 51 44 -25 -26 60 27 -29 29 -31 52 -33 39 -35 -36 43 57 -39 61 -41 -42 -43 59 -45 -46 -47 -48 -49 -50 -51 -52 -53 -54 -55 58 -57 -58 -59 -60 -61 -62 -63
leaf_value=-0.0062525353247569922 0.0059012184697068773 -0.0022779824809035479 0.017460495694388369 0.0015237562875120543 0.038367006279963436 0.00087978321551874421 0.012027271648271137 -0.00011106275054042922 0.017416516265164234 0.038025984518470522 0.029487542940079259 0.057870813306487912 0.060552483286367545 0.005822674680779411 0.0018303831559965699 0.015724260611693588 0.00087376204179635635 0.0057541830808839692 0.028907152895996869 -0.0021371632028340938 0.0042968729581291942 0.039979214996205513 0.029650846300651963 0.0034184487634255317 0.0032014503411455768 0.0073010313836899769 -0.0017377294499952662 0.00097663940793184679 0.0019634207330044367 0.0054859443836469688 0.070138340069156591 0.031188864538548463 0.016785120435965854 0.028322931817287789 -0.0020112741513631884 0.014483880039706912 -0.0056848524806019061 -0.0041287559054686198 -0.015601708464580137 0.024937178172201226 0.013456408854466795 0.0036366875621353465 0.0063019792044800285 0.019449695193160168 0.036692241958290059 0.017386672187355987 0.00025212416148881754 0.022138356965985703 0.01541617887150957 0.0099060625870490727 0.014306769771146984 0.051346225812204306 0.11255018382762604 0.0059270230312586224 -0.0031079572045587178 0.024385135528626686 0.010378078753627965 -0.0039042300373705236 -0.0044421281797253692 0.011144327077549861 0.0011690630693743254 0.028080454570374044
leaf_weight=144449.38727383269 13367.258491516113 58791.689483642578 1601.5595474243164 27538.012958526611 1010.4690507352352 2649.0754270553589 10909.08740234375 47220.246832847595 429.27082347869873 205.30956649780273 1534.9114230722189 157.36248747259378 380.13077926635742 1592.727942943573 482.80489694327116 3581.4786211848259 3670.1053924560547 9271.9555266089737 119.18974685668945 42440.245440840721 1920.9737901687622 867.40128183364868 2264.6337585449219 27859.641632080078 18305.16225528717 1845.7194806933403 27570.207183837891 32114.580505371094 17470.551110267639 25486.720862388611 290.84198093414307 964.43520164489746 1702.8051421940327 125.61406135559082 78958.861118793488 9430.234375 43735.573974609375 58083.201171875 30.550771128386259 5228.0067572295666 8302.7001647949219 4537.8280839920044 3825.021645128727 4125.7333984375 3882.2168121337891 888.35961879789829 17158.704558372498 358.70098891854286 1283.4474639892578 9330.3016030602157 4647.4125159084797 1410.5233001708984 43.020804405212402 24341.09529876709 50543.765060424805 6129.9506301879883 10749.523188591003 33442.96533203125 94287.852585792542 6783.928061902523 7910.8148035407066 568.877126801759
leaf_count=166080 39208 93875 8630 57168 15359 5089 43764 87549 2006 1897 13413 2501 13395 3764 1742 18446 7080 25519 773 68254 5296 12639 21510 62463 41784 5051 44972 60880 38267 64954 13139 8009 8931 2673 122530 41580 51281 78835 67 33940 31630 10531 10998 20552 40916 6933 31375 4454 5649 30243 27467 26001 6069 65588 72766 39631 37458 43846 126656 23429 16595 6928
internal_value=3.45553e-06 -0.00191353 0.0162681 0.00163774 0.0314687 -0.00389556 0.0126264 -8.82407e-06 -0.00252276 0.00466997 0.0275005 0.0163885 0.0458808 -0.00317117 0.0194333 0.0218599 -0.00536025 0.00863158 0.00383166 -0.000533264 0.00912526 0.0421932 0.0316012 0.00159124 0.000814261 -0.00091749 -0.00127006 -0.00027713 0.00306538 0.0040535 0.0618582 0.0213822 0.0204806 0.0525932 -0.00185628 0.0142269 -0.00578596 -0.00383074 0.0144404 0.0229364 0.0110406 0.00483022 0.00744941 0.0159962 0.0341015 0.0252514 -0.0014492 0.0341286 0.0083269 0.00783711 0.0131339 0.0470297 0.0757785 0.00603979 -0.0038893 0.0229526 0.00945671 -0.00491337 -0.00397657 0.00939929 0.00232992 0.0258346
internal_weight=1.02021e+06 912644 107567 326908 20788.3 585736 86778.2 211862 302355 115047 16301.6 41828.8 4486.7 228032 17363.7 11634.1 283381 20091 94955.6 74322.6 44949.4 3647.09 8570.12 93385.1 65525.4 69355.5 118476 59684.8 70495.3 42957.3 839.608 11476.7 10512.3 505.745 80551.6 24465.1 221628 61753.3 5729.65 6930.81 20973.2 4967.1 23976.2 13556 6146.85 2423.27 59598.9 1369.17 19885.7 18602.3 5130.22 2277.92 333.863 24460.3 147481 7731.51 12670.5 77178.5 144832 10608.9 9756.53 599.428
internal_count=2080028 1493320 586708 681581 224762 811739 361946 391523 464617 290058 131033 213927 93729 330805 108031 71827 347122 63308 226750 133812 148019 58453 82772 191796 129333 121275 199727 105852 160389 103221 35276 69326 61317 16068 126294 105896 261207 85915 36204 42871 74384 12537 73635 62132 62426 20346 99629 19813 61411 55762 29209 38640 19208 66361 204511 48261 42754 95127 199422 34427 21646 6995
cat_boundaries=0 1 2 3
cat_threshold=13349 33561 7205
is_linear=0
shrinkage=0.05


Tree=13
num_leaves=63
num_cat=4
split_feature=135 17 16 135 17 24 24 135 106 14 24 40 24 24 14 17 102 106 132 39 41 35 3 39 3 100 33 24 24 40 2 24 100 37 46 40 24 3 24 88 111 61 46 35 32 3 99 80 100 86 88 7 21 40 109 100 24 35 26 93 29 108
split_gain=11455.7 2679.04 1761.2 588.769 432.796 413.154 361.775 168.849 127.199 126.003 109.042 93.8782 89.2104 84.2292 84.0976 81.8244 71.6251 67.9552 64.811 57.0294 56.6725 54.757 54.5333 70.8196 52.8206 48.5126 46.8774 42.9323 42.9209 42.3825 38.6954 38.3115 36.424 34.6571 36.901 34.5085 31.8829 31.1967 30.7193 30.5396 29.6709 29.127 29.0693 29.0102 28.7365 28.4896 28.1329 28.5643 27.536 27.4919 27.9987 27.356 26.6081 26.0935 25.6237 25.5681 25.3845 24.4188 23.9009 23.8583 23.8472 23.738
threshold=3.8333333730697636 6.5000000000000009 2.5000000000000004 5.8333332538604745 14.500000000000002 2394.5000000000005 651.50000000000011 2.5000000000000004 700.50000000000011 10.500000000000002 2161.5000000000005 5104.0000000000009 8460.0000000000018 3625.0000000000005 9.5000000000000018 43.500000000000007 598301952.00000012 700.50000000000011 0.35132654011249548 0.86362355947494518 7177.5000000000009 1.5000000000000002 0 1.5700779557228091 1 841400512.00000012 7196.5000000000009 4459.5000000000009 4459.5000000000009 5374.0000000000009 1228.5000000000002 1612.5000000000002 918187584.00000012 4375.5000000000009 8584.5000000000018 4110.5000000000009 906.50000000000011 2 906.50000000000011 1526395.1250000002 251.41666412353518 1065348.8125000002 8584.5000000000018 4.5000000000000009 5763.0000000000009 3 1627916352.0000002 56715.000000000007 1142034816.0000002 1.4190091490745547 2528104.6250000005 -0.25000000000000006 14.500000000000002 8880.0000000000018 348.50000000000006 369235920.00000006 8460.0000000000018 1.5000000000000002 1.0000000180025095e-35 695010.93750000012 1725.0833129882815 105.50000000000001
decision_type=2 2 2 2 2 2 2 2 2 2 2 2 2 2 2 2 2 2 2 2 2 2 9 2 9 2 2 2 2 2 2 2 2 2 2 2 2 9 2 2 2 2 2 2 2 9 2 2 2 2 2 2 2 2 2 2 2 2 2 2 2 2
left_child=2 3 6 13 9 7 24 22 19 -3 16 12 28 20 25 18 -8 45 49 37 -2 -13 23 53 48 26 51 54 55 56 46 -22 -9 34 -21 44 -34 -5 -24 -20 -27 -19 -18 52 -12 -11 47 -17 -1 50 -6 -10 -16 -4 -23 -7 -15 -25 -31 -43 -30 -29
right_child=1 4 5 8 15 11 10 32 14 17 35 21 -14 29 43 30 42 41 39 33 31 27 38 57 -26 40 -28 61 60 58 -32 -33 36 -35 -36 -37 -38 -39 -40 -41 -42 59 -44 -45 -46 -47 -48 -49 -50 -51 -52 -53 -54 -55 -56 -57 -58 -59 -60 -61 -62 -63
leaf_value=-0.0059671263765083797 0.0045739739173404712 0.021387186999483013 -0.0012517923081777256 0.0098445463487514453 0.029099581870949933 -0.0010302558536849427 -0.0040484583115045552 0.0003901748520583841 0.014414647026496426 0.027269974067821879 -0.0021683471036333733 0.035174051624544754 0.0092547439623804524 0.0073600271534058435 0.026772213624149152 0.075349229657395864 -0.0026040799560433751 0.034877665886554492 0.041826271297845247 0.010906727433187647 0.0058594710129293336 0.0065303389108542862 -0.0032810927128747117 0.014626722339166578 -0.0038324472253608412 0.057318947769991739 0.018596680190470016 0.025873857228942955 0.014446237920247313 0.034875570860559292 0.083808177161113551 0.010078303779201518 0.00063681361577587361 0.029538515164700609 0.015829334217738585 0.00081698597308354842 0.0037908039953898896 0.00087754121916170747 -0.0012860965100927864 0.053733602889598941 0.018337716331886033 0.022621301643690028 -0.00041575878075470884 0.021131433905864916 0.0014145346574301395 0.015833547833881374 0.076482571682934056 0.012744514132613002 -0.0047650937519434543 0.0098391970498776966 0.044667978334162403 0.0088012900796332304 0.047922180467096932 0.00097850407979162084 0.0034001472263867072 0.0016563950275093877 0.012174224231289806 0.0041763972133362732 0.012052409338712981 0.033285699979849197 0.0034239326025773419 0.0085199485004368008
leaf_weight=138227.66192853148 23858.305978775024 7270.4207973480225 64428.347129821777 2743.2373944967985 659.92467081546783 11971.480724781752 109191.98449707031 30950.63671875 4561.2619094848633 1788.5173493623734 37113.450264930725 153.49704742431641 4282.7916870117188 14501.785003662109 781.32883358001709 25.383830862119794 82310.808427810669 4846.1457300186157 1071.3846877813339 9641.9693353176117 10108.697429656982 10000.691715121269 39252.572204589844 660.6740665435791 56950.331560134888 48.823350429534912 3496.0896453857422 203.85745489597321 502.69103527069092 115.92245787382126 187.79631674848497 11534.947311401367 12074.361694335938 317.81227111816406 6314.1027700901031 21540.832695007324 23844.728637695312 1516.0399187356234 37977.169555664062 1129.0133180618286 8886.6913704872131 1090.8019943237305 18613.472883224487 3792.9468765258789 6588.0068502426147 963.13990581035614 56.662988185882568 63.388349570333958 72817.077392578125 110.5665454864502 526.01289653778076 4161.4641913175583 185.81890213489532 16463.013771057129 18926.349414348602 34000.411311656237 3382.6747589111328 3645.198034286499 10071.466656506062 1031.0697011947632 20398.9673204422 5881.7241878509521
leaf_count=158549 63696 45320 107387 10584 10066 21933 148468 60140 20554 15325 59586 1321 14120 45210 5880 1276 123054 50680 18095 41218 27744 26571 56383 2389 78285 827 19526 1161 2070 1035 14213 38201 23822 3459 30321 41341 54863 5060 63525 25050 45495 9026 31148 26698 13995 7487 3959 1078 89255 1363 10511 16247 2788 30665 44169 70641 13527 8105 37795 11458 48268 17784
internal_value=9.94089e-07 0.0132396 -0.00212028 0.0103673 0.0297965 0.000727472 -0.00387929 -0.000467091 0.0147749 0.0263715 -0.00260644 0.00330373 0.00225911 0.00758456 0.0171047 0.0449827 -0.00316089 0.030098 0.0427102 0.011834 0.00625531 0.00541723 -0.00133768 -0.000465101 -0.00518709 0.0157519 0.0137014 0.00528613 0.00181095 0.00973882 0.0687148 0.0081083 0.0016475 0.0131824 0.0128554 -0.000820739 0.00273074 0.00667967 -0.00229985 0.047949 0.0185545 0.032729 -0.00220054 0.0231129 -0.0016281 0.023429 0.0489705 0.0310237 -0.00555216 0.0338003 0.0360249 0.0117378 0.0308636 -0.000797817 0.00448259 0.000956655 0.00827118 0.00578252 0.0123143 0.0278124 0.0036896 0.00910418
internal_weight=1.01981e+06 140842 878973 120021 20820.2 335619 543354 229297 46447.6 16990.1 275359 106322 71156.3 73573.8 25914.4 3830.13 210116 9719.67 3496.9 20533.2 45502 35166.1 162427 85197.2 267995 21154.3 12218.8 35012.6 66873.6 28071.8 333.231 21643.6 66869.7 16273.9 15956.1 65242.3 35919.1 4259.28 77229.7 2200.4 8935.51 6968.02 100924 4760.09 43701.5 2751.66 145.435 88.7722 211045 1296.5 1185.94 8722.73 967.148 80891.4 28927 45971.9 17884.5 4305.87 10187.4 2121.87 20901.7 6085.58
internal_count=2079770 680772 1398998 455865 224907 655317 743681 407279 228657 139296 417592 248038 157032 227208 138015 85611 302670 93976 65085 90642 129641 91006 268454 148546 326089 102649 56327 89685 142912 97567 20526 65945 138825 74998 71539 114922 78685 15644 119908 43145 46322 71164 154202 35366 73581 22812 6313 2354 247804 21940 20577 36801 8668 138052 70740 92574 58737 10494 38830 20484 50338 18945
cat_boundaries=0 1 2 3 4
cat_threshold=15584 33561 7205 7205
is_linear=0
shrinkage=0.05


Tree=14
num_leaves=63
num_cat=0
split_feature=12 12 17 24 12 12 17 24 13 31 106 13 13 24 13 106 35 39 35 109 100 13 17 23 109 13 37 24 56 21 30 37 39 40 24 23 59 110 16 46 92 62 39 31 83 100 24 100 46 72 21 16 35 83 107 25 48 88 13 124 2 13
split_gain=10350.4 2100.38 1968.52 505.66 452.568 347.336 287.246 142.584 136.229 124.426 94.842 86.6087 85.1145 76.9734 75.3458 66.8135 65.9375 60.5037 61.3491 59.476 59.3657 53.6039 53.5893 47.4432 47.1602 45.0538 44.8528 44.6125 44.2004 43.2029 40.937 40.8872 40.881 39.6546 37.1646 33.6234 33.5409 33.1219 30.8427 30.7655 30.4636 29.4442 29.034 28.6697 28.213 28.0727 27.6103 27.3014 27.0404 26.9489 26.9199 26.0354 25.5566 25.4115 25.2377 23.7443 23.1842 22.9605 22.5023 22.2885 21.9242 21.1715
threshold=4.5000000000000009 1.8333333134651186 7.5000000000000009 1190.5000000000002 7.1666667461395273 3.1666666269302373 16.500000000000004 3216.5000000000005 0.58333334326744091 604.60299682617199 700.50000000000011 11.583333492279055 5.0833332538604745 2161.5000000000005 1.7500000000000002 717.50000000000011 1.5000000000000002 0.92422258853912365 4.5000000000000009 348.50000000000006 1015157280.0000001 2.4166666269302373 52.500000000000007 0.27350650727748876 58.500000000000007 1.5833333134651186 1509.0000000000002 416.50000000000006 1138936.0000000002 5.5000000000000009 6539.5000000000009 4375.5000000000009 0.82915791869163524 6492.0000000000009 5021.5000000000009 0.49852071702480322 1150473.0000000002 151.83333587646487 15.500000000000002 8584.5000000000018 508560.62500000006 1223859.5000000002 0.96359828114509594 2799.9045410156255 4.5000000000000009 841400512.00000012 1048.5000000000002 1142034816.0000002 3525.5000000000005 7209.5000000000009 1.5000000000000002 1.5000000000000002 4.5000000000000009 7.5000000000000009 724.50000000000011 3508.0000000000005 9916.5000000000018 2528104.6250000005 1.0833333134651186 819.50000000000011 1181.5000000000002 3.0833333730697636
decision_type=2 2 2 2 2 2 2 2 2 2 2 2 2 2 2 2 2 2 2 2 2 2 2 2 2 2 2 2 2 2 2 2 2 2 2 2 2 2 2 2 2 2 2 2 2 2 2 2 2 2 2 2 2 2 2 2 2 2 2 2 2 2
left_child=1 3 4 8 12 7 11 21 27 14 23 28 17 39 19 54 49 -2 31 51 30 24 45 -6 26 52 46 56 38 48 53 61 -13 34 -15 -14 -34 -29 -4 -7 -32 50 -25 -44 -22 -17 -3 -48 -9 -11 -18 -5 -10 -12 57 58 -1 -8 -21 -20 -42 -19
right_child=2 5 6 9 10 13 15 29 25 16 20 32 35 33 -16 22 41 18 59 55 44 -23 -24 42 -26 -27 -28 37 -30 -31 40 -33 36 -35 -36 -37 -38 -39 -40 -41 60 -43 43 -45 -46 -47 47 -49 -50 -51 -52 -53 -54 -55 -56 -57 -58 -59 -60 -61 -62 -63
leaf_value=-0.0057493316078473973 0.0048956574251347099 -0.0010233698740665339 0.023403619464515822 -0.0022971930510690434 0.0059171915732224379 0.0018408286246160449 0.028275835190923099 0.0016714660749480332 -0.0020622901953925642 0.047958399585005522 0.017326646016220436 0.019640021112533209 0.0081134538979239241 0.0041645881407009191 0.00092067147165285584 0.039380388727403771 -0.00026537938027939575 0.0094964260499034465 0.0069626882806007977 -0.0037001744934690773 0.035276463550590803 0.001970370798971235 0.075665665648320612 0.011733069501832304 -0.0014084249023798548 -0.00059457131579605566 0.010929290669223761 -0.00050084284619939868 0.016545587758574776 0.0097040733085873611 0.015676533003133996 0.024891939254710799 0.035634083714087363 0.0085662766787749488 0.0077983950678324398 0.013223535906142484 0.022879909642013568 -0.004306107789229973 0.030864051271588283 0.0048946335160816347 0.019457022291762872 0.0085612048950317859 0.016584319134922889 0.039044478601230406 0.022619142752324902 0.051844575057144807 0.0007701289759232976 0.0048980303260448138 0.0045727069404773264 0.012795919502058535 0.0031768972585959464 -0.00030789604481294816 -0.0037012860447444389 0.010352728738998129 0.003174916329342119 -0.00070794052645067949 -0.0044316799407075396 0.048550227575519835 -0.0020522304976696468 0.011527441711450375 0.026820906345523993 0.013882135337028837
leaf_weight=124771.15960380342 10377.826362192631 19508.885272234678 3697.5682216286659 25151.730076730251 1729.2777862548828 20758.094573974609 428.13572871685028 15181.297605991364 30501.921263031662 57.886786460876465 2855.8860511779785 549.2780933380127 4053.4501724243164 23050.940520763397 23539.809802114964 732.15825009346008 15052.965263605118 6087.9396522641182 17719.726558685303 60030.044807940722 488.0135498046875 31580.101442158222 183.18778777122498 4286.7232933044434 54493.462482452393 16736.709484167397 1045.3043990135193 6072.1752663552761 1480.6130084991455 2780.1716003417969 2514.4942207336426 600.1083984375 4274.9474592208862 12647.869689941406 10137.713318347931 15808.212692260742 592.98466777801514 99068.117153078318 2242.7073940634727 13694.224182128906 2339.629980660975 1372.4066903591156 5814.801082611084 145.80276489257812 4813.4720611572266 1249.9169931411743 28973.932279080153 4648.8137283325195 17071.274384975433 866.62255191802979 9118.3850040435791 47548.154968261719 108283.60287475586 2423.2608413696289 69.38010847568512 11367.679745078087 45651.129653930664 211.81965398788452 31659.752993673086 3155.9851341247559 1806.602181814611 5052.0558525323868
leaf_count=142902 30591 33736 26317 38346 7135 45458 6581 33050 45322 572 15634 4750 13961 58665 43812 15295 27625 21119 56433 85591 4640 66562 14644 20004 94690 27312 3341 10060 10183 9823 14786 4194 50207 39315 32021 65686 6683 127707 22219 34386 15411 4871 32564 2153 31778 29848 55790 10825 42437 3479 20502 81026 147234 11055 532 20432 56238 5294 49825 11954 14858 20785
internal_value=2.4837e-06 -0.00172848 0.0146553 -0.00322487 0.0118637 0.0021174 0.0310122 0.000869846 -0.00422883 -0.00130785 0.0170055 0.02781 0.0094734 0.00484092 -0.00173563 0.0453041 0.00191299 0.00822227 0.0092805 -0.00209143 0.0193808 0.000157082 0.049677 0.0135849 -0.000369828 -0.00304558 0.000674748 -0.00489661 0.0242944 0.00372315 0.0174225 0.0121731 0.0326223 0.00618323 0.00527481 0.0121811 0.034084 -0.00408639 0.0262235 0.00305486 0.0200318 0.00143784 0.014878 0.0171378 0.0237884 0.047254 0.000472806 0.00134108 0.00320729 0.0150277 0.00103301 -0.000996206 -0.00334112 0.0141277 0.031923 -0.00286398 -0.00539641 0.035027 -0.00313122 0.00765329 0.0226697 0.0114864
internal_weight=1.02021e+06 912422 107786 656850 92073.3 255572 15712.7 175283 431085 225765 29218 12838.1 62855.3 80288.8 199297 2874.6 26468.3 42993.6 32615.8 175757 17241.4 140250 2165.26 11976.6 108670 155522 54176.9 275563 7420.89 35032.7 11939.9 11740.1 5417.21 45836.5 33188.7 19861.7 4867.93 105140 5940.28 34452.3 6660.73 25543.8 10247.3 5960.6 5301.49 1982.08 53131.6 33622.7 32252.6 924.509 24171.4 72699.9 138786 5279.15 709.335 103057 170422 639.955 91689.8 20875.7 4146.23 11140
internal_count=2080249 1492955 587294 932856 394741 560099 192553 350254 556775 376081 170018 120359 224723 209845 319032 72194 57049 145076 114485 275220 108162 264944 59787 61856 198382 219868 103692 336907 58719 85310 71744 46098 61640 130001 90686 79647 56890 137767 48536 79844 45055 52998 54721 34717 36418 45143 100351 66615 75487 4051 48127 119372 192556 26689 12407 155848 199140 11875 135416 68387 30269 41904
is_linear=0
shrinkage=0.05


Tree=15
num_leaves=63
num_cat=2
split_feature=136 12 17 24 14 136 136 16 24 44 17 24 106 132 8 3 111 93 94 3 94 39 100 83 38 132 111 24 111 92 44 38 14 41 33 27 42 134 104 33 17 100 24 33 104 14 100 56 24 44 24 101 38 24 57 24 124 37 44 38 8 108
split_gain=9414.31 2038.74 1609.44 573.45 342.922 252.912 245.369 192.994 114.542 99.7397 96.2425 94.5642 75.7921 74.5803 74.0507 63.5077 60.9124 57.3658 55.7868 54.9467 54.3609 50.41 50.2771 50.2254 48.9516 48.5189 47.1007 46.3515 44.7563 37.8835 36.6363 34.0382 33.7758 32.6806 31.9705 31.8303 30.8254 30.6647 29.904 34.3783 29.4888 28.2875 39.8377 30.5427 27.7411 27.5698 26.4106 26.277 25.7005 26.8777 25.3842 34.8041 25.1097 24.8621 23.7304 23.7112 23.4059 21.7136 21.3607 20.3761 20.3399 20.2248
threshold=4.8009357452392587 2.1666666269302373 6.5000000000000009 1460.5000000000002 15.500000000000002 6.9000003337860116 3.6000000238418584 1.5000000000000002 4459.5000000000009 4148.5000000000009 28.500000000000004 1460.5000000000002 700.50000000000011 0.35132654011249548 1.5000000000000002 0 104.91666793823244 388934.06250000006 145816624.00000003 1 145816624.00000003 1.5700779557228091 763893248.00000012 7.5000000000000009 0.70142048597335827 0.36696706712245947 251.41666412353518 3625.0000000000005 220.75000000000003 726663.84375000012 7543.5000000000009 0.76997897028923046 13.500000000000002 8041.5000000000009 9851.0000000000018 422.50000000000006 8381.0000000000018 1.5000000000000002 978195232.00000012 7196.5000000000009 9.5000000000000018 802707648.00000012 2910.5000000000005 4919.0000000000009 1178218048.0000002 91.500000000000014 690863328.00000012 1317867.0000000002 3625.0000000000005 4148.5000000000009 416.50000000000006 1183485696.0000002 0.76997897028923046 2910.5000000000005 128086.50000000001 176.50000000000003 1000.5000000000001 4375.5000000000009 7973.6667480468759 3.9216867685317998 1.5000000000000002 805.50000000000011
decision_type=2 2 2 2 2 2 2 2 2 2 2 2 2 2 2 9 2 2 2 9 2 2 2 2 2 2 2 2 2 2 2 2 2 2 2 2 2 2 2 2 2 2 2 2 2 2 2 2 2 2 2 2 2 2 2 2 2 2 2 2 2 2
left_child=1 3 5 7 17 14 11 19 9 37 13 44 30 52 -2 50 -11 -4 58 59 36 33 27 26 -15 -19 -14 -13 -10 -26 54 -12 46 -17 60 -18 -16 -5 39 -25 -27 43 -43 -22 -3 47 56 -33 -20 -50 -9 -52 -6 -24 -7 -21 -28 -56 -8 -1 -30 -41
right_child=2 6 4 8 10 12 18 15 28 16 31 22 23 24 20 21 35 25 48 55 41 -23 53 38 29 40 32 -29 34 -31 -32 45 -34 -35 -36 -37 -38 -39 -40 61 -42 42 -44 -45 -46 -47 -48 -49 49 -51 51 -53 -54 -55 57 -57 -58 -59 -60 -61 -62 -63
leaf_value=-0.0035646429699826305 0.0012995275862187957 -0.0010792580902097071 0.017293356217606286 -0.0026587539692009719 0.010362548810010117 0.00086603966570903432 0.0021528698970238523 -0.0043456701451891396 0.015720491366509673 0.016884077145198843 0.023462314024029918 0.0005291773364698325 0.048602060119577808 0.017903144102204189 0.0050045711829347153 -0.0025767040474374558 0.0016223975539874206 0.02045229040409207 0.0054067916454410983 -0.0056696301849435086 0.0076744728678651581 0.0027211938089001593 0.0032110254845915901 0.009342863134788491 0.03053708955069602 0.025074755936975598 0.01268652474512578 0.003436599426254538 0.00042796606730176974 0.042963236925119018 0.015113567912372675 0.062724749257239018 0.030719932188965821 -0.00057430120239273022 0.010489513851170786 -0.00051450867561671167 0.0099679896151634549 -0.00085544870494158598 0.018749679132949976 0.010934794776295033 0.03263154287601485 0.0095559508643753843 0.014551979339607638 0.01199377255347484 0.001305747501548975 0.078363318346031441 0.02146746886721692 0.042163905298943788 0.0060631612178006153 0.0099857140782712694 -0.0034380227547345914 -0.00067805429452085007 0.028415700075885793 0.0060825312487897852 0.009962356144053339 -0.0045879196778716115 0.021443159584553791 0.024665764000993864 0.0053082839919332044 0.0006405721103354199 0.003586346042168724 0.021459179321831477
leaf_weight=65145.337219238281 2791.8386626243591 29540.160583496094 3724.4019870758057 67515.392138957977 216.17752325534821 698.28378677368164 13445.879577636719 48730.524953842163 649.05881500244141 551.90182542800903 94.097645504865795 35502.088893413544 142.38232025504112 272.48007811745629 7960.5111413002014 78223.200458526611 26577.215754508972 4295.4262084960938 22295.690112113953 83491.555383818923 10570.114555358887 5827.564453125 27781.354099750519 3421.3619422912598 815.25467406073585 4235.9333753585815 2394.9101913180202 22336.073002338409 10653.398139953613 2602.9956836700439 5546.0216369628906 290.22961165150627 630.96538604237139 27563.651336669922 1155.2153625488281 50606.796982765198 5162.7146911621094 36237.677352905273 2814.9857482910156 722.83520126342773 1879.9488878250122 7369.5945634841919 8737.7519292831421 6697.8290100097656 20759.9658203125 115.40045547485352 3939.5476138591766 354.05084228515625 9010.0133943557739 8501.1902923583984 53728.04833984375 14512.97998046875 1900.461730837822 10355.350001811981 5599.7053761482239 129180.26268005371 1127.1188201904297 263.20532560348511 8932.9365844726562 3011.6441650390625 9781.4555816650391 1259.1375274658203
leaf_count=88257 6952 52520 24029 102125 1872 2347 32389 61148 2998 2352 2230 70397 2122 2684 24377 115657 51540 30853 60030 93188 35861 12083 63106 15186 10212 31752 12000 54733 21131 43612 29592 10300 6802 45778 4175 88830 18233 61953 16864 4459 19293 25937 38006 27142 41612 11124 24717 11656 26862 29328 74256 23082 25461 28659 25679 159408 7547 2643 24082 5735 22704 8930
internal_value=1.44404e-06 -0.00156994 0.0146819 -0.0028414 0.0270385 0.0113807 0.00277971 -0.00373805 -0.000599348 -0.00101438 0.0363937 0.00166117 0.015125 0.0340805 0.00921096 -0.00265928 0.000339719 0.0226286 0.00541065 -0.0046161 0.00968585 -0.00180542 0.00258152 0.0173355 0.0383781 0.0245357 0.0200979 0.00165208 0.00278738 0.040006 0.0121198 0.0520931 0.0195928 -0.00205501 0.00239799 0.000221246 0.00695788 -0.00202897 0.0145659 0.0123839 0.0274009 0.0107582 0.0122668 0.00935042 -9.48114e-05 0.0556151 0.0186492 0.0514752 0.00653367 0.00796797 -0.00347352 -0.00285114 0.0265771 0.00399093 0.0095876 -0.00501238 0.0154929 0.0106253 0.00341273 -0.00337826 0.00194007 0.0176271
internal_weight=1.02025e+06 921604 98647.7 713143 20796.9 77850.8 208461 509415 203728 181489 6661.15 146275 28560.5 5807.37 49290.4 228586 77735.9 14135.7 62185.7 280829 46498.5 111614 95974.9 16453.2 3690.73 10411.3 8234.92 57838.2 22239.1 3418.25 12107.2 853.779 8092.54 105787 21590.1 77184 13123.2 103753 8218.32 5403.33 6115.88 33375.3 16107.3 17267.9 50300.1 759.681 7461.58 644.28 39806.9 17511.2 116972 68241 2116.64 38136.7 6561.19 212672 3522.03 5862.91 22378.8 68157 20434.9 1981.97
internal_count=2080592 1520118 560474 1036400 225078 335396 483718 678592 357808 306800 119151 311027 158888 83841 176508 332004 142722 105927 172691 346588 169556 173518 216895 98627 56508 81898 53188 125130 51008 53824 60261 35310 51066 161435 48010 140370 42610 164078 45439 28575 51045 126946 63943 63003 94132 33080 44264 21956 116220 56190 158486 97338 27333 91765 30669 252596 19547 28322 56471 93992 43835 13389
cat_boundaries=0 1 2
cat_threshold=33561 15584
is_linear=0
shrinkage=0.05


Tree=16
num_leaves=63
num_cat=0
split_feature=12 135 16 17 24 24 135 17 13 134 108 13 13 39 109 109 39 89 37 95 13 35 106 106 39 46 75 24 13 35 37 111 10 95 40 101 30 24 100 116 122 106 24 40 107 20 24 87 13 95 28 12 104 65 13 13 100 30 124 13 40 13
split_gain=8460.53 2042.43 1320.23 530.827 317.581 270.451 255.569 144.363 109.612 97.439 88.5321 95.8077 83.2384 67.1986 67.0292 62.2491 60.7103 60.3068 59.4793 52.6181 50.5087 57.2891 49.031 47.6696 46.7499 42.0108 41.9227 41.2349 39.3953 42.3939 38.9231 37.7048 35.8446 33.144 32.9806 31.2358 31.5506 31.2227 30.8769 30.7462 30.7279 27.8558 27.1002 33.242 25.7031 25.2087 24.3306 24.1823 23.1015 22.8393 22.6372 22.4763 22.0271 20.9035 20.806 20.7014 20.312 20.1754 19.957 19.4626 19.4299 19.0465
threshold=3.8333333730697636 8.5000000000000018 2.5000000000000004 9.5000000000000018 2161.5000000000005 651.50000000000011 5.8333332538604745 19.500000000000004 2.0833333730697636 4.5000000000000009 423.50000000000006 3.0833333730697636 1.4166666865348818 0.92422258853912365 223.50000000000003 385.50000000000006 0.8875144124031068 322648.14062500006 418.50000000000006 1.0000000180025095e-35 4.5833332538604745 4.5000000000000009 700.50000000000011 717.50000000000011 0.8875144124031068 7211.5000000000009 1.0000000180025095e-35 2161.5000000000005 7.2500000000000009 7.5000000000000009 2382.5000000000005 147.41666412353518 89.500000000000014 23379440.000000004 5374.0000000000009 781071488.00000012 4363.5000000000009 176.50000000000003 1142034816.0000002 919.83334350585949 1406.8333129882815 700.50000000000011 8460.0000000000018 3623.5000000000005 724.50000000000011 1.0000000180025095e-35 4043.5000000000005 1.4649918079376223 1.2500000000000002 7668465.0000000009 11113.500000000002 15.500000000000002 671745344.00000012 79712.000000000015 2.0833333730697636 4.0833332538604745 1015157280.0000001 8111.0000000000009 358.50000000000006 2.4166666269302373 5374.0000000000009 5.7500000000000009
decision_type=2 2 2 2 2 2 2 2 2 2 2 2 2 2 2 2 2 2 2 2 2 2 2 2 2 2 2 2 2 2 2 2 2 2 2 2 2 2 2 2 2 2 2 2 2 2 2 2 2 2 2 2 2 2 2 2 2 2 2 2 2 2
left_child=2 6 5 9 8 25 13 22 18 45 19 15 14 55 27 42 -8 -11 26 -6 21 30 52 44 -19 -1 48 39 29 41 -15 53 47 -21 -24 57 -37 -27 -10 -7 54 60 43 -12 -9 -3 -16 -25 -4 -32 -42 -36 -5 -20 -17 -2 -43 -26 -23 -14 -18 -31
right_child=1 3 4 7 10 12 16 23 38 17 11 -13 59 20 46 40 28 24 31 33 -22 58 34 32 35 37 -28 -29 -30 61 49 -33 -34 -35 51 36 -38 -39 -40 -41 50 56 -44 -45 -46 -47 -48 -49 -50 -51 -52 -53 -54 -55 -56 -57 -58 -59 -60 -61 -62 -63
leaf_value=-0.0049985668250158042 0.0025534710386320419 0.014270650897843247 -0.0013715677378891896 0.010500297197983496 0.02548299713814536 -0.0027685346071337218 0.0071851777555759465 0.03475115025035197 0.00039285626669724618 0.014466973007829068 0.0011614034663183126 0.0053604272668791673 -0.00055580815631914749 0.008276682669727203 -0.0035061483226753441 -0.0010317629376764418 0.0073172563442584927 0.01444407570783981 -0.0016322930619986416 -0.00041580562608735714 0.010040351118860326 0.0041415070072384572 0.025998099872225275 0.047313034289441981 0.015990859838674196 -0.0045864190424984011 -0.0023036499583458927 0.00039298529450321543 0.016549231423941779 0.0067912228389402154 0.050704839279461823 6.3812373901737525e-05 0.074268571563229885 0.0084704287438545738 0.029773145313174938 0.021012387438708778 0.027545390536848253 -0.002914060286542283 0.0028180347743634211 -0.00072219733399961925 0.002227913891021747 0.014202010343013645 0.0098851333308684064 0.0042522736928970496 -0.0015761126336552571 0.0045265002892059614 -0.00061812496207975891 -0.0034478851381384438 0.00057430269395532642 0.016021056997848684 0.012391245929735596 0.037512323549415513 0.024812762375996271 0.0064592476374360115 0.0012083236428702955 0.0060268080325059032 0.020788586834963665 0.02240821059414987 0.0068566106279678981 0.0025626375221494495 0.01278279698834673 0.011532664023339186
leaf_weight=156347.20144759351 11512.32284758985 1305.2621572762728 36895.965132117271 323.080810546875 402.42453765869141 58477.546543717384 6338.1712646484375 418.59873214364052 30197.421806693077 4509.9734687805176 15000.405740024522 21297.77984842658 32265.635818362236 12522.170946374536 124479.52949333191 24261.476619809866 2270.7131892442703 2248.8161865919828 974.0920672416687 1271.3863296508789 13202.846341833472 17224.923240661621 1796.5673542022705 1342.7785001993179 2469.9100745469332 54451.97314453125 77718.340481996536 20066.105079650879 5170.4507168531418 4748.7746505737305 49.114418268203735 14089.323682785034 128.41576623916626 5977.4045867919922 1659.4394388198853 3650.6895370483398 3793.9958000183105 57321.87158203125 23221.470336914062 26765.329164505005 13050.11810541153 6066.175121307373 1468.8853225708008 20726.156297354028 54.749250262975693 1355.4208604544401 7751.3554019927979 23.626427531242371 25997.3154296875 1258.7354047298431 571.71193695068359 2240.7829446792603 1673.2247829437256 4391.4148278236389 18096.94498077035 6846.9305246025324 1459.5670166015625 2464.6839599609375 11171.997993469238 5921.0344176292419 5797.8305053710938 3841.1982421875
leaf_count=184121 29635 7127 58623 2467 2765 82894 23587 8954 58327 29220 30845 56431 54535 40288 173396 44583 8716 13760 1557 2925 47537 47328 19949 36910 15072 64695 120756 37564 27181 17668 689 25593 11445 18568 16275 25003 33390 77477 50510 43150 28521 28917 5053 49486 419 5968 14511 266 49119 6226 2269 32944 16937 11072 38379 21079 8304 20620 34945 12184 25496 16715
internal_value=5.90528e-06 0.0113788 -0.00181671 0.0226071 0.000649366 -0.00333854 0.00815214 0.032364 -0.00051393 0.018282 0.00268295 0.00233482 -0.00223899 0.00647176 -0.00258731 0.00164316 0.0116258 0.0195288 -0.00116845 0.00789029 0.00734025 0.0064958 0.0292666 0.0444579 0.0210885 -0.00446927 -0.00152698 -0.00164603 0.0125843 0.011736 0.00913531 0.00142258 0.0488496 0.00691124 0.0316339 0.0222945 0.0243441 -0.00372883 0.0014472 -0.00212607 0.000589596 0.0132906 0.00322865 0.00295469 0.0305416 0.00931039 -0.00333689 0.0464307 -0.000567153 0.0173463 0.00265528 0.034225 0.0225022 0.00498931 -7.46015e-05 0.00384922 0.0154814 0.0191991 0.00520997 -7.21194e-05 0.0112458 0.00891259
internal_weight=1.0204e+06 140942 879458 31460 335610 543848 109482 9661.26 213485 21798.8 122125 114473 275727 73789 237540 93175.7 35692.9 19138.1 160066 7651.22 55429.8 42226.9 7693.1 1968.17 14628.1 268121 140612 105309 29354.7 24184.3 13830 19454.8 1494.82 7248.79 5696.79 12379.3 7444.69 111774 53418.9 85242.9 55980.3 15594.3 37195.4 35726.6 473.348 2660.68 132231 1366.4 62893.3 1307.85 13621.8 3900.22 1996.31 5365.51 42358.4 18359.3 7525.74 4934.59 28396.9 38186.7 8068.54 8589.97
internal_count=2080946 681037 1399909 296726 655382 744527 384311 146566 375557 150160 279825 255567 418234 227727 351515 199136 156584 137065 266720 24258 177013 129476 88572 57994 107845 326293 228498 163608 132997 105816 47203 38222 48621 21493 69168 94085 58393 142172 108837 126044 113752 71433 85384 80331 9373 13095 187907 37176 107742 6915 30790 49219 19404 12629 82962 50714 37221 35692 82273 66719 34212 34383
is_linear=0
shrinkage=0.05


Tree=17
num_leaves=63
num_cat=3
split_feature=136 136 16 136 14 24 136 3 24 106 24 16 13 20 61 13 3 93 109 100 24 107 24 48 40 13 46 13 121 40 33 24 39 100 24 31 24 87 46 24 42 14 27 20 63 95 88 14 14 80 130 108 32 57 95 131 20 94 24 58 30 3
split_gain=7702.71 1604.29 1377.34 380.294 325.597 244.789 228.444 150.142 119.724 111.741 96.3647 92.6069 83.5394 62.6957 59.7217 59.4101 57.7124 57.2933 54.5805 53.4044 55.0348 49.0534 47.3169 42.3431 41.0091 40.5563 40.311 39.0646 38.8057 38.7785 36.912 35.1347 32.5219 32.1969 31.9948 30.9435 29.9717 29.7331 28.8006 28.6958 28.4923 25.9685 25.9408 25.3759 29.5759 25.0049 24.8644 23.8315 23.6214 23.6451 25.7419 23.5704 22.8058 22.243 22.1675 21.7637 21.7614 21.7256 21.6285 21.0408 19.951 19.5155
threshold=4.3002371788024911 9.3000006675720233 2.5000000000000004 2.4208741188049321 16.500000000000004 906.50000000000011 6.1000001430511483 0 1951.5000000000002 700.50000000000011 1460.5000000000002 4.5000000000000009 32.750000000000007 1.0000000180025095e-35 1232782.3125000002 1.5833333134651186 1 388934.06250000006 223.50000000000003 841400512.00000012 4459.5000000000009 711.50000000000011 4459.5000000000009 8479.5000000000018 8314.5000000000018 11.583333492279055 8078.0000000000009 7.2500000000000009 38.500000000000007 4881.5000000000009 1.0000000180025095e-35 3625.0000000000005 0.82915791869163524 1142034816.0000002 1776.5000000000002 604.60299682617199 906.50000000000011 1.4649918079376223 5515.5000000000009 11838.000000000002 4930.5000000000009 25.500000000000004 1.0000000180025095e-35 1.0000000180025095e-35 10875.628906250002 7668465.0000000009 399407.71875000006 4.5000000000000009 91.500000000000014 560306.00000000012 0.67120766639709484 351.50000000000006 3657.5000000000005 128086.50000000001 7668465.0000000009 18.580729484558109 1.0000000180025095e-35 145816624.00000003 651.50000000000011 39200.500000000007 1890.5000000000002 2
decision_type=2 2 2 2 2 2 2 9 2 2 2 2 2 2 2 2 9 2 2 2 2 2 2 2 2 2 2 2 2 2 2 2 2 2 2 2 2 2 2 2 2 2 2 2 2 2 2 2 2 2 2 2 2 2 2 2 2 2 2 2 2 9
left_child=2 6 5 10 7 16 11 17 24 21 33 -2 14 27 32 18 -1 42 35 20 56 40 26 -18 -5 28 -13 57 39 31 53 -12 -11 61 -28 -7 -26 48 -24 -19 -6 -34 -3 -9 -45 -37 -32 -30 49 -14 -51 -31 -20 -15 -21 -16 -10 -8 -35 -43 -22 -4
right_child=1 4 3 8 9 15 13 43 19 12 29 22 37 30 55 -17 23 25 52 54 60 -23 38 -25 36 -27 34 -29 47 51 46 -33 41 58 -36 45 -38 -39 -40 -41 -42 59 -44 44 -46 -47 -48 -49 -50 50 -52 -53 -54 -55 -56 -57 -58 -59 -60 -61 -62 -63
leaf_value=-0.0047187238944480766 -0.0017647507723122244 0.020507441249834526 -0.001227887318423067 0.00010277793608260364 0.011662166526881975 -0.0015186408913837133 0.0088943728130404191 0.016191998400405524 0.0033330617816563508 0.018917854601569986 -0.0011352955016236577 0.0051012333814459184 0.050713588183849384 -0.0076097088411409761 0.0014766786985862333 0.00043959269880592219 -0.0038721828683328918 0.023820809415211509 -0.0031610508396442633 0.030052907734326135 0.025848076637442454 0.0019173529685320716 0.0083022399080203754 -0.0020610952836979698 0.00075537369811749019 0.028363194215712151 0.0060417231957905883 0.016354806994909619 -0.0050224396548363137 0.0062349439611331849 0.0054642156826007057 0.0015105398828668089 0.034554714192076473 -0.0015647613382421069 0.010855560410978637 0.0099094060006597595 0.0039901384662294672 0.0020974032042265457 0.013172964063740373 0.037528952758810116 0.028121584854291694 -0.0017344639145065975 0.012370483421137562 -0.003367966475482629 0.01060155294115081 0.00077708211542887513 0.010265819801057629 0.019032085480213921 0.07262664854661352 -0.012583485196517608 0.068843448464814799 0.0013596168226457702 -0.00088891361689911314 0.031467392151756417 0.0057726675718325427 0.024053143755732139 0.0010052014591971912 0.012960910364777898 0.00087383756746269275 0.046599203840354736 0.0051663671864110115 -0.0029757744653881191
leaf_weight=162540.29802894592 2990.8749432563782 2030.7338194996119 25739.872287750244 40497.594535827637 329.81113088130951 70550.330963416025 4315.3044202327728 1648.7542989104986 18430.472499370575 268.90632751211524 40975.368391036987 24392.693492889404 655.28819739818573 41.899763166904449 128.58005809783936 24609.472106652334 121392.11402207636 3295.5945344567299 96214.491170883179 93.989467620849609 116.96772050857544 270.9528956413269 11493.623382091522 43982.567504882812 12809.841003417969 3194.8043804764748 6821.4748830795288 7196.8569738864899 105.02763593196869 2649.7798004150391 4552.5279936790466 18083.789422988892 2438.0863978378475 20440.195190429688 7007.8051147460938 829.57622528076172 16251.171081542969 31.319457054138184 4134.4148416519165 435.21417999267578 1339.4400902986526 22.971563152968884 1908.3278210163116 449.81650450825691 2378.4446997344494 7749.1586685180664 6641.246645450592 4200.9381465911865 120.41641712188721 30.807215159758925 13.552616769447921 38574.244735717773 12483.432611465454 260.11209481954575 25005.762729644775 644.31779193878174 22070.648092269897 13949.183517456055 16374.720825195312 749.81209394335747 19521.246229171753 42336.364337921143
leaf_count=188222 4786 14838 41673 78644 3022 109595 17169 11971 43988 2874 69860 72071 21796 136 1086 44430 155406 26699 136723 706 820 1594 40939 63159 25825 31483 20330 39363 353 7083 17464 38844 34807 31825 25908 2820 38930 331 17636 5096 18457 190 11606 1607 15769 15332 29457 29300 11538 333 594 77570 22295 2258 69648 8650 47801 64624 29973 17268 54980 61529
internal_value=-7.38127e-06 0.0118651 -0.00159628 0.00079975 0.0226806 -0.00319248 0.0087872 0.0193723 0.00267076 0.031905 -0.000611845 0.00679721 0.0357904 0.0118476 0.0329166 -0.00187024 -0.00404906 0.0217518 -0.00217291 0.00392691 0.00311816 0.0216745 0.00727286 -0.00339034 0.00113134 0.0235877 0.00632458 0.0132319 0.021687 0.000496327 0.00878065 -0.000325056 0.0357125 -0.00167138 0.00848174 -0.00117382 0.00256449 0.0501117 0.0095915 0.0254261 0.024877 0.0371143 0.0165687 0.0112331 0.00837782 0.0016613 0.00831378 0.0184437 0.0519369 0.0483196 0.0126723 0.00167318 -0.00290016 0.0260259 0.00586438 0.0203071 0.00206467 0.0120007 -0.000479976 0.0451558 0.00529046 -0.0023156
internal_weight=1.02081e+06 120490 900323 359972 26691.9 540351 93798 19647.7 154798 7044.26 205174 56840.9 5104.06 36957.1 4252.67 212436 327915 15170.6 187827 85239.1 60139.3 1940.2 53850 165375 69558.6 11231.6 38222 25461.3 8036.77 100283 11495.8 59059.2 3479.78 104891 13829.3 79129.1 29061 851.384 15628 3730.81 1669.25 3210.87 3939.06 4477.02 2828.26 8578.73 11193.8 4305.97 820.064 699.648 44.3598 41224 108698 302.012 25099.8 772.898 40501.1 18264.5 36814.9 772.784 19638.2 68076.2
internal_count=2081084 623403 1457681 719699 271262 737982 352141 148722 361342 122540 358357 181670 99467 170471 64875 331195 406787 119375 286765 217943 147589 23073 176884 218565 143399 92931 118309 121156 61448 193357 49315 108704 55139 165000 46238 127747 64755 34592 58575 31795 21479 52265 26444 29347 17376 18152 46921 29653 34261 22723 927 84653 159018 2394 70354 9736 91789 81793 61798 17458 55800 103202
cat_boundaries=0 1 2 3
cat_threshold=13477 33296 13408
is_linear=0
shrinkage=0.05


Tree=18
num_leaves=63
num_cat=0
split_feature=12 12 17 32 12 12 17 110 32 13 134 40 37 39 13 38 13 35 35 89 14 37 95 23 20 124 39 56 23 13 35 40 38 30 13 32 124 26 133 100 60 6 28 67 124 37 100 130 8 100 60 123 122 74 19 44 40 35 61 32 13 109
split_gain=6919.8 1585.68 1200.48 422.278 312.044 188.84 137.214 121.125 107.05 106.705 88.7032 82.1152 73.0336 70.7007 59.2361 52.5399 49.7435 49.3417 47.5533 47.4013 46.7337 46.0474 45.2659 44.9431 40.9343 39.16 37.1216 36.9587 36.34 33.7864 37.6345 31.0123 30.6884 30.4237 29.8268 28.9197 28.7808 31.3142 27.4733 27.4099 26.1094 25.8657 25.3252 25.0596 24.4827 24.1873 22.784 22.6747 21.764 21.6536 20.9009 20.47 28.548 20.0353 20.0219 19.2961 18.9376 18.6356 18.1609 18.0311 17.9244 23.0201
threshold=4.8333332538604745 2.1666666269302373 8.5000000000000018 1203.5000000000002 7.8333332538604745 3.5000000000000004 16.500000000000004 337.50000000000006 4089.0000000000005 0.75000000000000011 4.5000000000000009 3849.5000000000005 418.50000000000006 0.8875144124031068 6.4166667461395273 0.76997897028923046 2.7500000000000004 7.5000000000000009 1.5000000000000002 288801.70312500006 67.500000000000014 418.50000000000006 7668465.0000000009 0.7500000298023225 1.5000000000000002 527.50000000000011 0.8875144124031068 1317867.0000000002 1.1672258973121645 9.5833334922790545 4.5000000000000009 8880.0000000000018 0.70142048597335827 74.500000000000014 3.7500000000000004 487.50000000000006 222.50000000000003 172.50000000000003 6.2177360057830819 1142034816.0000002 218154.66406250003 0.25000000000000011 11113.500000000002 4.5000000000000009 285.50000000000006 4375.5000000000009 763893248.00000012 0.4058398455381394 25.500000000000004 582093856.00000012 94007.000000000015 3927.0000000000005 3200.833374023438 1.0000000180025095e-35 2.5000000000000004 3421.333374023438 8314.5000000000018 4.5000000000000009 259532.25000000003 3251.5000000000005 3.0833333730697636 385.50000000000006
decision_type=2 2 2 2 2 2 2 2 2 2 2 2 2 2 2 2 2 2 2 2 2 2 2 2 2 2 2 2 2 2 2 2 2 2 2 2 2 2 2 2 2 2 2 2 2 2 2 2 2 2 2 2 2 2 2 2 2 2 2 2 2 2
left_child=1 3 4 9 13 12 25 18 11 23 50 -9 16 -2 17 51 41 36 38 -12 27 34 -14 35 -13 31 -21 48 55 30 45 -4 -27 -23 43 -1 -15 -38 -5 -11 -20 -3 -30 -7 -43 -28 -37 -34 -17 -39 -6 52 -8 -24 -35 -10 -26 -31 -54 -51 61 -55
right_child=2 5 6 7 10 21 15 8 28 39 19 24 22 14 -16 20 -18 -19 40 26 -22 33 53 -25 56 32 29 -29 42 57 -32 -33 47 54 -36 46 37 49 -40 -41 -42 44 -44 -45 -46 -47 -48 -49 -50 59 -52 -53 58 60 -56 -57 -58 -59 -60 -61 -62 -63
leaf_value=-0.0045806411134927368 0.0048604368398773006 -0.00033291366796323225 0.016633887026133588 0.046015388280883564 -0.0035047429859871048 0.0048707841371965375 0.026823992149634591 -0.0026434303284014107 -0.00049100921472423323 -0.0027960062910014601 0.01226153565061032 0.00031481604058675405 0.022732070680377643 0.0078683499058729654 0.013391042465495766 0.035535068287597331 0.002717907266175241 0.0063036895662591996 -0.0014602426113251631 0.012217796097600011 0.060303589765335119 0.039775361190511699 0.018188694523796633 -0.0023704613267945384 -0.0017177392216536425 0.0094803806651624009 0.020047996789572812 0.028023704977259381 0.0035731048676812885 0.038105221714382666 0.015163627188888102 0.025491682139938361 0.024149532677996268 0.01152190962826722 0.0057117831834707488 -0.0041267112598026706 0.031741421495960931 0.0084651750717992785 0.012198381321179112 -0.0012100951832267649 0.0047178876560831553 0.00075498810591643616 0.015811919606038009 0.0020513195272369167 0.0043920304219370989 0.033173870921233493 -0.0025954790073595591 0.031017062421825742 0.04736927903182276 0.0095944221623468044 0.0093513813824206912 0.045754817407315573 0.049296304015208792 0.0041203196173642351 0.0061605379849390806 0.0020887773793014839 0.00043783964194467421 0.022053553296315923 -0.014983229886210271 0.014010318304302353 0.0061447313976013057 0.001087443349077001
leaf_weight=166623.04428566713 10060.762770742178 56842.012356027961 2100.2699165344238 63.487311646342278 348.76467108726501 12417.378509078175 125.04891023784876 103366.12728869915 19325.940767168999 66232.879646122456 4970.1784889698029 52628.786220550537 306.67457580566406 9752.9077201783657 8033.8548787236214 789.47841062396765 27704.030895009637 14075.412933349609 2279.9038081765175 2509.7927732542157 242.57690954208374 69.694498062133789 228.14905416965485 39584.241943359375 78759.401889801025 229.66982611268759 3150.2870511934161 759.05620193481445 7529.2079772949219 191.98815727233887 6808.1305198669434 1884.6598968505859 2049.2770016863942 1968.0707302093506 15773.934998001903 60143.645950317383 185.70356673002243 5208.7775654196739 1037.2502448111773 46311.088134765625 6826.4164509177208 21555.651074409485 447.70858764648438 21604.004699707031 5893.2114362716675 397.75465393066406 40804.192047119141 2991.1382208764553 800.07531595230103 3606.0485351681709 3301.0820360183716 49.599103927612305 11.831940501928328 14369.591599725187 15327.987854003906 11596.056139230728 11698.879222869873 3600.4481582641602 99.386492878198624 6518.9276919960976 4755.546060718596 11091.619001328945
leaf_count=193357 33035 107999 17399 621 976 33312 2067 152218 36064 93201 30451 93870 1876 35316 37897 13363 63957 48834 3989 14278 17216 748 1081 54840 124383 1767 21350 16075 17756 2894 40458 18860 21541 8232 46056 74598 1770 20108 4243 71527 15810 42320 2018 52252 14125 4558 55817 34906 20935 13528 16295 1597 460 35929 46321 24785 21071 29832 544 29591 13309 24159
internal_value=-1.11557e-06 -0.00131977 0.0128605 -0.00244115 0.0107061 0.00250129 0.0275486 -0.0009934 -0.00118485 -0.00346066 0.0153357 -0.00156961 0.00147255 0.00866859 0.00947702 0.0370922 0.000879855 0.00867759 0.00435824 0.0165527 0.0393387 0.0046877 0.0036309 -0.00394327 -0.000793835 0.0245794 0.0178323 0.0371588 0.00125271 0.0188274 0.0173446 0.0208271 0.0274135 0.00690508 0.00391424 -0.00417592 0.00999938 0.011338 0.0141734 -0.00214347 0.00317056 0.000275667 0.00426159 0.00308059 0.0015361 0.0215254 -0.00350784 0.0282286 0.0415078 0.0110895 0.00812122 0.016679 0.0104703 0.00343795 0.0067712 0.000476293 -0.0014389 0.0228724 -0.00791009 0.0124386 0.00332611 0.00279936
internal_weight=1.02002e+06 925166 94852.9 715258 82720.8 209908 12132.1 295559 285352 419699 25278.4 246453 142746 57442.4 47381.6 2877.05 111995 39347.8 10207.1 21628.6 2591.19 67161.1 30751.6 307155 143087 9255.01 16658.4 2348.61 38898.9 14148.6 10356.2 3984.93 5270.09 17365.8 49795.3 267571 25272.4 15519.5 1100.74 112544 9106.32 84290.9 7976.92 34021.4 27448.9 3548.04 100948 5040.42 1589.55 15333.8 3649.85 285.866 236.267 30444.9 17296.1 30922 90458.3 3792.44 111.218 10125 30216.8 25461.2
internal_count=2079745 1531844 547901 1040168 381171 491676 166730 496828 472165 543340 161092 391542 304755 220079 187044 72257 228401 149147 24663 143821 67589 186921 76354 378612 239324 94473 113370 50373 80623 99092 66366 36259 58214 55301 131620 323772 100313 64997 4864 164728 19799 164444 19774 85564 56445 25908 130415 56447 34298 63227 17271 4668 3071 74478 54553 60849 145454 32726 1004 43119 73397 60088
is_linear=0
shrinkage=0.05


Tree=19
num_leaves=63
num_cat=0
split_feature=12 13 17 24 134 13 135 35 21 24 48 17 109 8 13 37 95 24 39 13 62 135 24 35 37 35 35 13 124 13 124 48 65 48 48 13 60 55 106 94 94 24 37 85 131 110 46 13 106 75 25 99 122 57 30 63 75 95 38 108 28 75
split_gain=6196.78 1299.41 1191.12 324.962 237.657 231.785 195.796 162.441 131.113 110.031 80.0235 72.8806 68.0917 67.9015 53.0923 52.3062 51.6919 51.5463 50.52 50.154 49.3855 46.7377 46.0704 44.8829 41.5941 39.6723 37.4743 37.1159 35.1936 33.9087 33.4977 32.5292 32.0197 31.8788 31.3344 29.1452 28.5817 27.9946 25.7769 25.5416 25.1358 24.414 23.8992 23.399 22.7469 22.564 21.9886 21.9661 21.7119 21.6694 21.2032 21.1562 30.4993 20.0076 18.2578 18.1913 17.2582 17.165 16.5944 25.7946 18.245 16.4615
threshold=4.5000000000000009 1.4166666865348818 6.5000000000000009 1612.5000000000002 15.500000000000002 3.0833333730697636 6.5000000000000009 4.5000000000000009 2.5000000000000004 416.50000000000006 7659.5000000000009 43.500000000000007 348.50000000000006 2.5000000000000004 8.2500000000000018 2382.5000000000005 7668465.0000000009 3216.5000000000005 0.8875144124031068 11.583333492279055 1223859.5000000002 18.500000000000004 8460.0000000000018 4.5000000000000009 4375.5000000000009 4.5000000000000009 4.5000000000000009 2.0833333730697636 819.50000000000011 4.5833332538604745 222.50000000000003 3500.0000000000005 50294.500000000007 6139.0000000000009 9916.5000000000018 32.750000000000007 218154.66406250003 1.3714220523834231 732.50000000000011 250275448.00000003 145816624.00000003 2394.5000000000005 49.500000000000007 15031.500000000002 21.013010978698734 449.16667175292974 7563.0000000000009 5.7500000000000009 749.50000000000011 75697.500000000015 1.0000000180025095e-35 1627916352.0000002 3200.833374023438 462127.50000000006 4870.5000000000009 35010.214843750007 15588.000000000002 7668465.0000000009 0.70142048597335827 839.50000000000011 11113.500000000002 1736.5000000000002
decision_type=2 2 2 2 2 2 2 2 2 2 2 2 2 2 2 2 2 2 2 2 2 2 2 2 2 2 2 2 2 2 2 2 2 2 2 2 2 2 2 2 2 2 2 2 2 2 2 2 2 2 2 2 2 2 2 2 2 2 2 2 2 2
left_child=1 3 6 9 19 7 18 15 12 34 25 20 31 -8 23 30 55 27 -2 40 21 -6 39 24 44 -11 -12 -9 33 42 -3 -5 -23 -20 -1 43 -26 -19 -16 -18 -4 -35 -7 -22 -15 -41 -42 -25 -21 -45 -17 52 -13 -38 -14 -10 -36 -33 59 -34 -60 -40
right_child=2 5 4 8 11 29 13 17 16 10 26 51 54 14 38 50 22 37 28 48 35 32 -24 47 36 -27 -28 -29 -30 -31 -32 57 58 41 56 -37 53 -39 61 45 46 -43 -44 49 -46 -47 -48 -49 -50 -51 -52 -53 -54 -55 -56 -57 -58 -59 60 -61 -62 -63
leaf_value=-0.0044397229483817951 0.0035226143696504338 0.0021895446596828473 0.011030432324652383 -0.0011514379088211368 0.025889951232836557 0.0027395495959318832 0.0046147480651912596 -0.00091926257910505634 0.028544829635188729 -0.0020058469130668382 0.0007356420606111281 0.057288770577071449 -0.0024746132390462091 0.015007408192879452 0.01248873341898819 0.040505517950900294 0.0003371137260730862 0.0017168297053700228 0.0052517940306993395 0.017675863400124794 0.012726854923625614 -0.0024975909040738861 0.012320655242370387 0.0072582238545859327 0.0044201553453626745 -0.0034482800569499098 -0.0018368082090873209 0.00068096464723641404 0.010889801936679766 0.006913614722232217 0.0053182867353916115 0.011967201675718296 0.032207610406863534 0.0064808688752152057 -0.0022066253664973974 0.032334402799906695 0.045654662264990542 0.011339689668637631 0.027948579986633873 0.0097455812961061011 0.015777969099780322 0.009855669579491206 0.0050606407388272892 0.040111646495229317 0.0088165714852786927 0.0029524332204752127 0.021108606398442087 0.011163075907664766 0.026232549044692261 0.0094623594459671487 0.011087614520113207 0.065551659194353656 0.014045654766652864 0.024774791029913958 0.00063462771825491509 0.011122504552559144 -0.003843584241834605 0.0011315351960391943 0.033181209957336505 -0.018260558117004357 0.041936035840241026 0.017495508005230368
leaf_weight=148647.02271575935 9283.1052518486977 23273.212352752686 1739.1540603637695 25513.003490447998 2496.5580859184265 24279.353698849678 3044.3676519393921 84277.442390322685 217.23562896251678 70053.117393493652 21340.225685119629 101.63936042785645 57992.294044494629 5065.8005516529083 3020.3774280548096 63.284396648406982 9592.5373392105103 32809.849517822266 15563.177782475948 1098.9586963653564 896.7516565322876 54.084980501793325 1181.7943756580353 5824.0362720489502 126.85121807456017 149343.31188964844 42045.884887695312 63562.998558163643 6808.5794486999512 10883.565811038017 13536.671642303467 369.53989219665527 91.736492877826095 10393.081491470337 28682.120703093708 395.72727966308594 161.92409080266953 773.35858154296875 417.71989440917969 1451.7426280975342 5581.167947769165 11106.328019142151 20443.039695739746 171.91994860768318 2109.2142751216888 7765.2926156520844 2987.6284503936768 9500.6893825531006 2342.7577362060547 87.943574875593185 1699.2430691719055 161.54977416992188 69.15324592590332 411.72868892550468 5137.0529251098633 490.23454010486603 36777.006738312542 30483.453184127808 1336.2447974486277 34.386226654052734 1118.0021090507507 4143.7205047607422
leaf_count=173515 27625 51276 9878 43210 26848 57803 12364 142808 1547 102736 37233 5449 88502 27004 18648 757 18794 73966 50877 9451 9844 403 4635 24914 683 197880 62042 125831 27579 33061 35389 1419 1375 33379 39563 10252 2327 2966 4328 4457 37611 43457 54633 3560 10010 17064 22493 46680 24249 1042 7013 13462 1631 3904 10515 2047 44325 58336 22414 232 24547 28601
internal_value=-3.64949e-06 -0.00134241 0.0113365 -0.00258328 0.022096 0.00152597 0.00876768 0.00079694 -0.00045729 -0.00318311 -0.00253563 0.0295862 -0.00109372 0.0117417 0.0124463 0.00374351 0.00321653 0.000170435 0.0068749 0.0182729 0.028444 0.0308119 0.00274594 0.0112579 0.0143275 -0.00298774 -0.000970663 -0.000231222 0.00758408 0.00441013 0.00334032 0.000169335 0.0354684 0.00697653 -0.00403824 0.0206067 0.0259645 0.00193874 0.0160809 0.00214379 0.0165245 0.00822467 0.0038007 0.0165775 0.0131889 0.00402341 0.0176383 0.00967968 0.0235048 0.0297965 0.0121579 0.0524645 0.0399011 0.0307119 -0.00222152 0.0164956 -0.00312642 0.00126167 0.0362665 0.0183907 0.0371791 0.0184568
internal_weight=1.02043e+06 912685 107746 637083 20765.4 275602 86980.7 219996 140194 496889 282783 7015.7 119495 33826.4 30782.1 38572.4 20698.8 181424 53154.3 13749.7 6683.36 5131.01 19991.4 23200.2 7875.52 219396 63386.1 147840 43871.2 55606 36809.9 56366 2634.45 37062.6 214106 1552.34 700.504 33583.2 7581.82 18809.6 10308 21499.4 44722.4 1156.62 7175.01 9217.04 8568.8 15324.7 3441.72 259.864 1762.53 332.342 170.793 573.653 63129.3 707.47 65459.1 30853 2580.37 126.123 2454.25 4561.44
internal_count=2080444 1493323 587121 907820 224741 585503 362380 440006 250526 657294 399891 121059 201982 179463 167099 94435 48544 345571 182917 103682 100517 75819 44950 115522 43928 300616 99275 268639 155292 145497 86665 102965 48971 127713 257403 24698 6914 76932 51577 40315 69982 76836 112436 14446 37014 21521 60104 71594 33700 4602 7770 20542 7080 6231 99017 3594 83888 59755 48568 1607 46961 32929
is_linear=0
shrinkage=0.05


Tree=20
num_leaves=63
num_cat=7
split_feature=136 136 12 136 17 13 3 3 35 124 13 17 134 35 28 100 37 3 37 31 13 32 35 3 94 60 3 25 13 13 94 108 35 75 136 99 119 62 32 3 2 100 25 126 13 106 3 13 127 100 62 35 2 95 37 95 74 100 48 72 63 16
split_gain=5693.7 1184.59 1029.11 315.976 289.892 176.773 162.544 115.175 97.6686 89.4392 81.4292 63.2923 62.1888 59.6319 52.1341 67.8953 49.4427 48.8765 47.3165 45.9498 42.7739 40.7767 39.8821 36.2638 40.6469 33.9286 33.3758 33.3002 32.8753 31.9768 31.508 31.3798 31.3657 28.7327 28.7115 28.3956 37.2423 26.1457 25.3733 25.1526 24.7522 24.3061 24.2782 23.5805 23.4925 23.0787 22.7149 22.4636 21.4913 21.0203 20.769 20.7686 20.4235 21.7189 20.0924 20.0218 22.6873 19.9326 19.8659 19.5883 19.4744 19.3628
threshold=4.3002371788024911 9.3000006675720233 1.1666666865348818 2.4208741188049321 12.500000000000002 5.7500000000000009 0 1 4.5000000000000009 196.50000000000003 1.9166666865348818 28.500000000000004 1.0000000180025095e-35 1.5000000000000002 11113.500000000002 802707648.00000012 4375.5000000000009 2 418.50000000000006 381.25158691406256 3.7500000000000004 487.50000000000006 7.5000000000000009 3 145816624.00000003 43423.666015625007 4 3132.0000000000005 3.0833333730697636 3.4166666269302373 145816624.00000003 105.50000000000001 1.5000000000000002 1.0000000180025095e-35 19.04999923706055 1627916352.0000002 3356.5000000000005 212352.50000000003 4477.0000000000009 5 3359.5000000000005 1434062720.0000002 3132.0000000000005 890.50000000000011 7.2500000000000009 700.50000000000011 6 1.0833333134651186 1.0000000180025095e-35 582093856.00000012 473203.50000000006 7.5000000000000009 3506.5000000000005 1112069632.0000002 1126.0000000000002 1112069632.0000002 85143.000000000015 918187584.00000012 8084.0000000000009 6005.0000000000009 37418.890625000007 138.50000000000003
decision_type=2 2 2 2 2 2 9 9 2 2 2 2 2 2 2 2 2 9 2 2 2 2 2 9 2 2 9 2 2 2 2 2 2 2 2 2 2 2 2 9 2 2 2 2 2 2 9 2 2 2 2 2 2 2 2 2 2 2 2 2 2 2
left_child=2 5 6 10 7 8 21 14 16 28 18 17 -10 59 15 -3 20 43 33 47 26 -1 31 24 -7 -9 49 41 32 -24 -17 -11 -5 -4 -27 36 -13 -18 -36 -20 55 -14 -32 -6 -26 57 -21 -15 -34 -2 -39 -16 53 -19 -51 -40 -57 -33 -23 -8 -29 -37
right_child=1 4 3 9 11 23 13 25 12 22 -12 35 27 19 51 30 37 52 39 46 -22 58 29 -25 44 34 -28 60 -30 -31 42 45 48 -35 38 61 -38 50 40 -41 -42 -43 -44 -45 -46 -47 -48 -49 -50 54 -52 -53 -54 -55 -56 56 -58 -59 -60 -61 -62 -63
leaf_value=-0.0041143535551053682 0.0050705573694274746 0.012671374334847108 -0.00065012099081856588 0.013892941228633599 0.027613700949471454 0.0084380356513106148 -0.00032378240154679679 -0.0026807319882107827 -0.0014963216242128757 0.014110824198670595 0.0010657660195116977 0.042881549698623046 0.0029893821141642653 -0.0024189922258134417 0.030952409045963653 0.014332691832736803 0.0025740092289383426 0.020979245152816513 0.0035934844144026677 0.0034831687145912282 0.012011387995445958 -0.0032168319298599406 0.0010491195313197788 0.0080154670635329169 0.012037836644226991 0.0098814961939831143 0.0017452925446132792 0.0081895224504592821 0.0031170811042437897 0.004293771678879791 0.016276885420814395 0.0023852442656998726 0.0013010353427753522 -0.0019936137901339921 -0.0039148229922587006 0.047784008682530126 0.011735869922642722 0.034162701131189535 0.022615925538738101 1.1169821778020653e-06 0.029219236273537754 0.0066197937623759312 0.023197025359316455 0.036666540026819065 0.016354180882111432 0.0057078277865111526 -0.00052828291314197136 -0.00076194647429356319 -0.00056398466020728935 0.0083863225500233687 0.017710730641301554 0.020740227065023025 0.0272395332177807 0.0051290192547679241 0.014917673171873631 -0.01086617283702862 0.01843794598891562 0.0055032836218103405 -0.0015680172235822605 0.0087378205970359019 0.0050938369382390915 0.078782463192586
leaf_weight=170201.16427630279 4202.7781372964382 4160.0858553722501 68819.57509354502 439.10074337571859 1716.1344114169478 4668.2158413827419 895.42721577733755 433.17511927336454 3468.0702183246613 834.36594009399414 56674.206133566797 379.88693618774414 15144.704750776291 127333.89845922589 1168.0138549804688 1778.3155629634857 194.15008795261383 595.9704960025847 6067.7304916381836 4191.6220550537109 5988.6293163299561 121319.01302337646 21455.662316024303 6553.2548960745335 7393.1840784288943 4106.6769199371338 2517.8079010546207 12128.331004261971 16049.28298368305 11757.859534561634 1618.1224141120911 17045.589801311493 35522.840709224343 94412.404296875 111.44349718093872 268.91137313842773 129.64907073974609 280.2414026260376 306.2421153485775 24589.669631958008 500.72591033577919 6635.4184265136719 6047.9700117111206 1267.2015762329102 5533.3826596997678 17419.220106124878 22016.967367172241 24378.241976946592 27326.46727514267 8440.8001863956451 623.60246694087982 885.1087646484375 574.00141963735223 341.06543350219727 1372.2143783569336 131.46785163879395 131.58503723144531 7337.081964969635 21524.034545898438 1778.8405607119203 8770.1718281507492 64.624908447265625
leaf_count=196675 13585 27306 114208 1842 24330 19427 1691 1790 6232 3393 111960 13453 43514 180593 12986 12007 823 8144 13922 10253 28007 160666 47319 29266 33841 26642 7615 44748 40290 32506 11713 39615 75811 145504 609 11266 2651 2529 3688 44741 7275 21885 53591 22003 31057 48650 38543 39149 52683 29444 3907 7999 10035 3862 6457 659 1515 19587 31255 5515 30281 8039
internal_value=-7.10187e-07 0.0101994 -0.00136882 0.000496696 0.0194892 0.00755657 -0.00290221 0.0168855 0.0062801 0.00226965 -0.000601374 0.0299146 0.00494134 -0.00170728 0.0191107 0.0179995 0.00889527 0.0275468 -0.00108871 -0.00181879 0.00838941 -0.00359137 0.00349731 0.0112441 0.0124344 0.0107415 0.00707688 0.00546459 0.00109589 0.00219795 0.0203451 0.00450936 0.000583238 -0.00142722 0.0118624 0.0425076 0.0349858 0.0192584 0.0187365 0.000713503 0.021101 0.00409576 0.0217382 0.0313611 0.0138865 0.00431742 0.000114272 -0.00215276 0.000490059 0.00802722 0.0228333 0.0265585 0.0196673 0.0152212 0.00930086 0.0139325 0.00378061 0.0033238 -0.00296842 0.00570235 0.00689079 0.0539141
internal_weight=1.02002e+06 120631 899390 405751 26716.4 93915 493639 21378.9 69766.9 155187 250564 5337.45 46146.7 180595 15657.6 13604.5 23620.2 4494.37 193889 177921 22522.2 313044 75849.8 24148 17594.8 5721.32 16533.6 42678.6 79337.7 33213.5 9444.41 42636.3 63288.4 163232 5288.14 843.072 509.536 1097.99 1181.46 30657.4 1070.02 21780.1 7666.09 2983.34 12926.6 41801.9 26208.6 151712 62849.3 14015.8 903.844 2053.12 1511.04 937.036 9813.01 569.295 263.053 24382.7 142843 2674.27 20898.5 333.536
internal_count=2080552 624181 1456371 792031 271563 352618 664340 167780 239027 361696 430335 103783 146660 275744 125602 104617 92367 68374 318375 268538 85108 388596 191070 113591 84325 42178 57101 140428 170626 79825 77311 111245 130336 259712 40388 35409 16104 7259 13746 58663 13137 65399 65304 46333 64898 107852 48796 219742 128494 49486 6436 20985 22041 12006 35901 5862 2174 59202 191921 7206 75029 19305
cat_boundaries=0 1 2 3 4 5 6 7
cat_threshold=33565 13477 5285 7557 15397 12384 12352
is_linear=0
shrinkage=0.05


Tree=21
num_leaves=63
num_cat=0
split_feature=12 12 12 17 135 24 32 39 17 40 24 39 124 40 124 40 58 107 32 124 24 100 107 35 40 113 111 38 24 96 38 17 100 46 8 10 56 123 100 24 30 40 130 111 96 60 100 2 100 33 109 81 62 58 121 86 37 38 107 24 40 12
split_gain=5113.42 1398.99 695.158 311.777 204.055 193.883 137.264 82.0785 73.491 68.4084 78.3177 62.3798 58.4425 51.8319 50.2264 48.3728 47.3026 46.5192 44.3838 41.8255 40.8508 40.3359 39.1924 37.8771 37.866 36.6132 36.1073 35.5001 32.1408 32.044 29.6529 28.9357 28.1336 27.051 26.3555 25.4651 27.927 25.1431 25.1414 25.0487 24.4898 24.3782 23.3745 22.8393 22.2584 22.2255 20.8225 20.7528 19.9235 24.7902 20.6562 19.4238 19.2794 19.179 19.1679 18.7978 20.6947 18.5086 18.3836 18.146 18.9116 17.4623
threshold=3.5000000000000004 8.5000000000000018 1.1666666865348818 10.500000000000002 5.1666667461395273 2645.0000000000005 1490.5000000000002 0.82915791869163524 19.500000000000004 6492.0000000000009 906.50000000000011 0.8875144124031068 527.50000000000011 4347.0000000000009 285.50000000000006 5957.5000000000009 1140432.0000000002 264.50000000000006 487.50000000000006 600.50000000000011 8460.0000000000018 802707648.00000012 53.500000000000007 7.5000000000000009 8314.5000000000018 1.0000000180025095e-35 147.41666412353518 0.76997897028923046 1460.5000000000002 24501782.000000004 0.86897510290145885 4.5000000000000009 409432960.00000006 10172.000000000002 28.500000000000004 64.500000000000014 1317867.0000000002 3927.0000000000005 1434062720.0000002 4459.5000000000009 2080.5000000000005 4347.0000000000009 0.37121361494064337 277.25000000000006 1.0000000180025095e-35 218154.66406250003 513943376.00000006 1228.5000000000002 548935104.00000012 7196.5000000000009 417.50000000000006 1.0000000180025095e-35 58161.000000000007 145114.50000000003 1.0000000180025095e-35 1.4190091490745547 -476.49999999999994 3.9216867685317998 164.50000000000003 1328.5000000000002 11385.500000000002 15.500000000000002
decision_type=2 2 2 2 2 2 2 2 2 2 2 2 2 2 2 2 2 2 2 2 2 2 2 2 2 2 2 2 2 2 2 2 2 2 2 2 2 2 2 2 2 2 2 2 2 2 2 2 2 2 2 2 2 2 2 2 2 2 2 2 2 2
left_child=2 4 6 7 14 9 18 45 16 28 52 -6 15 20 41 -9 55 53 38 24 -7 -20 -15 34 -13 -19 -12 37 -4 -16 -18 -25 -27 -28 42 36 -29 47 -1 -24 -26 -2 -14 -41 -43 -3 -30 -10 49 -31 -50 -21 -11 -8 -17 61 -57 -54 -23 -46 -61 -5
right_child=1 3 5 8 11 13 17 12 27 10 26 19 23 22 29 54 30 25 21 51 -22 58 39 31 40 32 33 35 46 48 -32 -33 -34 -35 -36 -37 -38 -39 -40 43 -42 44 -44 -45 59 -47 -48 -49 50 -51 -52 -53 57 -55 -56 56 -58 -59 -60 60 -62 -63
leaf_value=-0.0040646745601626939 0.00059372381024598965 -0.0026881079884919987 -0.00203636119324667 0.022365705033853388 0.0045532503938367028 0.00077062134159310524 -0.0023405662081587585 0.0081984829859723767 -0.0053348841622826281 -0.0030167020652531241 0.0092718765610585382 0.0067037034774189951 0.016091721974015493 0.026190069391272709 0.026864877939510381 0.018477032319787829 -0.00041610215922053433 0.0018571598021993982 -0.0032546919774678255 0.047010432863820589 0.0063753963053880536 0.0011720133410864156 0.0027842287231918017 0.0081351190930551882 0.0079465804464374686 -0.0027544729149763417 0.00072793329157565929 0.039520418488600169 -0.0015997674741320359 0.0027724117749164776 0.018778712817105889 0.017489348066508127 -0.0010684684412052626 0.0030654536011462678 0.036952150973199364 0.050870665464674829 0.025385283744158785 0.053801527735168636 -0.0027528495462680515 0.017054004176866488 0.012661335158136578 0.017340209196308052 0.023102966488138074 0.0052995497862508983 0.0018489550474482506 0.0088470694526844203 0.00013480888375828627 0.032320788527062959 0.0084350803582628388 0.0087956846086755091 0.0053036460663131975 0.011321662641084314 -0.00072366323858610848 0.0068423720707160617 0.013312645783856115 -0.01892899190952704 0.02142430682953202 0.0065264210620968564 -0.0019551643657813996 0.0037401643725312999 0.007760499440418918 0.029036817139890026
leaf_weight=147060.54295232473 7948.9544219970703 505.06279671192169 70774.417285919189 1566.185754686594 9303.4960861206055 48281.226415634155 740.37182068824768 3276.0369033813477 115.04140669107437 9808.9845361709595 1457.4948310852051 19242.074245452881 1861.2802148703486 190.6700553894043 176.60800170898438 3134.9729883670807 238.31578493118286 7886.5890197753906 110915.91342926025 37.878382325172424 3485.7175960540771 5050.3233137130737 28345.67113949731 1106.3500480651855 5356.7036923840642 38537.779618740082 49217.383190155029 938.02730995416641 28312.108642578125 9601.1409043073654 1273.4455485343933 3314.0456848144531 69168.954542636871 16539.075225830078 260.06854311190546 274.98944664001465 568.07006549835205 33.495643615722656 48637.3681640625 436.79901431128383 5698.287392668426 294.65742635726929 3353.8906676769257 7703.8198776245117 10835.241991490126 2387.9763058423996 44475.294860839844 52.979944586753845 8015.6255751848221 2079.3315124511719 15424.298034667969 13073.93944299221 50267.768298149109 2436.8637902736664 4264.5362889766693 46.970587387681007 95.302835807204247 895.37142944335938 67260.609395027161 20355.533542662859 3419.9184646606445 2725.311858266592
leaf_count=170306 19529 1764 108242 15258 32512 99641 1348 18753 933 13877 4437 74596 14000 1492 1341 23393 1827 15170 143391 613 10946 8988 66220 7405 20682 56857 95083 23339 46715 26059 15274 25384 111670 35922 4655 17619 13405 1385 61339 2111 27084 1673 29036 21371 25947 13639 82069 1379 26632 7754 46488 61013 83102 7033 27990 229 1151 2165 95273 55976 10917 38699
internal_value=2.20305e-07 0.00813994 -0.00153928 0.0176192 0.0058659 0.000133768 -0.00275011 0.0147217 0.0261926 -0.000528014 0.000311493 0.00827007 0.0158309 0.00216717 0.0042442 0.013262 0.0234058 -0.00126687 -0.003215 0.00906649 0.00114817 -0.00265564 0.00360524 0.018601 0.00804461 -0.00143096 0.00148862 0.0345392 -0.00127764 0.00564107 0.0157504 0.0151505 -0.00167178 0.00131596 0.0213842 0.0367923 0.0342024 0.0145588 -0.00373868 0.00348672 0.0103777 0.00309351 0.0206034 0.00593188 0.00366262 0.00683143 -0.000539827 0.00656958 0.00553382 0.00384542 0.00637486 0.0114269 -0.000986061 0.00470092 0.0155024 0.0260128 0.00804729 -0.000596624 -0.00173668 0.00354579 0.00431882 0.0266062
internal_weight=1.02014e+06 162256 857887 31392.4 130864 360192 497695 23464.2 7928.14 271748 128186 52712.4 20571.2 88443.9 78151.3 10675.5 5945.53 118771 378925 43408.9 51766.9 183227 36677 9895.64 30297.1 115593 67214 1982.6 143562 35297 1511.76 4420.4 107707 65756.5 5475.24 1781.09 1506.1 201.517 195698 36486.3 11055 42854.3 5215.17 8140.62 34905.4 2893.04 72787.4 168.021 35120.4 11680.5 23439.9 13111.8 60972.1 3177.24 7399.51 4433.77 142.273 51163.1 72310.9 34610.7 23775.5 4291.5
internal_count=2080101 735333 1344768 296517 438816 673393 671375 166019 130498 471612 234586 216500 150616 201781 222316 70136 72438 192078 479297 183988 110587 247652 91194 80480 122362 183697 135442 58060 237026 108274 17101 32789 168527 131005 47691 54363 36744 3697 231645 89702 47766 114042 43036 23482 94513 15403 128784 2312 106933 33813 73120 61626 99144 8381 51383 55337 1380 85267 104261 92840 66893 53957
is_linear=0
shrinkage=0.05


Tree=22
num_leaves=63
num_cat=4
split_feature=136 13 14 24 13 134 13 109 35 3 35 3 95 93 130 24 35 20 48 126 3 108 106 55 42 23 136 124 13 129 13 13 63 33 48 8 3 9 75 20 48 4 95 59 136 36 24 71 112 24 33 124 105 57 13 101 124 130 35 112 93 48
split_gain=4720.85 1030.93 787.42 289.936 181.393 168.668 136.547 115.836 107.242 102.184 99.5927 99.0075 87.9773 59.9032 65.3292 58.9462 52.4562 49.8104 45.8362 43.8368 43.6947 59.6969 38.9694 38.1775 35.9768 33.8073 33.3002 32.0906 31.7507 30.8032 30.3194 29.6392 29.1429 28.137 27.5798 27.5371 25.8564 25.5908 25.2557 24.5887 22.8373 22.7944 37.414 22.1792 21.2091 20.9212 20.5447 20.1642 19.2773 19.5802 18.9099 18.4913 17.6286 17.1413 17.06 16.7584 16.4388 16.3506 16.0827 15.9773 15.3037 14.9767
threshold=4.8009357452392587 1.5833333134651186 10.500000000000002 1460.5000000000002 3.0833333730697636 19.500000000000004 5.7500000000000009 348.50000000000006 5.5000000000000009 0 4.5000000000000009 1 7668465.0000000009 1541687.8125000002 0.37121361494064337 4459.5000000000009 2.5000000000000004 3.5000000000000004 3500.0000000000005 890.50000000000011 2 1.0000000180025095e-35 732.50000000000011 1.3714220523834231 8381.0000000000018 1.0771939754486086 7.9000003337860116 222.50000000000003 1.2500000000000002 744.58334350585949 8.2500000000000018 4.5833332538604745 35010.214843750007 7196.5000000000009 9916.5000000000018 1.5000000000000002 3 21.500000000000004 1736.5000000000002 1.0000000180025095e-35 9115.0000000000018 277.50000000000006 1112069632.0000002 1.0000000180025095e-35 32.250000000000007 1.0000000180025095e-35 1776.5000000000002 0.95712932944297802 1298.5000000000002 292.50000000000006 7196.5000000000009 251.50000000000003 1099195520.0000002 157688.00000000003 4.0833332538604745 1264586688.0000002 222.50000000000003 0.46944189071655279 7.5000000000000009 1012.5000000000001 281155.39062500006 8084.0000000000009
decision_type=2 2 2 2 2 2 2 2 2 9 2 9 2 2 2 2 2 2 2 2 9 2 2 2 2 2 2 2 2 2 2 2 2 2 2 2 9 2 2 2 2 2 2 2 2 2 2 2 2 2 2 2 2 2 2 2 2 2 2 2 2 2
left_child=1 3 6 9 8 11 10 12 27 17 20 19 32 14 41 18 52 59 -14 24 21 51 34 -9 58 -17 -23 -3 -12 54 38 43 -5 -25 53 -18 -33 -15 -24 -13 56 -7 -43 -6 -16 -41 55 -39 -19 -50 -31 -2 -11 -8 -30 -10 -20 -21 -4 -1 -32 -40
right_child=2 4 5 7 31 13 22 23 46 16 28 39 15 37 44 25 35 48 40 57 -22 26 30 33 -26 -27 -28 -29 29 50 60 36 -34 -35 -36 -37 -38 47 61 45 -42 42 -44 -45 -46 -47 -48 -49 49 -51 -52 -53 -54 -55 -56 -57 -58 -59 -60 -61 -62 -63
leaf_value=-0.0030003216967852322 0.019665991410701595 0.0017663809534757915 0.016086948383127672 0.023568652165018182 0.0058806412604412127 0.019886903642713782 -0.00086220689426732438 -0.0020352735554557766 -0.0011277724116528604 0.0012607959169129467 -0.002310444052062158 0.013585986689201444 -0.0013162268940168015 0.026365226509175606 0.026288326173083333 0.0021319900595781929 -0.0022774821798895555 -0.0040302621333926959 0.00015015201327593747 0.021358016539020985 0.0038741857008899347 0.0089018367472358147 0.017308701470467071 0.00030207294645825152 0.021009005545009729 0.0083302843711425354 0.014966025812381307 0.0042992387265883029 0.0031924876996009925 0.0069303310068811923 0.0091466208834482254 0.0070177459366442237 0.0082164148791056199 0.0095968303767927296 0.01172370156826219 -0.00071593953915712603 0.0024150063979336911 0.0080229240870366321 0.0088361385031847702 0.0034016838870632709 0.005059012649557491 0.014924827518043521 -0.012397536817725797 0.0028693605258151324 0.041091936915957195 0.020795652950958497 0.00068341608107090786 0.038549862662912021 -0.0035560067434535006 -0.0016764620894463827 0.01422513493713585 0.038838931386069975 0.0073539780668786152 0.0075757571009383825 0.0057494648978779692 0.00060467886400510562 0.0021671598442592945 0.029231958070188274 0.0096076796729911984 -0.0019002979815842657 0.016662517930579521 0.013414366992454744
leaf_weight=68387.370257514995 344.26602017879486 33195.149209976196 3046.0080091319978 465.38972330093384 7148.2929503917694 778.70954675227404 666.05979824066162 80785.210418701172 43946.691886901855 4482.9413375854492 1434.0243550539017 1665.1608324684203 29479.36417388916 886.75844871997833 1485.5026817321777 5984.0324312448502 105066.62191534042 144824.18250894547 27802.263055682182 1871.9836053848267 2960.1938745975494 12913.507112503052 1389.2343995571136 11201.765441894531 3188.852029800415 3481.6888847351074 2750.4925374984741 20075.630523681641 11155.451577544212 2625.5799775123596 795.54335784912109 11529.462581321597 926.56006193161011 877.67645263671875 4732.1737976074219 38621.638582706451 4202.7718711644411 57.124698430299759 6691.2268922328949 1666.1416587145068 3540.0476917028427 427.02652245014906 176.61900281906128 42480.259101867676 293.07789611816406 192.65073854615912 64820.49292755127 1335.0770274102688 47101.918991088867 19650.793716430664 1348.01025390625 201.720339179039 1615.650260925293 6136.0378885269165 15759.622037887573 20451.97216796875 15871.655808568001 1037.7773733139038 1408.5165176391602 63894.293579101562 4769.8023986816406 2449.7693066596985
leaf_count=88562 2206 72256 24243 2911 20820 10512 2339 126652 74598 8806 2451 14317 47930 12617 20923 13679 147179 170641 50392 18107 12028 50797 8838 20260 29092 11207 16467 52273 34679 9777 4184 37286 3466 3011 23955 62014 11368 1233 30765 9722 8516 4795 1059 105643 8392 1833 133525 44092 55564 27684 6911 2429 4157 28729 56901 38360 32055 11996 9657 88948 31827 12692
internal_value=-2.16681e-06 -0.00111453 0.0103942 -0.00212841 0.00164282 0.0193891 0.00817523 -0.000413066 0.000833264 -0.00275531 0.00665335 0.0164975 0.000891712 0.0268686 0.022401 0.000690152 -0.00166489 -0.00323015 0.000230613 0.0189248 0.00950895 0.0105286 0.0110112 -0.00164324 0.0169497 0.0044127 0.00996743 0.00272104 0.00495946 0.00529716 0.0126017 0.00390302 0.0133596 0.000978201 0.0087907 -0.0018578 0.00579458 0.0330567 0.0110213 0.00914589 0.00119654 0.0142321 0.00691873 0.00330325 0.0287414 0.00521224 5.49797e-05 0.0373042 -0.00370613 -0.00300279 0.00940777 0.0267878 0.0028763 0.00674878 0.00468994 -0.000577496 0.000883289 0.0241725 0.0140406 -0.00246904 0.01559 0.0100643
internal_weight=1.02055e+06 921912 98639.7 674061 247851 19517 79122.7 180416 182490 493645 51492.9 14077.1 87551 5439.9 3160.94 86159.1 149787 343859 76693.3 10553.1 19170.2 16210 27629.8 92864.7 7643.38 9465.72 15664 53270.8 32322.7 30888.7 16095.6 65360.8 1391.95 12079.4 11534.3 143688 15732.2 2278.96 10530.2 3523.95 47214 1382.36 603.646 49628.6 1778.58 1858.79 129219 1392.2 211577 66752.7 3973.59 545.986 6098.59 6802.1 26915.1 64398.7 43673.9 2909.76 4454.52 132282 5565.35 9141
internal_count=2080328 1519763 560565 973634 546129 222590 337975 320079 371012 653555 194646 118967 170156 103623 45681 163779 222156 431399 138893 93095 83927 71899 143329 149923 62992 24886 67264 124529 110719 108268 88306 175117 6377 23271 55023 209193 48654 57942 52295 25872 90963 16366 5854 126463 29315 11555 246483 45325 253889 83248 16688 4635 12963 31068 91580 112958 82447 30103 33900 177510 36011 43457
cat_boundaries=0 1 2 3 4
cat_threshold=33565 7333 15397 13509
is_linear=0
shrinkage=0.05


Tree=23
num_leaves=63
num_cat=0
split_feature=136 14 16 136 136 24 24 24 48 106 64 40 136 24 94 24 48 8 40 13 87 124 38 88 13 100 30 108 27 57 38 41 48 24 121 134 48 44 111 30 24 83 30 83 24 48 133 94 38 18 122 100 83 51 83 107 59 23 86 25 24 109
split_gain=4197.61 873.941 785.863 236.904 208.424 140.999 110.396 85.5879 79.9178 79.6203 71.1523 60.8171 58.8011 53.158 52.0718 50.4894 47.1063 46.9127 46.5084 41.5914 40.2974 38.6255 35.3244 34.1027 34.0339 33.809 32.1348 31.6606 31.2101 31.7164 35.42 26.6279 25.9679 25.3833 25.3345 25.0772 24.8479 24.0159 22.6377 22.4395 22.3366 21.9799 21.9445 21.728 21.4964 21.249 20.9991 20.7012 20.0588 19.2335 19.2191 18.6759 17.9884 17.61 16.9676 16.6272 16.5583 16.0191 15.4835 17.8395 15.2767 15.0935
threshold=4.3002371788024911 8.5000000000000018 2.5000000000000004 14.00000047683716 2.8014467954635625 651.50000000000011 4459.5000000000009 2910.5000000000005 8479.5000000000018 732.50000000000011 1317867.0000000002 5957.5000000000009 32.250000000000007 1951.5000000000002 165569536.00000003 2394.5000000000005 3994.0000000000005 3.5000000000000004 7836.5000000000009 1.9166666865348818 1.4649918079376223 1295.5000000000002 0.76997897028923046 126753.10156250001 9.5833334922790545 620091584.00000012 1890.5000000000002 105.50000000000001 1.0000000180025095e-35 204406.00000000003 3.9216867685317998 6853.5000000000009 8479.5000000000018 4043.5000000000005 1.0000000180025095e-35 133.50000000000003 4243.5000000000009 8536.5000000000018 449.08332824707037 8111.0000000000009 906.50000000000011 7.5000000000000009 1414.5000000000002 4.5000000000000009 87.500000000000014 3742.5000000000005 9.1111111640930194 250275448.00000003 3.9216867685317998 1.0000000180025095e-35 3200.833374023438 620091584.00000012 7.5000000000000009 1.5000000000000002 7.5000000000000009 309.50000000000006 1049418.0000000002 0.42857141792774206 0.75037178397178661 11518.500000000002 5021.5000000000009 223.50000000000003
decision_type=2 2 2 2 2 2 2 2 2 2 2 2 2 2 2 2 2 2 2 2 2 2 2 2 2 2 2 2 2 2 2 2 2 2 2 2 2 2 2 2 2 2 2 2 2 2 2 2 2 2 2 2 2 2 2 2 2 2 2 2 2 2
left_child=2 6 5 10 7 31 8 19 23 18 17 21 22 57 32 16 -7 -3 38 28 35 42 46 -2 34 56 -13 -16 29 -4 -31 -1 -6 51 -19 -14 53 61 -5 -23 -34 58 -8 -20 -33 -44 -11 -25 54 60 -48 -29 -47 -9 -28 -38 -24 -10 -27 -60 -17 -18
right_child=1 3 4 9 14 15 11 36 13 12 -12 26 20 -15 27 49 37 24 43 -21 -22 39 25 47 -26 41 48 33 -30 30 -32 44 40 -35 -36 -37 55 -39 -40 -41 -42 -43 45 -45 -46 52 50 -49 -50 -51 -52 -53 -54 -55 -56 -57 -58 -59 59 -61 -62 -63
leaf_value=-0.0036428568034709563 -0.00013371859951985415 0.0049727855468838346 -0.0016733530410668086 0.016571858382596619 0.0004135815549689388 -0.0028514746661059448 0.034144129742482862 0.0060331658902060981 0.00040133084375819442 0.029602726947881741 0.004122906772570544 0.043242244108882395 0.036642079354985056 0.00978355349666922 0.011721118951990392 -9.8689695682321595e-06 -0.00093695864302378743 0.01534791602389203 0.029390805387787541 0.00063795415197516003 -0.0027078641893782686 0.0077547032071620739 0.022117081918976784 0.0027946365509744263 0.018038921070475025 -0.014635765086883041 0.014382802379326791 0.00092137573342086906 -0.0017330650061342671 0.00017570794643120488 0.00711688167824531 -0.0037471701906357673 0.00062619146294119927 0.0048723729654315574 0.010562057268819754 0.072026843316891881 0.012207299262074854 0.00029789421604014003 0.0059774050482409372 0.015162077409759568 0.0043322517784730964 0.02323557893361658 0.0040775195641710085 0.01828320974820908 -0.0022414093582254543 0.0093581720418590992 0.010412043321682017 0.0054065017981037257 -0.0070060254839327263 -0.0017006607347063451 -0.017880177089021596 0.0033273261971169549 0.0051823391295277316 0.00051330699140598578 0.010063578671655315 0.0028772904021627781 0.0097926509660096472 0.0057240308883974682 0.027797897558796199 0.038306102026286176 0.0027284929296279778 -0.0020772433449903998
leaf_weight=145635.49320056883 5314.8202457427979 1343.7700642049313 27404.798463225365 1032.9072988033295 30692.205444335938 81867.830205917358 69.927456378936768 1526.2248592376709 1646.2380218505859 104.98841920495033 2052.3923797607422 81.683724403381348 1004.9116649627686 11304.95751953125 1150.6231231689453 31093.483443260193 49688.152056694031 6006.4968936145306 689.03117179870605 52200.861365437508 62.676782608032227 1954.6396789550781 693.53940969705582 14067.321946620941 5212.1647369265556 17.968397364020348 4295.0076574385166 11445.617936134338 74079.37846326828 49060.447006225586 1909.0334320068359 32269.32177734375 6774.5513991564512 18424.750490188599 5156.2404644489288 53.190238952636719 489.43797492980957 19286.425298690796 990.22164559364319 2157.4255065917969 10180.864006116986 1842.3615469932556 7283.3154159989208 1247.0065097808838 89465.08984375 6098.0836067292839 267.59218814969063 16500.777525424957 139.01554107666016 14645.826907157898 76.775672912597656 27370.224514961243 4486.2253054082394 27062.932952880859 4877.733724206686 19510.281593322754 454.00928592681885 10092.696239471436 1176.6605646759272 631.51943206787109 6089.5443096160889 69845.048615455627
leaf_count=171155 12821 5535 42467 12150 66827 110346 846 4102 3714 1560 11312 1399 32712 48244 4653 55185 76093 40784 10956 101325 666 8003 8619 42802 41488 84 23359 25266 115496 85928 5158 37137 14264 54198 29514 6822 2029 32366 8566 12115 26654 24064 26526 15046 116904 26774 2519 56927 452 23932 411 68739 17035 55663 23168 46124 4567 33885 16268 11602 13863 100642
internal_value=9.40563e-06 0.00877327 -0.00116493 0.0161499 0.000647052 -0.00237077 0.00631483 -0.000132204 0.00503799 0.0222813 0.0129408 0.00870745 0.0257375 0.00733594 0.00250812 -0.00157037 -0.00190018 0.0139618 0.0167026 -0.000580106 0.036152 0.0072713 0.0235165 0.00356203 0.014699 0.0247684 0.0120775 0.00350905 -0.000997209 -0.000301607 0.000435851 -0.00318656 0.00128137 0.00334379 0.0131383 0.0384588 0.00175423 -0.00133912 0.0113916 0.0116436 0.00285185 0.0271156 0.0062684 0.0222455 -0.00264061 0.00615807 0.0100753 0.00420476 0.0118013 -0.000165903 0.00407311 0.00261803 0.00758902 0.000808258 0.0120872 0.00310617 0.0172519 0.00497806 0.0310199 0.0314803 0.000438495 -0.00160329
internal_weight=1.01965e+06 120486 899168 30116.4 359282 539886 90369.9 253243 58926.8 10345.4 19771.1 31443.1 6386.19 23043.9 106039 272516 220687 17718.7 3959.17 204655 1120.78 22049.6 5265.41 35882.9 16374.9 4816.06 9393.44 58391.2 152454 78374.3 50969.5 267370 47647.6 57240.6 11162.7 1058.1 48588.9 138820 2023.13 4112.07 16955.4 3668.51 17937.6 1936.04 121734 17867.6 449.356 30568.1 9311.76 51828.9 344.368 38815.8 10584.3 28589.2 9172.74 19999.7 1147.55 11738.9 1826.15 1808.18 37183 119533
internal_count=2079831 623315 1456516 285245 718893 737623 338070 458292 198393 156612 128633 139677 109894 85843 260601 412427 319447 117321 46718 350374 40200 91299 69694 112550 111786 65204 48378 152856 249049 133553 91086 325196 107745 148203 70298 39534 107918 209101 20716 20118 40918 52018 71181 26002 154041 70335 4490 99729 46979 92980 2930 94005 43809 59765 46527 48153 13186 37599 27954 27870 69048 176735
is_linear=0
shrinkage=0.05


Tree=24
num_leaves=63
num_cat=5
split_feature=136 135 17 24 136 136 3 8 8 3 20 24 94 3 26 38 37 38 9 64 28 44 44 134 24 46 58 24 20 94 100 95 104 87 134 25 122 13 109 46 46 24 64 13 44 20 84 3 94 122 79 64 3 25 100 91 109 30 28 108 100 44
split_gain=3804.16 1019.47 566.283 248.627 159.984 112.994 93.0277 84.1454 66.0684 61.3496 54.7772 50.6976 50.4127 47.7109 47.3772 46.154 45.5773 44.7499 48.1634 43.3924 40.6407 57.4486 39.3622 37.5748 32.7723 34.4748 32.6496 31.8353 29.7784 29.238 28.3042 26.4129 25.193 24.7756 24.4191 23.1689 22.7578 22.3576 28.2357 22.029 21.7288 21.4538 21.3165 21.1897 20.4783 19.9566 20.5621 19.7572 19.5971 24.3395 19.265 19.1976 18.9986 18.933 19.1622 18.6456 18.242 17.828 17.8242 17.358 17.3566 16.5924
threshold=5.4000003337860116 2.1666666269302373 8.5000000000000018 1460.5000000000002 3.6000000238418584 7.9000003337860116 0 19.500000000000004 1.5000000000000002 1 3.5000000000000004 1328.5000000000002 145816624.00000003 2 1.0000000180025095e-35 3.9216867685317998 1509.0000000000002 0.76997897028923046 42.500000000000007 1317867.0000000002 11113.500000000002 5442.8332519531259 7973.6667480468759 1.5000000000000002 4459.5000000000009 8584.5000000000018 1140432.0000000002 3625.0000000000005 2.5000000000000004 129495108.00000001 841400512.00000012 7668465.0000000009 777114592.00000012 1.4649918079376223 37.500000000000007 3132.0000000000005 391.83332824707037 4.5833332538604745 348.50000000000006 3761.0000000000005 8584.5000000000018 1612.5000000000002 54735.000000000007 14.416666507720949 7973.6667480468759 1.0000000180025095e-35 1.0000000180025095e-35 3 2061430720.0000002 3200.833374023438 44364.636718750007 1317867.0000000002 4 8250.0000000000018 763893248.00000012 646698.28125000012 385.50000000000006 11173.000000000002 11113.500000000002 105.50000000000001 369235920.00000006 8536.5000000000018
decision_type=2 2 2 2 2 2 9 2 2 9 2 2 2 9 2 2 2 2 2 2 2 2 2 2 2 2 2 2 2 2 2 2 2 2 2 2 2 2 2 2 2 2 2 2 2 2 2 9 2 2 2 2 9 2 2 2 2 2 2 2 2 2
left_child=1 3 5 6 11 23 15 26 28 14 44 47 40 16 -7 30 -10 48 19 58 21 60 27 -2 25 -25 42 39 -5 -23 -1 -15 57 -20 45 -31 -36 38 59 -13 -6 -27 -4 -44 -8 -11 -47 -3 49 -9 -38 -30 -39 54 -33 -28 -41 -26 -19 -14 -16 -37
right_child=2 4 7 8 12 9 10 17 13 34 -12 22 37 31 20 -17 -18 18 33 -21 -22 29 -24 24 32 41 55 -29 51 35 -32 53 -34 -35 36 61 50 52 -40 56 -42 -43 43 -45 -46 46 -48 -49 -50 -51 -52 -53 -54 -55 -56 -57 -58 -59 -60 -61 -62 -63
leaf_value=-0.0021917799390714604 4.9405491225702454e-05 0.0005603144943421935 -0.011139264399933901 -0.0001969856578417495 0.0010820511422667222 0.039529572946696394 -0.0024678659438519411 0.017642728974564436 0.0019842869263532563 0.010222125594998736 -0.0033627433357437952 -0.00091796241159104123 0.01266634158618085 0.0099956692448907106 -0.0011849936198729564 0.0029328321514348991 0.0090349508266965688 0.025410740970149993 0.042224913804061764 0.016337538910820459 0.020010700241225775 0.0086044722668206768 0.0040456109383052606 0.0048361778332932171 0.0070431590226385709 0.0053366141885250774 0.0066811450333119976 0.0026919158146473886 -0.0018691299761014009 0.011059367486564333 -0.00082522436683541908 -0.00064322103667904188 0.012204200402999313 -0.0031925536298673795 -0.0069122947863184576 0.014632115111290277 0.032838784001247665 0.0087090063102076756 0.0029150287622390332 0.002396946044500877 0.0039886529374486323 0.010399151818878729 0.01762517498724897 0.024424566867485106 -0.0011248361853759459 0.0031287989101663662 0.017664028798209549 -0.0015964522420330082 0.03718963931315216 -0.011525470070984622 -0.0032669995862600028 0.0040596250663689397 0.004506518214113262 0.0082289903903974022 0.0014151644815521786 0.018858078105043884 0.00034829729093528424 0.012981890880663816 0.034692834559344424 0.0052338438688805441 0.0085000311369006123 0.019737181767805409
leaf_weight=82471.119468688965 1799.8068499565125 24206.191333770752 57.893514633178711 55991.347839355469 18008.970336914062 163.61433312296867 100087.02821283904 147.34626363217831 16530.408386230469 2068.5759254992008 211527.64575004578 16747.189608871937 819.05885155498981 666.13782000541687 508.18286210298538 5927.029052734375 2661.4600524902344 1341.9829411059618 627.4352719783783 971.16152310371399 1657.6723022460938 2218.9078335762024 14772.180236816406 15270.424479007721 9147.6262626647949 3167.2812309265137 979.00780029082671 26873.655162394047 67558.215170860291 2709.5775433182716 70126.793037414551 43564.869352988899 4902.9212055206299 31.250160217285156 61.474430322647095 4312.6281177401543 218.50943207740784 5849.1006858795881 20771.355171203613 18734.699099421501 10006.555603027344 6208.2131500244141 4978.5841884613037 1501.6221446990967 39642.775390625 3567.9009702592157 260.88763102004305 18898.892971038818 50.59799861907959 137.91169148683548 44.042277336120605 1392.5933618545532 5157.3078025579453 688.30641174316406 15268.595564432442 464.82988434052095 25887.953413248062 1469.9769268035889 862.92241859436035 19696.360533237457 5044.9841042757034 2551.2398613095284
leaf_count=114566 5024 46947 223 97118 44996 2521 132089 2260 33473 13638 253710 31492 3830 2553 2108 12632 9019 20827 29687 15234 14076 11981 37126 55122 37820 11336 7813 67842 104875 15689 108777 75488 24795 430 345 28761 4021 21488 56861 41520 28174 27654 45185 19067 57431 19165 2302 33079 1782 988 308 3778 17161 2085 30103 5109 53112 7918 18273 59883 27585 19970
internal_value=4.02272e-06 -0.000883756 0.0105061 -0.00181071 0.0020396 0.00871342 -0.00240136 0.0204405 -0.000337015 0.0113468 -0.00285514 0.00105425 0.00383236 0.000790946 0.0127505 -0.00139556 0.00296098 0.0262003 0.0277337 0.0251695 0.0125254 0.0118092 0.00165671 0.00712007 0.00743676 0.00630248 0.0174289 0.00125672 -0.00105368 0.0137844 -0.00156381 9.83879e-05 0.00923738 0.0400618 0.00698912 0.014984 0.0203623 0.00474936 0.00421514 0.00062816 0.00212046 0.00868981 0.018933 0.0192033 -0.00208688 0.00626368 0.00412269 -0.000385425 0.00866186 0.00352799 0.0267684 -0.00174929 0.00675259 -1.23601e-05 -0.000108932 0.01061 0.00120855 0.0078664 0.0290527 0.00553112 0.00761281 0.0165317
internal_weight=1.02004e+06 940534 79507 714104 226429 67354.4 509782 12152.5 204322 25388.2 351257 146121 80308.7 79379.8 19166.8 158525 19191.9 4170.61 3834.75 3176.07 19003.2 17345.5 103016 41966.3 40166.4 24645.9 7981.94 88243.5 124942 11792.4 152598 60187.9 15520.5 658.685 6221.39 9573.45 324.026 52293.2 41286.8 61369.8 28015.5 9375.49 6538.1 6480.21 139730 5897.36 3828.79 43105.1 335.856 285.258 262.552 68950.8 11006.4 59521.8 58833.5 1443.84 44622.7 10617.6 2204.91 20515.4 5553.17 6863.87
internal_count=2080225 1581208 499017 1037697 543511 332139 679205 166878 358492 162470 443230 311118 232393 152721 122691 235975 42492 89481 84451 54334 120170 106094 231092 169669 164645 94112 77397 193966 205771 76401 223343 110229 70533 30117 39779 64420 4674 159223 120574 126124 73170 38990 64475 64252 189520 35105 21467 80026 5030 3248 4329 108653 38649 107676 105591 12922 94632 45738 39100 63713 29693 48731
cat_boundaries=0 1 2 3 4 5
cat_threshold=15584 13477 12384 15460 11525
is_linear=0
shrinkage=0.05


Tree=25
num_leaves=63
num_cat=6
split_feature=136 12 16 24 14 13 24 35 46 38 3 100 124 24 100 37 24 14 13 13 35 13 60 94 124 3 35 13 100 3 33 88 42 3 3 94 35 24 48 39 131 110 31 24 62 35 24 33 46 33 69 107 106 94 48 88 3 48 48 5 28 111
split_gain=3435.08 726.708 643.874 175.679 154.576 122.106 117.414 86.4903 78.9194 75.59 65.2915 60.3168 59.7518 55.8987 52.7112 49.248 44.7854 44.0669 42.4923 40.2952 37.3846 34.9318 32.2757 32.2035 31.2955 30.9667 29.1276 34.4689 28.9525 27.5294 27.3413 27.277 26.7862 26.4107 26.2407 27.4091 26.17 25.617 25.0314 24.9959 24.2276 26.7175 24.0829 23.706 21.9539 21.6731 20.9895 20.3941 20.3075 22.3657 19.7009 19.4259 19.387 19.351 19.281 18.6956 18.0102 17.9007 17.7077 17.4842 16.7912 16.6328
threshold=4.3002371788024911 9.5000000000000018 2.5000000000000004 1951.5000000000002 14.500000000000002 5.7500000000000009 768.50000000000011 4.5000000000000009 5515.5000000000009 0.76997897028923046 0 1073839296.0000002 461.50000000000006 4459.5000000000009 655930912.00000012 4375.5000000000009 651.50000000000011 25.500000000000004 1.0833333134651186 1.5833333134651186 7.5000000000000009 3.7500000000000004 218154.66406250003 165569536.00000003 285.50000000000006 1 4.5000000000000009 3.0833333730697636 409432960.00000006 2 7196.5000000000009 1005042.0000000001 5681.5000000000009 3 4 337591136.00000006 1.5000000000000002 2394.5000000000005 3500.0000000000005 1.5700779557228091 18.580729484558109 719.50000000000011 1629.5215454101565 11838.000000000002 473203.50000000006 7.5000000000000009 906.50000000000011 7196.5000000000009 5515.5000000000009 7196.5000000000009 110176.00000000001 216.50000000000003 850.50000000000011 129495108.00000001 3742.5000000000005 3523149.5000000005 5 4771.5000000000009 2995.0000000000005 8.5000000000000018 8152.8332519531259 62.416666030883796
decision_type=2 2 2 2 2 2 2 2 2 2 9 2 2 2 2 2 2 2 2 2 2 2 2 2 2 9 2 2 2 9 2 2 2 9 9 2 2 2 2 2 2 2 2 2 2 2 2 2 2 2 2 2 2 2 2 2 9 2 2 2 2 2
left_child=2 5 6 11 10 7 33 15 13 34 23 31 32 28 50 21 56 -16 -9 20 37 29 -17 -3 -20 30 -10 -28 -5 39 42 46 -11 -1 35 60 -35 38 -8 -2 -36 -42 53 58 -24 -30 -4 54 49 -25 -14 -18 -46 -7 -26 -27 -13 -48 -15 -55 -6 -40
right_child=1 4 3 8 9 25 19 18 26 12 -12 16 14 43 17 22 51 -19 24 -21 -22 -23 44 48 47 55 27 -29 45 -31 -32 -33 -34 36 40 -37 -38 -39 61 -41 41 -43 -44 -45 52 -47 57 -49 -50 -51 -52 -53 -54 59 -56 -57 -58 -59 -60 -61 -62 -63
leaf_value=-0.0031290442103293682 0.0059192668451810999 0.0088198439745197504 -0.0023012895152544812 -0.0011561849984514142 0.014464555725877171 0.0066372449700833492 -0.0024649203151269573 -0.0026311323787891728 0.0059998859772326905 0.0074453969811657727 0.0062833279002456749 0.00067149228375546237 0.022836469591286879 0.00083930463448798074 0.024675973405219577 -0.00038140742304843391 0.0066589824650957951 0.036008623332103147 0.0026017341036472588 0.00051687865060738895 -0.0023697458387351546 0.0099635911176306595 0.030894290984982937 0.0084025537903984482 0.0014865273166827552 0.0042823597639558807 0.0016045528451933732 0.0046915075144035165 0.0017927975707092627 0.00078016037347246108 0.01556738608403869 0.0014309123162701651 0.019017917845449463 0.0042687029402118121 -0.00662772680706667 0.028625625053871354 -0.0022146566042531928 0.00043316982476843076 0.013266060634238542 0.01497728689691032 -0.00045479677756660045 0.033173138647801706 0.0017737583039830085 0.0081369702117286419 0.020057218760072024 -0.00023082574215945199 -0.001732943283253028 0.0092506016707205561 0.017098822294755428 0.016249078722708005 0.011613046586632536 0.0014523708734533868 0.0012395915972469094 0.01313542369372539 0.0054424497114566204 0.010257571207196406 -0.0017880057666464591 -0.00022288630996778817 0.0034410782678890809 0.0091715532229666163 -0.011709881893364806 -0.00086172094756616882
leaf_weight=210723.42408203497 13289.095736116171 2294.4634626917541 35304.345905303955 21976.581263273954 186.83881688117981 3564.3186120912433 34637.617717064917 2563.1961324214935 9678.3317260742188 675.70352935791016 3419.7127725072205 12530.20779800415 818.07740640640259 10067.186910621822 2722.3055409193039 227.32136046886444 1864.5445410013199 1263.2137404680252 21251.912417411804 26017.486251555383 86531.870239257812 6222.7831635475159 338.4804265499115 1785.721378326416 3788.1094935536385 4626.8740155249834 21260.321445815265 15745.92977488786 33320.199296265841 2559.2386931478977 2000.8869781494141 10052.462619781494 1950.9364166259766 1583.9032077789307 372.8943233191967 255.93627452850342 86907.443450927734 24390.699264526367 208.42255687713623 808.59590816497803 139.9462243616581 101.32138788700104 983.330078125 2018.5736694335938 565.16988885402679 21938.793334960938 33221.377733230591 2814.1128149032593 6384.0086135864258 1860.5616455078125 757.60937452316284 45842.560561537743 181.41724014282227 4870.2669632956386 16578.25825303793 1829.2842712402344 18306.516445159912 47976.859647750854 18696.665678031743 6544.7406806945801 90.419380187988281 69220.955636978149
leaf_count=248077 45821 14385 51984 40208 1728 14941 47423 4026 27903 6303 21999 23330 12544 23257 37425 988 4971 40982 64548 46749 123757 29848 3382 11319 11442 19576 47502 45094 72603 7823 11799 19754 24841 3483 2241 3834 116396 45164 621 4074 851 2267 3882 7576 4243 43332 53039 12759 52588 15338 11678 94196 788 25687 57675 9371 28078 86636 49715 30805 526 105967
internal_value=-9.24546e-06 0.0079118 -0.00107141 0.00056727 0.0154873 0.00592449 -0.00216283 0.00487772 0.0018394 0.0205862 0.0124631 -0.000392256 0.0222709 0.0010969 0.025209 0.00730702 0.00069611 0.0282732 0.00362701 -0.00134145 -0.00156636 0.00676605 0.0167279 0.0141605 0.00398817 0.00897564 0.00355725 0.00291821 0.000378755 0.00557094 0.0100474 -0.00106777 0.0160448 -0.0028244 0.00855496 0.0165272 -0.00209829 -0.00102514 -0.00136698 0.00643511 0.00132729 0.0136861 0.00936095 0.0028986 0.0203155 0.000989298 -0.00128341 0.00525896 0.0153953 0.0124094 0.0174487 0.00165603 0.0154952 0.0098586 0.00470695 0.00596757 -0.000788818 -0.000840778 0.00253068 0.0108637 0.00590484 -0.000819143
internal_weight=1.02071e+06 120687 900023 359801 25079.7 95607.4 540222 71187.7 154703 9335.2 15744.5 205099 8187.85 108018 5561.21 24192.1 78543.8 3985.52 46995.6 241007 214990 22879.7 1312.39 12324.8 44432.4 24419.7 46684.6 37006.3 77235.6 16656.9 17963.5 126555 2626.64 299215 1147.36 533.194 88491.3 128458 104067 14097.7 614.162 241.268 15962.7 30782.4 1085.07 55259 116503 23180.5 10030.3 3646.28 1575.69 47707.1 746.587 14979.3 20366.4 6456.16 30836.7 81198.2 28763.9 11415 277.258 69429.4
internal_count=2081142 624327 1456815 719178 260849 363478 737637 247417 357190 145220 115629 361988 133773 236691 102629 96967 150575 78407 150450 369681 322932 87566 9401 93630 146424 116061 120499 92596 156143 57718 87114 211413 31144 367956 11447 6088 119879 199175 154011 49895 5359 3118 75315 80548 8413 115935 191659 81876 79245 26657 24222 99167 5031 71433 69117 28947 51408 139675 72972 56492 2254 106588
cat_boundaries=0 1 2 3 4 5 6
cat_threshold=13477 13701 15397 33305 7300 15460
is_linear=0
shrinkage=0.05


Tree=26
num_leaves=63
num_cat=4
split_feature=136 14 13 31 13 136 13 109 21 27 130 16 64 3 30 94 124 40 92 83 108 124 133 20 37 81 92 102 70 62 80 136 130 33 94 3 124 46 57 62 33 136 112 3 30 13 20 57 31 108 37 74 32 3 13 46 24 70 107 49 110 83
split_gain=3125.93 644.14 587.48 171.18 138.446 137.46 107.961 87.1822 86.5242 72.3969 62.002 51.2447 49.121 45.876 44.2189 43.7545 39.393 38.9151 37.5234 35.2599 33.6194 32.4834 32.4415 32.1394 30.1371 27.326 26.6937 26.5846 26.0603 25.6091 26.5789 30.0805 25.3735 24.6566 24.618 23.9207 23.044 22.4446 22.3205 22.0841 21.8943 21.7852 21.1566 20.3527 20.1301 19.9024 18.987 18.4184 18.1461 21.7814 17.5825 17.3686 16.7383 16.7141 18.6324 16.2868 22.6065 15.9172 15.9036 15.89 15.8391 15.313
threshold=4.3002371788024911 9.5000000000000018 1.2500000000000002 166.88085937500003 2.7500000000000004 14.00000047683716 5.7500000000000009 1.0000000180025095e-35 2.5000000000000004 1.0000000180025095e-35 0.3269536048173905 1.5000000000000002 1317867.0000000002 0 1.0000000180025095e-35 486583008.00000006 172.50000000000003 4110.5000000000009 1951680.8750000002 4.5000000000000009 105.50000000000001 285.50000000000006 3.6778532266616826 1.0000000180025095e-35 49.500000000000007 86451.000000000015 169004.80468750003 1023302592.0000001 1.2399766445159914 39200.500000000007 560306.00000000012 32.250000000000007 0.67120766639709484 7196.5000000000009 145816624.00000003 1 527.50000000000011 7211.5000000000009 40824.000000000007 72293.000000000015 4336.0000000000009 11.200000286102297 721.50000000000011 2 3120.5000000000005 3.7500000000000004 3.5000000000000004 1300150.0000000002 2799.9045410156255 781.50000000000011 4375.5000000000009 17425.500000000004 5763.0000000000009 3 4.0833332538604745 4502.5000000000009 1328.5000000000002 1.6925346851348879 309.50000000000006 5216.5000000000009 539.50000000000011 4.5000000000000009
decision_type=2 2 2 2 2 2 2 2 2 2 2 2 2 9 2 2 2 2 2 2 2 2 2 2 2 2 2 2 2 2 2 2 2 2 2 9 2 2 2 2 2 2 2 9 2 2 2 2 2 2 2 2 2 9 2 2 2 2 2 2 2 2
left_child=2 6 3 11 7 12 9 21 19 14 18 46 34 58 -2 27 43 -18 59 42 57 55 28 33 53 48 -11 -12 -17 -24 31 -31 -32 37 -3 -13 -9 -8 -36 -25 -28 -40 -5 -16 -22 -26 -1 -33 -20 60 -45 -49 -21 54 -6 -4 -57 -19 -10 -7 -50 -37
right_child=1 5 4 8 24 10 23 36 13 26 15 35 -14 -15 16 22 17 20 25 52 44 -23 29 39 45 -27 40 -29 -30 30 32 47 -34 -35 38 61 -38 -39 41 -41 -42 -43 -44 50 -46 -47 -48 51 49 -51 -52 -53 -54 -55 -56 56 -58 -59 -60 -61 -62 -63
leaf_value=-0.002262227888843889 0.033222692324451485 0.0080180943650387717 -0.00030770229446011794 -0.0010927132865463059 0.0016582699804162247 0.0043340580860931717 0.0070182893953030408 -0.00071812749807916075 0.011143665475539291 0.00065834252976882746 0.011074096014842653 -0.0002203869203049331 0.0036817215447671366 0.0011567564015698558 -0.00062525197358942073 0.016821573252532959 0.0043586607057416165 0.025358580553291293 0.018881001294948751 -0.00167334904717876 0.0065546322327132631 0.0034172099762935361 -0.00085962159152205289 -0.0069585504252436692 0.0029054508016876745 0.029998537195780675 0.0031496996913668064 0.021402825886557703 -0.01978180345236874 0.026128440053529763 -0.0053273410236985902 0.046247144065516554 0.034895559438819945 0.014086141005566445 -0.006587046518293848 -0.0012475103730584087 0.0011194612873875129 0.010556138931722074 0.012052317228339535 0.0059340261626783745 0.0063508467431488084 0.016853007190270913 0.0012570658997627757 0.0045813338478008199 0.010364202726806469 0.0055461290994958737 -0.0031732370066863708 -0.021219327758336765 0.035358151869766874 0.035899840606235411 0.017004981381745339 0.031689595192056233 0.0011634128977633643 0.00023983335564022948 0.0044966675179393878 0.00041023019131672563 0.0028219746148675697 -0.015881373561121022 0.0048734699888545955 0.013421451131418356 -0.0067027057081455281 -0.0023348125749670392
leaf_weight=84187.580508483574 152.92286643385887 2242.6250886917114 17035.8383654356 16446.547508239746 21902.722305595875 889.5279426574707 9098.6364858150482 141057.79696655273 1405.2999420166016 8004.5151405334473 1090.9292869567871 21714.569396972656 1705.3048400878906 16384.386100769043 1965.7010202407837 275.13191406428814 6338.8251669481397 398.4330005645752 932.25524973869324 88416.61691570282 6351.5479987114668 18123.1826171875 82.155431721359491 354.36965441703796 21300.055974662304 453.15429615974426 22322.018878936768 1467.0853691101074 58.488565877079964 2899.6555123589933 116.02293598651886 337.7292652130127 58.522982597351074 2483.6985778808594 131.42337091267109 47059.973518848419 19405.930419921875 8875.5716366767883 5537.6677517145872 5133.3624391555786 7029.0343437194824 4153.458080291748 22937.197578430176 9831.1559421047568 7677.4173371344805 10743.703043282032 178761.28377342224 16.099566996097565 24.628432735800743 44.706619024276733 293.20697784423828 246.35366863012314 5522.5046358108521 12706.994549274445 7861.0673058629036 20656.988108724356 18355.292174249887 24.377815246582031 3631.7472457885742 1054.1494102478027 203.47599865496159 104007.4973449707
leaf_count=108804 1742 12934 32525 26714 50368 7996 41104 244619 5103 20661 11177 35307 9624 33371 5394 3551 23489 3239 13482 132669 23281 45070 597 1024 52236 15229 69600 19885 351 43060 1311 13131 1777 15241 441 69204 40352 45113 35890 25059 27280 36105 41804 33127 35294 31954 213161 179 486 993 1961 9482 11780 28127 22539 38568 42338 51 9570 11732 1492 140534
internal_value=2.28129e-06 0.00756994 -0.00101015 -0.00193468 0.000755685 0.0148953 0.00574327 0.00015938 -0.000506076 0.00472682 0.0192804 -0.00244201 0.0116304 0.0024434 0.00643218 0.0221448 0.00630692 0.00762697 0.0139898 -0.000980022 0.00905996 0.001577 0.0253569 0.00850051 0.00263328 0.0195178 0.00321856 0.0170029 0.0103695 0.0266851 0.0273024 0.0282527 0.00819147 0.00941228 0.0127532 -0.00177301 -0.000495862 0.00876578 0.0138333 0.00510002 0.00391658 0.0141111 0.000275676 0.00403628 0.00864009 0.00379105 -0.00288159 0.0384772 0.0155616 0.00418649 0.00493757 0.0283908 -0.00150652 0.0017596 0.00240736 0.000981858 0.00154511 0.0229531 0.00661161 0.00926734 -0.00207212 -0.00199601
internal_weight=1.01998e+06 120355 899625 590475 309150 24020.6 96334.8 234635 154744 70389.2 10250.1 435731 13770.5 21421.4 33033.6 6648.17 32880.7 20790.6 3601.9 133323 14451.8 74171.3 4090.16 25945.6 74514.5 1658.22 37355.6 2558.01 333.62 3756.54 3674.38 3499.84 174.546 20457.9 12065.2 172782 160464 17974.2 9822.55 5487.73 29351.1 9691.13 39383.7 12090.1 14029 32043.8 262949 600.183 1205.07 272.811 10124.4 262.453 93939.1 42470.8 29763.8 56048.1 39012.3 422.811 5037.05 1943.68 228.104 151067
internal_count=2080282 623565 1456717 828021 628696 250905 372660 443472 261011 245119 155911 567010 94994 48044 127578 104501 125836 85354 51410 212967 61865 158501 73439 127541 185224 31682 117541 31062 3902 69537 68940 65852 3088 101458 85370 245045 284971 86217 72436 26083 96880 71995 68518 40482 58575 84190 321965 22792 16453 2971 35088 9661 144449 101034 72907 113431 80906 3290 14673 19728 1978 209738
cat_boundaries=0 1 2 3 4
cat_threshold=12384 12384 33680 13381
is_linear=0
shrinkage=0.05


Tree=27
num_leaves=63
num_cat=0
split_feature=12 17 135 14 135 32 31 39 17 39 100 32 132 110 19 20 40 35 31 88 96 100 64 134 90 20 108 101 40 23 132 20 70 108 95 2 79 99 80 95 95 35 71 124 124 88 25 40 35 2 93 124 102 20 39 124 20 100 33 101 14 35
split_gain=2817.99 784.569 397.069 161.842 124.339 101.567 90.1368 55.7271 50.5695 48.0295 47.0238 51.9888 44.1667 40.3965 37.5255 36.2559 35.998 35.1931 40.6052 38.2192 33.5935 33.1195 33.0159 31.366 31.2413 39.5926 28.4379 25.4689 25.0881 24.4937 24.3787 22.4479 22.3636 22.1981 21.8704 19.8633 19.8209 22.4118 19.6504 19.5218 23.522 18.4071 21.6364 18.375 18.0653 18.038 17.6647 22.5892 17.6622 17.2696 17.156 17.0572 17.0135 16.9379 16.8587 16.7008 16.5617 16.364 16.0744 15.8589 15.1331 13.7126
threshold=3.5000000000000004 5.5000000000000009 1.1666666865348818 14.500000000000002 5.8333332538604745 2949.5000000000005 166.88085937500003 0.8875144124031068 37.500000000000007 0.92422258853912365 763893248.00000012 1203.5000000000002 0.36696706712245947 337.50000000000006 1.5000000000000002 3.5000000000000004 3623.5000000000005 7.5000000000000009 2799.9045410156255 2528104.6250000005 471046368.00000006 620091584.00000012 1317867.0000000002 9.5000000000000018 1.0000000180025095e-35 1.0000000180025095e-35 671.50000000000011 890376960.00000012 9633.5000000000018 0.72972974181175243 1.0040675997734072 1.0000000180025095e-35 1.3843718171119692 712.50000000000011 1.0000000180025095e-35 1228.5000000000002 4542.6098632812509 1627916352.0000002 560306.00000000012 7668465.0000000009 23379440.000000004 1.5000000000000002 0.99196344614028942 1295.5000000000002 358.50000000000006 1218063.7500000002 3132.0000000000005 8880.0000000000018 7.5000000000000009 3359.5000000000005 1541687.8125000002 251.50000000000003 1023302592.0000001 1.0000000180025095e-35 1.0300905704498293 407.50000000000006 1.0000000180025095e-35 620091584.00000012 16323.500000000002 535863264.00000006 21.500000000000004 7.5000000000000009
decision_type=2 2 2 2 2 2 2 2 2 2 2 2 2 2 2 2 2 2 2 2 2 2 2 2 2 2 2 2 2 2 2 2 2 2 2 2 2 2 2 2 2 2 2 2 2 2 2 2 2 2 2 2 2 2 2 2 2 2 2 2 2 2
left_child=2 4 6 23 9 10 15 43 12 -2 45 54 27 -13 39 -1 -16 18 21 30 52 33 29 53 34 46 -23 50 61 -8 -20 -19 41 -9 -11 36 -10 -38 60 -7 -41 42 -31 56 -43 -4 47 -26 51 -40 -5 -18 -14 -3 -12 -25 -6 -57 -52 -48 -22 -15
right_child=1 3 5 8 7 14 22 17 35 24 11 13 20 28 16 -17 48 31 19 -21 38 26 -24 55 25 -27 -28 -29 -30 32 -32 -33 -34 -35 -36 -37 37 -39 49 40 -42 44 -44 -45 -46 -47 59 -49 -50 -51 58 -53 -54 -55 -56 57 -58 -59 -60 -61 -62 -63
leaf_value=-0.0017972695813136723 0.0015118600765054318 0.010375927900486758 -0.0012837886078880434 0.0037482215392961719 0.0041517816646464015 0.017511763988855109 -0.0015477423849144033 0.0024989814569587447 0.047925524196194183 0.037287687864916964 -0.0013255340948691693 0.0066708031856632724 0.010843667293954921 0.0010457585691642439 0.00013123958528611843 -0.0028040208263228339 0.0015939120974059588 0.007524538032648226 0.016601477522471861 0.037831847849775432 0.023131053016163965 0.0081792805146271384 0.0051744435882482677 0.010739586768418782 0.0027582905483349665 0.0022110769632147148 0.013176671034086604 0.018201883482661812 0.0025327641657500702 0.011737446831701907 -0.01305754882179265 0.0032004714076844438 -0.0036206964401246117 0.0093066391095202837 0.0076160566706743003 0.045025625005607216 -0.004071930068632614 0.036692560147641579 -0.0064500088239582368 -0.006499500966076069 0.0061545987807513748 -0.0005269353103060329 0.0014406792588290878 0.012280480568146509 0.0021204480721314033 0.0015818328874849419 0.0039283555682716178 0.0058826101110422213 0.0012188852857781983 0.029546705727893044 0.0084846503372831058 0.0042073782061144262 0.020585717657596207 0.005397365396660584 0.00012711682435591581 0.01050134131945904 -0.00089323726530292325 0.016618793316879054 0.025377712064167626 0.0070931135624025775 0.031071203723378668 -0.00052988978863786527
leaf_weight=143061.54457292799 23765.471409738064 9371.253246307373 107263.96967029572 753.82324934005737 4452.4023803249002 335.82778549194336 68796.724864959717 3075.9803347587585 58.759568374603987 62.560597479343414 45422.038082122803 3150.1336307525635 772.57699584960938 32435.797340393066 35535.585236310959 238730.46691894531 10675.191859483719 7118.4266476631165 765.33859348297119 209.05686950683594 1519.7452473128214 8001.5042649507523 2240.0864868164062 3723.1099472045898 15893.8569034338 24160.861211419106 4432.6799186468124 1535.9895439147949 17693.236232757568 726.64097547531128 75.618025779724121 5200.6046481132507 3992.295654296875 1963.8272495269775 4727.968864440918 257.48728650435805 79.263129256665707 57.825758814811707 88.109303057193756 402.97809791564941 4059.7281818389893 30475.706739544868 1715.2131962776184 494.48779296875 8171.2389734983444 5785.8413076400757 6135.4981861114502 9107.610481262207 23097.418468475342 52.807900607585907 361.33757781982422 15067.619956970215 1084.0051460266113 2097.1955585479736 35637.173583984375 1480.5845680236816 2560.6039444431663 4277.9660148620605 232.53985595703125 11216.024919509888 1017.5897944485769 24039.174798965454
leaf_count=193348 63239 53408 173645 7713 17869 2262 102574 12679 2874 819 71509 8623 8528 63537 72311 292334 24335 33857 7129 3588 20504 38731 6727 25938 43415 67494 25136 21577 38601 2483 203 23914 5057 10143 18908 16817 1385 3625 783 770 12088 49015 3733 3008 16334 11414 19092 28643 51662 1092 3770 38124 15009 10375 61003 11082 8909 36598 4976 40257 22937 44117
internal_value=1.37067e-06 0.00604461 -0.00114068 0.0135255 0.00442847 0.00012285 -0.00205578 0.00683186 0.0196389 0.00345888 -0.000358115 0.000197878 0.0186444 0.00112545 0.00158685 -0.0024268 0.00134215 0.0077723 0.00915018 0.0187033 0.0217239 0.00857533 -0.000835853 0.0112278 0.00410773 0.00382666 0.00996167 0.0137971 0.000889812 -0.000954148 0.0139224 0.0056997 -4.81654e-05 0.00515333 0.00800844 0.0358641 0.0237098 0.0131575 0.0253128 0.00588793 0.00501023 0.000298869 0.00450859 0.0029673 3.26997e-05 -0.00113708 0.00474814 0.00389672 0.00222309 0.00706097 0.00876832 0.00312386 0.0165385 0.00946623 -0.000686827 0.0133573 0.00230909 0.0150478 0.0151235 0.00597449 0.0263229 0.00037498
internal_weight=1.02075e+06 162242 858512 28822 133420 360602 497910 38350.5 7871.86 95069.9 271427 158378 7418.52 77318.3 89174.3 381792 84375.8 30843 18524 1050.01 4534.83 17474 116118 20950.1 71304.4 66513.9 12434.2 2883.69 74168.2 113878 840.957 12319 45081.1 5039.81 4790.53 453.336 195.848 137.089 2678.25 4798.53 4462.71 41088.8 2441.85 7507.49 38646.9 113050 42353 25001.5 48840.2 140.917 1347.7 25742.8 1856.58 11468.4 81059.2 9481.66 7013.01 5758.55 593.877 17351.5 2537.34 56475
internal_count=2081630 736024 1345606 268991 467033 674001 671605 185166 131590 281867 472449 287390 106889 154878 201552 485682 186432 155380 97609 10920 68853 86689 185923 137401 218628 198901 63867 38036 146255 179196 7332 57771 76622 22822 19727 24701 7884 5010 45316 15120 12858 71565 6216 29786 65349 185059 131407 72058 114121 1875 16459 62459 23537 63783 132512 73618 26778 47680 8746 59349 43441 107654
is_linear=0
shrinkage=0.05


Tree=28
num_leaves=63
num_cat=7
split_feature=13 16 136 24 37 136 44 136 136 3 70 41 51 24 20 106 100 38 125 134 94 3 3 38 13 3 3 48 94 24 3 25 110 35 67 46 100 48 56 35 133 77 100 33 83 132 24 111 33 109 3 39 31 98 106 38 60 38 20 31 25 131
split_gain=2569.36 542.206 497.778 152.871 120.9 101.902 81.5284 78.5093 75.0516 53.9524 57.3587 52.3944 49.3907 44.6462 40.9446 38.9383 38.9075 36.5728 41.3546 36.5661 33.7257 33.1873 31.2879 31.0708 30.8724 28.8405 27.4722 26.813 25.9955 25.8441 25.6144 23.4968 22.1137 21.7895 21.6728 20.5845 24.1025 20.1453 19.9967 19.8232 19.7243 21.3009 19.2393 18.854 18.7082 18.3113 17.4403 17.156 17.145 16.7504 16.632 16.5711 16.4839 16.4653 16.1746 19.6416 15.8566 15.8406 15.0034 14.9084 14.6945 17.9836
threshold=3.7500000000000004 3.5000000000000004 11.200000286102297 906.50000000000011 1509.0000000000002 6.9000003337860116 4426.1667480468759 3.3000000715255742 19.04999923706055 0 1.0908607244491579 6853.5000000000009 4.5000000000000009 2645.0000000000005 1.0000000180025095e-35 717.50000000000011 1434062720.0000002 0.86897510290145885 565.50000000000011 2.5000000000000004 217010024.00000003 1 2 3.9216867685317998 5.0833332538604745 3 4 3742.5000000000005 129495108.00000001 176.50000000000003 5 6653.0000000000009 562.50000000000011 7.5000000000000009 4.5000000000000009 1.0000000180025095e-35 409432960.00000006 9115.0000000000018 393924.00000000006 7.5000000000000009 21.127243995666507 77421.750000000015 841400512.00000012 1866.5000000000002 7.5000000000000009 0.30922861397266393 1328.5000000000002 501.08332824707037 4336.0000000000009 177.50000000000003 6 0.82915791869163524 1629.5215454101565 3278221952.0000005 664.50000000000011 3.9216867685317998 1856224.6250000002 0.80970811843872081 3.5000000000000004 2799.9045410156255 8250.0000000000018 3.3406071662902836
decision_type=2 2 2 2 2 2 2 2 2 9 2 2 2 2 2 2 2 2 2 2 2 9 9 2 2 9 9 2 2 2 9 2 2 2 2 2 2 2 2 2 2 2 2 2 2 2 2 2 2 2 9 2 2 2 2 2 2 2 2 2 2 2
left_child=1 3 5 16 7 19 15 26 21 23 32 13 20 27 28 -4 30 22 45 25 42 38 -10 59 34 -2 39 -5 -7 -18 -1 -17 52 -20 -21 -15 -37 48 -8 -3 -24 -42 -9 -39 -29 -19 -44 -38 -30 -13 -16 -28 -11 -33 -12 -56 -47 -40 -32 -6 -59 -62
right_child=2 4 6 11 9 14 8 12 17 10 54 49 -14 35 50 31 29 18 33 24 -22 -23 40 -25 -26 -27 51 44 37 -31 58 53 -34 -35 -36 36 47 43 57 -41 41 -43 46 -45 -46 56 -48 -49 -50 -51 -52 -53 -54 -55 55 -57 -58 60 -60 -61 61 -63
leaf_value=-0.0016894184175926083 0.0039880979976632093 0.0013528305912016102 0.00053441487508384771 -0.0021253879905105302 0.0068145786739787556 0.0054698210857640692 0.02064517531068355 0.00047113401481045614 0.023308095944453593 0.0069288443790295404 0.0063571244246861175 0.0021062558289766989 0.0011250742440776272 0.0034541494066600981 0.0066650849833374314 -0.00077830582086903157 -0.0022504080875081363 0.012176671133381514 0.034013674929010106 0.0091399033690161523 0.0053772306212279027 0.0090070062564346406 -0.0049702271223795906 0.019898077925374215 0.0068765265773370852 -0.00049933996530463214 -0.0031733201533274639 -0.00037982217810140546 0.0068388714984742825 -0.0004139676446469922 -0.0022372510079319784 0.010977028739512614 0.0043353929637470721 0.023199139730036983 0.0038903239574988365 -0.0012733587827195325 0.0025641778018274473 0.0062336522836425696 0.0076404490931072421 -0.00020491928747221836 0.0075740934143426145 0.045501087265535284 0.0012199298605325842 0.014424627759968665 -0.0016329963757662803 0.024565956710876649 0.0060796284785390488 6.0693007813931512e-05 0.010587021357421721 0.00010474950125618544 0.0015492478430726049 -0.00037926042668182764 0.016196289501939378 0.020345663581710541 -2.1636581651761607e-05 -0.0081924295222452672 -0.01920876189406712 0.014024709584576188 -0.0030895610998293859 0.013909113153225811 -0.012877837942607074 0.022151661169070972
leaf_weight=70485.70246887207 11661.368344783783 53354.826812744141 1095.9648590087891 78365.544789999723 4270.6970062255859 3625.8268232867122 1714.8819892071187 8418.4192581176758 405.31313412636518 1090.7292985916138 677.65187549591064 15885.881393432617 42342.6904296875 4261.7434226572514 4757.2439622059464 341.98376846313477 35546.323486328125 685.18230247497559 1090.7630968093872 2125.7762174606323 15742.855133056641 2453.9069445468485 261.5299362167716 620.3974609375 19166.859263896942 5166.2003974914551 6045.0591354370117 66960.193338304758 5089.693071603775 41570.904052734375 80652.969879400218 2057.9043388366699 3372.2195072174072 831.13279056549072 26435.421325683594 26655.447778463364 9278.5018267333508 863.73587584495544 744.92058777809143 33079.803756713867 194.95184920728207 45.444177091121674 3286.6644039750099 3846.892404794693 53657.635375976562 766.70927143096924 4221.4609851241112 26086.7848777771 7674.3614861965179 30582.144729614258 2419.8678970634937 43480.731689453125 862.24196624755859 611.02383422851562 3058.0517616271973 968.45368957519531 20.782356262207031 3647.8042359352112 143841.99981689453 898.58721923828125 37.571084022521973 978.99848675727844
leaf_count=98347 34810 110257 7175 110507 15345 17151 17890 20937 7301 3614 2225 31313 104996 9541 24234 1999 43848 9630 30298 8798 51599 18771 2293 4290 75188 12558 9372 108264 25474 61486 102509 21775 10161 20127 80717 46205 20559 4251 5845 64448 2106 2022 8127 25046 80858 13701 13552 48984 45833 53948 11154 78775 4655 10533 7854 1878 122 32892 166268 5154 240 11354
internal_value=8.20849e-07 -0.000874898 0.00718883 -0.00157636 0.00124952 0.00571365 0.0148019 0.000931911 0.0166335 0.00546474 0.00323392 -0.000759571 0.00224231 -0.00103088 0.00821687 0.00860925 -0.00226062 0.0221228 0.0245087 0.00461702 0.00373589 0.0141665 0.0131815 0.00930602 0.00532371 0.00261222 0.000218531 -0.00140526 0.00932681 -0.00126053 -0.00252206 0.0115462 0.0067909 0.0293467 0.00428137 9.29525e-05 -0.000137957 0.0101266 0.0159073 0.000756514 0.00442704 0.0148441 0.00211304 0.0129246 -0.000937351 0.0181837 0.0039532 0.00071768 0.00909316 0.000789121 0.00495257 -0.000720284 0.0110261 0.0131272 -0.000785002 -0.00198889 0.0233929 0.014432 -0.00278326 0.00805003 0.0155146 0.0208464
internal_weight=1.02044e+06 909623 110820 683832 225792 92833.2 17986.8 209973 13879.9 15819 10029.3 311734 74012.1 265266 28277.6 4106.88 372098 4301.81 3394.57 64555.6 31669.4 9578.08 907.239 5789.68 47728.1 16827.6 135960 198983 21100.5 77117.2 294981 3010.91 5325.19 1921.9 28561.2 66282.5 62020.7 17474.7 7124.18 86434.6 501.926 240.396 15926.5 4710.63 120618 1472.67 7508.13 35365.3 12764.1 46468 7177.11 49525.8 1952.97 2668.93 4704.16 4026.51 787.492 5409.29 224495 5169.28 4664.37 1016.57
internal_count=2081164 1499876 581288 982637 517239 365214 216074 462063 174592 55176 30387 510179 199211 424918 153143 41482 472458 87600 73878 212071 94215 86992 13722 24789 164703 47368 262852 299629 117755 105334 367124 34307 18430 50425 89515 125289 115748 100604 68221 174705 6421 4128 42616 29297 189122 23453 21679 69543 71307 85261 35388 88147 8269 32308 11957 9732 13823 50331 268777 20499 44486 11594
cat_boundaries=0 1 2 3 4 5 6 7
cat_threshold=12897 5413 7301 13389 13412 15584 13473
is_linear=0
shrinkage=0.05


Tree=29
num_leaves=63
num_cat=4
split_feature=13 8 17 13 17 94 3 120 13 25 83 109 3 25 106 41 13 58 109 31 83 13 75 2 16 79 13 40 111 38 83 124 4 118 30 38 38 83 106 106 38 126 104 3 38 31 13 110 111 40 126 16 107 65 3 85 40 38 2 40 24 112
split_gain=2313.46 479.223 457.365 191.908 136.443 124.613 72.2443 56.6982 55.6685 49.9979 49.2001 48.2277 54.8947 57.2675 39.599 40.1514 39.1551 37.7935 36.3837 35.087 34.8425 34.1925 33.8871 32.9987 41.4607 35.7025 27.5211 27.2294 25.9396 24.6717 24.0964 23.4251 21.2528 23.7817 21.1817 20.9659 20.5492 20.4249 24.572 24.4315 20.5217 19.6855 18.3413 17.9207 17.3662 17.2707 17.174 16.2205 16.3404 16.1635 15.8646 15.7213 15.5392 15.4497 15.0038 14.9984 14.4496 14.1843 14.097 13.9992 13.8448 14.7893
threshold=3.7500000000000004 2.5000000000000004 8.5000000000000018 1.0833333134651186 4.5000000000000009 396175744.00000006 0 31.500000000000004 19.583333015441898 11518.500000000002 4.5000000000000009 1.0000000180025095e-35 1 1.0000000180025095e-35 700.50000000000011 8530.0000000000018 8.2500000000000018 1140432.0000000002 1.0000000180025095e-35 2799.9045410156255 4.5000000000000009 1.9166666865348818 1.0000000180025095e-35 1228.5000000000002 88.500000000000014 7727.2460937500009 2.0833333730697636 12294.500000000002 501.08332824707037 1.5160946846008303 4.5000000000000009 700.50000000000011 184.50000000000003 536.50000000000011 4363.5000000000009 0.86897510290145885 0.76997897028923046 7.5000000000000009 783.50000000000011 824.50000000000011 1.5160946846008303 1149.5000000000002 932762112.00000012 2 1.8415203690528872 260.13052368164068 2.4166666269302373 719.50000000000011 559.58334350585949 8314.5000000000018 890.50000000000011 6.5000000000000009 354.50000000000006 1112285.5000000002 3 15031.500000000002 3379.0000000000005 1.1727769374847414 5889.5000000000009 4622.5000000000009 176.50000000000003 1215.5000000000002
decision_type=2 2 2 2 2 2 9 2 2 2 2 2 9 2 2 2 2 2 2 2 2 2 2 2 2 2 2 2 2 2 2 2 2 2 2 2 2 2 2 2 2 2 2 9 2 2 2 2 2 2 2 2 2 2 9 2 2 2 2 2 2 2
left_child=1 3 4 6 10 11 18 31 17 28 19 12 -3 32 27 37 20 36 29 -2 -6 45 -5 25 53 41 -24 54 34 -1 -8 -7 51 -34 -9 -19 -4 38 59 -39 -41 42 -10 -18 -30 -15 -13 -38 -49 -23 -27 -14 58 -25 -12 -45 -36 -21 -47 -16 -32 -62
right_child=2 5 8 22 16 7 30 9 23 -11 14 46 13 21 15 -17 43 35 -20 57 -22 49 26 24 -26 50 -28 -29 44 -31 60 -33 33 -35 56 -37 47 39 -40 40 -42 -43 -44 55 -46 52 -48 48 -50 -51 -52 -53 -54 -55 -56 -57 -58 -59 -60 -61 61 -63
leaf_value=-0.00076595865877143114 0.0080390497402205597 -0.0013419478560280727 0.0071999710769346421 0.00092920752364428249 0.01116749930287486 0.008621961223082451 -0.0016194885592786196 0.0033151278891728297 0.0048244937416043058 0.011608328104514233 0.0030405944862942954 -0.00084391622376201326 0.018207690761613989 0.00017092711175726447 0.0018358359600340697 0.0092123144782729049 0.017118651486763354 -0.0062038918593647708 -0.0018339241141775995 0.011776851193856019 0.0062119851493498126 0.0027423461657742217 -0.00098608615131352893 0.030246779945144655 0.049200376957046814 0.024613016169593431 0.0004244360529004306 0.0058319800156972834 0.001908512330344368 0.0016615232533238522 -0.0031859741380177104 0.024094616658958332 0.0058085224372796309 0.049063114432124549 0.004046678593473808 0.0095950035205133073 0.013323605723085842 0.0020437211407115345 0.0094220136820683878 0.0065114216539082746 -0.0009672547849452328 0.031572184233998372 0.022599089804858152 0.0099541652012955714 -0.0054539145304897153 0.0043062078628630877 0.0007215930347164363 0.024292099995658456 0.016687341841228599 0.0058078014832522711 0.0004878571463700939 0.044122629820501941 0.0015208781416406313 0.019146924955542655 0.00044789137596803466 0.01971937900165421 0.010330957044788461 0.030877171291984098 0.014282870124207035 0.0063045136236546369 -0.0026609415083785354 -0.0015718496297639141
leaf_weight=73131.421478271484 4769.4464836120605 13055.931715011597 669.30957183241844 52433.465576171875 4775.6340713500977 2990.6358470916748 73192.890452345251 16886.670230507851 217.16746664047241 1654.1049728393555 15261.878100141883 46950.502769470215 334.328693151474 21133.331082224846 2879.2525886297226 5554.7201805114746 1313.6907598003745 244.54525223374367 97031.755035400391 163.67301146313548 13847.05549621582 15542.504070401192 108449.43865966797 564.82684840261936 188.02671813964844 83.147922039031982 50765.074523925781 6104.383056640625 23732.019389510155 12214.01513671875 81585.883649200201 266.6400089263916 595.79285928606987 33.134281009435654 1673.4780482053757 1458.3565994203091 2646.0060056746006 10939.92140007019 4022.2616176605225 7567.2866497039795 1042.3709449768066 344.7924919128418 443.9438624382019 6294.6312852874398 828.11923313140869 2512.196738243103 27942.764892578125 909.52402022480965 3280.9720992743969 5953.0285339355469 370.25570678710938 71.489548861980438 8991.2652854919434 725.22158251702785 8822.9256675392389 420.83091855049133 2028.9296818971634 246.23369630053639 412.65684509277344 4495.6251603364944 125979.19819894433 41459.641784667969
leaf_count=113333 23305 22558 5563 104443 28600 10935 97242 43794 3036 8030 49868 83097 1610 38358 9648 24633 10057 1544 139437 1392 64181 43595 174117 13582 14155 1866 101961 21120 57634 23841 90802 2221 1989 351 5227 14149 25664 35622 18459 30304 3730 8873 8855 43033 1699 6302 64560 12788 35355 18694 6826 907 20155 14571 24530 4090 8421 3676 1691 17482 158039 54597
internal_value=-1.00997e-05 -0.000840386 0.00681585 -0.00143697 0.0056871 0.00136683 -0.00196703 0.00351483 0.0159705 0.00307069 0.0045538 0.000617597 0.00157501 0.00226014 0.00418903 0.00529723 0.00874286 0.0140557 -0.00117152 0.00924886 0.00748332 0.00203931 -0.000173222 0.0219685 0.0272426 0.0166156 -0.000536314 0.00284889 0.00275766 -0.000418489 -0.00241716 0.00989359 0.0139113 0.00813245 0.00406677 0.00732211 0.0155821 0.0045942 0.00627719 0.00361265 0.00560539 0.0218658 0.016776 0.011663 0.00165996 0.00102947 -0.000259755 0.0164014 0.0183418 0.00359165 0.00494533 0.0228339 0.00255162 0.0240205 0.0020925 0.0105526 0.00749276 0.0232864 0.00571769 0.0045608 -0.00265168 -0.00239131
internal_weight=1.0205e+06 909832 110668 716243 98521.8 193590 504595 50060.6 12146.1 46803.3 71870 143529 68635.7 55579.7 66690.6 36501.4 26651.8 9208.71 182377 5179.35 18622.7 54545 211648 2937.38 1478.08 1459.31 159215 30189.2 45149.2 85345.4 322218 3257.28 1034.75 628.927 20589.1 1702.9 7505.81 30946.7 11397.1 19549.6 8609.66 1005.9 661.111 8029.15 24560.1 33049.4 74893.3 6836.5 4190.5 21495.5 453.404 405.818 11916.1 1290.05 24084.8 6715.46 3702.41 409.907 2924.85 7374.88 249025 167439
internal_count=2080197 1499640 580557 1057812 413730 441828 677291 137961 166827 124805 263769 303867 156210 133652 235396 139878 149961 95063 276611 28373 92781 128795 380521 71764 42308 29456 276078 95518 116775 137174 400680 13156 4857 2340 57442 15693 79370 115245 45589 69656 34034 20764 11891 57180 59333 66506 147657 73807 48143 62289 8692 2517 28148 28153 74398 47123 13648 5068 7993 27130 303438 212636
cat_boundaries=0 1 2 3 4
cat_threshold=15584 33680 901 37965
is_linear=0
shrinkage=0.05


Tree=30
num_leaves=63
num_cat=5
split_feature=136 13 17 8 3 13 14 32 109 17 39 38 38 24 132 48 74 40 25 23 14 124 3 109 62 40 86 48 24 25 39 24 3 24 109 37 127 125 131 13 97 7 98 55 33 93 23 48 93 42 57 62 3 127 24 3 108 28 13 95 38 62
split_gain=2101.86 577.102 303.217 191.701 107.183 81.5274 72.4958 65.4555 59.8609 55.5774 51.725 43.9906 37.7053 36.3651 32.8924 31.6562 29.51 28.6602 28.1098 27.7138 27.3983 26.574 25.5689 24.8869 23.9312 22.9651 22.3789 21.9964 25.0793 21.7877 20.8476 20.1264 19.2388 18.8715 20.3384 17.8802 17.8295 17.3226 17.0097 16.9492 16.8698 16.8654 15.9923 15.9665 15.8635 15.5728 15.0147 14.9284 14.9206 14.3567 14.233 14.5053 14.1872 16.8111 14.1786 14.0202 13.9579 13.5341 13.4115 13.3073 13.1661 13.0362
threshold=5.4000003337860116 1.9166666865348818 8.5000000000000018 1.5000000000000002 0 3.7500000000000004 7.5000000000000009 624.50000000000011 1.0000000180025095e-35 32.500000000000007 1.5700779557228091 0.93458929657936107 0.86897510290145885 4459.5000000000009 0.36696706712245947 3994.0000000000005 1.0000000180025095e-35 5664.5000000000009 4892.5000000000009 0.33397436141967779 19.500000000000004 819.50000000000011 1 58.500000000000007 1138936.0000000002 7836.5000000000009 1.4190091490745547 8479.5000000000018 1190.5000000000002 633.50000000000011 0.92422258853912365 8460.0000000000018 2 1190.5000000000002 385.50000000000006 49.500000000000007 599.50000000000011 943.50000000000011 55.258333206176765 5.0833332538604745 276675536.00000006 -0.93301269412040699 3278221952.0000005 1.3714220523834231 9851.0000000000018 328585.73437500006 0.49852071702480322 6413.5000000000009 880257.96875000012 9029.5000000000018 40824.000000000007 1138936.0000000002 3 1667.5000000000002 1612.5000000000002 4 351.50000000000006 2809.5000000000005 14.416666507720949 1.0000000180025095e-35 1.1727769374847414 423480.50000000006
decision_type=2 2 2 2 9 2 2 2 2 2 2 2 2 2 2 2 2 2 2 2 2 2 9 2 2 2 2 2 2 2 2 2 9 2 2 2 2 2 2 2 2 2 2 2 2 2 2 2 2 2 2 2 9 2 2 9 2 2 2 2 2 2
left_child=1 3 6 7 10 8 16 47 30 12 31 36 24 27 26 57 -2 37 -19 -18 45 22 25 54 52 -21 48 33 -29 -15 -3 -5 39 -6 -35 -10 50 -13 60 -7 -26 -32 49 -23 56 -16 -34 -1 -14 -11 -8 -52 58 -54 -17 -49 -31 -9 -4 -30 -28 -20
right_child=2 5 9 4 13 32 11 15 35 42 -12 17 14 29 20 23 19 18 61 21 -22 43 -24 -25 40 -27 38 28 59 44 41 -33 46 34 -36 -37 -38 -39 -40 -41 -42 -43 -44 -45 -46 -47 -48 55 -50 -51 51 -53 53 -55 -56 -57 -58 -59 -60 -61 -62 -63
leaf_value=-0.0029770332772714255 0.023086345829639157 0.00075331964000550184 0.010081500924949846 0.0014969885187252144 -0.0017544805249908322 0.0034999951633256903 -0.0073387525745835305 -0.0022460807973759436 1.1288004649732094e-05 0.017540273340794037 0.007817385589482459 0.0057988667415880693 0.0076671314277790949 0.040029325964547849 0.0095066301229412235 -0.00059778321309373423 0.00016631046377521569 0.0098360119673395838 0.019942994559487177 0.0042625827541806554 0.023900919246817171 0.0077408020487699531 0.0013961244531355177 -0.0014123961433233755 -0.0063656333918280161 0.0072945638631148578 -0.023976919902292289 -0.00031192475200875284 0.021813486778303411 0.0083118514957504375 0.0021617977782895864 0.0080961863025486996 -0.00013632147208112762 0.00019684116242034536 -0.0014492886266205213 0.0012546901183407033 0.010253590035628857 0.011386423246696042 0.031816065438199571 0.006038796848346119 0.01261365215384226 0.0044490817295857223 0.042701563995769312 0.019947536465659658 0.013422029633056312 0.017432919726095782 0.0033764722285365683 -0.0026941772986688395 0.015194663253013435 0.035800072435021923 0.0061945917094634421 0.00064861582036602095 0.007027300918990901 -0.022448625538884756 0.0010641614753048832 -0.001653656360089276 0.0013272358225044942 -0.00090431029795483167 0.020292694319566536 0.002643171338895218 0.0013185155136211217 0.013250805978457115
leaf_weight=91451.771324778791 228.35845279693604 9796.7492227554321 856.34878350934014 32104.243588447571 55195.703297767788 22968.564142934978 242.88962054252625 95827.337207794189 63451.330322265625 283.40739822387695 3905.2708740234375 4779.2044563293457 923.13344214716926 38.103784680366516 763.26096028089523 54430.569536685944 2689.7231591381133 7332.4795227050781 1061.9508094787598 16604.656222689897 1491.3031601011753 6572.5990266799927 4716.5044873431325 106929.84139633179 380.17720329761505 10028.97484588623 73.674651635810733 33458.516890373081 91.228230118751526 787.6779237985611 15073.518859863281 1198.4727201461792 5216.540543563664 41952.876514315605 33940.83827984333 53128.018493652344 1692.5861053466797 1960.2147216796875 32.508838295936584 9225.1585896015167 168.55721306800842 17353.176675796509 169.75010681152344 279.61705017089844 313.16810989379883 3417.1670888960361 7287.6963081359863 61311.94677734375 2337.8481323719025 177.19658660888672 5300.7962391376495 1519.0122928619385 381.4436651468277 54.846176147460938 16790.886430263519 69047.85986328125 7785.321528673172 23397.079975128174 520.07588386535645 7468.4202913045883 166.6177338231355 2371.1195030212402
leaf_count=104876 2452 23526 7513 63628 77898 65821 877 130286 127190 9593 12928 26925 8585 501 6366 82577 8371 43856 9149 64064 29474 31532 19127 156563 2729 43453 321 52691 531 2788 35872 4591 14017 78767 54857 117029 11122 14286 585 32077 2102 50402 12330 2303 1291 36935 21749 70212 29248 7993 28236 7534 3533 265 32656 90737 17792 40876 7765 16449 1734 18964
internal_value=-3.99636e-06 -0.00066391 0.00779869 -0.00131441 -7.09622e-05 0.00169327 0.00648532 -0.00183707 0.00116226 0.0150531 0.00237276 0.00853795 0.0142631 -0.000573359 0.0157099 -0.00135217 0.00517426 0.00998568 0.0115875 0.00507383 0.0180716 0.00541922 0.00480217 -0.00093009 0.00861914 0.00540256 0.0119159 -0.000734785 0.000275627 0.00253846 0.00277533 0.00173474 0.00357967 -0.00105098 -0.000539272 0.000577982 0.00564244 0.00742552 -0.00182188 0.00422642 -0.000520402 0.00338604 0.0295176 0.00824107 0.00237489 0.0159882 0.00190913 -0.00248714 0.0130668 0.024607 0.00453601 0.00496018 0.011388 0.00321535 -0.000205895 -0.00214342 0.00197001 -0.00198281 0.0138488 0.0028766 -0.00645009 0.015325
internal_weight=1.02051e+06 940928 79578 737427 218240 203501 67380.7 519187 158803 12197.3 37208 26260.3 11567 181032 9205.51 297376 41120.4 17505 10765.5 40892.1 5671.73 38202.4 31350.1 178151 2361.45 26633.6 3533.78 172108 41018.2 8924.27 42223.4 33302.7 44698 131089 75893.7 116579 8755.28 6739.42 272.801 32193.7 548.734 32426.7 630.354 6852.22 8886.17 4180.43 12504.2 221812 3260.98 460.604 7062.7 6819.81 1812.71 436.29 71221.5 130360 8573 119224 1376.42 7559.65 240.292 3433.07
internal_count=2080500 1581178 499322 1093495 384712 487683 332251 708783 354019 167071 81147 160949 137155 303565 113248 442958 171302 113180 71969 168850 72775 160479 126644 271796 23907 107517 40473 281193 69671 22372 109800 68219 133664 211522 133624 244219 47769 41211 2640 97898 4831 86274 29916 33835 21871 43301 35766 265825 37833 17586 36647 35770 19076 3798 115233 160949 20580 171162 15278 16980 2055 28113
cat_boundaries=0 1 2 3 4 5
cat_threshold=12384 15397 13453 5253 528
is_linear=0
shrinkage=0.05


Tree=31
num_leaves=63
num_cat=6
split_feature=13 8 17 24 13 13 111 134 48 13 46 38 28 24 27 13 3 3 27 132 24 112 124 57 25 3 95 67 3 93 48 27 13 106 101 27 86 61 38 38 20 3 94 56 51 3 95 64 112 56 25 95 38 110 48 24 106 95 86 108 17 59
split_gain=1872.24 404.951 381.711 156.995 112.673 107.132 94.1909 52.7936 51.6616 47.4987 45.9472 43.4449 42.2197 39.9156 37.8616 36.2922 35.1001 34.6715 33.8146 32.9783 29.0628 24.7392 24.9523 23.215 23.5342 22.23 22.0653 21.9331 21.5758 21.0214 20.9636 20.8467 20.7179 19.8786 21.5601 19.7007 19.3368 19.8537 18.8688 18.0722 17.8547 17.4184 19.5266 17.0818 16.8809 16.7187 16.7338 16.443 15.3561 15.1562 15.0004 14.9144 13.9034 13.8539 13.7661 14.4173 13.7762 13.3884 13.2261 13.1438 12.9751 12.8426
threshold=3.7500000000000004 1.5000000000000002 5.5000000000000009 1951.5000000000002 11.583333492279055 0.91666665673255932 501.08332824707037 2.5000000000000004 9916.5000000000018 5.7500000000000009 6879.0000000000009 0.76997897028923046 11113.500000000002 6805.0000000000009 1.0000000180025095e-35 32.750000000000007 0 1 1.0000000180025095e-35 0.35132654011249548 906.50000000000011 985.50000000000011 600.50000000000011 157688.00000000003 633.50000000000011 2 243893088.00000003 4.5000000000000009 3 243917.31250000003 3994.0000000000005 422.50000000000006 7.2500000000000009 824.50000000000011 820536160.00000012 1.0000000180025095e-35 1.4190091490745547 1232782.3125000002 1.2502509951591494 1.5160946846008303 1.5000000000000002 4 486583008.00000006 1138936.0000000002 3.5000000000000004 5 1.0000000180025095e-35 1317867.0000000002 721.50000000000011 1710219.5000000002 633.50000000000011 7668465.0000000009 0.91614836454391491 771.16665649414074 4771.5000000000009 906.50000000000011 363.50000000000006 1.0000000180025095e-35 1.249461352825165 699.50000000000011 52.500000000000007 1150473.0000000002
decision_type=2 2 2 2 2 2 2 2 2 2 2 2 2 2 2 2 9 9 2 2 2 2 2 2 2 9 2 2 9 2 2 2 2 2 2 2 2 2 2 2 2 9 2 2 2 9 2 2 2 2 2 2 2 2 2 2 2 2 2 2 2 2
left_child=1 5 7 8 14 17 10 25 16 18 13 41 21 28 32 19 51 -1 52 36 45 22 -8 -12 -25 -2 -21 -11 30 -16 -5 -22 -4 34 -29 57 37 -13 -38 -35 -7 42 43 -6 -23 46 -10 -42 -15 -43 -32 -3 -9 -31 -18 -56 -57 -19 -30 -51 61 -17
right_child=2 3 4 6 11 40 12 9 20 27 23 15 -14 48 29 60 54 35 -20 26 31 44 -24 24 -26 -27 -28 33 58 53 50 -33 -34 39 -36 -37 38 -39 -40 -41 47 49 -44 -45 -46 -47 -48 -49 -50 59 -52 -53 -54 -55 55 56 -58 -59 -60 -61 -62 -63
leaf_value=-0.0023564393320749818 0.0032883470016398832 0.01011000355590096 0.0094909229044364118 0.0015094573092333818 0.012972134200722752 8.774645827664383e-05 -0.00043932392501156207 0.0030039291965756254 0.014469957283690464 0.013890866792200987 0.00065437445760621344 0.015592121358230935 0.0089227519383125713 0.0045664885778304819 0.00107209370463422 0.030117184964561262 -0.0017674255584288628 0.0038934630545269266 0.003278303677184566 0.012239673841450376 0.0045721644026568099 0.0072459091745061543 0.0018876292984073076 0.021132810804676674 0.0072932763331110644 -0.00040852781903861173 0.020010415849870084 0.0033925120667998472 0.0011901734002591037 0.0059472217942700429 0.012156800889646269 0.0011448994568262528 0.014660484487895285 0.010649546364661054 0.0071439748171333046 -0.0019282643954109193 -0.026240611500917818 0.0057781415657902598 0.0066114236237716385 0.0019436781745433139 -0.0010511322210694726 -0.0049899171548413845 0.022188689505872938 -0.0085743878233711709 0.0016840279095757323 -0.00055914714141397533 0.0015390829919675149 0.0036620785663969563 0.010461059698209542 -0.005078816045355059 0.003829018331142547 0.00103963643617802 0.0075119231212679195 0.0098511619563998627 -0.0014198850069632514 0.0036420191358201241 -0.00031539073753087917 -0.0008214190802634029 -0.003567077506044021 0.040375201564909521 0.038013735174710538 0.016317749126219423
leaf_weight=265275.78153113963 11897.299193188548 464.38090324401855 5162.884765625 14031.343485089019 231.65153932571411 70415.429479598999 44803.996284395456 2167.4752750396729 256.1113178730011 1082.4988212585449 1303.8555593490601 1558.9743242263794 1597.6053237915039 2329.1054049730301 1344.4225387573242 339.75776863098145 44119.342132568359 1544.2250499725342 31580.474035263062 1221.1835584640503 8127.8757535517216 1441.8004609048367 15507.186248779297 320.96612185239792 7215.4580505490303 6175.4415256530046 3712.6375117301941 6076.8684539794922 6221.2918212413788 4878.0446472167969 558.26187777332962 9781.9853914678097 3119.5137329101562 4164.7784423828125 10394.707626342773 71095.452737808228 63.53128670156002 773.8123140335083 136.9222579151392 697.6568603515625 94733.022709608078 393.4679536819458 260.7777624130249 151.64743328094482 25451.711486816406 22748.255687713623 10202.792616605759 1886.437459230423 2111.6721783876419 27.177609145641327 17469.425318747759 18308.966691970825 8200.4486083984375 4278.5661010742188 38360.174819946289 2302.6316549777985 48650.564542531967 59072.086624145508 1908.8506507873535 36.920291244983673 192.5081729888916 344.20886611938477
leaf_count=322113 37487 1634 32014 32888 2252 127702 89146 8342 891 8448 3609 19192 6923 8295 6508 10944 65839 3708 101300 13147 21225 4218 36701 2186 25298 15703 53776 27541 14297 27356 2599 20644 29400 23948 50846 99362 284 8366 1545 3571 150032 3271 3648 1005 60259 36147 20159 5353 10148 188 48864 35235 36895 28084 56366 5187 88987 90035 3554 1156 15111 9065
internal_value=-7.22003e-06 -0.000754307 0.00613337 0.00059342 0.0111517 -0.00158011 0.0018674 0.00441487 -0.000298006 0.0050854 0.00352536 0.0156072 0.000869022 0.00287279 0.00891058 0.0168398 -0.000759903 -0.00202711 0.00409211 0.0157062 0.00107724 0.000721369 0.000158909 0.00681897 0.00788471 0.00202647 0.0180895 0.00694382 0.00237549 0.00691513 0.00295844 0.00270063 0.0114394 0.00659078 0.00576039 -0.00136348 0.0110599 0.0123408 -0.00381513 0.00940179 -0.000517726 0.00626394 0.0114644 0.00443443 0.00198252 0.000201501 0.00185511 -0.000959039 0.00737145 -0.00127244 0.00408751 0.00126386 0.00657017 0.00777238 -0.00104469 -0.00068773 -0.000136419 -0.000701192 7.23787e-05 0.0211351 0.0264767 0.0231969
internal_weight=1.02028e+06 909618 110666 345596 28228.6 564022 142273 82437.6 203323 64364.9 53470.2 9445.18 88802.3 44630 18783.4 8343.54 152206 396988 41948.4 7467.06 51117 87204.7 60311.2 8840.28 7536.42 18072.7 4933.82 22416.5 40189.2 10501 32059 17909.9 8282.4 21334 16471.6 131712 2533.24 2332.79 200.454 4862.44 167035 1101.64 644.077 383.299 26893.5 33207.2 10458.9 96619.5 4440.78 457.566 18027.7 18773.3 10367.9 9156.61 133433 89313.4 50953.2 60616.3 8130.14 64.0979 876.475 683.967
internal_count=2079997 1499604 580393 701299 266312 798305 348985 314081 352314 260891 151738 142950 197247 120645 123362 131430 253248 515218 146537 96310 99066 190324 125847 31093 27484 53190 66923 114354 102202 61948 84351 41869 61414 105906 78387 193105 29387 27558 1829 27519 283087 11520 6905 3257 64477 57197 21050 155385 18443 4615 51463 36869 45237 55440 216379 150540 94174 93743 17851 1344 35120 20009
cat_boundaries=0 1 2 3 4 5 6
cat_threshold=4192 33565 9421 13412 7300 15456
is_linear=0
shrinkage=0.05


Tree=32
num_leaves=63
num_cat=0
split_feature=13 14 8 32 8 13 83 13 110 83 89 124 33 106 13 83 42 2 14 31 23 100 100 98 39 62 107 48 79 35 41 48 107 128 126 99 25 40 124 120 49 75 48 31 101 37 81 48 35 35 35 106 32 95 48 28 54 79 62 35 61 72
split_gain=1706.74 392.442 332.04 116.2 108.195 92.7025 59.5352 57.7522 56.2966 53.8065 51.4278 48.4852 39.394 37.7584 35.8913 32.473 32.1353 32.1313 40.5206 34.3529 31.0889 24.4932 24.3522 23.944 22.4618 22.395 26.5981 21.7999 21.7612 21.7486 21.599 20.0879 19.7149 19.4279 18.8753 18.3255 17.9589 17.7854 17.5195 16.6368 16.397 16.3766 15.8883 15.4538 15.41 14.721 14.6489 14.6244 14.4295 13.9963 13.4859 13.3715 13.3474 13.3384 13.2701 13.2394 12.7218 12.2971 14.3146 12.8747 12.2347 12.2051
threshold=3.4166666269302373 8.5000000000000018 1.5000000000000002 4477.0000000000009 14.500000000000002 0.91666665673255932 4.5000000000000009 5.0833332538604745 562.50000000000011 4.5000000000000009 852003.62500000012 196.50000000000003 9851.0000000000018 700.50000000000011 2.0833333730697636 4.5000000000000009 7920.0000000000009 1228.5000000000002 52.500000000000007 2799.9045410156255 0.50139665603637706 582093856.00000012 1223247232.0000002 3278221952.0000005 0.8875144124031068 312602.00000000006 53.500000000000007 3994.0000000000005 4542.6098632812509 7.5000000000000009 4234.5000000000009 5039.5000000000009 826.50000000000011 410.16667175292974 1149.5000000000002 472696080.00000006 1558.5000000000002 4622.5000000000009 527.50000000000011 138.50000000000003 4278.5000000000009 1.0000000180025095e-35 3994.0000000000005 149.62917327880862 890376960.00000012 287.50000000000006 5847.5000000000009 10837.000000000002 7.5000000000000009 7.5000000000000009 4.5000000000000009 749.50000000000011 1203.5000000000002 1.0000000180025095e-35 9916.5000000000018 8152.8332519531259 1.3481078147888186 5773.5583496093759 1124816.0000000002 8.5000000000000018 51509.916015625007 46416.000000000007
decision_type=2 2 2 2 2 2 2 2 2 2 2 2 2 2 2 2 2 2 2 2 2 2 2 2 2 2 2 2 2 2 2 2 2 2 2 2 2 2 2 2 2 2 2 2 2 2 2 2 2 2 2 2 2 2 2 2 2 2 2 2 2 2
left_child=2 7 5 6 13 15 11 9 28 -2 37 22 27 31 25 43 34 19 33 44 60 -13 -4 35 -11 -8 46 -10 -5 38 -30 -3 47 -19 42 -21 -32 -6 -22 -23 -25 -7 -15 -1 -12 -17 -27 -31 51 -44 -35 -26 -24 -48 -16 -36 -14 58 -39 -59 -9 -52
right_child=1 4 3 8 10 41 14 20 12 24 17 21 56 16 54 45 -18 18 -20 23 29 39 52 40 48 26 -28 -29 30 32 36 -33 -34 50 55 -37 -38 57 -40 -41 -42 -43 49 -45 -46 -47 53 -49 -50 -51 61 -53 -54 -55 -56 -57 -58 59 -60 -61 -62 -63
leaf_value=-0.001529564925613383 0.0069870299894843422 -0.0003484935685951283 -3.656052739821006e-05 0.004725306917749565 0.0041482520091525961 0.00036318510347010485 -0.0012231623783539392 -0.0064862856956198955 0.0011056618477848291 0.00016656957300525927 0.011713820474035899 0.0013496605729540155 0.0067737374796307051 0.0024983347890351133 0.00029916891614572877 -0.0023418900503456063 0.014058569369584318 0.013030347795666451 0.039847619424254431 0.034489143985230862 0.0063854100159304282 0.010579191462618286 0.0013878618502306708 0.0058380325805099395 0.0030374044782230259 0.00010110155782777934 -0.00016451311895153951 0.0036946318725663099 0.0084609816508955885 0.0029104506408279907 0.035927019738132275 0.0065767834379599462 0.0082098322238217305 0.029689283549607395 0.0060889905552370194 -0.0047392994138647296 0.015995753398791262 0.0143677958755673 0.010332472408189262 0.004128576988244567 0.035992171615646974 -0.00080523906272991861 0.010477941400803001 -0.00011594367911524009 0.019671714477720759 -0.0013514579621119063 0.01486749899669371 0.0066908353681113773 0.0020544974338001175 0.0053639679383633166 0.014527630857583039 0.005934870231628653 0.0049743190648986538 0.0041981439715939707 0.0020209088352299317 0.0148022030879117 0.015692132311666412 0.024330598584279852 0.0066263578196138848 0.0078231447109572329 0.0032351481726062108 0.02390020700875713
leaf_weight=71409.887450954178 7158.4478778839111 1264.252477645874 43742.397785186768 1278.5966243743896 957.94868850708008 39498.056518554688 90035.338291168213 335.14535045623779 21150.948945496231 9504.2249135971069 1008.021933555603 9691.4280586242676 1299.3464126586914 1487.8469683565199 48123.231506347656 254850.88074493408 3394.9167785644531 851.59207551181316 264.42923505604267 31.380019187927246 7738.4870758056641 1092.1148529052734 8458.2981567382812 103.72941890358925 14011.285058021545 689.67919450998306 58001.291694641113 13217.07161572203 962.52537621557713 8553.2976732254028 141.22567413747311 6057.427848815918 3704.6199150085449 455.94746899604797 604.81808471679688 446.72583866119385 582.71036970615387 1188.2945613861084 4432.0407867431641 11928.99097442627 80.223378032445908 124498.09313964844 3189.8458321653306 26521.783142089844 1563.3244924545288 44027.080924987793 560.60428756475449 3656.3053121566772 25345.798324584961 2317.2059421539307 632.74466669559479 5572.8220748901367 3745.8126602172852 617.65946912765503 14586.131713867188 1592.1243286132812 580.72579956054688 358.24760913848877 1210.1006088256836 178.60265445709229 8853.3594408035278 791.09704911708832
leaf_count=93815 31714 5906 80086 4680 8547 73052 137908 755 51121 24140 12690 20712 5154 8667 102265 313719 28032 10681 17374 700 34270 4004 16020 1858 41629 1617 102030 38685 4415 33332 1787 36460 18080 9008 3908 4725 3418 13201 23958 31947 3508 203076 22933 42874 25755 64335 2342 16013 71359 14418 8759 19994 10546 1573 33773 14142 3197 5090 11103 1904 31974 15651
internal_value=-5.22971e-06 0.00537254 -0.000782958 0.000474174 0.0103784 -0.0015238 0.00013015 0.00385188 0.0030294 0.00291158 0.0145881 0.0013054 0.00248729 0.00823748 -0.000304627 -0.00193708 0.00989879 0.017407 0.0211428 0.0139415 0.00540549 0.00325371 0.000514339 0.00377156 0.00237548 -0.000724815 2.45543e-05 0.0021015 0.00965347 0.00623162 0.0133843 0.00538035 0.00501365 0.0193231 0.00836119 -0.00212079 0.019913 0.0100747 0.00782356 0.00467038 0.0190775 -0.000523796 0.00708877 -0.00114678 0.0165569 -0.00219601 0.00589642 0.00404317 0.00284263 0.00832772 0.0221671 0.00386229 0.00248922 0.00928289 0.000699736 0.0124077 0.00953459 0.0120061 0.0104662 0.0188605 0.00287969 0.0197452
internal_weight=1.02019e+06 128897 891292 330486 30030.8 560806 291273 98865.8 39213.2 61592.6 10122.4 78659 36248.1 19908.4 212614 396810 12586.8 6229.22 2995.81 3233.41 37273.3 22712.5 55946.5 662.059 54434.1 149905 59869.2 34368 2965.06 28084.8 1686.46 7321.68 15914.2 2731.38 9191.84 478.106 723.936 3893.19 12170.5 13021.1 183.953 163996 6994.9 97931.7 2571.35 298878 1867.94 12209.6 44929.9 5507.05 1879.79 19584.1 12204.1 1178.26 62709.4 2196.94 1880.07 2935.25 2398.4 536.85 9188.5 1423.84
internal_count=2080389 632238 1448151 657280 285020 790871 544823 347218 112457 188836 150554 163315 98157 134466 381508 514743 92100 110709 61473 49236 158382 56663 106652 10791 157122 245470 107562 89806 14300 125653 9620 42366 67425 44099 64068 5425 5205 39845 58228 35951 5366 276128 46018 136689 38445 378054 5532 49345 132982 37351 33418 61623 26566 3915 136038 18050 8351 31298 24304 6994 32729 24410
is_linear=0
shrinkage=0.05


Tree=33
num_leaves=63
num_cat=6
split_feature=136 13 13 3 134 38 35 13 13 35 37 59 35 3 24 13 3 35 13 3 5 35 109 39 124 112 37 97 48 107 35 37 31 39 17 46 125 6 38 69 24 3 36 124 46 107 101 80 74 100 70 38 24 3 107 37 38 65 70 31 94 30
split_gain=1559.18 434.12 229.698 144.37 87.6483 64.7225 64.4695 63.5384 48.5319 47.6939 46.9756 45.1793 44.9865 37.1431 36.2612 35.8274 32.6962 32.1839 31.0088 27.478 26.9632 26.4758 25.3733 24.2036 23.781 22.4253 22.1493 21.5002 20.7921 20.1078 19.4403 18.6741 18.3589 18.2604 18.0411 18.2623 19.8519 17.5167 17.474 17.2446 17.4556 16.9141 16.1376 15.9354 15.8071 15.3076 15.2979 15.2926 16.6302 15.2723 15.0868 15.2814 14.9943 14.9091 17.3634 20.3917 14.5512 14.5474 14.0626 16.021 13.8829 13.8397
threshold=5.4000003337860116 1.9166666865348818 9.5833334922790545 0 2.5000000000000004 0.76997897028923046 4.5000000000000009 3.7500000000000004 19.583333015441898 5.5000000000000009 4375.5000000000009 1150473.0000000002 1.5000000000000002 1 528.50000000000011 5.7500000000000009 2 7.5000000000000009 6.4166667461395273 3 11.500000000000002 4.5000000000000009 177.50000000000003 0.82915791869163524 358.50000000000006 1012.5000000000001 2382.5000000000005 276675536.00000006 3500.0000000000005 740.50000000000011 7.5000000000000009 -50.499999999999993 166.88085937500003 0.93782541155815136 65.500000000000014 5515.5000000000009 565.50000000000011 -0.93301269412040699 1.8415203690528872 82505.000000000015 4459.5000000000009 4 1.0000000180025095e-35 358.50000000000006 11879.000000000002 264.50000000000006 1039028096.0000001 30335.500000000004 33368.500000000007 1015157280.0000001 0.975724756717682 0.98641163110733043 1612.5000000000002 5 800.50000000000011 -249.49999999999997 1.5160946846008303 50294.500000000007 1.0826829671859743 726.67681884765636 165569536.00000003 18186.500000000004
decision_type=2 2 2 9 2 2 2 2 2 2 2 2 2 9 2 2 9 2 2 9 2 2 2 2 2 2 2 2 2 2 2 2 2 2 2 2 2 2 2 2 2 9 2 2 2 2 2 2 2 2 2 2 2 9 2 2 2 2 2 2 2 2
left_child=1 3 6 14 17 27 10 9 11 33 13 21 39 15 44 49 26 24 38 20 -12 -7 25 -20 28 -16 -14 47 -5 57 -31 41 -30 -3 35 -10 -37 -11 43 40 -6 -9 -13 -8 -1 -34 -32 -4 -49 60 -25 -52 -51 61 55 -55 -53 -23 59 -18 -2 -29
right_child=2 7 5 4 12 8 18 31 34 37 19 42 16 -15 22 -17 58 -19 23 -21 -22 29 -24 50 -26 -27 -28 53 32 30 46 -33 45 -35 -36 36 -38 -39 -40 -41 -42 -43 -44 -45 -46 -47 -48 48 -50 52 51 56 -54 54 -56 -57 -58 -59 -60 -61 -62 -63
leaf_value=-0.0023771399905506349 0.0020091552154792133 0.00071560443813021267 0.0095045665037696223 -0.001546379695631349 0.014811560892715361 0.01930350698975709 0.0021931120703808545 0.0029928940314071905 0.011896021220767562 -0.00085751232152434019 0.027327885914530066 0.001837741418343591 0.0023432349812670989 0.0016145360136633616 -0.0011588340430358198 0.0129151365474046 0.0004936974591290697 -0.00146295977722555 0.00018951696882415375 0.0083757858558659633 0.0020187614603904775 -0.010994834933092184 -0.0017563063788057132 0.0093632487298085255 0.0012343295111332095 0.00057424793651484056 0.0081971498887533929 0.0026303017026510769 -0.00067376775643166462 0.017147252655526548 0.0084027970613399817 0.0041563958490516547 0.0030806566387214735 0.0030668895138225068 0.037743953618452855 0.014230541157735197 0.024347607292938424 0.00076454456299367732 -0.0036893091999373375 0.0035673302388040855 0.053819560163350093 -5.6009101855423596e-05 0.026675074899060403 0.004701054426933084 -0.0011940254266745109 0.00027781373644281159 0.014866005481980436 -0.018876996993198576 -0.00075660617559178672 0.0042874187997132759 0.0028666893187603436 0.0076271721849109804 0.011270999827985498 0.012288616353345425 0.019617072878518604 -0.013095845284340624 0.00081159323425918019 0.0092140531662695761 -0.0011868213189379494 0.003936913006885083 0.0067628194262024091 -0.033078074399735917
leaf_weight=183401.43192896026 2083.2631963342428 11245.283350944519 287.67798596248031 37965.269763946533 618.51797986030579 1306.0424954295158 13209.557050704956 15682.380559921265 919.67176032066345 20111.91870880127 641.32519197463989 1330.2693352333736 17460.122818946838 2713.9121362119913 60079.306293487549 2975.7291793823242 26637.621044494212 96190.669006347656 1663.0717120170593 638.67070293426514 126.49049425125122 90.807582199573517 112838.01012802124 3620.8741365075111 21631.988754272461 27073.369323730469 1781.3282775878906 196.54523801803589 66432.910491943359 2245.590628862381 2091.9175996780396 22510.583647727966 5781.9619443416595 31142.700368881226 118.05729675292969 801.73983037471771 1251.2578200101852 96455.776969909668 899.71439743041992 413.87705063819885 29.792789936065674 6410.1093082427979 68.341897524194792 12190.989233016968 33392.23095703125 30953.805828332901 1640.5969533920288 150.27198303118348 795.09518748521805 1063.3382820114493 3438.2983206063509 7005.3507595211267 2806.0964795127511 266.82612681388855 413.86211013793945 111.75700831413269 883.70142754912376 3416.6861932277679 10551.167761467397 3869.5878562927246 5886.5867214202881 30.946881294250488
leaf_count=214435 7707 27205 2355 56450 2798 19354 47451 46743 17052 40454 7179 9720 38927 12245 90089 24284 50759 143436 7028 5046 791 366 159265 20643 41758 45528 7010 1363 100726 24029 16742 70423 12161 82804 11242 13495 30321 203577 2954 1709 515 16453 1113 51027 43271 54215 15388 558 5332 4301 16998 39770 15346 2231 5229 585 4441 27129 19735 10578 27735 106
internal_value=-1.13503e-06 -0.000569013 0.0067281 -0.00113348 -0.000335225 0.0117797 0.00529579 0.00147496 0.0129463 0.00100697 0.00772631 0.0115254 0.00136381 0.00701998 -0.00174692 0.00800327 0.00118398 -0.00073786 0.00422309 0.01652 0.0228713 0.0126213 -0.00126133 0.00591468 -0.00030931 -0.000620407 0.00288414 0.00386405 -0.000545947 0.0116998 0.0134652 0.00314263 -0.000177741 0.00244324 0.018546 0.0177756 0.0204035 0.000484639 0.00315439 0.0115624 0.016652 0.00210938 0.00306407 0.00339706 -0.00219493 0.000719134 0.0112466 -0.000574821 -0.0036507 0.00677455 0.00655128 0.00565159 0.00935397 0.00923293 0.0123838 0.00477459 0.00686445 0.00868794 0.000386288 0.000930662 0.00552108 -0.00217198
internal_weight=1.02004e+06 940662 79380.9 737103 320319 17534 61847 203559 15281 158956 18935.4 12190.3 61362 17528.9 416784 14815 60299.8 258957 42911.6 1406.49 767.816 10791.6 199991 16611.3 162766 87152.7 19241.5 2252.98 141134 9485.6 5978.11 44603.1 103169 42388 3090.73 2972.67 2053 116568 26300.3 1062.19 648.311 22092.5 1398.61 25400.5 216794 36735.8 3732.51 1233.05 945.367 11839.3 14948.2 11327.4 3869.43 1019.94 792.445 378.583 7889.05 3507.49 41058.4 30507.2 7969.85 227.492
internal_count=2079680 1581024 498656 1093365 540777 203710 294946 487659 185951 354040 104634 113841 132031 91618 552588 79373 127009 408746 190312 13016 7970 103008 294882 88880 265310 135617 45937 17759 223552 83654 56159 133619 167102 110009 72110 60868 43816 244031 101432 5022 3313 63196 10833 98478 257706 66376 32130 8245 5890 55089 81852 61209 19647 9514 8045 2816 44211 27495 81072 61337 35442 1469
cat_boundaries=0 1 2 3 4 5 6
cat_threshold=33565 15397 12384 13344 13389 8224
is_linear=0
shrinkage=0.05


Tree=34
num_leaves=63
num_cat=2
split_feature=13 17 32 109 13 100 13 13 95 32 83 39 35 83 40 33 112 110 37 95 83 33 118 40 48 37 110 111 117 42 58 35 57 39 48 39 107 3 113 13 94 83 112 39 69 63 30 107 21 35 3 39 25 40 48 30 100 37 107 33 37 86
split_gain=1394.85 369.662 233.253 104.325 86.6705 70.2162 64.446 58.4432 49.9389 46.1737 44.3931 37.7925 37.6166 35.2696 31.767 30.8177 31.4314 30.5205 26.996 27.9981 25.2833 24.2695 23.411 22.9441 22.4085 19.9065 23.094 21.4938 19.7567 19.7535 19.7128 19.4916 18.8908 18.8265 18.8185 18.197 18.1208 17.9597 17.2925 16.98 16.6367 16.3731 16.1158 15.6892 16.6595 15.6494 15.6166 17.5047 14.7601 13.8221 13.5879 13.2552 13.0432 15.3756 14.1251 13.0276 12.8952 12.8022 12.7898 12.5228 12.4604 12.1111
threshold=3.0833333730697636 5.5000000000000009 1490.5000000000002 385.50000000000006 11.583333492279055 690863328.00000012 4.5833332538604745 0.91666665673255932 7668465.0000000009 7913.5000000000009 4.5000000000000009 0.92422258853912365 7.5000000000000009 4.5000000000000009 8880.0000000000018 4919.0000000000009 804.50000000000011 719.50000000000011 1509.0000000000002 23379440.000000004 4.5000000000000009 7196.5000000000009 5158.5000000000009 2881.5000000000005 10837.000000000002 4375.5000000000009 539.50000000000011 755.58334350585949 857.83334350585949 1.0000000180025095e-35 122003.50000000001 7.5000000000000009 75811.500000000015 0.96359828114509594 9115.0000000000018 0.8875144124031068 826.50000000000011 0 1244.5000000000002 6.4166667461395273 2061430720.0000002 7.5000000000000009 1463.5000000000002 0.96359828114509594 120667.50000000001 35010.214843750007 2305.5000000000005 354.50000000000006 4.5000000000000009 7.5000000000000009 1 1.5700779557228091 3936.0000000000005 5664.5000000000009 9916.5000000000018 2305.5000000000005 802707648.00000012 645.50000000000011 711.50000000000011 9851.0000000000018 108.50000000000001 1.4190091490745547
decision_type=2 2 2 2 2 2 2 2 2 2 2 2 2 2 2 2 2 2 2 2 2 2 2 2 2 2 2 2 2 2 2 2 2 2 2 2 2 9 2 2 2 2 2 2 2 2 2 2 2 2 9 2 2 2 2 2 2 2 2 2 2 2
left_child=2 6 7 5 13 9 10 20 45 23 -2 22 25 39 17 16 -5 -6 30 -20 28 -16 32 -4 -9 27 -27 37 57 59 -10 43 -8 50 55 -12 38 -13 -14 -3 -28 -18 -22 44 -19 -7 47 -25 -11 58 -15 -38 54 -54 -35 -32 -39 -1 -37 -17 -26 -33
right_child=1 4 3 15 14 8 11 24 18 48 35 12 36 33 21 29 41 31 19 -21 42 -23 -24 46 60 26 40 -29 -30 -31 34 61 -34 52 -36 49 51 56 -40 -41 -42 -43 -44 -45 -46 -47 -48 -49 -50 -51 -52 -53 53 -55 -56 -57 -58 -59 -60 -61 -62 -63
leaf_value=-0.0013479639314670901 0.0055155916658114782 0.008616808007613979 -0.0010163397291788696 -0.0015624069203055105 0.0047621093102008854 0.027883684010113798 -0.0059807346012079494 -0.00097340093194457709 -0.00023942600180970331 0.0034863191595781991 -0.00010642331503739426 0.0092286996550496447 0.0019011875850178329 -0.0066724998354429459 0.014488026993971358 0.0039177297967448949 0.00074595627929059292 0.013019225328319449 -0.0025041252872877863 0.006941371777703014 -0.0021717468019794403 0.023450754750647361 0.014104115682440672 0.0036148997006692331 -0.00011778446694003894 0.031356193408800796 0.0063615982956446715 0.014657750772004999 0.0015585629784416579 0.00082174557934006531 0.001292616484109152 0.011089834218395546 0.0024602584601104999 0.0019906340720562579 0.004707232223543664 0.002311229740454617 0.0073987622420214035 0.0033365211671982859 0.0052173445140447378 0.014098324711438376 0.024982377394591658 -0.00059213021175356906 -0.0011483052800409775 0.019944710428467054 -0.014504391950252993 0.011138954389048134 0.0016103129296948515 -0.00035323651357488628 0.0098681133607533434 0.0014352508312583398 0.0042992431855326278 -0.013477712704963968 0.0062043690618821257 0.011559790191816367 0.0083561389379168613 0.0033315244312713873 0.0067842831808306893 0.0028791828863624462 0.004927993595534366 0.012234256124313576 0.0018862035769013187 -0.0029306779105351334
leaf_weight=84351.302489993395 9076.7707977294922 3482.9064788818359 30286.635719358921 67587.939480900764 1416.9233169555664 199.0707311630249 697.46703005209565 110824.94598388672 7976.0938034057617 4461.6564660072327 10679.52518081665 4004.9299351796508 9768.4468955993652 293.86003494262695 2611.8816223144531 2064.9784368872643 32716.628664851189 608.28877248242497 920.38340187072754 5278.2965641021729 237001.68803405762 1069.8240356445312 413.360595703125 3039.9183244109154 29818.454200744629 165.80462574958801 535.81065964698792 820.80267858505249 6708.0126647949219 8830.0437341332436 23370.207356076688 2152.0207862854004 13066.842304255813 1757.2192648872733 7695.056519985199 15531.789970397949 3920.9872093200684 4792.891434840858 6587.6766777038574 2392.0430908203125 154.7842812538147 75878.024291992188 45946.859573364258 1345.0335223674774 59.85637603327632 474.9933557510376 25521.328683853149 32348.932346343994 1138.6689019203186 28527.734176635742 4250.5801621451974 76.929866790771484 2504.7380828857422 2902.9872741699219 1734.3050308227539 11796.463758368045 6275.2591524869204 1828.8094329833984 6687.0239143371582 580.93312072753906 10481.658836364746 165.10296440124512
leaf_count=111339 37266 20846 52836 107698 16213 1779 1759 175866 15789 13218 25529 18837 36475 1347 31873 5375 62189 8772 2029 18370 290191 27341 2626 7893 50896 2809 4083 4819 11011 20635 47086 30550 48117 8654 20480 43500 18904 20410 27146 23730 2046 134947 59298 25371 713 2391 58070 55100 5650 75031 23658 220 15719 21376 10506 31480 29727 3559 22073 2774 21163 1927
internal_value=-7.00613e-06 0.00443655 -0.000776636 0.000239863 0.00953641 0.00120205 0.00323265 -0.00143668 0.0025825 0.000378964 0.00225152 0.00458137 0.00542051 0.00761745 0.0134669 -0.000552322 -0.000715875 0.0111396 0.00242241 0.005538 -0.00177058 0.0170966 0.00238478 0.000108281 -0.00060624 0.00717586 0.014606 0.00677475 -0.00105471 0.00195808 0.00204238 0.0132245 0.00203197 0.00620387 0.00246711 0.00176908 0.00397557 0.00634468 0.00323724 0.0108505 0.0105574 -0.000188953 -0.00200557 0.0168283 0.010537 0.0161086 0.000667567 -1.21843e-05 0.00478554 0.00216387 0.00358279 0.00699416 0.00754149 0.00908101 0.00515467 0.00197674 0.00528718 -0.00125819 0.0030991 0.00574755 0.000403326 0.0100883
internal_weight=1.01966e+06 150532 869128 342166 28747.6 154508 121785 526962 57710.6 96797.1 70502.8 51282 37104.3 19318.6 9428.93 187659 176183 5747.23 57036.5 6198.68 375837 3681.71 14177.7 91196.8 151125 16750.3 856.4 15893.9 92888.1 11476 50837.8 4330.3 13764.3 13443.7 42861.7 61426.1 20354 15073.1 16356.1 5874.95 690.595 108595 282949 2013.18 668.145 674.064 60910.2 35388.9 5600.33 50746.5 4544.44 3997.92 8899.25 5407.73 3491.52 35166.7 11068.2 86180.1 22218.8 2645.91 40300.1 2317.12
internal_count=2079085 689973 1389112 665789 268596 332171 421377 723323 139404 192767 203399 217978 165476 125836 142760 333618 304834 83546 135234 20399 475398 59214 52502 173899 247925 82731 8938 73793 125909 28784 114835 67333 49876 81260 99046 166133 82745 68974 63621 44576 6129 197136 349489 34856 9485 4170 121063 62993 18868 140604 25005 19124 56255 37095 19160 78566 50137 114898 65573 8149 72059 32477
cat_boundaries=0 1 2
cat_threshold=4101 8768
is_linear=0
shrinkage=0.05


Tree=35
num_leaves=63
num_cat=0
split_feature=136 13 17 21 13 24 124 40 35 109 48 13 56 24 83 124 48 94 24 6 126 39 38 38 106 38 86 136 65 38 75 55 35 106 107 60 24 100 126 124 100 40 96 70 37 24 131 37 128 48 112 65 122 121 128 38 58 38 51 111 25 13
split_gain=1286.49 356.379 192.272 97.7339 68.024 67.5728 60.519 53.2429 51.2978 49.394 46.9695 35.5266 35.5915 33.9483 31.4206 30.0317 30.0952 28.2072 27.3317 24.8108 24.5238 23.0204 22.9047 22.2352 23.639 21.8004 21.0553 21.2768 19.975 19.7471 19.5326 18.2523 18.1644 17.572 17.5442 17.3353 17.2423 18.305 16.823 16.3318 16.2354 16.0425 15.602 15.4613 15.2139 15.1491 13.8683 17.0715 13.6734 13.6251 13.4577 13.2619 12.9873 12.6846 12.2272 12.0774 13.1194 11.7291 11.5911 11.5819 11.4437 11.3515
threshold=5.4000003337860116 1.5833333134651186 9.5000000000000018 3.5000000000000004 3.0833333730697636 528.50000000000011 319.50000000000006 4881.5000000000009 4.5000000000000009 223.50000000000003 9916.5000000000018 32.750000000000007 1138936.0000000002 2910.5000000000005 7.5000000000000009 319.50000000000006 8084.0000000000009 250275448.00000003 8460.0000000000018 -0.93301269412040699 1.0000000180025095e-35 0.96359828114509594 0.93458929657936107 1.5160946846008303 850.50000000000011 0.93458929657936107 1.4190091490745547 19.04999923706055 57728.000000000007 0.91614836454391491 29558.000000000004 1.3714220523834231 1.5000000000000002 626.50000000000011 53.500000000000007 1181804.5000000002 8460.0000000000018 1015157280.0000001 15.500000000000002 527.50000000000011 1434062720.0000002 2881.5000000000005 3291331584.0000005 1.105984151363373 287.50000000000006 2161.5000000000005 172.25000000000003 4375.5000000000009 887.66665649414074 11764.000000000002 1072.5000000000002 171962.00000000003 3200.833374023438 501.50000000000006 410.16667175292974 3.9216867685317998 233252.50000000003 3.9216867685317998 8.5000000000000018 501.08332824707037 11518.500000000002 5.0833332538604745
decision_type=2 2 2 2 2 2 2 2 2 2 2 2 2 2 2 2 2 2 2 2 2 2 2 2 2 2 2 2 2 2 2 2 2 2 2 2 2 2 2 2 2 2 2 2 2 2 2 2 2 2 2 2 2 2 2 2 2 2 2 2 2 2
left_child=1 3 6 5 8 40 10 18 25 15 29 12 26 -9 20 16 41 32 -8 -6 -15 -21 53 24 49 -3 27 -4 -22 43 -28 35 51 -12 -17 -20 37 -30 -19 50 -1 -7 52 -2 -10 -43 55 -48 -38 -16 -11 -5 -13 58 -24 -31 -57 -42 -14 -35 -32 -23
right_child=2 4 11 17 19 9 7 13 44 39 33 42 22 14 23 34 -18 38 31 21 28 61 54 -25 -26 -27 30 -29 36 46 60 -33 -34 59 -36 -37 48 -39 -40 -41 57 45 -44 -45 -46 -47 47 -49 -50 -51 -52 -53 -54 -55 -56 56 -58 -59 -60 -61 -62 -63
leaf_value=-0.0020996771212909676 0.00088822194781370319 0.0004299755650051325 0.012371649712536377 0.0015309715513074315 0.00013298316885530507 -0.001816145151110355 0.0022746037843085947 0.0040120144822967064 -0.0001770753266273911 -0.0017609934910351778 0.0044748109423810327 0.024390128925763945 -0.010842048589095536 0.0269693855051403 0.0044905565537302784 0.017366131754776155 0.0010794558681897154 0.0086237919080580303 0.0079758141243070051 0.0015681394958574684 -0.01499792557118927 0.0030799348297814032 0.0049139879867520992 -0.00087084142389894548 0.011149792468863662 0.003112937058965275 0.010427632929716581 0.018942870988536312 0.0077248593687992174 0.002812186753861782 -0.0053644133720291247 0.017534034526857315 0.00036251506206216042 0.013669671785933916 0.0013373835125400546 0.0022689651658676529 0.011776500116682109 0.012482751178693064 0.0032153848176849028 6.0348345021966508e-05 -0.0014229729862963627 -0.00072100959940982396 0.033320248136489566 -0.005875769445512294 0.00094333830579251235 0.0010030157185361036 0.0052784251893796558 0.019293968854174445 0.021129214757419579 0.011082079594280146 -0.00078866962679073485 0.014681600074318938 0.01102296857549934 0.0062204775213829449 0.012900847329962281 -0.013537228180361252 0.0072922369735189388 0.0007016230284252324 0.010494645555240352 0.0073690974870592374 -0.044502592258828327 0.0054745034082152588
leaf_weight=193128.88213545666 4919.6813735961914 11151.657736420631 3903.2401976585388 376.27552066370845 11544.719482421875 29040.942082941532 8515.8272323608398 4532.7486267089844 112133.97711181641 138123.09720039368 5612.5170745849609 398.36037063598633 314.62613343447447 226.31655979156494 4694.4675941467285 171.58838981389999 26092.453054428101 1869.5412273406982 3775.0861709117889 28458.51420968771 76.706502974033356 32236.097238600254 779.02794785052538 876.39075469970703 2907.7321243286133 23614.101509094238 120.80418086051941 1811.6028909683228 5173.3114129006863 12465.059883117676 45.642525911331177 362.14113616943359 13749.923759460449 927.13461399078369 22405.056774139404 2060.1401855945587 1115.3249640464783 3334.3382562100887 6255.4698810577393 18157.371765136719 55538.5791015625 99095.5571590662 226.83912658691406 1019.409143447876 41514.154846191406 14619.538297057152 1607.9483337402344 251.361083984375 608.11408996582031 943.02093124389648 47968.229021072388 392.62424435093999 339.91466903686523 384.99238300323486 1258.9404249191284 229.8600384965539 111.79393031448126 7352.91259765625 79.111070215702057 3482.4421834945679 31.71162223815918 5856.2392743825912
leaf_count=230324 19057 25975 40774 729 29653 42084 35051 19816 209864 193781 25059 13676 2175 3121 23812 805 46216 7107 23089 75761 262 90442 8196 4302 19026 63611 1511 33407 27965 52368 364 3223 26650 6076 44589 13166 8987 22760 15801 32165 71761 149068 13684 3259 89883 29519 7427 2396 6489 6334 72051 1836 10020 4307 17798 543 588 10398 875 18384 93 21165
internal_value=6.6193e-07 -0.000515493 0.00610733 -0.00112726 0.00103242 -0.00123947 0.00519106 0.0064923 0.000518098 -0.000829898 0.00352529 0.0127058 0.0116969 0.00792084 0.00880832 -0.000252809 -0.000481835 0.00210187 0.00411411 0.00227319 0.0106856 0.00264438 0.00706562 0.00670834 0.00748625 0.0022525 0.0139014 0.0144571 0.0103263 0.00215926 -0.00209462 0.00664058 0.000781253 0.00633307 0.00145981 0.00596222 0.0105174 0.0095908 0.00446091 -0.00137073 -0.00187243 -0.00076724 0.0218158 -0.000272332 0.000125619 -0.000499317 0.00314426 0.00718056 0.0150847 0.00559494 -0.00151039 0.00825777 0.018254 -0.00022224 0.00985222 0.00255761 -0.00670623 -0.00117449 -0.00653445 0.00869636 -0.0216562 0.00344827
internal_weight=1.02037e+06 940848 79523.7 674338 266509 651694 69828.9 39201.7 188414 395674 30627.2 9694.81 8729.7 24488.5 19955.7 191425 168848 22643.8 14713.2 78095.6 10534.1 66550.9 2816.7 9421.61 8545.22 34765.8 5913 5714.84 10307.8 20605.1 198.158 6197.37 14518.8 10022.1 22576.6 5835.23 10231.1 8507.65 8125.01 204249 256020 142756 965.114 5939.09 153648 113715 14666 1859.31 1723.44 5637.49 186091 768.9 738.275 778.73 2037.97 12806.7 341.654 62891.5 393.737 4409.58 77.3541 38092.3
internal_count=2080678 1581238 499440 974884 606354 922761 352560 217403 389333 610278 135157 146880 109500 142874 123058 312281 266887 52123 74529 217021 69584 187368 33351 53474 49172 89586 76149 74181 66463 85638 1968 39478 29215 49519 45394 36255 66201 50725 22908 297997 312483 220671 37380 22316 299747 178587 63322 9823 15476 30146 265832 2565 23696 7357 25994 53499 1131 82159 3050 24460 457 111607
is_linear=0
shrinkage=0.05


Tree=36
num_leaves=63
num_cat=5
split_feature=136 13 14 3 21 13 88 35 41 24 48 35 134 2 126 124 3 31 24 100 37 48 35 6 83 112 83 83 124 20 38 9 48 83 6 120 19 3 130 30 35 38 37 13 40 25 39 39 35 28 108 40 3 31 8 38 124 3 59 70 37 69
split_gain=1152.34 331.302 170.205 100.88 69.3654 58.7538 47.5107 45.8778 42.5326 37.2721 52.1383 33.788 33.4044 31.7183 29.8398 29.3596 31.8115 25.3915 25.3859 25.0345 23.9581 23.5162 22.9377 22.4573 21.8927 21.8404 21.5361 21.1013 20.3663 20.1381 18.9465 16.4274 16.1626 15.697 15.4582 15.3939 15.0193 14.7369 14.4303 14.232 13.9276 13.6778 13.1814 13.1326 13.1009 13.0959 12.9891 12.8416 12.6634 13.3625 12.4456 12.2048 12.1638 12.1412 12.0911 12.0062 11.8153 11.809 11.5863 11.5704 17.2232 11.1847
threshold=5.4000003337860116 1.5833333134651186 12.500000000000002 0 3.5000000000000004 3.0833333730697636 179010.60937500003 4.5000000000000009 6580.0000000000009 2645.0000000000005 8084.0000000000009 7.5000000000000009 32.500000000000007 1181.5000000000002 727.50000000000011 1295.5000000000002 1 604.60299682617199 176.50000000000003 1434062720.0000002 418.50000000000006 3994.0000000000005 1.5000000000000002 -0.93301269412040699 7.5000000000000009 985.50000000000011 7.5000000000000009 9.5000000000000018 319.50000000000006 1.0000000180025095e-35 0.95231598615646373 42.500000000000007 8479.5000000000018 4.5000000000000009 -0.93301269412040699 31.500000000000004 2.5000000000000004 2 0.35481521487236029 1414.5000000000002 4.5000000000000009 1.5160946846008303 4375.5000000000009 5.0833332538604745 4347.0000000000009 1558.5000000000002 0.78077611327171337 0.96359828114509594 4.5000000000000009 18197.666015625004 805.50000000000011 9633.5000000000018 3 230.87273406982425 2.5000000000000004 0.93458929657936107 222.50000000000003 4 227780.00000000003 1.2127067446708681 230.50000000000003 35793.000000000007
decision_type=2 2 2 9 2 2 2 2 2 2 2 2 2 2 2 2 9 2 2 2 2 2 2 2 2 2 2 2 2 2 2 2 2 2 2 2 2 9 2 2 2 2 2 2 2 2 2 2 2 2 2 2 9 2 2 2 2 9 2 2 2 2
left_child=1 3 6 4 11 7 57 30 13 19 15 17 28 29 40 21 -17 32 -5 -8 23 -11 -6 -7 35 39 -23 36 -10 46 -3 -16 56 -27 -9 -12 -18 43 45 -20 -15 50 -24 58 -19 -37 -4 -36 -14 -50 -28 -22 -21 -51 -39 -30 -1 -2 -25 60 -35 -48
right_child=2 5 8 18 22 20 9 34 12 10 24 -13 48 14 31 16 27 44 25 52 51 26 42 37 -26 33 41 -29 55 -31 -32 -33 -34 59 47 38 -38 54 -40 -41 -42 -43 -44 -45 -46 -47 61 -49 49 53 -52 -53 -54 -55 -56 -57 -58 -59 -60 -61 -62 -63
leaf_value=-0.00076679791763330978 0.0018984888320765462 0.00062264599291542708 -0.0074235773540923967 -0.0022105735897842765 0.012794470178355439 -0.0007203385660236244 0.0012506102475051506 -0.0010567220568741377 0.0081856792011095608 0.0017615649535466724 0.022996172432473538 -0.0012978727549198422 0.033340124470565939 0.013080272107829471 0.014581002953801903 0.01448939713860728 0.022206149971051862 0.00091755673596591531 -0.001984980099915865 0.0068220340270394517 0.0032732831482125933 0.0065040448853213948 0.0023548356648457488 0.0037427192117589995 0.0067581552735663814 0.00028063740196146442 0.0025816622669478212 0.00046848251479117485 0.010682580998190493 -0.0029264014935925157 0.0030503277347895615 0.030713310413216517 0.0010552609994537651 -0.0011825715984696145 -0.00029666704300038518 -0.011483105303856586 0.0074106031611111973 -0.0011136262952694245 0.012855230303148175 -0.00096911161450609394 0.0040392077841056098 -0.0028211212484373998 0.0095066234098707281 0.0045590635957472444 0.0041909266123876373 0.0083117031883379443 0.012581295165091788 0.00073322494444957647 0.014084553239465664 -0.041890454554221739 0.0072973417484685143 0.0071616102457618099 0.002056542329763746 0.029629214067418769 0.0019527332050215157 0.01646067053764599 0.00036382867304664577 -0.0046303887803135482 0.0015873036928830192 -0.0020806573564953953 0.00055627592161694949 0.0045932751751138964
leaf_weight=88801.603168964386 8115.851797491312 12661.766123175621 151.09403803944588 109146.25973120623 590.40543365478516 8346.3671875 8146.8558197021484 22586.792709350586 1995.8729610443115 6699.8597183227539 264.41085243225098 83747.618576049805 209.27368354797363 643.8977518081665 1285.5763150900602 1532.0071406364441 185.97836637496948 9355.3245248794556 124415.943753317 4556.3911799043417 14825.044357299805 12170.620079040527 12555.677165985107 8380.7638124674559 5551.3078918457031 24687.979370117188 5115.3689842224121 1212.7410850524902 1411.2207849025726 762.02080580592155 22031.10856628418 180.88933737576008 20224.193987369537 74973.081550121307 47489.108953893185 86.343704491853714 2228.6925592422485 5706.650382809341 3036.5710563361645 47727.483652994037 1266.4445552825928 854.16006851196289 679.29365921020508 6762.3859857544303 4543.9666891098022 2125.4055650234222 732.99994564056396 83435.001534998417 462.93890571594238 5.5909349322319022 1929.3247985839844 2339.6325225830078 1942.0650884062052 268.68349248170853 7357.8430433273315 2532.089784860611 31227.471970558167 747.27876433730125 24422.100831985474 24191.247995376587 17575.281782627106 1098.5617098808289
leaf_count=134507 32538 29711 860 124760 3096 20331 29931 41886 19130 29519 2736 125021 7275 7605 18375 10508 1972 19667 157849 21176 45311 63901 29408 24352 31810 38948 22636 5862 16394 5733 59728 8941 35191 101065 88731 294 13385 12710 20537 75877 12360 3487 2991 23349 11879 12736 8656 169243 10387 53 10384 8145 7997 12751 20479 34233 55326 1496 62386 31197 27780 13289
internal_value=-3.69055e-06 -0.00049219 0.0057764 -0.00108183 -0.000289323 0.00100089 0.00475309 0.000522345 0.0110075 0.00527719 0.00601941 -0.000489442 0.0137046 0.00797202 0.0112174 0.00499393 0.00844858 -5.02052e-05 -0.00155371 0.00309783 0.00215341 0.00432777 0.00315355 0.00168873 0.00897795 -0.0013251 0.00518413 0.00583824 0.0123105 0.00397601 0.00216447 0.0165841 -0.000252252 -0.000864651 0.000151193 0.0112115 0.00855659 0.00207087 0.0106147 -0.00170336 0.00709182 0.00314949 0.00272263 0.00255149 0.00198816 0.00753426 0.0066315 0.000359622 0.0224362 0.0193136 0.00387428 0.00380377 0.00541256 0.0280796 0.000612486 0.0143957 -0.000472605 0.00134414 0.00213819 -0.0011069 -0.000852303 0.00779541
internal_weight=1.0203e+06 940787 79508.4 674443 251726 266345 66501.2 188204 13007.2 57638.1 42992.8 237900 6885.67 6121.48 3376.81 31928.8 5159.42 154153 422717 14645.3 78140.8 26769.3 13825.4 60976.1 11064 313571 20069.5 3627.41 5939.18 2744.68 34692.9 1466.47 140253 141428 153511 5512.73 2414.67 52629.7 5248.32 172143 1910.34 7898.85 13235 39565.3 13899.3 2211.75 1982.66 130924 946.487 737.213 7044.69 17164.7 6498.46 274.274 13064.5 3943.31 120029 8863.13 32802.9 116740 92548.4 1831.56
internal_count=2079871 1580924 498947 974562 417086 606362 322905 389299 176042 288871 229767 381591 100223 75819 47281 161654 31727 256570 557476 59104 217063 129927 35495 163607 68113 432716 100408 21219 69757 28538 89439 27316 225024 198990 299860 36303 15357 143276 33567 233726 19965 36507 32399 110087 31546 13030 22805 257974 30466 23191 33020 53456 29173 12804 33189 50627 189833 34034 86738 160042 128845 21945
cat_boundaries=0 1 2 3 4 5
cat_threshold=15456 1157 15429 15365 11333
is_linear=0
shrinkage=0.05


Tree=37
num_leaves=63
num_cat=2
split_feature=13 136 24 109 17 112 13 48 124 95 38 14 24 101 124 13 112 83 83 38 2 40 40 3 63 24 121 71 33 24 2 48 73 124 35 86 107 24 80 109 112 63 24 48 101 124 112 24 71 86 96 124 24 80 46 62 80 33 3 2 125 62
split_gain=1034.28 236.749 218.457 85.0827 67.8873 66.651 56.3107 50.6606 40.475 38.4844 34.4046 34.3594 32.3584 29.9123 29.3615 27.0436 26.6487 25.5559 24.8484 24.0975 23.0607 22.5967 22.4134 21.65 22.3339 20.9977 20.8668 21.782 19.3982 19.2362 19.4967 18.8546 17.2445 17.0822 17.0777 16.7772 16.2294 16.0416 14.541 14.5232 14.4911 14.2257 14.0103 17.7858 16.1245 13.9474 13.7284 14.2461 13.5353 15.3396 13.4706 13.4393 13.1123 12.9218 12.7593 12.7029 12.4993 12.4222 12.3859 12.3448 14.0401 12.2951
threshold=3.4166666269302373 11.200000286102297 1612.5000000000002 385.50000000000006 3.5000000000000004 883.50000000000011 0.91666665673255932 4485.5000000000009 461.50000000000006 7668465.0000000009 0.76997897028923046 28.500000000000004 8460.0000000000018 1264586688.0000002 819.50000000000011 8.2500000000000018 883.50000000000011 4.5000000000000009 4.5000000000000009 0.86897510290145885 5680.5000000000009 8314.5000000000018 2881.5000000000005 0 127067.61328125001 8460.0000000000018 14.500000000000002 1.0204875469207766 9851.0000000000018 11838.000000000002 1181.5000000000002 9916.5000000000018 1.0000000180025095e-35 149.50000000000003 7.5000000000000009 1.4190091490745547 711.50000000000011 651.50000000000011 56715.000000000007 177.50000000000003 1180.5000000000002 35010.214843750007 4043.5000000000005 10837.000000000002 535863264.00000006 819.50000000000011 1143.5000000000002 292.50000000000006 0.97017291188240062 0.9665513038635255 115123328.00000001 222.50000000000003 4459.5000000000009 397202.00000000006 1.0000000180025095e-35 1167246.5000000002 397202.00000000006 662.50000000000011 1 1133.5000000000002 490.50000000000006 122003.50000000001
decision_type=2 2 2 2 2 2 2 2 2 2 2 2 2 2 2 2 2 2 2 2 2 2 2 9 2 2 2 2 2 2 2 2 2 2 2 2 2 2 2 2 2 2 2 2 2 2 2 2 2 2 2 2 2 2 2 2 2 2 9 2 2 2
left_child=2 4 6 5 19 12 18 29 31 41 20 34 22 -8 16 17 -5 -6 32 -2 23 25 54 -10 48 51 36 -28 -16 53 38 56 33 -1 57 50 -21 -15 -31 -39 -34 -7 43 -19 -44 -14 -20 -48 -25 -50 -36 -11 -24 -3 -4 -43 59 -12 -17 -9 -61 -23
right_child=1 7 3 14 15 9 13 8 10 21 11 -13 45 37 28 58 -18 42 46 26 -22 61 52 24 -26 -27 27 -29 -30 30 -32 -33 40 -35 35 -37 -38 39 -40 -41 -42 55 44 -45 -46 -47 47 -49 49 -51 -52 -53 -54 -55 -56 -57 -58 -59 -60 60 -62 -63
leaf_value=0.004793382836169896 0.00068017552884160537 0.0010717003095493094 0.0025061380640114179 -0.0010904533375364939 0.0069943254991700551 0.024573000736971107 -0.00084282744344792301 4.8907764135751715e-05 0.013802714702487218 0.0011890939794019417 0.036039422968812788 0.022376262846440509 0.0030870603166519134 -0.00033381747791864241 0.0013270776644254251 0.012283212173790021 0.00026651367399862781 0.0013648133240287733 -0.0020014445842728313 0.0038515331345599225 -0.027968901754747078 0.00061512691219289871 0.00066860722264289955 -0.025404023387193136 0.039523091867157224 0.010613097931433663 0.0039200404323146169 0.0015567405279429964 0.0083958982490192763 0.0081064220532389483 0.010648212119489573 0.010761240342105472 -0.0011335090185387582 0.040278832213923144 -0.014689875094602109 -0.0025994596420251311 0.008635960289131616 0.002943159143420384 -0.0047996252125886204 0.00054241186437696011 0.00051421288340539625 0.0065526867019358743 0.0021320409836429223 0.0050210137969435827 0.0061419935701139405 0.0098687094959029938 -0.0017708605792188449 -0.00067862027370079998 0.0097321957004765924 -0.013071117242392872 0.011523308197489137 0.0030980863087538978 0.003010439014089851 -0.015379533090581987 -0.0011519876770360884 0.029542639772505316 0.021488380536967167 0.014581166849848858 0.0067181624411545128 0.005412118675765798 0.019483838387051904 0.0055485631326032394
leaf_weight=809.99883982900064 16182.198811531067 1197.9091362953186 2642.401990108192 78311.618549346924 7148.1245217323303 227.80072593688965 144057.07470703125 1033.9208758473396 390.07940304279327 20896.819050729275 68.812983777374029 1088.3501331806183 2305.3893089294434 27457.8408203125 15172.953277587891 1247.7064492627978 67242.302227020264 9824.3262424468994 177475.49615478516 8355.7615098953247 54.015064358711243 1477.68026304245 40650.469173260033 72.2366903424263 28.445061683654785 726.59342232346535 15068.624610900879 27658.977939605713 1036.7901306152344 404.07639646530151 1405.3975234031677 2728.0257873535156 86357.540933132172 34.966801404953003 49.4293990470469 248.3162841796875 2253.4392795562744 9602.6146158725023 473.07499980926514 18332.878548189998 15777.354103088379 459.36512804031372 3621.1391830444336 5033.2613582611084 8185.1008224487305 1132.3151702880859 71303.516723632812 51389.656555175781 151.79870210215449 142.40485008433461 2464.552820648998 16517.469132572412 7009.9336051940918 132.04087591171265 24243.780867576599 68.970529079437256 112.26845836639404 3630.1030258871615 6034.5270764902234 1910.4750258103013 195.43782808631659 8789.2833614349365
leaf_count=1942 46920 8307 5439 133556 37830 1943 233831 7352 4780 46521 1430 38337 7964 45575 33395 8729 132167 35136 217748 30658 203 3662 82134 381 715 3687 48324 84799 4264 4092 19045 29276 116025 332 271 2075 10088 22221 4416 34176 23277 1959 15004 21208 39485 5060 84068 71931 1713 647 27550 43304 20373 396 44205 676 1315 44861 36774 16017 2810 26947
internal_value=-3.70647e-06 0.00418826 -0.000608377 0.000521983 0.00332318 0.0014898 -0.00115033 0.00950941 0.0108404 0.0029316 0.0130821 0.0141497 0.00058077 -0.000463117 -0.000238707 0.00493439 -0.000463535 0.00433866 -0.0014903 0.00237065 0.00346622 0.00275654 0.000361964 0.00565213 -0.00267531 0.00219577 0.00288343 0.00239035 0.00177976 0.00421337 0.00699809 0.0076942 -0.000820019 0.00629073 0.0127616 0.00977824 0.0048686 0.000524276 0.00114132 0.00136787 -0.000878926 0.0141227 0.00362642 0.00260388 0.00491265 0.00532337 -0.00172024 -0.00131342 -0.0060869 -0.00129189 0.0110031 0.00203203 0.00101318 -0.000563029 -0.000792237 0.00958841 0.00511862 0.0149865 0.00769921 0.00452838 0.00672472 0.00483907
internal_weight=1.02011e+06 128594 891511 288912 110613 127148 602599 17981.2 14368.7 49164 8388.54 7549.56 77984.3 199450 161764 41094.2 145554 33812 403149 69519 838.98 48407.8 74546.6 784.965 394.885 38140.9 53336.8 42727.6 16209.7 3612.5 2282.55 5980.13 102980 844.966 6461.21 2762.3 10609.2 55393.3 877.151 27935.5 102135 756.136 26663.8 14857.6 11806.2 3437.7 300169 122693 366.44 294.204 2513.98 37414.3 47660.4 1329.95 26886.2 528.336 3252.1 3698.92 7282.23 3139.83 2105.91 10267
internal_count=2079326 630944 1448382 597256 414955 293874 851126 215989 179733 128699 122963 114524 165175 335803 303382 194166 265723 148663 515323 220789 8439 124121 152151 8236 3456 93512 173869 133123 37659 36256 27553 56770 141576 2274 76187 29896 40746 101972 8508 56397 139302 4578 110833 56344 54489 13024 373747 155999 2741 2360 27821 89825 102507 8703 49644 2635 27494 46291 45503 26179 18827 30609
cat_boundaries=0 1 2
cat_threshold=5252 389
is_linear=0
shrinkage=0.05


Tree=38
num_leaves=63
num_cat=7
split_feature=13 8 13 94 35 13 35 38 9 132 48 30 71 126 39 30 32 3 96 38 75 107 134 83 40 41 98 64 3 132 87 107 76 39 14 125 112 69 3 107 28 59 110 30 109 111 3 79 3 40 70 59 30 70 38 30 37 3 60 40 41 3
split_gain=929.575 247.548 175.551 104.356 70.3716 59.5581 54.3586 42.4464 36.1168 36.8533 35.3006 32.8154 32.3995 29.6849 29.3375 28.3023 28.0337 27.6334 28.2025 27.0773 24.4228 23.2587 22.1348 21.3964 20.4647 19.8576 19.5012 18.5096 17.9348 17.8875 17.1624 17.0185 16.734 16.5742 16.4079 15.3517 15.0313 14.8877 14.6002 19.0738 15.8325 14.5081 14.4235 14.2683 14.2386 14.0987 13.6092 13.4739 13.3184 13.3111 13.2281 15.2795 13.5397 13.104 14.2502 12.9258 12.8215 12.806 12.6667 12.0005 11.4722 11.406
threshold=4.0833332538604745 1.5000000000000002 9.5833334922790545 250275448.00000003 5.5000000000000009 0.91666665673255932 4.5000000000000009 0.89378294348716747 42.500000000000007 0.35132654011249548 9916.5000000000018 5625.0000000000009 1.0204875469207766 15.500000000000002 0.93782541155815136 1890.5000000000002 1203.5000000000002 0 471046368.00000006 0.93458929657936107 29558.000000000004 711.50000000000011 7.5000000000000009 4.5000000000000009 4110.5000000000009 4234.5000000000009 140658720.00000003 104356.50000000001 1 0.32361471652984625 1.4649918079376223 858.50000000000011 32162.666992187504 0.8875144124031068 13.500000000000002 646.50000000000011 747.50000000000011 45730.000000000007 2 164.50000000000003 738.16665649414074 171284.50000000003 818.83334350585949 11173.000000000002 58.500000000000007 501.08332824707037 3 3223.1555175781255 4 6207.0000000000009 1.2399766445159914 1117317.5000000002 5625.0000000000009 1.0826829671859743 3.9216867685317998 2557.0000000000005 -50.499999999999993 5 1181804.5000000002 3379.0000000000005 4464.0000000000009 6
decision_type=2 2 2 2 2 2 2 2 2 2 2 2 2 2 2 2 2 9 2 2 2 2 2 2 2 2 2 2 9 2 2 2 2 2 2 2 2 2 9 2 2 2 2 2 2 2 9 2 9 2 2 2 2 2 2 2 2 9 2 2 2 9
left_child=1 5 4 10 19 23 13 17 9 50 15 53 14 22 -6 38 -12 18 20 28 -4 25 48 -1 -17 -21 58 -24 -2 -15 -10 33 -22 -14 -28 -16 -31 -27 -3 40 -40 -39 -33 -13 46 -26 -18 -34 -5 -35 51 52 -9 -8 -55 -38 -52 59 -11 -7 -36 -44
right_child=2 3 7 6 12 57 11 8 30 26 16 43 31 29 35 24 44 -19 -20 21 32 -23 27 -25 45 37 34 -29 -30 36 -32 42 47 49 60 -37 55 41 39 -41 -42 -43 61 -45 -46 -47 -48 -49 -50 -51 56 -53 -54 54 -56 -57 -58 -59 -60 -61 -62 -63
leaf_value=-0.0008256599491059508 0.0051599504780149097 -0.0013815553798913461 0.0094894767598554461 -0.01238804356811039 0.0022773824494297158 -0.0011266676005485209 0.0012307792183584344 0.0062624282678313331 0.02334137378191839 0.0097797755245517988 0.00034443843069505311 0.002847552003527062 -0.0014675171613322861 0.0013847200582789874 0.0050173704097048735 -0.00052862330359909452 -0.0028093945987986615 0.00078710150196747053 0.014045344627588351 0.0013592301594290614 -0.025878993999410446 0.010793565684813881 -0.010270296763620493 -0.0016774307370789503 0.002715505519471766 0.0098928564015020627 0.01067125528646173 0.015651740094616843 -0.001266445872209399 0.0021533805017583114 -0.0088691104634026196 -0.013299100531781353 -0.0081406107755894949 0.00067832838946336798 0.0095304525826574588 0.0095423760877078323 0.0026000913206521447 0.0049871945814783511 0.0014735273730922273 -0.00054587965248830024 0.0093836429107554374 0.021223873544644018 0.0021753394481390737 0.0078789439785230501 0.0016389409017815296 0.00059484194912015663 0.0054506173238912381 0.0062252049875465305 0.0055320663321645897 0.0028763793896743896 -0.01183751225099931 0.0035663293198967432 0.013346077693145542 -4.1285966788463686e-05 -0.011633176483866069 0.0066469004253241239 0.0056724438320087441 -0.00082657413161903246 -0.0013663197627123566 0.00032354714810285407 0.017170907946490923 0.0096460839129955678
leaf_weight=97904.45945741178 3650.5417412519455 57598.236888825893 920.08196590095758 96.737305641174316 10794.922602176666 17606.544860839844 41532.199169158936 1407.3769788742065 688.96835899353027 788.83025884628296 35226.853436522186 8816.7191925048828 4019.0471231937408 14027.549361228943 11109.611066818237 26997.682152330875 542.89553451538086 2088.6725550740957 1248.6072330474854 1741.7191729545593 70.184064030647278 3856.2138776779175 74.356427758932114 298924.99462890625 11741.303298950195 3204.7761139273643 3184.3105603083968 849.86755791306496 1541.9009963274002 7272.435450553894 43.509824752807617 92.368682861328125 297.61230969429016 11798.641232728958 610.69647542387247 2259.5559539794922 3037.1067123413086 4599.1357170343399 4691.2211899757385 64218.287579298019 731.29013466835022 141.60379928350449 855.29833984375 1679.0123138427734 9082.8827426433563 23597.298919677734 5724.8441774323583 360.1547270193696 5679.5199556350708 16572.470022201538 183.10819959640503 1650.7615451812744 1305.2404460906982 29296.062473297119 267.05909729003906 5663.6359691619873 241.99501085281372 76185.66650390625 375.21130180358887 75150.338989257812 2634.4764633178711 1349.1760406494141
leaf_count=136719 18791 86021 8413 131 37894 30382 89632 11240 28524 6937 62127 24953 12308 34374 44282 54108 1160 17863 14562 8297 183 26571 268 378354 32736 20533 25598 6266 6650 19659 526 163 1581 42727 8195 11623 7770 22898 9374 110895 3096 1585 3714 7740 21087 52302 17758 2482 17455 63976 1152 15548 15455 62027 435 20870 2466 122436 2405 135413 42624 6804
internal_value=4.46478e-06 -0.000481235 0.00469576 0.000546823 0.00366121 -0.00113257 0.0017624 0.00912998 0.0106233 0.00998354 -5.19164e-05 0.00104344 0.00281138 0.00336056 0.00421713 -0.000365053 0.00112168 0.00520002 0.0083481 0.0063302 0.00407632 0.00750744 0.00636997 -0.0014673 0.000507726 0.00619832 0.0121506 0.0135564 0.00325822 0.00268817 0.0214165 0.0018319 -0.00276051 0.00153671 0.0132296 0.00578286 0.00383245 0.00725831 -0.000792679 -0.000305314 0.00254199 0.00547542 0.00599122 0.00365324 0.00290491 0.00129961 0.00473841 -0.000268381 0.00521817 0.00196248 0.00654508 0.00736551 0.00967457 0.000658062 -0.000146366 0.00523511 -0.00186306 -0.000346296 0.00618366 4.82126e-05 0.0157363 0.00680459
internal_weight=1.0199e+06 924217 95686.8 358445 77587 565772 118292 18099.8 13114.5 12382 240153 81591.1 58851.1 36701.2 24164.1 189575 50577.5 4985.31 2896.64 18735.9 1648.03 13543.4 6700.48 396829 62336.3 9687.23 7593.53 924.224 5192.44 30000.7 732.478 34687 727.951 32390.2 6429.48 13369.2 15973.2 7945.52 127239 69640.8 5422.51 4740.74 2296.84 10495.7 15350.6 35338.6 6267.74 657.767 5776.26 28371.1 4788.48 4363.38 2712.62 71095.3 29563.1 8700.74 425.103 168943 1164.04 92756.9 3245.17 2204.47
internal_count=2080118 1545548 534570 742244 328816 803304 291580 205754 160670 131620 450664 184787 223491 106793 93799 348532 102132 45084 27221 105325 12659 79884 24120 515073 139146 53313 85759 6534 25441 82673 29050 129692 4246 119011 76417 55905 48299 45016 209386 123365 12470 24483 10681 32693 40005 85038 18918 4063 17586 106703 45861 42243 26695 152094 62462 28640 3618 288231 9342 165795 50819 10518
cat_boundaries=0 1 2 3 4 5 6 7
cat_threshold=7301 15365 33689 384 2048 15436 12576
is_linear=0
shrinkage=0.05


Tree=39
num_leaves=63
num_cat=0
split_feature=136 13 13 31 21 106 39 14 24 44 89 13 25 2 100 46 101 46 25 80 20 7 65 111 24 110 111 101 106 101 124 62 39 16 51 2 100 41 21 6 31 51 130 19 132 6 100 2 59 49 25 64 108 95 41 133 39 72 124 25 64 65
split_gain=849.239 248.479 135.871 90.3795 52.4973 40.609 37.6598 35.3457 33.8853 39.8194 32.3245 32.2534 29.2507 27.6903 27.2214 26.5375 25.3198 25.2989 23.673 23.1206 22.0754 21.5977 19.8183 19.9653 19.3288 21.7106 19.3055 19.1817 18.8663 18.7254 18.2885 18.1622 18.1341 17.1243 17.0151 15.4536 14.9695 14.8287 14.732 14.2377 14.193 14.112 14.032 14.3243 13.951 13.7268 13.4112 13.3108 15.2928 13.1858 13.1848 16.3749 12.9512 12.4775 11.787 11.629 10.9641 10.7033 10.6286 10.5188 10.3572 10.2732
threshold=5.4000003337860116 1.9166666865348818 9.5833334922790545 166.88085937500003 3.5000000000000004 700.50000000000011 0.90788933634758007 25.500000000000004 2161.5000000000005 7973.6667480468759 364501.50000000006 0.75000000000000011 4351.5000000000009 1228.5000000000002 1539389952.0000002 5515.5000000000009 1039028096.0000001 5515.5000000000009 1.0000000180025095e-35 560306.00000000012 1.0000000180025095e-35 -0.25000000000000006 171962.00000000003 346.08332824707037 4459.5000000000009 252.50000000000003 251.41666412353518 1.0000000180025095e-35 850.50000000000011 1039028096.0000001 600.50000000000011 212352.50000000003 0.66133511066436779 88.500000000000014 4.5000000000000009 1181.5000000000002 369235920.00000006 4234.5000000000009 1.5000000000000002 0.25000000000000011 726.67681884765636 4.5000000000000009 0.25594300031661993 5.5000000000000009 0.22867757081985476 -0.93301269412040699 620091584.00000012 346.50000000000006 266915.00000000006 2868.5000000000005 11518.500000000002 1317867.0000000002 723.50000000000011 383025888.00000006 8530.0000000000018 9.1111111640930194 1.3553000092506411 3707.5000000000005 285.50000000000006 8250.0000000000018 1317867.0000000002 50294.500000000007
decision_type=2 2 2 2 2 2 2 2 2 2 2 2 2 2 2 2 2 2 2 2 2 2 2 2 2 2 2 2 2 2 2 2 2 2 2 2 2 2 2 2 2 2 2 2 2 2 2 2 2 2 2 2 2 2 2 2 2 2 2 2 2 2
left_child=1 3 6 11 15 32 45 16 14 21 18 38 29 19 -3 27 35 50 -8 20 37 30 -17 40 25 31 -26 -5 -23 -12 49 -6 -4 44 -13 47 -29 -9 -1 54 -24 58 -31 -44 -15 -2 -20 53 52 -10 -14 -52 -49 -7 -34 -37 -30 -33 -38 -28 61 -47
right_child=2 8 5 4 24 7 10 13 9 -11 12 34 17 33 -16 22 -18 -19 46 -21 -22 28 23 -25 26 -27 59 36 56 42 -32 57 39 -35 -36 55 41 -39 -40 -41 -42 -43 43 -45 -46 60 -48 48 -50 -51 51 -53 -54 -55 -56 -57 -58 -59 -60 -61 -62 -63
leaf_value=-0.0016186524239234568 -0.0051455210034542656 -1.5675868355056831e-05 -0.0027650233242510684 0.0020267854425822613 0.00032955089393027492 0.0024069412376140974 0.028150125130957351 0.00018243429421448026 -0.00048365565163885067 0.004332331255372788 0.0024922079632371079 0.00016433043279706009 0.0044028425853653358 -0.0025179414698024089 0.0019666287558927843 -0.00061258525592623129 0.012175196928736701 0.0098349067520928247 0.00072267064340425882 -0.024427080225439976 -0.0023840318578124157 0.00020807572487322671 0.0021076505851512356 0.00023368424905234042 0.013748975829520508 0.00057111650034210725 0.0026648624725045603 -0.0015152533794939194 0.0033894641727323579 0.0025444098305299205 0.0039120786926846096 0.0015694460259878997 0.001851014371939801 0.036685799538534854 -0.0009475030863163996 0.015139652525565414 -0.00010788632469315557 0.019508044043528662 -0.00053436093904034396 0.013306186373514862 0.0069506464200078319 -0.00080717211471897248 0.0096171658140626268 0.0048759131539886074 0.021129525955740754 -0.0066321082814666315 0.003597637570822345 0.0010592250002048537 -0.00054624293775237158 0.0020521345409162841 0.012037690621711417 0.0014802967433736761 0.012609790335823289 0.01448491805178161 0.0077078698332373324 0.0080112807988266862 -0.0035540170313268396 0.010391485555379507 0.0018681318157903724 0.0086976824821469768 -0.0047581029522159937 0.002408724317744363
leaf_weight=292793.29187518847 779.63966369628906 73689.365203857422 662.58942437171936 6710.0847682952881 1131.3403081893921 344.32640965282917 91.202709197998047 120.01524904370308 6261.7396874427795 13036.58251953125 9096.3543395996094 45057.350214719772 6638.0160999298096 67.213036628440022 22636.624755859375 19083.252300262451 4300.8089332580566 5369.065860748291 5974.2998453378677 45.012910604476929 204.28661243617535 40431.044631958008 16573.36027431488 18984.322655677795 602.15978622436523 10586.041432380676 2979.2071717977524 40682.402619361877 7436.3336022645235 2529.0030550956726 11269.527645111084 451.01889801025391 1644.7946708202362 170.61635208129883 145527.54248046875 754.41086505353451 23326.282917976379 588.59563246369362 35096.209540367126 593.78308010101318 1665.7579765319824 63478.092224121094 2824.9656319618225 3673.6473484039307 787.85937838070095 324.16488023102283 12668.844380736351 430.93853855133057 1387.0699262619019 28196.451814174652 1353.9912281036377 505.69581604003906 558.32564163208008 569.52859729528427 1804.9521789550781 2411.804874420166 614.50538699328899 1467.7667961120605 9605.1675300598145 955.73342955112457 580.20921230316162 9544.3897967785597
leaf_count=359920 2516 150448 3134 13018 2270 2417 1244 2105 14648 40808 38194 78799 33353 1012 53125 29731 45577 35919 24368 420 2893 95950 32592 34059 3606 22891 8307 64844 21872 11219 34082 1101 12252 13274 217443 8238 39412 16744 48791 8518 5133 101603 16657 17406 20611 972 56723 3729 9757 75344 9999 3337 5847 5996 16800 23791 1453 5483 20195 3954 2119 41231
internal_value=3.91781e-06 -0.000415368 0.0049695 -0.000842612 1.08534e-05 0.00886728 0.00387169 0.0103337 0.00113086 0.00174224 0.00445172 -0.00120194 0.00541779 0.0164704 0.000450122 -0.000222801 0.00920098 0.00714681 0.00280168 0.0103391 0.0120713 0.00138375 0.000697327 0.00136901 0.00258387 0.00164265 0.00541112 -0.00058312 0.000648358 0.00409447 0.00216331 0.00535926 0.00489541 0.0221837 -0.000684622 0.0072182 -0.000710907 0.0162444 -0.00150261 0.0061521 0.00255041 -0.000371436 0.00570816 0.0069383 0.0192645 0.00125083 0.00267665 0.00481434 0.00283811 0.00159119 0.00544734 0.00917073 0.00758632 0.0099434 0.00491752 0.00971345 0.00285867 0.00832138 0.00046833 0.00413233 0.0017288 0.00211092
internal_weight=1.01973e+06 940329 79400.4 736756 218282 17446.9 61953.5 12740.8 203572 107246 50725.1 518474 31990.7 1983.6 96326 200109 10757.2 13866.8 18734.3 957.91 912.897 94209.6 56306.7 37223.4 18173.3 13636.2 4537.1 143802 48481.9 18124 45727.7 3050.13 4706.12 1025.69 190585 6456.4 137092 708.611 327890 4043.53 18239.1 96409.5 9027.62 6498.61 855.072 11228.4 18643.1 3290.19 2376.33 34458.2 8497.7 1859.69 989.264 913.855 3449.75 3166.22 8050.84 1918.79 32931.5 3934.94 10448.8 9868.55
internal_count=2079254 1580882 498372 1093152 388199 203115 295257 162411 487730 284157 248419 704953 166084 57059 203573 340587 105352 82608 82335 22162 21742 243349 101515 71784 47612 31745 15867 239072 119275 83476 124074 8854 40704 34897 296242 59775 226054 18849 408711 37570 37725 161210 45282 34063 21623 46838 81091 27746 19333 89992 46689 13336 9576 8413 29052 32029 23325 6584 59607 12261 44322 42203
is_linear=0
shrinkage=0.05


Tree=40
num_leaves=63
num_cat=7
split_feature=136 13 32 40 35 88 32 35 107 100 3 13 3 31 25 37 32 48 32 107 31 3 111 48 3 111 3 118 35 100 46 39 123 87 39 40 132 33 31 37 51 120 126 47 35 46 39 35 30 130 69 104 84 46 3 72 126 107 35 130 107 3
split_gain=778.494 200.233 137.934 63.5763 56.9975 51.8365 43.5457 42.1582 40.52 40.4819 36.2526 35.5957 34.1001 44.461 32.6732 29.9507 29.0973 27.0098 26.2318 26.0688 25.7784 24.8516 21.1396 20.8604 19.2048 19.094 18.9373 18.8976 18.8526 17.9438 17.2869 17.0351 17.0103 19.5052 16.7809 16.7528 16.7305 16.2115 18.4257 15.0678 14.4101 14.3949 14.1975 15.488 13.4271 13.2922 13.1605 12.4892 12.2526 14.7711 14.1145 12.2286 12.1819 12.0632 13.1222 14.2339 21.998 12.0113 11.9099 11.7561 11.6239 11.5022
threshold=3.9007984399795537 7.2500000000000009 1490.5000000000002 7411.0000000000009 4.5000000000000009 179010.60937500003 3657.5000000000005 4.5000000000000009 740.50000000000011 1434062720.0000002 0 14.416666507720949 1 2799.9045410156255 3132.0000000000005 4375.5000000000009 487.50000000000006 3742.5000000000005 5060.0000000000009 101.50000000000001 1629.5215454101565 2 449.08332824707037 8479.5000000000018 3 531.75000000000011 4 1565.5000000000002 7.5000000000000009 513943376.00000006 7563.0000000000009 0.86362355947494518 2068.1667480468755 1.1653749346733095 0.8875144124031068 3379.0000000000005 0.32361471652984625 7196.5000000000009 1629.5215454101565 287.50000000000006 1.5000000000000002 1.0000000180025095e-35 890.50000000000011 601.04513549804699 7.5000000000000009 8584.5000000000018 1.0300905704498293 7.5000000000000009 11173.000000000002 0.3269536048173905 -1.0000000180025095e-35 1378191488.0000002 1.0000000180025095e-35 5515.5000000000009 5 66916.000000000015 1734.5000000000002 264.50000000000006 7.5000000000000009 0.37121361494064337 101.50000000000001 6
decision_type=2 2 2 2 2 2 2 2 2 2 9 2 9 2 2 2 2 2 2 2 2 9 2 2 9 2 9 2 2 2 2 2 2 2 2 2 2 2 2 2 2 2 2 2 2 2 2 2 2 2 2 2 2 2 9 2 2 2 2 2 2 9
left_child=2 5 9 6 15 61 17 12 10 21 -6 20 13 29 18 26 46 -4 51 -5 24 -1 57 37 -10 -13 -3 35 -27 -7 -17 -28 45 -34 -31 -8 41 38 -16 -23 -29 -36 -39 -44 59 52 -11 -37 50 -50 -22 -9 -12 -30 55 -55 -57 -19 -21 -26 -18 -2
right_child=1 4 3 19 8 7 27 14 11 16 32 25 -14 -15 23 30 60 22 -20 58 48 39 -24 -25 44 28 31 40 53 34 -32 -33 33 -35 36 47 -38 42 -40 -41 -42 -43 43 -45 -46 -47 -48 -49 49 -51 -52 -53 -54 54 -56 56 -58 -59 -60 -61 -62 -63
leaf_value=-0.0016371101780467798 -0.0022251215544631378 0.014679575528656483 -0.0011563263361919305 0.01697665403640573 0.0071401706439700677 0.0023342727211217718 -0.00045562061290368397 0.00061104502959004369 0.011637850217460078 -0.0015791723543474364 -0.0021495978634077225 -0.012302652546119036 0.001675088422495901 0.018715840345662978 0.002800836886111934 0.020057720104379631 0.0059397797508036632 0.0049068760499892568 -0.0092612183281187265 0.0026148066125559924 0.01185695043680874 -0.0010484112270755074 -0.00043073352808378095 0.0070483266228939419 0.0040787219907313316 0.016682842515244281 -0.0061632176743565519 0.00688051741024994 0.0050474810538456817 0.0016816342720010224 0.044722567126588259 0.009142528277386144 0.0041824448507252494 0.02178813067963576 0.010293412085996686 0.0020823091512410224 0.0079915994694282257 0.0027861264567945912 -0.0027858756365952025 0.00020933309412599543 0.0017642408298335613 0.0030592513517924518 0.0067352182257763684 0.018225664792019911 0.0047339510662412956 0.0033474099688283821 -0.00012350444908311128 0.00012469629477645746 -0.0049082068483751696 0.010258292816740856 -0.004351841081770118 0.0027578833836368007 0.020891687830790453 0.011919652097963078 0.014126055110492475 0.0050399716210001427 -0.034730562220146644 0.00073680102539627279 0.0010353774407937325 0.01121181161376068 0.00075022241021664899 0.00082423652490391883
leaf_weight=229655.76827778597 3634.8209419250488 1749.1220442354679 81337.808433413506 284.56646728515625 5093.1897315531969 4160.4347807168961 28696.85400390625 20387.406796455383 2143.1272239983082 30741.383361816406 3189.2739804064622 80.776015281677246 7313.6705551147461 632.71795654296875 20548.281774997711 316.84992074966431 1110.4937143325806 1802.3561542034149 597.85744857788086 23406.748761057854 154.6041202545166 166859.71884083748 92066.113380432129 3507.9721374511719 829.66369625926018 1491.9789890423417 218.1254049539566 1464.6819458007812 931.17532118409872 1934.6066846176982 92.634606838226318 1071.9473445117474 1199.2423038482666 180.93075370788574 831.65292400866747 18024.665176391602 8586.398365020752 2057.6344637870789 1588.80251121521 27768.921249389648 22914.338928222656 3993.2204551696777 1840.5772428512573 349.64480304718018 5117.6634140014648 2130.7012138366699 31389.190551757812 14878.313293457031 223.88635444641113 561.4766674041748 997.18919944763184 9838.0260076522827 57.884096878231503 202.59553444385529 1464.7282441854477 104.21145105361938 51.485872268676758 41241.054353117943 24386.695269703865 1926.6122398376465 37925.562193870544 20375.745891571045
leaf_count=283009 6018 22572 125755 1573 34628 15844 56891 59309 15819 39548 18238 405 28043 5980 74647 6628 2710 5081 1499 55332 1015 238898 162538 16559 5491 30068 1382 4450 13785 7126 3304 13961 9559 2258 4203 44784 42460 9391 5448 45570 54910 15749 8877 2503 31970 15994 43715 32466 1354 4975 4825 33517 936 2913 26757 1359 573 78023 52746 15253 67243 60764
internal_value=1.63648e-06 0.00341183 -0.000558036 0.000210171 0.0069288 0.00242165 -5.8308e-05 0.00298254 0.00618453 -0.00107048 0.00395927 0.00780385 0.00460869 0.00567009 0.00224717 0.0129969 -0.000171661 -0.000436464 0.00110466 0.00189908 0.00639588 -0.00128478 -3.05652e-06 0.00342503 0.00741699 0.0116913 0.0112801 0.000893618 0.0121504 0.00524911 0.0256974 0.00649902 0.00154803 0.0065011 0.00603893 0.000427176 0.00666702 0.00294299 0.00239959 -0.00086889 0.00207196 0.00430816 0.00577303 0.00857556 0.00624414 0.00027834 -0.000843837 0.00119727 0.00111261 0.00592799 -0.00216761 0.00131002 -0.00173417 0.00969067 0.0120576 0.0030995 -0.00814838 0.000911586 0.00180902 0.00906763 0.000898057 0.000361783
internal_weight=1.01972e+06 143761 875955 350504 31581.1 112179 302426 88168.9 28132.4 525451 11851.2 16281.2 27452.7 20139 60716.2 3448.68 101167 216447 30823.3 48078 11954.2 424284 135110 29892.9 10017.1 4326.95 3039.19 85978.9 4246.18 19506.3 409.485 1290.07 6758.03 1380.17 15345.9 61599.8 13411.3 26384.9 22137.1 194629 24379 4824.87 4247.86 2190.22 7873.94 5377.86 62130.6 32903 1937.16 785.363 1151.79 30225.4 3247.16 2754.2 1823.02 358.293 155.697 43043.4 47793.4 2756.28 39036.1 24010.6
internal_count=2079201 683959 1395242 674549 286022 397937 564898 331155 238175 720693 81613 156562 119405 91362 211750 47847 153216 371397 94325 109651 80702 567477 245642 117425 68533 75860 37915 193501 75455 85382 9932 15343 46985 11817 69538 134141 62412 100866 80095 284468 59360 19952 20771 11380 52714 35168 83263 77250 12169 6329 5840 92826 19174 45387 31602 4845 1932 83104 108078 20744 69953 66782
cat_boundaries=0 1 2 3 4 5 6 7
cat_threshold=5125 13348 33305 2949 13445 12288 5040
is_linear=0
shrinkage=0.05


Tree=41
num_leaves=63
num_cat=3
split_feature=13 8 13 94 83 13 83 106 3 30 120 28 39 44 46 124 37 13 71 121 4 83 37 6 107 83 51 46 124 87 124 3 38 126 112 101 83 37 119 132 38 38 71 112 24 13 57 94 100 46 84 17 4 87 38 3 77 94 112 71 96 124
split_gain=700.367 187.307 132.563 87.3596 63.6658 43.5069 37.0915 48.252 35.1146 34.6536 33.3144 30.736 30.4727 28.4397 26.716 25.5284 24.1185 23.641 22.7776 23.2384 22.7325 19.8325 22.7143 18.1348 18.017 17.6929 17.6174 17.4994 17.3475 16.3818 16.0271 15.809 14.752 13.9568 16.9299 13.9007 13.8137 13.7567 13.6827 13.5297 12.9484 12.6114 12.6096 13.1491 15.9135 12.3776 12.3533 12.0208 11.9303 11.7268 11.7262 11.7003 11.6368 11.5344 11.4937 13.4774 23.0343 15.0306 11.4053 11.0958 10.9619 10.8192
threshold=4.0833332538604745 1.5000000000000002 9.5833334922790545 396175744.00000006 4.5000000000000009 0.91666665673255932 4.5000000000000009 765.50000000000011 0 1.0000000180025095e-35 31.500000000000004 11113.500000000002 0.96359828114509594 8536.5000000000018 8584.5000000000018 222.50000000000003 4375.5000000000009 19.583333015441898 1.0204875469207766 1.0000000180025095e-35 184.50000000000003 7.5000000000000009 1509.0000000000002 -0.93301269412040699 711.50000000000011 4.5000000000000009 4.5000000000000009 4236.5000000000009 700.50000000000011 1.4649918079376223 527.50000000000011 1 0.70142048597335827 890.50000000000011 1215.5000000000002 1264586688.0000002 7.5000000000000009 287.50000000000006 767.50000000000011 0.39982727169990545 0.70142048597335827 1.8415203690528872 1.1089922189712527 985.50000000000011 1776.5000000000002 1.0833333134651186 157688.00000000003 600802816.00000012 513943376.00000006 11879.000000000002 1.0000000180025095e-35 88.500000000000014 357.50000000000006 1.0543611049652102 1.5160946846008303 2 8076.3334960937509 337591136.00000006 747.50000000000011 1.4199788570404055 70850692.000000015 1295.5000000000002
decision_type=2 2 2 2 2 2 2 2 9 2 2 2 2 2 2 2 2 2 2 2 2 2 2 2 2 2 2 2 2 2 2 9 2 2 2 2 2 2 2 2 2 2 2 2 2 2 2 2 2 2 2 2 2 2 2 9 2 2 2 2 2 2
left_child=1 5 4 8 30 25 16 14 40 15 28 26 23 21 46 20 27 32 47 24 45 22 38 -6 -20 -1 58 -4 59 51 35 33 -9 34 -25 -2 -34 -15 -11 41 -3 -21 43 -42 -45 -10 -8 49 -32 -14 -48 -19 -44 -35 55 56 -38 -57 -12 -5 -50 -13
right_child=2 3 6 10 12 -7 7 17 9 13 11 61 18 37 -16 -17 -18 29 19 39 -22 -23 -24 31 -26 -27 -28 -29 -30 -31 48 -33 36 53 -36 -37 54 -39 -40 -41 42 -43 52 44 -46 -47 50 -49 60 -51 -52 -53 -54 -55 -56 57 -58 -59 -60 -61 -62 -63
leaf_value=-0.00069764246098642725 0.0040847661067703244 -0.0028440715387627468 0.0015644142303700963 0.0055749532441529553 -0.002922409184457186 -0.00032293888329222749 -0.0071147921999543222 -0.0014014350297232036 0.011823187870055341 0.00016189597445586486 0.0013598797935018472 0.0044921566384508917 0.0036181622498775573 0.0011871735914425654 0.0073833473811681753 0.038119230736885688 0.029767226816102978 0.014287608275539529 0.003541666215366359 0.0013768120585076829 0.0019939290003382691 -0.00063277936161584163 0.004239716062413976 0.00059286520044493879 0.0091402333517609253 -0.0014718505727873803 0.00090100184940664248 0.015224959970323679 0.017399440437623179 -0.0087193954264043801 0.0050388320801612648 -0.00043981573890337374 0.011668142768451264 0.0052283642058434986 0.0040444504701130949 0.0095860043647766468 -0.037522953091917277 0.0036339585611074839 0.0021626583450919832 0.0034399026854183509 -0.0010204043776322227 -0.0057184118901442114 -0.001067572227928698 -9.9333111647542468e-05 0.0025210784122403056 0.035689498651867671 0.0017183889563166439 0.0081162451073171736 0.033586886012927024 0.0086738411870440676 0.027379832031005885 0.041180523015362569 -0.0041836616700539498 0.018522371416886233 -0.00050197791233125917 0.0054840417980707226 0.0053227129461433376 0.013707913650919149 0.0034410126355930229 -0.011492707805690117 0.011126722179262995 0.011502078177308396
leaf_weight=98023.171393692144 4551.4449005126953 6414.9258689880371 293.02128410339355 4277.9700984954834 2346.603271484375 169113.54156494141 411.22957262024283 386.25352356210351 509.33931912481785 69986.426636941731 11897.931366443634 1341.0296859741211 7385.3302693068981 24170.06763458252 3045.1928558349609 65.547464683651924 235.84280395507812 2085.220780134201 4329.2974899709225 13769.436531484127 1046.1736925244331 54559.314305305481 4061.0208702087402 8931.7922272980213 2155.3202075958252 298917.92358398438 46594.838722229004 1191.6275501251221 312.03076362609863 75.994361877441406 956.37354278564453 6332.9137267768383 2440.6483270525932 1790.4844598770142 5903.3836789131165 1539.3383026123047 31.400463223457336 7540.6764678955078 9734.4298961088061 10112.991821289062 33750.85440826416 655.40881848335266 14267.299627304077 41548.912873268127 6731.6654958724976 60.849762886762619 3200.9212606274523 2916.5057830810547 55.487937366589904 1360.3092746734619 44.681472507771105 41.115237474441528 3795.0518970489502 179.60201740264893 457.39623016119003 929.78856021165848 1815.788158416748 1393.5025581121445 14769.978057384491 96.754402160644531 2359.4950872305781 938.85972595214844
leaf_count=136856 25193 9162 3427 14271 7208 288363 1523 2502 2207 138420 28738 6024 29044 52089 27932 713 7386 46960 19224 51542 3030 104207 13259 30076 12663 378376 107027 20377 2549 674 6311 21149 25854 7891 22644 10314 93 20750 23326 41342 54839 2123 20947 70074 16746 743 22987 14687 1046 6254 941 5635 5392 1144 3236 6964 15453 13897 42402 190 18824 4808
internal_value=-6.68797e-06 -0.0004282 0.00406485 0.000466103 0.00316671 -0.000994554 0.00792089 0.00718544 4.69494e-05 0.000489305 0.00191969 0.00166579 0.00263309 0.000418655 0.0039241 0.00763021 0.0149068 0.00944796 0.00345 0.00274141 0.00637931 0.000109037 0.000592173 0.00126462 0.00540382 -0.00128068 0.00148776 0.0125336 0.00601043 0.0140032 0.00701026 0.00168953 0.0081007 0.00249102 0.00196679 0.0054766 0.00862071 0.00176921 0.000406277 0.00203752 -0.000666237 0.0010539 -0.000526665 -0.00026325 0.000265944 0.014408 0.00104146 0.00533427 0.00977829 0.00440555 0.00207737 0.0148195 -0.00172266 0.00644724 0.00701139 0.00783657 0.00455705 0.0103761 0.00251274 0.00519506 0.0116517 0.00738293
internal_weight=1.02024e+06 924527 95711.1 358472 77631.5 566055 18079.6 16359.1 278243 171734 80229.4 75542.6 68169.4 170052 6702.03 1681.91 1720.49 9657.11 42684.6 31022.5 1616.36 138341 83781.9 25484.8 6484.62 396941 73262.7 1484.65 4686.76 2202.33 9462.14 23138.2 7454.78 16805.3 14835.2 6090.78 7068.52 31710.7 79720.9 24537.8 106509 14424.8 100094 82031.4 48280.6 570.189 3656.83 11662.1 3371.36 8745.64 3245.6 2126.34 18062.4 1970.09 4627.88 4170.48 1847.19 2323.29 26667.9 4374.72 2414.98 2279.89
internal_count=2080028 1545508 534520 741913 328679 803595 205841 174651 535904 358744 206009 188999 266991 352051 53383 6693 31190 121268 176879 126894 5980 279212 175005 90112 31887 515232 178167 23804 17010 53269 61688 82904 67999 61755 52720 35507 65497 72839 161746 95007 177160 53665 167998 141659 86820 2950 25451 49985 26181 35298 23928 52595 26339 9035 39643 36407 15546 20861 71140 14461 19870 10832
cat_boundaries=0 1 2 3
cat_threshold=33689 15373 12384
is_linear=0
shrinkage=0.05


Tree=42
num_leaves=63
num_cat=3
split_feature=13 13 24 83 109 39 35 3 114 3 108 106 41 100 24 94 38 106 100 75 74 95 114 106 21 55 46 97 113 33 38 35 100 24 14 29 3 100 104 26 75 35 100 46 88 124 81 32 86 21 107 123 73 46 62 107 74 88 37 113 46 46
split_gain=639.379 191.757 108.929 63.458 54.3507 48.6828 47.0038 38.653 37.9284 36.0709 32.1826 29.6596 29.7552 28.8594 28.0588 26.2024 25.8358 24.7709 22.6531 22.5429 27.9762 22.2238 22.0831 21.7075 21.1619 19.7972 19.3733 18.9672 18.8411 18.7708 17.4711 18.2091 17.4346 19.411 16.5419 16.2469 16.1896 15.5933 14.373 14.2911 14.2826 14.2407 13.5263 14.4981 13.3347 13.1006 12.9605 12.9594 12.9258 14.8461 14.6717 12.6646 17.8944 13.2389 12.4551 15.5638 12.1262 11.6184 11.5774 11.2839 11.2014 11.0355
threshold=2.7500000000000004 7.2500000000000009 1612.5000000000002 4.5000000000000009 385.50000000000006 0.96359828114509594 7.5000000000000009 0 908.50000000000011 1 712.50000000000011 700.50000000000011 6580.0000000000009 1223247232.0000002 8460.0000000000018 486583008.00000006 3.9216867685317998 883.50000000000011 1539389952.0000002 29558.000000000004 33368.500000000007 7668465.0000000009 908.50000000000011 682.50000000000011 19.500000000000004 1.3714220523834231 5257.5000000000009 472751584.00000006 806.50000000000011 5816.5000000000009 1.5160946846008303 8.5000000000000018 620091584.00000012 176.50000000000003 21.500000000000004 9366.4165039062518 2 1316983552.0000002 1611629760.0000002 6638.5000000000009 61911.000000000007 7.5000000000000009 409432960.00000006 1.0000000180025095e-35 1218063.7500000002 1000.5000000000001 13839.500000000002 13485.500000000002 1.4190091490745547 32.500000000000007 858.50000000000011 3927.0000000000005 86528.500000000015 3995.5000000000005 122003.50000000001 309.50000000000006 20195.500000000004 5677153.5000000009 49.500000000000007 674.50000000000011 3761.0000000000005 6068.0000000000009
decision_type=2 2 2 2 2 2 2 9 2 9 2 2 2 2 2 2 2 2 2 2 2 2 2 2 2 2 2 2 2 2 2 2 2 2 2 2 9 2 2 2 2 2 2 2 2 2 2 2 2 2 2 2 2 2 2 2 2 2 2 2 2 2
left_child=2 3 7 23 8 9 10 32 14 15 22 18 29 44 42 19 -15 51 -5 27 -21 -10 -7 37 -24 28 -25 -3 -6 40 36 -32 -1 -34 -12 -27 46 -2 -35 -17 60 -14 43 -4 -9 61 -8 -22 49 57 -50 53 -53 -11 -23 -56 -19 -48 -20 -54 -13 -38
right_child=1 5 4 11 25 6 30 13 21 17 34 12 41 16 -16 39 -18 56 58 20 47 54 24 26 -26 35 -28 -29 -30 -31 31 -33 33 38 -36 -37 45 -39 -40 -41 -42 -43 -44 -45 -46 -47 48 -49 50 -51 -52 52 59 -55 55 -57 -58 -59 -60 -61 -62 -63
leaf_value=-0.0017710243844384667 0.0020625723749711218 0.0082182518500812218 0.0027858709030663415 0.00022405706506885292 -0.0012272105675844407 0.003074493320795531 -0.0014114679076075675 -0.00078500307639044968 0.01318165946099418 -0.0068818959937993257 0.012082952379764027 6.9365630803418815e-05 0.006041254439585482 0.0005000899713977384 0.0052733620960559594 0.0050836392314412482 0.0065660969768363041 -0.0099003232707640595 0.0012792588567275172 -0.017078542076931554 0.0029458465967702884 -0.00029097489672964865 0.0088374034208141012 0.0045441355212678973 0.023362476458940216 0.0011013220562416076 0.0094351053145804373 -0.0060770445069917222 -3.1464383465514812e-07 0.0035775968067369122 0.0094450551711982439 -0.0040163814748706292 -0.0016420275057631288 -0.00090059329846052527 0.020323057658090133 0.0087498520732939618 0.0021689841934029674 0.0061385832142052685 0.00045217577226311107 0.012600993762439776 -0.000905513093656998 0.0030354852668373999 0.00089850590352023049 -0.0007854881832756325 0.0016828714830255062 0.014505435050252705 0.0041389124316755545 -0.013017627116732197 0.0075647408426197426 0.023748149261724052 -0.021510330010377644 -0.0026685712719524456 -0.0034805617642664913 0.00031509395840563314 0.0079739524954005325 0.0026182206395559677 0.024577555494662857 0.011735381598783373 0.0040426522148498756 0.02613301870417278 0.0022689822804213508 0.0087868631774719996
leaf_weight=110230.66382426454 8759.3932790756226 2452.2976144477725 3168.8714650571346 47641.065176963806 57278.558978557587 1744.4010705947876 861.81636126339436 154433.48281097412 499.56163787841797 771.26690060645342 3428.2418197393417 8372.579612493515 5895.34716796875 41519.337890625 3091.4344511032104 998.54952239990234 1832.5390625 30.241225242614746 9227.2577109336853 213.63248181343079 1944.8240931034088 3387.8178467750549 3463.8280534744263 5178.2795457839966 270.64233684539795 11119.687210083008 3333.4664173126221 255.51192188262939 68988.946026325226 9478.5186138153076 350.03105163574219 886.02117538452148 87457.795776367188 165458.39526367188 745.07585299015045 740.38212585449219 841.23653881251812 3208.5065097808838 22273.872467041016 1740.8687896728516 7257.8299026489258 11930.701538085938 54228.125814110041 27460.20521736145 5673.0987930297852 738.17086791992188 3002.5652876198292 135.44889831542969 80.592025876045227 113.68860539793968 92.558578491210938 174.10163021087646 40.806306719779968 3707.6414371132851 1447.8193235844374 21693.555235341191 148.80506992340088 605.91724014282227 6441.9372353553772 144.79916679859161 18782.607768297195 2538.2375335693359
leaf_count=135590 33950 18619 6647 123972 95375 15121 5417 230305 3101 3937 32969 22975 24789 72274 11691 6849 4946 179 25177 657 11396 7438 32052 25098 5828 21316 20703 1370 127513 37757 3046 5962 101321 230233 22404 3194 4798 14945 35170 18916 19611 40341 115008 49938 11225 8059 25581 541 813 3681 558 1048 552 24355 5144 54805 3791 8168 21015 3551 58643 19128
internal_value=3.19823e-06 0.0027256 -0.000572423 0.00194975 0.000295026 0.00619665 0.00775125 -0.000945268 0.00109811 0.00378801 0.0102476 0.00152708 0.00230709 -0.00038762 0.000594594 0.00592488 0.000756696 0.000477272 0.000766594 0.00377747 0.000128061 0.00273627 0.00772441 0.00452981 0.00989438 -0.000373426 0.00646062 0.00686661 -0.000556912 0.00160721 0.00536729 -0.000197988 -0.00123959 -0.00102674 0.0135575 0.00157956 0.00614294 0.00315595 -0.000740064 0.00986408 0.00106432 0.00402996 0.000424053 -0.000415794 -0.000697522 0.00844399 0.00412307 0.00190117 0.00535945 0.00598165 -0.00796588 -0.000197434 0.00882104 -0.00092374 0.00253915 0.00295368 0.018715 0.00541731 0.00241576 0.0196036 0.00159099 0.00714155
internal_weight=1.02001e+06 178029 841984 145507 253105 32521.8 19763 588879 114977 12758.8 9652.19 125028 61717.6 203458 87948.6 7741.13 43351.9 5017.66 63310.3 5001.72 2293.91 27028.8 5478.87 20479.6 3734.47 138128 8511.75 2707.81 126268 43891.5 10110.8 1236.05 385421 275190 4173.32 11860.1 8874.78 11967.9 187732 2739.42 34413 17826 84857.2 30629.1 160107 4117.64 4757.14 2080.27 3895.32 3722.17 173.151 4838.62 359.707 4478.91 26529.2 23141.4 179.046 3608.48 15669.2 185.605 27155.2 3379.47
internal_count=2080556 758322 1322234 468976 501170 289346 193585 821064 253772 95761 108374 374280 204116 318750 183284 58348 77220 37413 170164 32583 12594 70488 53001 94696 37880 247398 45801 19989 222888 138986 85211 9008 502314 366724 55373 24510 76203 48895 265403 25765 101229 65130 171593 56585 241530 31985 44218 11937 38801 37430 1371 33443 5151 28292 67387 59949 3970 33749 46192 4103 81618 23926
cat_boundaries=0 1 2 3
cat_threshold=33565 38021 45160
is_linear=0
shrinkage=0.05


Tree=43
num_leaves=63
num_cat=4
split_feature=13 8 17 20 3 134 39 64 124 109 3 93 37 37 88 33 93 132 40 124 3 106 75 33 63 40 24 70 114 53 4 4 49 63 24 97 2 46 83 111 63 39 75 62 101 80 31 86 130 41 44 86 121 96 114 3 40 70 125 38 30 21
split_gain=587.941 164.658 103.932 60.0172 51.7311 50.3027 42.0108 36.2982 27.7702 27.1755 25.4033 26.9565 23.7326 22.7601 21.8482 21.0206 20.9361 22.2889 19.5588 18.2733 17.8704 17.1102 16.296 14.9859 15.9743 14.9212 17.6349 14.6538 16.3342 14.5244 14.2148 14.8534 14.2071 13.2616 16.4523 13.1812 13.1048 12.646 12.4892 13.1978 12.1941 12.3992 12.4013 12.1653 12.0945 11.5398 11.1735 15.4811 12.3717 11.0379 11.0035 10.9247 14.9829 11.4762 10.819 10.677 11.094 10.6173 10.4534 10.1973 10.1898 10.1685
threshold=4.0833332538604745 2.5000000000000004 4.5000000000000009 1.5000000000000002 0 19.500000000000004 1.26193243265152 1317867.0000000002 196.50000000000003 385.50000000000006 1 464892.73437500006 230.50000000000003 108.50000000000001 5677153.5000000009 4919.0000000000009 2236190.2500000005 0.36696706712245947 11385.500000000002 1295.5000000000002 2 682.50000000000011 61911.000000000007 128.50000000000003 10875.628906250002 4881.5000000000009 2161.5000000000005 1.3843718171119692 1037.5000000000002 1448.0000000000002 277.50000000000006 293.50000000000006 6557.5000000000009 37418.890625000007 11838.000000000002 115170660.00000001 1228.5000000000002 8078.0000000000009 7.5000000000000009 755.58334350585949 37418.890625000007 0.66133511066436779 32023.000000000004 39200.500000000007 820536160.00000012 560306.00000000012 2799.9045410156255 1.2156385183334353 0.29841059446334844 8530.0000000000018 8536.5000000000018 1.7303703427314761 2997.5000000000005 382547904.00000006 690.50000000000011 3 4881.5000000000009 1.0487545728683474 1221.5000000000002 1.8415203690528872 8111.0000000000009 -1.0000000180025095e-35
decision_type=2 2 2 2 9 2 2 2 2 2 9 2 2 2 2 2 2 2 2 2 9 2 2 2 2 2 2 2 2 2 2 2 2 2 2 2 2 2 2 2 2 2 2 2 2 2 2 2 2 2 2 2 2 2 2 9 2 2 2 2 2 2
left_child=1 3 13 21 6 10 33 12 18 25 11 22 29 20 43 37 17 30 55 57 40 44 49 24 -15 58 -27 28 -14 -5 35 -32 -17 34 -3 -7 45 -13 39 46 -2 42 -42 -12 -1 -18 54 48 -48 -4 -28 -40 53 -53 -25 -6 -57 -11 -10 61 -38 -22
right_child=2 4 5 7 8 16 -8 -9 9 19 14 15 27 23 -16 32 36 -19 -20 -21 59 -23 -24 38 -26 26 50 -29 -30 -31 31 -33 -34 -35 -36 -37 60 -39 51 -41 41 -43 -44 -45 -46 -47 47 -49 -50 -51 -52 52 -54 -55 -56 56 -58 -59 -60 -61 -62 -63
leaf_value=-0.00058948682822899522 0.0034865712370645385 0.0020146855882744934 0.0037331823067976405 -0.0013257511835548389 -0.0016790385699255164 0.015087159353864888 0.0061300807733352435 0.0035277666886706707 0.0011459663621628683 0.00097778369252908667 -0.010034833403930844 0.0035985498655913698 -0.00055197636051896942 -0.0081819072530569456 0.0074231975995229854 0.0081005767554700736 0.012214651759440111 0.01151810512548165 0.0014778508732730263 0.0072248633940160817 -0.0015939220047829852 0.0011351985914109552 -0.00013637535208262932 -0.00038649240070409143 0.022304784781351273 0.0016459844227949636 0.0046796133955329866 -0.0020913030288183363 0.00095609424839639958 -0.00047036240058582698 -0.016492113310759386 0.0019808588268998887 0.013674097850377799 -0.00025891480870616796 0.011122861108720671 0.0016871917112350227 0.010790159598538879 0.007564454421686833 0.0026624666834836616 0.012688566245362871 0.0037701914327046256 0.0015758503525079644 -0.01032541876834028 0.0018210573059912743 0.00034566839769394601 -0.025722640531966552 0.020231421165841881 0.023853518792362895 -0.0040214440725162039 0.0077211191103241737 0.010768366397126448 0.0007012530743337529 0.024393552471092664 -0.014150144383570993 0.0045253007263564024 -0.00096626753013597248 0.00033690539655542248 -0.00086068379573342826 0.012488512525887556 0.014774586475224115 0.024591468370535628 0.0016568060208268323
leaf_weight=76499.820143239223 11199.222201876342 31895.042938232422 5723.5312717631459 373545.55624771118 13383.7776927948 328.18893142789602 6305.0621948242188 4379.6803112030029 12712.73865032196 17230.668449878693 223.05529110878706 3693.7686958312988 80083.25484085083 54.388153687119484 1958.0950927734375 3818.7793560028076 941.58058923482895 1995.0931096076965 16936.542526245117 936.56579399108887 6339.6453877687454 30799.125381469727 1949.5463304519653 1270.1207244992256 196.5745385736227 5576.6402339935303 6179.7749652862549 11557.5234375 23142.462112426758 57252.046100616455 148.24821469187737 403.80751108378172 1640.9631977081299 6886.686767578125 503.42233276367188 418.03197868168354 191.18070936203003 4431.2643394470215 12942.438907533884 484.1019287109375 239.64690847694874 10441.379691407084 443.43997764587402 6638.8712854385376 63081.476165771484 19.945221483707428 78.265353798866272 170.49793243408203 157.18815743923187 2497.3553619384766 845.15516662597656 257.05527700483799 41.081677794456482 261.48294876515865 9433.3510916531086 25721.824407577515 44726.611801147461 14427.316934108734 206.04349231719971 112.0120096206665 466.91277313232422 3875.2126992419362
leaf_count=124627 40693 81958 31474 493075 23242 5901 24746 12159 32850 39611 782 20298 126119 215 16360 30258 20807 34790 37681 3337 19896 65896 9701 5125 2958 13117 21173 14490 39310 79419 1106 5142 17334 18825 2598 5933 2847 31181 50456 2831 774 35542 1019 41528 112385 230 1068 2400 969 15497 3837 933 621 689 40831 48445 94794 30926 990 802 20312 14627
internal_value=-1.02922e-05 -0.000395966 0.00372505 -0.000751424 0.000856252 0.00577692 0.00234075 -0.00100545 0.000430077 0.00130054 0.00506519 0.00591655 -0.00104186 0.00239863 0.0027616 0.00737687 0.010494 0.00819956 -7.18466e-05 0.000343633 0.00152561 6.85124e-05 0.00397104 0.00352296 0.0156748 0.00252248 0.00374681 -0.000402921 -0.000213826 -0.00121208 0.00309355 -0.00298123 0.00977775 0.00173298 0.00215654 0.00759337 0.0151525 0.00576244 0.00340093 0.00460514 0.00232066 0.00114844 -0.00537381 0.00143424 -0.000166823 0.0114095 0.0042519 0.0123958 0.00404487 0.00494565 0.00541356 0.00236644 -0.00446719 -0.00678464 0.00394199 -0.000384997 -0.000138816 0.000139791 0.00132773 -0.000194641 0.0206009 -0.000360182
internal_weight=1.0203e+06 924815 95485.3 720341 204474 37488.2 45590.2 549961 158884 58114.9 32575.2 23755.2 545581 57997.1 8820.02 13584.8 4912.99 3293.37 100769 32594.6 32650.6 170380 10170.4 25346.5 250.963 25520.4 12601.6 114783 103226 430798 1298.28 552.056 5459.74 39285.2 32398.5 746.221 1619.62 8125.03 25095.6 11593.5 22323.7 11124.5 683.087 6861.93 139581 961.526 11109.4 405.951 235.454 8220.89 7024.93 13502.1 559.62 518.538 10703.5 83832.2 70448.4 31658 12918.8 10326.9 658.093 10214.9
internal_count=2079540 1545610 533930 1067480 478130 311481 128127 764572 350003 145841 214413 155743 752413 222449 58670 99071 97068 52872 204162 73874 113353 302908 56672 109096 3173 71967 38127 179919 165429 572494 18082 6248 47592 103381 84556 11834 44196 51479 105923 53224 78028 37335 1793 42310 237012 21037 50393 4437 2037 46971 25010 52699 2243 1622 45956 166481 143239 70537 33840 35325 23159 34523
cat_boundaries=0 1 2 3 4
cat_threshold=12384 7557 15373 33176
is_linear=0
shrinkage=0.05


Tree=44
num_leaves=63
num_cat=4
split_feature=13 13 24 83 111 3 31 35 110 46 39 3 48 47 33 35 39 70 57 110 93 13 86 63 109 111 24 130 46 112 31 3 85 33 31 31 6 31 108 134 39 123 79 85 88 114 132 24 30 110 112 24 118 31 19 93 39 46 2 39 48 3
split_gain=520.65 135.659 107.992 59.1952 55.4419 36.1821 35.9771 35.5953 34.5277 31.4212 27.3622 27.2913 27.2224 25.2658 22.8115 22.6527 21.2592 20.7673 20.3045 19.9922 19.8515 18.957 18.6709 18.6689 17.8541 18.331 17.3969 17.3751 16.5769 16.5323 15.7913 16.5378 15.3209 14.9809 16.1849 14.9677 14.7536 13.7516 17.1563 13.6812 13.4767 14.7709 25.8534 13.7383 13.3334 13.1447 12.9253 12.8483 12.8218 12.779 12.7415 15.2868 12.4751 12.3204 12.0252 12.0004 12.6711 11.9725 11.9222 11.9065 11.4465 11.422
threshold=3.0833333730697636 8.2500000000000018 1612.5000000000002 4.5000000000000009 501.08332824707037 0 2799.9045410156255 4.5000000000000009 771.16665649414074 5257.5000000000009 0.92422258853912365 1 9916.5000000000018 472.88534545898443 4919.0000000000009 7.5000000000000009 2.2421650886535649 0.975724756717682 157688.00000000003 252.50000000000003 110000.16796875001 1.4166666865348818 0.75037178397178661 35010.214843750007 385.50000000000006 607.25000000000011 4459.5000000000009 0.3269536048173905 11879.000000000002 1072.5000000000002 2799.9045410156255 2 -10645.999999999998 16323.500000000002 926.35873413085949 2799.9045410156255 -0.93301269412040699 1629.5215454101565 839.50000000000011 25.500000000000004 1.0675445795059206 1147.2500000000002 44364.636718750007 70205.000000000015 1218063.7500000002 1294.5000000000002 1.0040675997734072 176.50000000000003 1015.0000000000001 818.83334350585949 597.50000000000011 4459.5000000000009 826.50000000000011 1629.5215454101565 4.5000000000000009 695010.93750000012 0.92422258853912365 3995.5000000000005 4914.5000000000009 0.86362355947494518 4771.5000000000009 3
decision_type=2 2 2 2 2 9 2 2 2 2 2 9 2 2 2 2 2 2 2 2 2 2 2 2 2 2 2 2 2 2 2 9 2 2 2 2 2 2 2 2 2 2 2 2 2 2 2 2 2 2 2 2 2 2 2 2 2 2 2 2 2 9
left_child=2 3 5 20 6 28 9 27 11 50 36 23 44 21 -15 22 -14 26 48 -20 -2 -6 -10 -9 25 -19 -12 32 47 -17 31 58 -3 34 49 -34 -5 38 45 -29 54 -42 43 -43 -7 -26 57 -1 -11 -31 -4 -52 -40 -25 -13 56 -24 -8 -22 -33 -49 -39
right_child=1 7 4 10 13 12 46 8 15 18 17 40 16 14 -16 29 -18 24 19 -21 30 -23 55 53 37 -27 -28 39 -30 33 -32 59 35 -35 -36 -37 -38 61 52 -41 41 42 -44 -45 -46 -47 -48 60 -50 -51 51 -53 -54 -55 -56 -57 -58 -59 -60 -61 -62 -63
leaf_value=-0.0017726168942467039 2.2023955458895449e-05 -0.0091844848638168355 -0.0010741949287614739 -0.003400160572238119 -0.0012079517109966236 -0.00067328517406004126 0.0063845738325678655 0.0094251110776978064 -0.01355026446812708 -0.0052141767804559681 0.0025996689667394327 -0.0067001615230594894 0.00064928855146389954 0.00051309229593027143 0.00440103829584976 0.0035114078847583935 0.0065826406067982651 0.002537829317730167 0.0099923303108620399 0.0027081421149174655 0.0067559764420121945 -4.2650757163002711e-06 -0.0012442104611462023 0.004423167467820629 0.00059314879359384748 0.0086620276601534676 0.006030111840824328 0.011869583693816622 -0.00021926918225972922 0.0057343206359144897 0.01377697575513117 -0.0052810075132140814 0.0057283960982544464 0.01839724514089832 0.0027809684469978901 0.02551851303089352 0.00062038660098261036 0.0018549126205457363 0.032871213995752539 0.022021574249667775 0.0013891627933376044 0.012981555446072461 -0.014399708052934029 0.08371868540512431 0.0016509754131422889 0.0028059971578350269 -0.01345739435222042 -0.0015283221199185917 0.0008432753372799532 0.012854919505784585 0.00049317253198010455 0.0027850260164684489 0.0048283451604217258 -0.0088874220640031854 0.0011221802664948153 0.015225769576121179 0.011642765622859383 0.015678389513553569 0.00069348487080477623 0.0033846091711657055 -0.0008279017323151544 -0.0066362559785482422
leaf_weight=87526.475579320453 1925.7458801269531 140.53979229927063 10371.055108040571 2511.5917358398438 57049.961486816406 163586.44974708557 999.97737978771329 2587.458594635129 70.364107251167297 1096.1881769001484 13251.057832658291 550.22659611701965 36344.935546875 30718.643127441406 4301.3112182617188 3156.3876972198486 1574.903564453125 16360.588293135166 976.73893260955811 26604.632481575012 9172.7947840094566 76687.935852050781 264.57273703813553 2668.2416763305664 32809.840471744537 1321.0652284622192 5131.5924606323242 1253.7043499946594 44071.873870849609 1136.7716960906982 544.81864452362061 440.4832319021225 619.55652689933777 338.73324584960938 1264.4798784255981 112.89881134033203 24865.672011375427 644.53010559082031 39.884037971496582 455.30784368515015 1059.2114843577147 693.40397071838379 92.08696174621582 6.4796485900878897 6410.5744686126709 8439.7036719322205 62.543304443359375 89408.427904129028 4291.309839963913 1426.7483930587769 49933.158212423325 8518.5490844249725 2505.3894872665405 185.27413940429688 4549.9722051620483 1515.9646795392036 676.07358241081238 533.51996518298984 891.76191252470016 3891.146523475647 167998.25065422058 1008.6308059692383
leaf_count=98196 7438 1599 19079 6277 88956 246429 4498 23257 351 2016 41485 2507 65089 58983 12995 29726 4373 59674 4523 69295 48531 153935 1656 18686 100369 6703 22439 15520 63097 8968 5582 1357 7220 10579 11318 3187 73201 3239 275 12460 8711 9772 435 459 12967 28797 124 113103 9674 15379 97910 25243 10179 991 33234 24747 6504 3847 3999 20208 235028 2952
internal_value=-1.26614e-06 0.00271303 -0.000471572 0.00204618 0.000353878 -0.000847916 0.00126565 0.00609091 0.00544518 0.00114878 0.00161915 0.00368783 -0.000315361 -0.000204684 0.000990826 0.00765528 0.000895931 0.0020785 0.00241804 0.00296645 0.00480259 -0.000517774 0.0117396 0.00633682 0.00164766 0.00299591 0.0035577 0.0116495 -0.00113251 0.00624453 0.0054184 0.00510126 0.00589622 0.00831306 0.00741714 0.00880094 0.000251303 0.00112299 0.00129206 0.0145828 0.00160196 0.00525801 0.0104219 0.0137029 -0.000585603 0.00104605 0.00871371 -0.00124921 -0.000388669 0.00970103 0.000540669 0.000827286 0.00527611 0.00355578 0.000276725 0.0124686 0.00801404 0.00962531 0.0062132 0.00249598 -0.00107121 -0.00335207
internal_weight=1.01965e+06 150581 869067 125756 272146 596922 103388 24824.5 22242.5 101792 108890 12392.4 207917 168758 35020 9850.1 37919.8 81512.3 32968.9 27581.4 16866.8 133738 2526.98 5440.97 63129.6 17681.7 18382.7 2582.01 389005 7323.12 14941 14396.2 872.995 4166.73 3828 732.455 27377.3 45448 43794.8 1709.01 6951.38 1851.18 791.971 699.884 169997 41249.5 1596.04 344933 5387.5 2563.52 68822.8 58451.7 2545.27 2853.52 5100.2 2456.61 940.646 1533.5 10064.6 4331.63 257407 1653.16
internal_count=2079331 689971 1389360 442705 551078 838282 236209 247266 207280 227740 355590 98052 328858 314869 71978 109228 69462 276112 85508 73818 87115 242891 33258 42934 212188 66377 63924 39986 509424 75970 79677 74095 12006 46244 35665 10407 79478 145811 139620 27980 55118 19377 10666 10231 259396 129166 8469 446327 11690 24347 142232 123153 10454 19677 35741 32907 8160 8345 52530 21565 348131 6191
cat_boundaries=0 1 2 3 4
cat_threshold=33565 37893 15621 12385
is_linear=0
shrinkage=0.05


Tree=45
num_leaves=63
num_cat=4
split_feature=136 13 24 38 48 13 48 24 35 38 24 48 35 3 3 33 40 94 44 30 35 38 93 38 134 53 15 83 56 73 37 97 112 58 48 113 38 3 25 56 100 33 26 33 100 87 57 101 30 25 80 36 3 116 35 110 41 37 31 90 24 111
split_gain=483.273 122.036 99.2249 45.2371 42.4267 39.8277 36.8275 41.4587 36.3779 32.5732 29.3052 25.7076 24.4338 24.6949 24.4187 28.942 22.0088 20.258 19.9166 24.6314 17.0453 16.7195 18.1074 16.3692 18.7434 17.0784 16.1385 14.8188 14.2308 25.2475 18.3902 15.9085 15.4159 13.7995 13.6786 16.4554 13.6225 14.7244 12.7763 20.0817 12.6497 12.358 12.0966 11.9798 12.618 11.8636 11.7001 11.6629 11.0951 11.0122 12.896 10.9298 10.8597 10.81 10.6863 10.4045 13.5745 11.7618 10.2828 9.9174 9.88459 11.5073
threshold=3.9007984399795537 6.4166667461395273 1776.5000000000002 0.76997897028923046 8084.0000000000009 11.583333492279055 5565.5000000000009 416.50000000000006 4.5000000000000009 1.0182855725288393 4459.5000000000009 11764.000000000002 4.5000000000000009 0 1 128.50000000000003 3623.5000000000005 145816624.00000003 7543.5000000000009 18186.500000000004 7.5000000000000009 1.5160946846008303 243917.31250000003 1.5160946846008303 1.0000000180025095e-35 3010.0000000000005 4.281567096710206 7.5000000000000009 1138936.0000000002 136792.00000000003 -249.49999999999997 276675536.00000006 721.50000000000011 1300150.0000000002 3994.0000000000005 1.0000000180025095e-35 3.9216867685317998 2 8250.0000000000018 1409685.0000000002 480948736.00000006 4336.0000000000009 3490.0000000000005 1387.5000000000002 877818368.00000012 1.1653749346733095 75811.500000000015 1.0000000180025095e-35 1414.5000000000002 8250.0000000000018 78127.500000000015 1.0000000180025095e-35 3 919.83334350585949 7.5000000000000009 719.50000000000011 3512.0000000000005 4375.5000000000009 230.87273406982425 3686116.8750000005 651.50000000000011 62.416666030883796
decision_type=2 2 2 2 2 2 2 2 2 2 2 2 2 9 9 2 2 2 2 2 2 2 2 2 2 2 2 2 2 2 2 2 2 2 2 2 2 9 2 2 2 2 2 2 2 2 2 2 2 2 2 2 9 2 2 2 2 2 2 2 2 2
left_child=2 8 6 28 10 12 60 36 9 43 16 20 55 21 15 26 47 -10 38 33 -9 22 -14 24 -19 45 -11 -18 46 30 31 -30 -31 -20 35 -12 -8 -38 -7 -40 -17 53 -32 -2 -45 -26 -3 -4 -36 50 -42 59 -25 -24 -13 56 -5 -58 -21 -41 -1 -62
right_child=1 3 4 5 -6 18 7 11 17 14 34 54 13 -15 -16 40 27 23 19 58 -22 -23 41 52 25 -27 -28 -29 29 32 42 -33 -34 -35 48 -37 37 -39 39 51 49 -43 -44 44 -46 -47 -48 -49 -50 -51 -52 -53 -54 -55 -56 -57 57 -59 -60 -61 61 -63
leaf_value=-0.0016346538289488339 -0.0012289944777590584 -0.0065889526580403457 0.0017339396461385664 -0.0043827083477302273 0.0024823386321607467 0.0025702343215868013 -0.0012418080250391041 0.0001406127911968869 -9.2322967410066525e-05 0.0084337629410317517 0.0045453341684839254 0.0020678154930956695 0.0017332977901561677 0.0020940135462192626 0.00077947239352228347 0.0017029881990294757 0.00093619760784998188 -0.0017650400788071609 0.010788797551240141 -0.028600506869827416 -0.00085366869790210972 -0.0011150486283276245 -0.0011920813469294739 0.002746409537731755 0.0017979724948658155 0.0081056769839218615 0.020633633524844246 -0.00023510241469254083 -0.0052286197263818335 -0.0080093908645996748 0.0094921275117733732 0.0082994631238954425 0.038397653416641794 0.002430076185515522 0.019154521040773729 0.00036514597623544745 -0.00047040862275887123 0.0031495374648490026 0.010389726582519172 0.00071427177279964876 0.0060465297069555533 0.0090987760938878431 -0.016743144287883649 0.0010580488713683256 0.0045212515493057845 0.0047099837567306018 0.0034428125453680267 -0.00089321586429093726 0.0025587080370801521 0.014015926863349574 0.00086630678220666702 0.027549904477331733 -0.0035293447827523905 0.0061579986233817625 0.00032727690256251327 0.012984937378298846 0.0070865310852979832 0.022611228148916869 0.02587694753480645 0.01897453887904629 0.0069573632753484648 -0.00101714529680865
leaf_weight=97900.905848738854 3233.0740509033203 323.93919944763184 4494.1854872703552 241.62236949801445 22384.297668457031 1662.3264617919922 140597.8642578125 109417.54364013672 22436.652618408203 704.62414240837097 2597.3587461709976 18193.099853515625 2027.1948226951063 9681.8385888375342 3339.9693307876587 2533.7783842086792 57060.244025230408 3134.2717278273776 3833.3385829925537 8.437536492943762 71116.676330566406 885.67835521697998 557.63653990626335 969.71677702665329 37608.493677298538 1205.9820346832275 443.75507378578186 51252.097290039062 771.93054142594337 25.863169848918915 49.144442170858383 301.75586128234863 55.404518902301788 568.98360633850098 101.0660567432642 25158.793068766594 15324.912420749664 3428.4830870628357 2556.7329902648926 1171.2033844967373 8671.9719877839088 3894.6044416427612 377.00215148925781 7969.8793029785156 3929.5169830322266 3859.0173574015498 2771.4205074310303 69992.664247512817 13746.953810200095 378.99118328094482 1397.5226907134056 42.435230656061321 2324.2045524716377 4755.2601652145386 17129.520446777344 986.85955742001534 1714.154257774353 131.40451431274414 300.2913606017828 78.966041066683829 453.0466194152832 156170.35181808472
leaf_count=115562 8928 1054 8187 1534 56024 13978 175295 180293 61247 3361 7325 35833 9730 53508 13578 9468 119673 5623 51346 104 108698 4319 2415 3841 128392 5399 4604 97102 3350 265 313 2310 1478 6681 823 57188 18784 6142 41608 14520 37403 26113 1623 28779 17088 14751 18062 116764 37698 2869 5478 1078 6677 26663 30728 10992 14995 2093 13241 3804 1026 222584
internal_value=-2.25549e-06 0.00268307 -0.000443169 0.00503905 0.000406615 0.00565455 -0.000776201 -0.000461254 0.00178316 0.0031675 0.000199534 -9.64833e-06 0.00457422 0.00398522 0.00463847 0.00554571 -7.30306e-05 0.00115217 0.0082826 0.0106715 -0.000251032 0.00548912 0.00601511 0.00172093 0.00196579 0.00223995 0.0131593 0.000381908 0.000418308 -0.00343897 -0.00491526 -0.00141985 0.023609 0.00971 0.00139723 0.000756574 -0.00107297 0.000192616 0.006239 0.00782151 0.00487564 0.00695713 -0.0136983 0.00146882 0.00220226 0.00206914 0.00239045 -0.000734628 0.00268088 0.00564441 0.00532815 0.00273575 -0.00168251 0.00538556 0.00122391 0.00874866 0.00674065 0.00820043 0.0243281 0.00187879 -0.00124046 -0.000994024
internal_weight=1.02044e+06 143917 876520 39775.4 246788 35099 629732 375208 104141 32603.1 224403 215857 24876.3 21802.2 17470.6 14130.6 182799 71538.3 10222.7 4711.05 180534 12120.4 11234.7 49101.7 45807.8 42673.5 1148.38 108312 4676.46 1581.1 1499.83 1073.69 81.2677 4402.32 41604.2 27756.2 159351 18753.4 5511.66 3849.34 12982.3 9207.5 426.147 15132.5 11899.4 41467.5 3095.36 74486.8 13848 10448.5 10069.5 1292.6 3293.92 5312.9 35322.6 3074.04 2087.18 1845.56 308.729 1250.17 254524 156623
internal_count=2080392 684663 1395729 327177 500784 298722 894945 555773 357486 131556 444760 355552 152362 122748 76761 63183 341726 225930 146360 71372 288991 69240 64921 164683 154165 148542 7965 216775 28455 9339 7596 5660 1743 58027 103034 64513 200221 24926 74988 61010 55218 55191 1936 54795 45867 143143 19116 124951 38521 45750 42881 19402 10518 29078 66561 29614 18622 17088 13345 18324 339172 223610
cat_boundaries=0 1 2 3 4
cat_threshold=34181 13357 2584 4193
is_linear=0
shrinkage=0.05


Tree=46
num_leaves=63
num_cat=3
split_feature=13 134 13 94 13 35 39 120 3 63 75 25 88 48 24 30 37 46 106 35 6 129 31 53 131 39 109 12 47 47 108 121 36 100 24 39 3 35 37 74 121 38 3 35 2 75 38 64 62 134 23 16 100 25 114 124 24 114 74 86 75 88
split_gain=437.417 138.565 65.3488 50.7984 50.5521 46.8557 34.3915 32.0796 29.8089 33.4354 23.8225 23.5521 22.3113 22.0176 21.7267 21.7243 20.8935 20.4605 19.3995 16.5164 16.4952 16.4361 16.3338 15.61 14.9272 14.2812 13.7008 13.6571 13.0052 12.6447 12.4111 11.851 10.9581 10.8459 11.2405 10.5526 10.4974 10.8306 10.7208 18.3718 10.4164 14.9886 10.1044 11.7997 10.0824 11.0661 10.8679 10.0705 10.0171 11.5767 9.98727 9.98094 9.77029 9.70867 9.64475 9.63224 9.5495 10.3844 9.53843 13.5925 12.5746 9.87528
threshold=4.5833332538604745 2.5000000000000004 14.416666507720949 290092656.00000006 1.2500000000000002 4.5000000000000009 0.82915791869163524 1.0000000180025095e-35 0 32858.380859375007 1.0000000180025095e-35 5694.5000000000009 3523149.5000000005 8479.5000000000018 1612.5000000000002 5625.0000000000009 4375.5000000000009 6879.0000000000009 732.50000000000011 7.5000000000000009 -0.93301269412040699 172.41666412353518 1629.5215454101565 659.50000000000011 21.013010978698734 0.96359828114509594 385.50000000000006 31.833333015441898 601.04513549804699 338.83148193359381 805.50000000000011 1.0000000180025095e-35 1.0000000180025095e-35 620091584.00000012 2910.5000000000005 1.5700779557228091 1 7.5000000000000009 1126.0000000000002 73814.500000000015 1555.5000000000002 0.76997897028923046 2 2.5000000000000004 1228.5000000000002 43293.500000000007 1.8415203690528872 1364479.5000000002 212352.50000000003 28.500000000000004 1.000878691673279 88.500000000000014 1316983552.0000002 11518.500000000002 908.50000000000011 1295.5000000000002 87.500000000000014 1249.5000000000002 26107.500000000004 0.9526241421699525 15588.000000000002 2528104.6250000005
decision_type=2 2 2 2 2 2 2 2 9 2 2 2 2 2 2 2 2 2 2 2 2 2 2 2 2 2 2 2 2 2 2 2 2 2 2 2 9 2 2 2 2 2 9 2 2 2 2 2 2 2 2 2 2 2 2 2 2 2 2 2 2 2
left_child=1 4 5 13 10 16 -7 21 9 15 28 26 32 36 42 19 24 18 -4 52 -6 58 23 -11 53 -22 33 -19 -1 -13 -25 -16 -10 -9 -35 -24 -3 38 -38 -40 41 -17 43 -15 45 -20 -47 56 -18 -50 -34 -46 -8 -2 -26 -31 -12 -58 60 -60 61 -5
right_child=2 3 17 7 20 6 8 11 12 22 47 29 -14 14 31 40 48 27 44 -21 25 -23 35 30 54 -27 -28 -29 -30 55 -32 -33 50 34 -36 -37 37 -39 39 -41 -42 -43 -44 -45 51 46 -48 -49 49 -51 -52 -53 -54 -55 -56 -57 57 -59 59 -61 -62 -63
leaf_value=-0.00062315349278033649 0.0066232139400186412 -0.00095455558745616688 -0.00057334287276647477 0.0042973592710989182 -0.0011734826701690162 -0.00072602819772205366 0.0048993515583236015 0.00074882998263963861 -0.00010884349049298027 0.0017366051748151112 -0.0018164537158588375 0.0024059494406834907 0.0044413613420273513 0.0091953145881517959 0.0051484744452292824 -0.013184551468118998 0.0014540393386417889 0.0090129104797639949 0.0094612874642456147 0.0026243900465179092 -0.00028217587573618378 0.018615066087586073 -0.00051318413602571735 0.0036105512123573743 -0.0008923622385080866 0.00067406195291974615 0.00043492499351678474 0.016254797049784716 0.00045306683995187738 0.0042853823498236352 0.0084757542771443217 0.0017545299732703433 0.0027959256521038599 0.0017706265389194394 0.0043330713676001656 -0.011555748718095329 0.00032780619724399201 -0.00070072254417934566 0.0013512521335485102 0.0088705000059659048 0.013460838260628567 0.0080483866051706439 -0.00018206417654757236 0.0013444131841867082 0.0094949614998333549 -0.0018614985522033842 0.02287705824106695 0.0032233513251674153 0.014503039872263986 0.033603226280784972 0.02022408035055949 0.025681481921947715 0.0089168984862382124 0.014262391232991091 0.0055481151101482743 0.0095065330905156949 -0.0011711107136600418 -0.00037941370759704307 0.04651901070118554 0.010277226693120119 -0.0044229523792430146 0.01202804902432701
leaf_weight=160464.79174615524 5295.7789492607117 29297.116044640541 1005.8041572570801 2390.1486655175686 22792.79248046875 6755.9343364238739 4546.6634451448917 11609.388154268265 11685.599863335956 12513.367453604937 45677.672367870808 7962.871678352356 4070.074462890625 498.96659851074219 4400.0789793506265 85.371898651123047 111.05556304752827 3072.4821319580078 582.9939391463995 5880.5990219116211 68288.733276128769 252.70887756347656 953.275714635849 7602.4404911994934 1109.3183064460754 91162.894043207169 29701.366323947906 830.47232055664062 34016.47802734375 3163.3591918945312 1586.7868347167969 6208.1256114467978 248.23830105317757 11840.014714241028 6713.1705610752106 279.80247902870178 41299.68659055233 23704.868621826172 4781.1872446537018 978.86625647544861 958.0333251953125 2491.9895629882812 18884.026366233826 11625.339981079102 1113.8963956981897 600.07966542243958 47.43864631652832 1324.6979503631592 440.96642307937145 97.606675982475281 123.18234777450562 104.40439891815186 2279.0605664253235 452.84839630126953 1217.8147850036621 1230.2527160644531 250716.46860045195 49640.405221939087 27.744152367115021 332.67345052957535 346.86426290869713 500.66015166044235
leaf_count=229656 39090 52696 9991 8522 39668 25065 20618 28909 49889 55533 50553 27477 24143 1763 16041 324 841 39328 9114 24259 126340 2205 4774 36058 6310 176762 69935 28195 51225 11950 9555 16746 1273 30407 24802 913 91335 48487 14118 4016 7090 15618 36412 26652 18414 7188 957 3312 5403 2204 1299 7000 12619 5314 8845 5758 333525 67422 366 1650 931 2589
internal_value=-4.87783e-06 -0.000303134 0.00358981 0.000802779 -0.000635716 0.00312349 0.00264097 0.001845 0.00305237 0.00379702 -0.000878007 0.00160779 0.00123988 0.00024314 0.00120965 0.00553404 0.0065546 0.008075 0.00526831 0.00456834 8.4626e-05 0.00629179 0.00256832 0.0028865 0.00585893 0.000264501 0.00119742 0.010557 -0.000434887 0.00359538 0.00445163 0.00316292 0.00015964 0.00194807 0.00269817 -0.00302662 -0.000158796 0.0001707 0.000609797 0.0026306 0.00900225 0.00734071 0.000541222 0.00166691 0.00766932 0.00446732 -2.51273e-05 -0.00112609 0.0151839 0.0180018 0.00860887 0.0108962 0.00624207 0.00722705 0.00247633 0.00574941 -0.00114276 -0.00104028 0.00542242 0.0131415 0.00455969 0.00563982
internal_weight=1.01998e+06 941834 78143.4 217749 724085 70785.8 62060.4 76071.2 55304.5 39177.4 541841 72220.4 16127.1 141678 41616.5 16241.7 8725.39 7357.57 3454.62 12706.3 182244 3850.8 22935.7 21702.6 8075.76 159452 59863.9 3902.95 194481 12356.5 9189.23 10608.2 12057 30162.6 18553.2 1233.08 100062 70764.6 47059.7 5760.05 3535.39 2577.36 31008.3 12124.3 2448.81 1230.51 647.518 347359 649.629 538.573 371.421 1218.3 6825.72 5748.63 2327.13 4393.61 346035 300357 3598.09 360.418 3237.67 2890.81
internal_count=2079454 1602230 477224 523767 1078463 357037 289030 215501 263965 187361 735693 199238 76604 308266 97614 80528 68007 120187 52664 57496 342770 16263 106833 101146 59559 303102 154053 67523 280881 45185 45613 32787 52461 84118 55209 5687 210652 157956 109469 18134 23032 15942 64827 28415 42673 17259 8145 454812 8448 7607 2572 25414 33237 44404 15155 17708 451500 400947 14058 2016 12042 11111
cat_boundaries=0 1 2 3
cat_threshold=7557 33689 15424
is_linear=0
shrinkage=0.05


Tree=47
num_leaves=63
num_cat=6
split_feature=13 13 134 35 3 124 38 37 40 28 13 48 40 35 110 35 124 3 110 40 3 94 75 70 19 74 97 38 112 3 64 75 61 59 10 3 38 36 39 83 47 5 35 73 125 131 110 87 4 31 73 77 30 87 41 110 38 110 31 126 71 3
split_gain=402.652 121.054 73.8998 47.9628 47.1728 39.6581 33.9112 29.9856 26.3154 27.3421 24.2791 23.6245 22.3045 21.0553 23.9445 19.9846 20.2645 19.9038 18.9208 21.0322 17.466 20.7587 19.0265 16.9703 16.3136 16.0603 15.1285 14.7795 14.4335 15.2268 14.3166 13.6982 13.5738 14.3504 13.1148 13.0165 12.9697 14.4754 12.7988 12.72 12.3576 12.2765 12.2519 13.2261 12.1738 14.7673 11.9687 13.9379 13.4435 11.4253 11.1104 23.506 10.9171 10.8477 10.5499 10.5032 10.467 10.3783 10.049 9.58818 9.25348 11.8183
threshold=2.7500000000000004 8.2500000000000018 1.5000000000000002 7.5000000000000009 0 358.50000000000006 0.86897510290145885 1509.0000000000002 5104.0000000000009 18197.666015625004 0.75000000000000011 9916.5000000000018 3379.0000000000005 7.5000000000000009 719.50000000000011 7.5000000000000009 196.50000000000003 1 818.83334350585949 12294.500000000002 2 337591136.00000006 25383.000000000004 1.2399766445159914 2.5000000000000004 33368.500000000007 3278389760.0000005 1.3069947361946108 1215.5000000000002 3 1317867.0000000002 25383.000000000004 36180.250000000007 227780.00000000003 7.5000000000000009 4 1.0182855725288393 1.0000000180025095e-35 1.0405580997467043 4.5000000000000009 509.12289428710943 11.500000000000002 1.5000000000000002 8297.0000000000018 943.50000000000011 55.258333206176765 653.16665649414074 1.4649918079376223 403.50000000000006 1629.5215454101565 136792.00000000003 249801.50000000003 1.0000000180025095e-35 0.95779097080230724 8041.5000000000009 818.83334350585949 1.3069947361946108 719.50000000000011 230.87273406982425 1149.5000000000002 1.0038583278656008 5
decision_type=2 2 2 2 9 2 2 2 2 2 2 2 2 2 2 2 2 9 2 2 9 2 2 2 2 2 2 2 2 9 2 2 2 2 2 9 2 2 2 2 2 2 2 2 2 2 2 2 2 2 2 2 2 2 2 2 2 2 2 2 2 9
left_child=2 3 10 5 7 11 20 52 44 13 39 23 -7 14 38 16 28 26 19 34 21 22 -3 36 30 -24 -15 31 -6 -30 -14 -20 -26 57 -5 -13 60 -38 -10 -1 -18 54 43 -31 -8 -46 -11 48 58 -40 -22 -52 -4 -29 -9 -19 -57 -34 -48 -42 61 -2
right_child=1 6 4 18 15 12 8 41 9 46 -12 35 24 17 -16 -17 40 55 27 -21 50 -23 25 -25 32 -27 -28 53 29 42 -32 -33 33 -35 -36 -37 37 -39 49 -41 59 -43 -44 -45 45 -47 47 -49 -50 -51 51 -53 -54 -55 -56 56 -58 -59 -60 -61 -62 -63
leaf_value=-0.00051886202370013336 0.0023298452949691846 0.0054239716027060939 0.00909542358092757 0.0002875804231097141 -0.00044853871750038469 0.0012184984978997038 0.0010156855617669571 0.0053442581363251536 0.0033200533571722292 0.046522680456585842 -0.00034245703621918071 0.0043211752269778879 0.020939873846180092 0.00099595561584710376 0.012387315167864756 -0.00077739766284529903 0.0007532256839498019 0.0048038763799844193 0.0053377004534872425 0.0025350797919200564 -0.0027132244693896055 0.0085664735335402257 -0.018962479750723557 -0.0047960009392473135 -0.016112244321493611 -0.0013507510560436514 -0.028794838490344379 0.020142945359689815 -0.00059848939912451437 0.0010257312308677331 0.0037691073207214085 0.0016086348491003864 0.0044742414182364189 0.0030126869041829985 -0.0020950694738801649 0.0006547677543917059 0.0017479283123254469 0.007481107438116902 0.0078939561114526238 -0.0012092477674559661 0.0027549569720388693 -0.0011058727406166558 0.0013642025440368838 0.016573798105237621 0.0054293704960325616 0.032593725589893624 -0.017461130396132916 -0.019257537123576744 -0.0040262047283143596 0.021022981435201732 0.023577069313821541 -0.0033555297382328987 0.0010757120333701566 -0.003330203891443612 0.014118578919464362 0.010870170590919711 0.00043271640324495038 0.0073200872503977558 0.018494541386642565 0.016944168267772081 -0.00070138337355242974 -0.0037199619022271467
leaf_weight=88998.022332255961 6523.1599373817444 1104.6594309061766 427.87571048736572 46151.562402263284 88230.674367904663 6365.5328903198242 2699.2503261566162 4190.1456968784332 1815.218936920166 30.20826244354248 195038.04693603516 9710.1023800373077 280.85394215583801 1594.1908428072929 2882.3729953765869 75744.300048828125 30962.781723022461 3315.2474907040596 4418.5454430580139 9588.154109954834 1982.3402173370123 1591.5572395324707 154.2301170527935 1257.3185386657715 80.195132788270712 797.87620985507965 43.283611297607422 50.693458080291748 13123.810607910156 270.14270117878914 215.40642619132996 5576.0371985435486 9362.1275536492467 10489.631464477628 6600.9393105357885 3248.9522845745087 14000.613067278173 1195.3179670483805 1313.1918029785156 266864.50048828125 7730.4511623382568 685.06494140625 21483.309356689453 278.22672745585442 2039.9508686065674 50.902372360229492 19.397159397602081 28.825830817222595 77.909482359886169 190.20077133178711 131.5138635635376 208.78699684143066 47481.985678672791 1250.4768300056458 373.79778456687927 1712.5749492645264 280.58976936340332 4889.3804895877838 803.0075621008873 120.59556007385254 10924.481809616089 911.82577443122864
leaf_count=122627 21018 8375 1525 122980 150979 24412 20975 16439 15458 1170 313634 36807 3095 12982 36123 128380 66918 23977 17109 29929 12238 16243 490 3700 215 4399 224 276 18680 686 1742 20375 43617 37802 22171 10896 45050 6615 12869 333499 18695 1932 42894 1257 24060 1592 233 232 1108 3785 3081 1856 101516 3932 2158 18695 2053 24871 25756 616 31442 2437
internal_value=6.35451e-06 0.00216729 -0.000450356 0.00164165 0.000194018 0.00249366 0.00540299 0.00154047 0.00644102 0.00752861 -0.000790861 0.00158374 0.00386542 0.00693277 0.00905165 -0.000106834 0.000206271 0.00503988 0.000722237 0.000380968 0.00211682 0.00426782 0.000958495 0.000905124 0.0045307 -0.00421735 0.000195694 0.00260514 -0.000107146 0.000749508 0.0135081 0.00325792 0.00435074 0.00441759 -1.04837e-05 0.00340626 0.00111896 0.00219946 0.00615153 -0.0010366 0.00120272 0.00512854 0.00155227 0.00893139 0.00323672 0.00610072 0.0156809 0.0146483 0.0157495 0.00956473 -0.00127282 0.00705759 0.00114753 -0.00240447 0.00606546 0.00652041 0.00940381 0.00545116 0.0176303 0.00297461 0.000224336 0.00158516
internal_weight=1.01996e+06 177959 842004 153091 291103 79454.9 24867.3 53158.9 18896.3 14106.2 550901 47771.8 31683.1 13146.9 6200.98 237944 162200 6945.89 73636.4 62340.7 5970.96 3648.32 2056.77 34812.7 25317.6 952.106 1637.47 11295.8 123386 35155.5 496.26 9994.58 24821.3 24741.1 52752.5 12959.1 33555.4 15195.9 3318.61 355863 38813.8 5249.01 22031.7 548.369 4790.1 2090.85 959.348 929.14 900.314 1503.39 2322.64 340.301 47909.9 1301.17 4563.94 5308.41 1993.16 14251.5 822.405 7851.05 18359.5 7434.99
internal_count=2080900 758465 1322435 510491 552675 293719 247974 123570 201292 154665 769760 157965 135754 126166 68235 429105 300725 57931 216772 175080 46682 29507 13264 110262 111342 4889 13206 41692 214496 63517 4837 37484 106505 106290 145151 47703 106562 51665 32112 456126 86229 20529 44837 1943 46627 25652 28499 27329 27097 16654 17175 4937 103041 4208 18597 44725 20748 68488 25989 19311 54897 23455
cat_boundaries=0 1 2 3 4 5 6
cat_threshold=12384 4168 7173 33296 3397 3429
is_linear=0
shrinkage=0.05


Tree=48
num_leaves=63
num_cat=5
split_feature=134 13 13 3 6 40 19 20 3 33 39 106 108 60 33 58 3 51 13 25 65 70 38 112 100 59 60 38 48 69 100 134 38 58 87 63 112 124 80 39 46 39 36 3 70 39 24 19 24 124 3 32 124 117 45 110 9 51 124 24 84 51
split_gain=370.745 120.515 87.737 36.9998 30.4088 30.1138 28.2946 27.811 27.1492 26.8056 25.3512 24.7225 22.7063 21.5816 21.0067 22.1755 20.1308 20.0598 17.937 17.5663 16.9465 15.8942 19.2835 17.5465 15.8651 19.4729 15.0489 14.7758 14.5939 14.4935 14.1785 13.4501 13.0219 12.9469 12.8815 12.635 12.3289 13.3905 12.2718 12.0133 11.7159 10.9253 10.6502 10.4621 10.3305 11.1172 10.9571 10.0907 10.2363 10.0248 9.98454 9.89277 9.84122 9.78971 9.77775 9.64158 9.4751 9.36323 9.09109 9.08869 10.1345 8.99382
threshold=5.5000000000000009 1.9166666865348818 7.2500000000000009 0 -0.93301269412040699 7083.5000000000009 3.5000000000000004 1.0000000180025095e-35 1 7196.5000000000009 1.26193243265152 700.50000000000011 105.50000000000001 1181804.5000000002 7196.5000000000009 1140432.0000000002 2 4.5000000000000009 4.5833332538604745 8250.0000000000018 50294.500000000007 1.2127067446708681 0.86897510290145885 1041.5000000000002 548935104.00000012 227780.00000000003 1523485.5000000002 0.84233343601226818 5289.5000000000009 110176.00000000001 1316983552.0000002 11.500000000000002 0.91614836454391491 1140432.0000000002 0.94150352478027355 37418.890625000007 688.50000000000011 222.50000000000003 133850.50000000003 1.1419205069541933 1.0000000180025095e-35 0.96359828114509594 1.0000000180025095e-35 3 1.2399766445159914 0.82915791869163524 11838.000000000002 7.5000000000000009 8460.0000000000018 251.50000000000003 4 4477.0000000000009 1970.5000000000002 279.91667175292974 8004.2500000000009 653.16665649414074 64.500000000000014 4.5000000000000009 1970.5000000000002 2645.0000000000005 7.5000000000000009 4.5000000000000009
decision_type=2 2 2 9 2 2 2 2 9 2 2 2 2 2 2 2 9 2 2 2 2 2 2 2 2 2 2 2 2 2 2 2 2 2 2 2 2 2 2 2 2 2 2 9 2 2 2 2 2 2 9 2 2 2 2 2 2 2 2 2 2 2
left_child=1 3 6 10 -3 14 8 11 12 26 17 30 13 31 -4 44 -12 36 43 28 -9 22 -5 -24 -13 -26 32 38 -14 54 -6 -2 33 -7 -35 -20 40 -38 -17 61 -1 52 53 -8 45 50 -47 51 -49 -11 -16 -34 -22 -29 -18 -28 -48 -51 -10 -30 -61 -25
right_child=2 4 5 21 7 9 18 20 58 49 16 24 19 -15 15 27 29 -19 35 -21 41 -23 23 39 25 -27 55 42 59 -31 -32 -33 47 34 -36 -37 37 -39 -40 -41 -42 -43 -44 -45 -46 46 56 48 -50 57 -52 -53 -54 -55 -56 -57 -58 -59 -60 60 -62 -63
leaf_value=0.0021964301134777152 0.0097898576563356515 -0.00079791997004827891 0.001604827573708183 -0.0013149333302877961 0.00051005667183074593 0.0047688891670861489 0.002344869800270058 -0.0048289170200418426 0.00083498979729065533 0.0019845621183248651 0.0041728097673874283 0.0011350969385477111 0.0014173151397597358 -0.0032945892165272342 -0.01192439535622463 -0.013408213264531369 0.00093239073982421834 -0.00068629525417643594 0.0033437270923994799 0.0087805119002853094 -0.00025731597501760885 -0.001503020995050685 -0.00085261990884288722 0.00080207572525810799 0.0057632651345474791 0.0025325065825113013 -0.0073367263183269846 0.028991163093851413 0.0027655485011655791 -0.0010406366262075961 0.00232497575838094 0.021735367965070598 0.0066402880811694933 -0.01744769556617019 0.0022557975997120031 0.000741661630539239 0.0001562003950584312 0.0017175807379511594 0.013240916026177236 0.00071072548685766578 -0.00094225289163988799 0.00098286648565359589 0.019929072202287942 -0.00017011276408909759 -0.00023901283960676997 0.0061478044349835802 0.011589194530496387 0.0062761793269544789 -0.0052638644978780947 0.020568331859566066 0.0078544906919529693 0.011832976889510545 0.0073070548956061174 0.0023655918047429604 0.004104859481204085 0.026716124755802203 0.04214365173653431 0.011450872689810038 0.016906933421593696 0.0070564410079557507 -0.011130113494518389 -0.00067125307068272456
leaf_weight=3339.8213891983032 1425.0632329843938 26075.48095703125 5995.0321960449219 103707.01139816467 38588.820208072662 2553.3589854687452 5311.71337890625 1520.96466588974 7450.6632347106934 239.90227031707764 4633.6537322998047 10104.612480163574 5567.6460361778736 274.85607528686523 110.6235237121582 235.06385803222656 18643.321296691895 152267.98895263672 13051.529024124146 1653.6839742660522 35552.152701288462 83766.032623291016 152227.4674987793 12655.7646484375 6757.2673562765121 15094.688034653664 284.52153122425079 34.611397802829742 2686.3479042947292 9040.5992736816406 14928.014640808105 283.69352284446359 1770.9935299903154 136.58004206046462 208.90859538689256 7269.6687297821045 46012.36335849762 19577.473434448242 52.29789924621582 37069.352172851562 27000.250204086304 48731.453515142202 93.955361863598228 18526.377563476562 338.71555709838867 1356.0893038511276 1958.2643489893526 3462.3931951522827 202.61115646362305 330.48069667816162 124.71928608417511 1923.5198290348053 434.70938110351562 2232.8266328964382 2793.9332656860352 21.884833216667175 25.417058939114213 2005.2933025360107 88.581272125244141 3387.3972850106657 77.734149310737848 56990.9072265625
leaf_count=6700 7176 58721 38984 131367 94211 20539 17666 2885 28621 3027 12744 28565 18671 756 734 1202 35332 235235 60574 10490 77620 103213 211300 20098 24787 47807 1964 676 9367 15354 41203 3504 14356 635 1487 29808 76188 40577 1191 53969 43865 114273 1698 52798 3123 12056 25912 26996 1422 8597 1279 22333 1810 29829 6111 332 2101 38021 812 18672 242 78483
internal_value=-4.11497e-07 -0.000301825 0.0030136 -0.000598552 0.000792903 0.00549776 0.00206146 0.00103451 0.00348798 0.00717142 -0.000151585 0.00167369 0.00469344 0.00968994 0.00374581 0.0057006 0.00110588 -0.000329502 0.0013217 0.0039551 0.000400938 -0.000882175 -0.000738779 -0.000508007 0.00277421 0.00353189 0.00605487 0.00216441 0.00327341 0.000637804 0.00101642 0.0117818 0.00638125 0.00353863 -0.00553298 0.00241316 0.000236778 0.000622332 -0.00852631 -1.63788e-05 -0.000596553 0.000494918 0.00346902 0.000391027 0.00809193 0.00888254 0.00962281 0.00749994 0.00563622 0.0117472 -0.00159957 0.00934641 -0.000165702 0.00278053 0.00134618 -0.00484867 0.0119937 0.0127471 0.00102424 0.00495228 0.00664547 -0.000403453
internal_weight=1.02027e+06 927514 92753 729726 197788 25698.1 67055 171713 22895.7 13140.4 283309 85473.4 15356.4 1983.61 12557.6 6562.58 35111.5 248198 44159.3 13372.8 86239.3 446417 362651 258943 31956.6 21852 10564.8 2648.76 11719.1 30477.9 53516.8 1708.76 10258.4 2898.85 345.489 20321.2 95929.9 65589.8 287.362 106716 30340.1 84718.3 2361.39 23838.1 3913.83 3575.11 3339.77 7359.52 3665 2575.68 235.343 3694.51 35986.9 2267.44 21437.3 306.406 1983.68 2335.77 7539.24 6151.48 3465.13 69646.7
internal_count=2080069 1562418 517651 1070536 491882 258494 259157 433161 98311 139709 472106 236573 68878 11436 118785 79801 69541 402565 160846 57442 196588 598430 495217 363850 101159 72594 90064 34596 46952 56797 135414 10680 87768 22661 2122 90382 167330 116765 2393 152550 50565 193703 32203 70464 45205 42082 40069 65107 28418 49645 2013 36689 79430 30505 41443 2296 28013 46618 29433 28281 18914 98581
cat_boundaries=0 1 2 3 4 5
cat_threshold=15456 13348 12352 4128 8288
is_linear=0
shrinkage=0.05


Tree=49
num_leaves=63
num_cat=0
split_feature=13 134 124 13 35 109 106 40 13 40 46 38 37 84 124 35 21 38 46 40 25 40 25 70 59 33 105 108 11 46 104 32 49 119 56 56 48 83 54 55 35 38 106 107 14 74 38 69 126 130 57 101 104 108 32 64 15 108 132 25 29 56
split_gain=334.877 106.696 53.6351 53.234 45.3055 32.1071 30.2853 26.3111 24.9703 24.8262 24.3492 20.0858 19.8867 19.4471 18.3109 17.8741 15.4796 15.4511 15.11 15.0736 17.5668 14.3795 16.8476 14.2096 14.8845 13.7942 13.6072 13.0067 12.2227 12.1862 12.1157 12.0889 11.9331 11.283 11.8746 10.7989 10.4489 12.0496 10.2207 10.1993 9.87617 9.83639 16.1115 9.62999 9.51032 12.5878 9.34129 9.7406 9.29867 10.56 9.11656 9.10774 9.04367 8.98897 8.75892 8.63301 8.38634 8.38113 8.92515 11.2646 8.3533 8.29569
threshold=4.5833332538604745 1.5000000000000002 285.50000000000006 14.416666507720949 4.5000000000000009 453.50000000000006 749.50000000000011 12294.500000000002 0.75000000000000011 5664.5000000000009 13168.000000000002 3.9216867685317998 4375.5000000000009 1.5000000000000002 251.50000000000003 7.5000000000000009 4.5000000000000009 0.84233343601226818 9338.5000000000018 4347.0000000000009 1558.5000000000002 3379.0000000000005 4351.5000000000009 1.0826829671859743 227780.00000000003 7196.5000000000009 1482904128.0000002 489.50000000000006 134.50000000000003 1.0000000180025095e-35 493400608.00000006 1352.5000000000002 1.0000000180025095e-35 394.50000000000006 1124816.0000000002 393924.00000000006 3244.5000000000005 4.5000000000000009 1.3481078147888186 1.3714220523834231 7.5000000000000009 1.5160946846008303 850.50000000000011 548.50000000000011 43.500000000000007 461136.50000000006 0.86897510290145885 82505.000000000015 890.50000000000011 0.46944189071655279 1124816.0000000002 1039028096.0000001 1266265088.0000002 699.50000000000011 9509.0000000000018 104356.50000000001 11.925663471221926 619.50000000000011 0.74728038907051098 4351.5000000000009 9366.4165039062518 1124816.0000000002
decision_type=2 2 2 2 2 2 2 2 2 2 2 2 2 2 2 2 2 2 2 2 2 2 2 2 2 2 2 2 2 2 2 2 2 2 2 2 2 2 2 2 2 2 2 2 2 2 2 2 2 2 2 2 2 2 2 2 2 2 2 2 2 2
left_child=1 8 10 4 12 11 7 30 29 25 13 21 33 17 61 46 -15 -3 26 -19 35 39 -23 24 60 54 28 -22 32 -1 -6 -12 -16 52 -35 -21 -31 -38 -26 -4 50 42 57 -43 -20 -46 -11 -48 53 -50 -10 -13 -2 -27 56 -34 -8 -17 -59 -60 -7 -5
right_child=3 2 5 14 6 23 9 -9 40 15 31 51 -14 16 18 41 -18 19 44 20 27 22 -24 -25 38 48 -28 -29 -30 36 -32 -33 55 34 -36 -37 37 -39 -40 -41 -42 43 -44 -45 45 -47 47 -49 49 -51 -52 -53 -54 -55 -56 -57 -58 58 59 -61 -62 -63
leaf_value=0.0009814569259844971 -0.00010689703042208372 -0.0011529150599686596 0.0002578226437946079 0.0066623792063586779 -0.0031463963579708635 0.0032233622717020012 0.0013252926998080681 0.0040042654633281544 -9.2219522209787449e-05 0.0026020252425110898 0.0011599187142721332 0.0068297326397016161 0.014591780629081202 0.0015500916859382328 0.06040755875907107 0.016144064258439388 0.0083399118222884597 -0.00069468187868170525 0.010698010647124723 -0.00048172818321017973 0.0036759868300387227 0.0021794698204934018 0.0050478362905295379 -0.00046556393712744097 0.00054041477668406799 0.020376565601750045 -0.039343685260766662 0.00079497957389688457 0.040258453137728932 -0.0015805876453347412 0.000746623999271775 0.004472018800451511 -0.0086352729968109977 0.0073897530944470203 0.00079687583828658365 0.00060679661536263947 -0.00028610614159947195 -0.0010478020148688035 0.0042474363229505051 0.0042173091119064561 -0.00062622082331985948 0.018684037339219899 0.0071217974533206059 -0.002795743807875649 0.025198723992659683 -0.020686446266652645 0.0096647399299671574 0.0041390753559387627 0.0028225691661662245 0.0088268381646942323 0.001414012022671943 0.018467959560703465 0.006947732674030341 0.001036426561976324 -0.0041709729957021789 0.0067820341431612868 -0.019055109750405419 0.0031498046038840079 0.015018072125371693 -0.0047771367113987849 0.017299939300620522 -0.0020228946480221597
leaf_weight=7985.3380404240452 1372.6947556734085 35377.600530859083 11591.160556793213 452.72308588027954 2193.8506160378456 5666.0323934555054 8724.2511031627655 6373.230224609375 101361.28198242188 915.31974029541016 14961.646808668971 762.9968729019165 639.89541625976562 5002.7334831394255 9.7999519811710325 115.05994339287281 1009.1095327734947 59289.635021686554 1687.8683843612671 67374.691856235266 4336.7150012552738 25073.420818328857 6438.1381378173828 21008.247734069824 33285.864973068237 61.275142669677734 15.519973754882811 40635.746401786804 26.68956622632686 62284.941048622131 22364.521095693111 3378.9048575907946 92.137141515733674 5210.2792688012123 788.13942462205887 34424.606505393982 68261.593367576599 217177.59247589111 1969.5259857177734 1892.091552734375 99794.439453125 55.125327616930008 2992.7359313964844 834.47351595759392 201.98721122741699 15.648970603942869 3014.3685492575169 1090.9266625344753 1482.3146018981934 1454.4079322814941 11150.230041503906 216.74937343597412 677.50318908691406 2250.2280921936035 827.8118896484375 4152.9504925289657 50.242335557937622 6574.6255462616682 80.031592845916748 662.56218671798706 107.10290050506592 697.27861547470093
leaf_count=12388 7539 63608 29366 4975 7719 14290 35147 29371 171177 5290 28904 3628 8408 11086 378 731 4621 104667 26271 111472 13289 69113 26511 47368 76621 687 117 97529 2426 80651 89373 10413 518 41776 5317 68264 94170 268638 5513 5499 159961 341 19069 3683 10251 455 21296 6484 9245 10348 21615 1349 4910 12226 3264 67588 126 31870 479 2580 599 7348
internal_value=-5.44737e-07 -0.000261539 0.000394476 0.00314438 0.00272373 0.001334 0.00225055 0.00114173 -0.000693262 0.00335015 1.26545e-05 0.00233542 0.00610577 -0.000117616 0.0071941 0.00469544 0.00269122 -0.000187582 0.0082686 -2.18223e-05 0.000249952 0.00218099 0.00276574 0.000591772 0.00113329 0.00186991 0.00662124 0.00107295 0.0067936 -0.000949382 0.000398592 0.00177049 0.0065778 0.00542962 0.00652448 -0.000113581 -0.000993739 -0.000865664 0.000747705 0.00081396 -0.000264118 0.00359254 0.00402331 -0.00144935 0.0119782 0.0218366 0.00717936 0.00819827 0.00393125 0.00579887 5.70137e-05 0.00941767 0.00222305 0.00155557 0.000742604 0.00644526 0.00120695 0.00277458 0.00256258 -0.00262835 0.00348685 0.00139332
internal_weight=1.01998e+06 941818 373803 78158.5 70805.9 108011 62117.4 30931.6 568015 31185.8 265791 45974.6 8688.51 247451 7352.6 16335.2 6011.84 241439 6202.6 206061 146772 44994.8 31511.6 62036.8 41028.5 14850.5 4297.1 44972.5 4281.58 355709 24558.4 18340.6 4254.89 8048.62 5998.42 101799 347724 285439 35255.4 13483.3 212306 11314.6 10425 889.599 1905.5 217.636 5020.61 4105.3 5248.23 2936.72 112512 979.746 2050.2 2311.5 9602.31 4245.09 8774.49 7432.28 7317.22 742.594 5773.14 1150
internal_count=2079916 1602310 793710 477606 357279 279857 289329 126463 808600 162866 513853 135466 67950 474536 120327 91823 15707 458829 108004 395221 290554 130489 95624 144391 97023 71043 71027 110818 70910 455847 97092 39317 68484 59542 47093 179736 443459 362808 82134 34865 352753 58753 54729 4024 36977 10706 33070 27780 32506 19593 192792 4977 12449 12913 38537 68106 35273 35660 34929 3059 14889 12323
is_linear=0
shrinkage=0.05


Tree=50
num_leaves=63
num_cat=0
split_feature=13 24 48 13 35 33 48 35 24 83 65 32 110 31 106 112 40 41 101 46 35 24 110 29 40 55 28 47 35 111 95 56 38 6 38 106 9 46 106 35 38 56 120 106 24 126 60 38 113 127 80 109 36 49 128 51 65 83 24 118 25 26
split_gain=307.153 105.631 56.2633 48.7457 32.7879 31.4658 31.2964 29.4816 24.1889 22.6523 22.1483 21.2681 28.7697 20.9318 21.4214 19.4377 18.0562 17.8718 17.4686 16.5591 16.0575 15.4757 14.9514 14.3126 13.8078 13.5289 12.5819 12.3557 11.9768 11.7788 11.6417 11.3918 11.8679 11.1089 10.8931 12.7344 10.7166 10.548 12.9074 10.469 10.1585 10.1181 11.6863 9.84173 9.56257 9.4227 9.41755 9.18034 9.11453 9.08229 10.2719 9.69008 9.02471 8.93283 8.79737 8.74363 8.66717 8.59504 8.57509 9.88729 8.0323 7.97749
threshold=4.5833332538604745 1776.5000000000002 5565.5000000000009 11.583333492279055 4.5000000000000009 9851.0000000000018 11764.000000000002 4.5000000000000009 416.50000000000006 7.5000000000000009 57728.000000000007 487.50000000000006 151.83333587646487 1629.5215454101565 765.50000000000011 650.50000000000011 4622.5000000000009 7536.5000000000009 1377853696.0000002 8078.0000000000009 7.5000000000000009 4459.5000000000009 151.83333587646487 9366.4165039062518 5664.5000000000009 1.3714220523834231 11113.500000000002 1049.9644775390627 7.5000000000000009 251.41666412353518 3334614144.0000005 1138936.0000000002 0.91614836454391491 -0.68301269412040699 0.76997897028923046 883.50000000000011 28.500000000000004 7563.0000000000009 682.50000000000011 1.5000000000000002 3.9216867685317998 1409685.0000000002 1373.5000000000002 442.50000000000006 11838.000000000002 890.50000000000011 133906.16406250003 3.9216867685317998 674.50000000000011 1667.5000000000002 14386.000000000002 553.50000000000011 1.0000000180025095e-35 8125.5000000000009 222.16666412353518 1.5000000000000002 171962.00000000003 4.5000000000000009 4459.5000000000009 1.0000000180025095e-35 3132.0000000000005 11353.500000000002
decision_type=2 2 2 2 2 2 2 2 2 2 2 2 2 2 2 2 2 2 2 2 2 2 2 2 2 2 2 2 2 2 2 2 2 2 2 2 2 2 2 2 2 2 2 2 2 2 2 2 2 2 2 2 2 2 2 2 2 2 2 2 2 2
left_child=1 6 5 4 37 9 11 19 40 15 -5 -1 56 14 18 55 -14 30 -6 58 -18 -17 -10 31 -16 -7 49 53 -26 43 34 -19 -33 -28 35 44 -32 54 -39 -21 -8 42 -36 -23 -12 -46 -41 -31 -38 50 -15 -52 -43 60 -2 -3 -13 -24 -4 -60 -9 -51
right_child=3 2 7 10 13 25 8 27 22 -11 17 12 16 26 24 21 20 23 -20 39 -22 29 57 -25 28 -27 33 -29 -30 47 36 32 -34 -35 41 -37 48 38 -40 46 -42 52 -44 -45 45 -47 -48 -49 -50 61 51 -53 -54 -55 -56 -57 -58 -59 59 -61 -62 -63
leaf_value=-0.0012103213068193964 0.00052727596197740367 0.0021259444203661059 0.0017921469939139725 -0.0068223830091319344 0.00067241249066429375 0.0029246837730297313 -0.00072119228604051945 0.000193135006664907 0.0057211950217529554 -0.00064434225308180541 -0.00010999734978931153 0.00036606264851323959 -0.0010295315262360176 0.0040303566499427191 0.0022370920320077263 0.00046501475146934956 1.7033298677862869e-05 0.0090699519608567099 0.0032061262992571465 0.022125230618332055 -0.00084092343091887321 -0.0023171087095965807 0.0027807394657520558 0.013409915416959826 0.0074354865951152529 0.010034669416168433 0.0096252918485596195 0.0041124118703192037 0.0037604470042922403 0.0019285194785217199 0.0063544122390265002 -0.0032917087056484363 0.0064794401343143213 -0.00020801049082208535 0.0030812374333863673 0.021436142420545638 -0.0015305836860085447 0.0053188553548565295 0.012429341499050112 0.00024677062437262239 0.0014556570596977133 5.4787844375587954e-06 0.0090688672706848977 0.01073546409863442 0.0067409120126003478 -0.019093699271607499 0.0057343991450864232 -0.012474635677528935 0.022284677260500579 0.0034261869234044583 0.001201299302580127 -0.0061144442152059764 0.022517399795878006 0.0020762162964209556 0.0052610057895438288 -0.00099767844816669874 0.0043165781231448508 0.00065510235239714181 0.029529598968420296 0.0044176995418137213 0.0015428147040805356 0.037988374691101667
leaf_weight=173389.36890147312 1280.4992351531982 2459.2881686687469 15708.031373500824 329.41958808898926 21157.68114566803 2625.0858764648438 45741.459686279297 38072.074912428856 1728.0682861804962 84332.010856628418 480.51910633966327 2179.5956243276596 147153.26184475422 403.25726580619812 10826.421764373779 67632.093981981277 139020.06660318375 2623.0812575817108 10031.33460521698 89.69073486328125 89728.634541988373 183.86122846603394 5572.0174586772919 1147.9108123779297 3015.4429473876953 899.447021484375 414.66325759887695 3063.0770263671875 8429.8569946289062 16880.752972602844 771.95610332489014 440.43192768096924 1048.5966157913208 928.8481559753418 1691.4890997298062 52.811489105224609 48.568427357822657 1724.3023867607117 1018.1764035224915 914.54269453883171 6068.876220703125 1280.220176181756 1579.6133766770363 660.12821912765503 45.236960887908936 152.80852127075195 5467.8036036789417 110.78114318847656 220.20272609218955 58.678586959838867 576.89635515213013 2080.4057815074921 45.639976062811911 12346.373252868652 4238.6969318389893 25023.075952529907 3838.719199180603 32546.096628189087 39.34589958190918 2821.5735173225403 15521.973587632179 23.12047004699707
leaf_count=206595 6947 5190 43081 1570 81222 10220 61664 80569 4512 159015 3085 3403 203105 1888 48735 137156 229991 32855 43801 979 136551 664 13061 28162 18794 4732 3244 8634 41411 49527 9669 3600 12250 5491 17376 863 1312 11976 10402 2645 8937 14777 23366 3759 509 585 21418 217 9902 299 2967 7008 1145 32724 32094 47556 8864 62012 448 12773 41963 247
internal_value=-2.32347e-06 -0.000252294 0.00053207 0.00300944 0.00247862 5.9372e-05 -0.00060977 0.00154133 0.000246165 -2.42665e-05 0.00594765 -0.000751056 -0.000542538 0.00205831 0.00233362 0.000438658 -0.00059746 0.0063101 0.00148753 0.00301098 -0.000319487 0.000810627 0.00117241 0.00846817 0.00351818 0.00474171 -0.00122145 0.00100791 0.00472941 0.00212085 0.00452651 0.00708599 0.00358579 0.00282569 0.00357962 -0.00208237 0.00936557 0.00542573 0.00796231 0.00518942 -0.000466096 0.00448165 0.00597513 0.00788638 -0.00393457 -0.0131653 0.00494893 0.00183396 0.0179677 -0.00295356 -0.00339512 -0.0045244 0.000792371 0.000863595 0.00416379 -0.000717942 0.00288684 0.000965987 0.00225132 0.00476991 0.000584135 0.0134274
internal_weight=1.01998e+06 941817 294851 78166.8 66208.3 200807 646966 94044.5 91656.5 197282 11958.5 555310 381920 57946.6 53460.7 112950 375902 11629.1 31189 25041 228749 85467.6 39846.2 5260.02 22271.7 3524.53 4485.87 69003.5 11445.3 17835.5 6369.07 4112.11 1489.03 1343.51 5328.34 731.376 1040.73 8261.67 2742.48 6472.04 51810.3 4596.96 3271.1 843.989 678.565 198.045 6382.35 16991.5 268.771 3142.36 3060.56 2657.3 1325.86 65940.4 5519.2 27482.4 6018.31 38118.1 18569 2860.92 53594 81.7991
internal_count=2079517 1601965 663270 477552 316526 418036 938695 245234 150186 403084 161026 788509 581914 255107 233963 244069 569647 159456 125023 81344 366542 191323 79585 76867 108940 14952 21144 163890 60205 54167 82589 48705 15850 8735 61706 5042 20883 61419 22378 25042 70601 56664 40742 4423 4179 1094 24063 49744 11214 12409 11863 9975 15922 155256 39041 52746 12267 75073 56302 13221 122532 546
is_linear=0
shrinkage=0.05


Tree=51
num_leaves=63
num_cat=2
split_feature=8 13 20 94 46 33 3 111 38 40 24 56 106 60 24 24 96 21 24 38 19 3 39 67 71 94 83 32 99 128 79 70 113 8 74 39 35 49 111 85 6 15 46 94 40 87 70 132 33 30 55 124 65 56 30 71 124 118 38 67 63 29
split_gain=281.996 103.804 58.6801 36.9714 33.3679 29.8144 26.6269 23.3701 27.1426 20.5808 23.5981 19.6176 19.351 18.838 16.8713 16.1162 15.7103 15.5336 14.7561 14.3383 14.0881 13.9065 13.8537 16.6667 13.7954 13.5538 16.5057 16.7484 13.5306 13.0155 32.8433 12.959 13.7853 12.4748 12.2778 12.2913 11.6625 11.2695 11.0773 10.9758 10.9325 10.8029 10.6048 10.5809 11.1499 10.5248 10.3969 10.2233 10.1686 10.1482 10.126 10.0809 10.0497 10.0076 9.64383 13.6743 11.6114 9.69659 9.5637 12.0209 12.4255 9.46976
threshold=3.5000000000000004 6.4166667461395273 1.0000000180025095e-35 600802816.00000012 9338.5000000000018 7196.5000000000009 0 251.41666412353518 1.8415203690528872 8314.5000000000018 1612.5000000000002 1317867.0000000002 700.50000000000011 1213351.0000000002 4459.5000000000009 11838.000000000002 3291331584.0000005 1.0000000180025095e-35 4459.5000000000009 0.76997897028923046 4.5000000000000009 1 0.86362355947494518 10.500000000000002 1.0038583278656008 145816624.00000003 4.5000000000000009 9509.0000000000018 55047350.000000007 1171.5000000000002 5773.5583496093759 1.2127067446708681 1032.5000000000002 28.500000000000004 85143.000000000015 0.82915791869163524 4.5000000000000009 3321.0000000000005 251.41666412353518 -26258.999999999996 -0.68301269412040699 5.3332927227020273 2114.5000000000005 145816624.00000003 2881.5000000000005 1.1653749346733095 0.975724756717682 0.33609858155250555 4919.0000000000009 18186.500000000004 1.3714220523834231 285.50000000000006 261087.00000000003 393924.00000000006 1.0000000180025095e-35 1.046933174133301 222.50000000000003 1182.5000000000002 3.9216867685317998 8.5000000000000018 37418.890625000007 4878.9167480468759
decision_type=2 2 2 2 2 2 9 2 2 2 2 2 2 2 2 2 2 2 2 2 2 9 2 2 2 2 2 2 2 2 2 2 2 2 2 2 2 2 2 2 2 2 2 2 2 2 2 2 2 2 2 2 2 2 2 2 2 2 2 2 2 2
left_child=2 3 12 9 5 25 13 41 15 18 -11 22 -1 17 21 24 29 37 -2 -8 -12 -6 23 39 45 -3 42 46 -20 30 -13 32 48 -24 -31 -36 -16 -4 -15 -7 -32 -5 -27 -30 -45 -9 -28 -39 -21 -38 61 -23 -29 -48 55 56 -19 -56 59 60 -10 -17
right_child=1 4 6 7 14 11 19 8 58 10 20 16 -14 38 36 50 -18 54 28 31 -22 51 33 -25 -26 26 27 52 43 34 40 -33 -34 -35 35 -37 49 47 -40 -41 -42 -43 -44 44 -46 -47 53 -49 -50 -51 -52 -53 -54 -55 57 -57 -58 -59 -60 -61 -62 -63
leaf_value=0.00031589465621551139 -6.4607721929867774e-05 -0.0012064034368280162 -0.0011283513755163826 0.0065649115008457812 0.0065656613199420004 0.021501935593532195 -0.0014571404072054428 0.0035907517704289295 -0.00011137275105837436 0.00064128308877688979 0.0054856551229175883 -0.00083541254241935217 0.0018939944747951019 0.0062118404562808973 0.015554121747885372 0.025614520715111361 0.013179649034564199 0.005324546529073688 0.0080850935219101607 -0.00084484881672816637 0.0021639100896235484 -0.0029294921234885407 0.0069857336606277938 0.023952761618196948 0.0016327424704037003 -0.025427129081402263 0.0052461189851683455 -0.01006243416979229 -0.0019264449512048161 -0.015905431337272909 0.02628510315871474 -0.0012670958182844786 -9.9585714273980419e-05 0.015505463053689612 0.032145634780617986 -0.0030591727141364156 0.0073368153842805475 -0.00066984489427112 0.0013408869354144327 -0.0043104871281401114 0.0093772990731880307 0.019568724300904838 0.008910181041315527 -0.00096675995849069348 0.0025128015662434643 0.011386067605989939 0.0045272787784334315 0.0002725688102858188 0.003259005706210702 0.020216402980856162 0.01261931151893135 0.004171875250432778 -0.00038234258545455954 0.00057459709375463528 -6.6292403892308563e-05 -0.0013878130378074092 0.026384156719042703 0.0012291258229088151 -0.012931062217177609 -0.0075496063054085183 0.022881779641245072 0.0042034313144048777
leaf_weight=83874.332669818075 63917.1790843606 2955.3579254150391 56008.684482574463 1893.7942051887512 4212.9033522605896 43.846792221069336 71470.490875244141 7098.055370002985 655.86249715089798 19969.306564748287 4880.9083858132362 1624.5797684192657 25284.908294677734 1481.5342311859131 583.606689453125 52.595877408981323 283.23751831054688 1430.2998026013374 766.11339542269707 172121.04252272844 9251.6346282958984 779.33865880966187 5492.1187618374825 65.73828125 25271.014919131994 22.395989894866943 2785.7381414994597 399.71816730499268 2212.4210784137249 199.36546802520752 130.48291969299316 75040.524078369141 113181.16625976562 467.33562630414963 26.257694125175476 336.52727520465851 3420.6474093198776 67228.750537872314 5518.8933200836182 570.49357748031616 364.99155211448669 174.66740369796753 1138.5731415748596 2900.4129915237427 11124.872984886169 461.53920793533325 2233.0652605220675 50304.181419372559 1521.8272129893303 160.32897007465363 506.35749816894531 1388.6848077774048 815.97710752487183 5671.544734403491 86657.503406524658 941.61186331510544 68.294716835021973 17333.724994659424 259.9794921875 620.39047813415527 63.993652522563934 2072.1994717121124
leaf_count=168525 152703 14732 87350 7793 29124 908 87997 25359 2246 49120 21686 14600 68346 4647 11048 681 9801 3831 4103 234033 30885 4438 53557 819 83585 71 17293 1750 6685 1144 3095 93939 161742 12905 641 6271 39429 107119 17267 4026 6138 2173 11599 8475 43103 2131 14055 92828 3720 7304 3476 9568 5478 32169 141694 2077 515 33772 553 1710 555 11271
internal_value=-5.08327e-07 0.00173523 -0.00039879 0.00116953 0.0041458 0.00317116 -0.000562508 0.00249716 0.00220823 0.000717825 0.00174811 0.00537404 0.000681488 -0.000188897 0.00651359 0.00249577 0.00199004 -0.00025298 0.000283569 -0.000809894 0.00331164 0.00489552 0.00688443 0.000115888 0.00219371 0.00185016 0.00254187 0.00198619 0.00159262 0.000804331 0.00259961 -0.000682066 -0.000528988 0.00765593 -0.00595366 -0.000456616 0.00899069 -0.00054465 0.00237283 -0.00244408 0.0138621 0.00766987 0.00823282 0.00128575 0.00179287 0.00406807 0.00261888 -0.000266449 -0.000808844 0.0079176 0.00626172 0.00160934 -0.00357208 0.00169208 0.000222557 0.00332935 0.0062961 0.000149591 -0.00415944 -0.00245002 0.00194019 0.00474168
internal_weight=1.01979e+06 190326 829468 154153 36172.9 25627.3 720309 39130.5 37062 115023 34101.8 9604.98 109159 286973 10545.5 35461.8 2965.44 279973 80921 433335 14132.5 6380.93 6639.53 680.079 32830.6 16022.4 13067 11906 17003.8 2682.2 2120.05 361865 286824 5959.45 562.15 362.785 4164.58 173542 7000.43 614.34 495.474 2068.46 1160.97 16237.7 14025.3 7559.59 10690.3 117533 173643 3580.98 2631.15 2168.02 1215.7 7904.61 106431 2440.21 1498.59 103991 1600.23 1340.25 719.856 2124.8
internal_count=2079658 770256 1309402 458293 311963 211052 1072531 141533 131567 316760 101691 113905 236871 491100 100911 126503 41690 469186 215069 581431 52571 43130 72215 5753 111075 97147 82415 70745 62366 31889 23833 493434 399495 66462 8056 6912 57781 287297 21914 4934 9233 9966 11670 58263 51578 27490 63517 199947 237753 46733 15428 14006 7228 46224 181889 6423 4346 175466 5064 4511 2801 11952
cat_boundaries=0 1 2
cat_threshold=15456 11525
is_linear=0
shrinkage=0.05


Tree=52
num_leaves=63
num_cat=0
split_feature=13 13 124 109 35 35 106 112 35 120 69 64 71 39 48 24 110 112 87 57 94 55 85 76 97 59 95 41 24 114 112 5 21 39 111 13 20 87 130 101 84 87 46 108 132 95 20 126 39 108 131 74 69 124 69 132 69 51 124 10 125 10
split_gain=246.296 85.5258 40.6957 32.9114 31.3239 29.3162 36.0456 26.5678 25.8715 23.7567 21.4055 20.6619 20.1937 19.7576 18.9414 22.4945 19.3453 17.9811 15.9204 14.5837 14.5702 14.1914 14.1425 30.5877 13.548 13.2958 12.6783 12.6322 16.3598 12.4165 14.1596 12.3793 12.9471 12.3115 12.1119 12.0452 11.8553 11.5873 11.4173 10.7765 10.6368 10.6126 10.5569 13.6452 11.0971 13.3191 10.2033 10.1825 10.6839 9.94422 9.93226 9.88388 13.5368 9.51312 9.49187 10.9826 12.5568 9.34591 9.26391 9.23275 9.19704 9.0724
threshold=2.4166666269302373 6.4166667461395273 196.50000000000003 385.50000000000006 5.5000000000000009 4.5000000000000009 783.50000000000011 1298.5000000000002 7.5000000000000009 52.500000000000007 82505.000000000015 1317867.0000000002 1.0204875469207766 0.96359828114509594 4771.5000000000009 528.50000000000011 252.50000000000003 1072.5000000000002 0.94150352478027355 40824.000000000007 165569536.00000003 1.3714220523834231 2817.5000000000005 2705.333374023438 26892128.000000004 171284.50000000003 41396562.000000007 4234.5000000000009 11838.000000000002 1.0000000180025095e-35 597.50000000000011 9.5000000000000018 5.5000000000000009 0.86362355947494518 62.416666030883796 19.583333015441898 4.5000000000000009 0.9920739233493806 0.49662145972251898 1484589760.0000002 1.0000000180025095e-35 1.1653749346733095 3285.0000000000005 653.50000000000011 0.64617648720741283 243893088.00000003 2.5000000000000004 890.50000000000011 1.26193243265152 653.50000000000011 28.315315246582035 85143.000000000015 1.0000000180025095e-35 1970.5000000000002 45730.000000000007 0.25593219697475439 49474.000000000007 1.5000000000000002 1295.5000000000002 7.5000000000000009 646.50000000000011 11.500000000000002
decision_type=2 2 2 2 2 2 2 2 2 2 2 2 2 2 2 2 2 2 2 2 2 2 2 2 2 2 2 2 2 2 2 2 2 2 2 2 2 2 2 2 2 2 2 2 2 2 2 2 2 2 2 2 2 2 2 2 2 2 2 2 2 2
left_child=2 4 11 9 13 27 7 61 10 22 35 14 18 -2 57 40 19 39 53 -17 -20 -5 -4 -24 -18 42 -13 -3 -29 60 -31 32 -27 -30 46 -8 -25 -12 -39 47 -16 -22 -15 -44 50 -46 -21 49 -49 -10 -45 54 -53 -6 -19 56 -56 -1 -23 -14 -11 -7
right_child=1 5 3 21 12 6 8 -9 17 29 37 26 59 25 15 16 24 51 20 34 41 58 23 36 -26 31 -28 28 33 30 -32 -33 -34 -35 -36 -37 -38 38 -40 -41 -42 -43 43 44 45 -47 -48 48 -50 -51 -52 52 -54 -55 55 -57 -58 -59 -60 -61 -62 -63
leaf_value=0.00052683169723988536 0.00067045325232906964 0.0023448754155226985 0.0011307975102278914 -0.00051917754456072313 -2.6866082032994716e-05 0.0011591343546019778 0.0089532653585142792 0.0037618687382312515 0.020721103901922278 0.0021263356664852121 -0.0035215518915459364 0.0097996284340983071 0.00021432182440755769 0.00030223757494135761 -0.00084578043670025655 -0.0026899944436963967 0.0002534329245139869 0.0067466459699156035 0.00086869463675423196 0.023023133691181162 0.0026224079035583174 0.0010167133868359431 0.042139699576140888 0.01040650307391112 -0.00059742334453809524 0.0055168125732859997 0.0018443456556982638 0.0069623740325733905 -0.0056792428151139877 -0.0015248611397153222 0.00085346879810258177 0.0035618277025412769 0.018106059239883201 0.017211553485085872 0.0017970839814084795 0.018122716879443647 0.0036298581957838606 0.001612185532799199 0.011336554907704252 -0.037842411846075757 0.0013212417876154248 0.0082558409565180856 0.0022409764657432235 0.0063372004496863718 -0.0048716026093067362 0.0080409275307740929 0.0057389163162829019 0.0047394089259905747 -0.0075539706089780131 -0.00094741503188646825 -0.00025165996283088647 -0.0020737070827779726 0.013784495707859494 0.010226389251677862 -0.047837031215015119 0.0032495084031656692 -0.0049396225984632836 -0.0010790267764105553 0.0063488970940477471 -0.0018781688454788941 0.0075329667199891398 -0.0017420850357857875
leaf_weight=9485.3746999960858 15595.855285644531 994.1497802734375 2102.3872413635254 94608.214965820312 17558.235269546509 7393.6065828800201 2992.4481002092361 8641.8263549804688 53.458313882350922 3819.7215747833252 466.10509669780731 599.90842640399933 64908.310293447226 4338.6711642816663 203415.41610787157 1658.9548608064651 91536.575506210327 2565.4346934519708 17013.174613952637 92.460424900054932 18198.957772254944 8203.1052093505859 58.466941773891449 941.89210683107376 95683.213930666447 433.18500655144453 3040.2919672727585 2796.6255416870117 63.614693164825439 6948.8791319131851 62813.08170068264 1232.3141860961914 389.59081441164017 690.42529249191284 11583.460248470306 408.65710067749023 2063.6634390354156 717.49025344848633 522.59756565093994 16.940922021865845 5822.6375070428476 876.90820980072021 17608.860900878906 5366.1761238574982 573.4125804901123 305.73423957824707 1097.7886924743652 2351.3379744170234 190.35932405013591 2796.906956076622 638.52385592460632 169.25212435796857 644.20922708511353 228.66685485839844 19.478382423520088 2621.6266313791275 120.75384318828583 200171.24169921875 904.58106994628906 5736.9866101630032 992.05031967163086 4238.9353578090668
leaf_count=14093 53049 10291 4533 159341 43747 36173 26403 58233 808 8169 3063 2438 168539 15023 254858 2221 159418 21844 42030 365 54576 16177 707 3348 146583 2100 7308 29264 708 12242 127817 6531 3863 15945 22604 12513 6875 7383 6061 81 9335 3252 61828 24542 1841 1626 2598 21375 1779 16575 2409 1768 11186 962 35 21199 961 275142 3086 18354 3267 29290
internal_value=-6.65243e-06 0.00150803 -0.000405151 0.000249504 0.00101395 0.00354493 0.0030783 0.00166199 0.00480178 0.00101328 0.00776581 -0.00059757 0.000600434 0.00212159 -0.000619611 -0.000422265 -4.53925e-05 0.00349038 0.00132955 0.00171838 0.00193297 -0.000337668 0.0042922 0.00645924 -0.000181392 0.00285414 0.00315792 0.00733497 0.00873021 0.000786029 0.000616486 0.00674095 0.0114914 0.0152713 0.00229138 0.010059 0.00575659 0.00319008 0.00571718 0.00138688 -0.00078545 0.00288185 0.0025768 0.0029795 0.00486763 -0.000373407 0.00709488 0.00151456 0.00381543 -0.000535707 0.00563576 0.00534213 0.0104796 0.000104952 0.00455581 0.00251813 -0.0110824 -0.00100635 0.00154718 4.43113e-05 0.00324273 0.000101462
internal_weight=1.02012e+06 212480 807643 183456 171004 41476.2 36931.4 20274.4 16657.1 79740.1 5107.3 624187 124521 46482.3 620547 410891 201652 11549.8 53875.9 14432.7 36089 103716 5166.41 3064.02 187220 30886.5 3640.2 4544.82 3550.67 74573.7 69762 2055.09 822.776 754.04 12773.7 3401.11 3005.56 1706.19 1240.09 5409 209238 19075.9 28831.4 24492.7 6883.85 879.147 1190.25 5392.06 2541.7 2850.37 6004.7 6140.75 813.461 17786.9 5327.29 2761.86 140.232 209657 9107.69 70645.3 4811.77 11632.5
internal_count=2079735 837210 1242525 345562 504272 332938 276730 123696 153034 166958 55423 896963 331460 172812 887217 597982 333789 97611 144567 27788 99858 178604 15463 10930 306001 119763 9746 56208 45917 151495 140059 12494 5963 16653 25567 38916 10223 16507 13444 40618 264193 57828 107269 92246 30418 3467 2963 40537 23154 17383 26951 56993 12954 44709 44039 22195 996 289235 19263 186893 11436 65463
is_linear=0
shrinkage=0.05


Tree=53
num_leaves=63
num_cat=1
split_feature=13 124 35 13 100 83 38 42 124 3 48 32 60 48 32 121 35 95 94 102 38 88 98 106 25 37 111 98 31 97 38 70 94 31 125 25 112 113 126 107 38 37 6 130 10 33 10 88 131 93 130 40 37 71 31 6 57 97 70 31 78 38
split_gain=228.319 78.7872 41.8111 38.2806 37.091 27.3782 26.2562 26.6399 23.5297 22.5287 22.044 21.4625 19.786 18.4395 23.1479 22.2343 17.5518 17.5516 16.8986 17.2789 16.2106 15.3625 14.5812 14.0761 13.5334 13.3858 13.1143 12.4643 12.4 12.0495 14.8307 12.8863 14.7475 15.9773 12.9737 11.9443 11.8799 11.7248 12.9572 11.3705 11.1329 10.8116 11.4292 13.0377 10.6409 10.5201 10.0669 10.0544 9.93577 9.78214 11.3046 9.52872 9.25196 9.83506 9.02636 8.7938 8.41838 8.86934 8.38384 12.2125 8.37541 8.3635
threshold=4.5833332538604745 196.50000000000003 7.5000000000000009 11.583333492279055 690863328.00000012 4.5000000000000009 0.86897510290145885 12906.000000000002 819.50000000000011 0 4485.5000000000009 3251.5000000000005 1213351.0000000002 3742.5000000000005 1043.5000000000002 38.500000000000007 4.5000000000000009 1.0000000180025095e-35 145816624.00000003 1582984192.0000002 1.8415203690528872 3523149.5000000005 379390272.00000006 765.50000000000011 1422.5000000000002 4375.5000000000009 62.416666030883796 181127552.00000003 118.78037261962892 52534928.000000007 0.89378294348716747 1.105984151363373 486583008.00000006 926.35873413085949 158.50000000000003 8250.0000000000018 597.50000000000011 1032.5000000000002 890.50000000000011 309.50000000000006 1.5160946846008303 418.50000000000006 -0.25000000000000006 0.46944189071655279 9.5000000000000018 7196.5000000000009 89.500000000000014 2528104.6250000005 6.2367424964904794 281155.39062500006 0.28451500833034521 8880.0000000000018 230.50000000000003 1.0711165070533755 381.25158691406256 -0.25000000000000006 1138936.0000000002 472751584.00000006 1.2127067446708681 92.379051208496108 5761.0000000000009 0.70142048597335827
decision_type=2 2 2 2 2 2 2 2 2 9 2 2 2 2 2 2 2 2 2 2 2 2 2 2 2 2 2 2 2 2 2 2 2 2 2 2 2 2 2 2 2 2 2 2 2 2 2 2 2 2 2 2 2 2 2 2 2 2 2 2 2 2
left_child=1 6 4 5 8 49 -1 12 36 18 -5 17 13 -8 58 26 25 60 19 27 29 44 -22 -18 -13 -12 -16 -7 -9 30 -20 32 33 56 -35 -10 -3 38 -4 -19 -14 42 -34 -44 -11 -40 61 51 -32 -2 -51 -28 -39 -54 -38 -33 57 -31 59 -15 -6 -25
right_child=3 2 37 10 11 9 7 28 35 21 16 24 40 14 15 -17 23 39 20 -21 22 -23 -24 46 -26 -27 47 -29 -30 31 48 55 41 34 -36 -37 54 52 45 -41 -42 -43 43 -45 -46 -47 -48 -49 -50 50 -52 -53 53 -55 -56 -57 -58 -59 -60 -61 -62 -63
leaf_value=-0.0010376186406248244 0.0022298435881786 -0.0013079538183364367 -0.00069629222493923536 0.00030920602234870272 0.058143404538742262 8.3673237542324769e-05 -0.0010327695260465943 0.00064522359342055694 0.0017820167906525094 0.00020588375784884018 0.010285735334657901 0.013350085983045337 0.0020068362909636084 -0.00064994995736433725 0.015779680863957909 -0.00043096666646548265 0.0031116911730908379 0.0039917494443982649 -9.3652254867049154e-05 0.0043104000123944958 0.0056849217920085541 0.0029895379098109263 -0.0088988981751276335 -0.0013520466963205463 0.0034723541808048342 0.027704081838676814 0.00047573494488662598 -0.0089376385785020235 0.0032643497266031289 0.0026722458692049235 0.0022526868884006576 0.00032799826366069736 0.0053501313823051729 0.0089714478903567957 -0.0033000017796830797 0.0057447328994948135 2.0783100950829585e-05 0.00011988583428988102 0.00050168430071757732 0.0011388572321544561 0.0092993930314029544 0.0086445700519323394 -0.0038790931686017932 0.009446652063704512 -0.0031111921752454076 0.0050238532382356699 0.024313127383255896 0.0069228518489685212 0.0087828382823465032 0.0021255282406418435 0.0074067279610533672 0.0020472759715927003 0.0036418381118143157 0.00028332368558521532 0.0012124363812436646 0.0055833579819843972 0.0052490527636519374 -0.0046071695502356205 -0.0011767025656651954 0.0003558929755149168 0.014911434540931429 0.0073159420332630709
leaf_weight=166881.50626664795 2365.0715637207031 11242.195457279682 74892.681518554688 1931.5359649658203 17.916430592536926 8412.188263323158 100895.56807523966 24528.530452728271 8521.5078582763672 9347.4275489337742 778.75768661499023 354.60077667236328 2597.8742613792419 140999.37292869762 144.90101562067866 72711.410312652588 3717.2277042865753 3920.9817834794521 873.05933970212936 2601.5403442382812 253.68883991241455 3760.65771484375 524.22630596160889 293.37569177150726 15628.922761917114 128.92175674438477 68438.688303649426 400.59873184561729 5541.743350982666 6013.052680272609 765.190613925457 6368.5051536560059 3861.5039901733398 246.11137104034424 1693.8728342056274 2450.4624938964844 44759.200706660748 24604.892013549805 6171.6539916992188 32094.88041305542 656.04336547851562 1815.2082366943359 756.98971748352051 241.69067096710205 3259.6703512221575 1625.2871704101562 83.533462762832642 653.58278423547745 2475.1102855801582 1354.2101287841797 4065.0953521728516 11231.326052427292 4500.0304479598999 4234.2405023574829 24645.656585693359 909.67991423606873 3375.2805427126586 448.81847900152206 48337.991104125977 38387.598470687866 31.039844781160355 5040.4070101976395
leaf_count=234043 14688 20375 134688 22932 309 30340 143238 39907 22227 35240 15345 2259 6851 189910 610 128984 35324 9522 4185 11312 1362 20534 1978 2710 53584 5100 132465 988 13439 26018 4072 27484 19822 1288 6782 10486 84804 48985 13833 72515 3164 10883 2818 1335 14307 5842 7721 2742 15933 9449 33900 27872 11580 9975 61532 4485 15784 1455 58498 57734 160 72127
internal_value=5.19961e-06 -0.000210328 0.000530806 0.00260194 0.00110096 0.00213114 -0.000492546 -0.000315952 0.00049535 0.00175973 0.00520377 0.00216687 -0.000405487 -0.000431742 -0.000272525 0.0002027 0.00614464 0.00149068 0.00237224 0.00073018 0.00298491 0.000184738 -0.00413589 0.00548418 0.00369222 0.0127791 0.000775343 -0.000326321 0.00112812 0.00317076 0.00568467 0.00276858 0.00347141 0.00240628 -0.00173873 0.00266772 0.000199724 -0.000175115 -0.000494295 0.00144964 0.00347988 0.00534951 0.00411706 -0.000646012 -0.000651467 0.00144524 0.00711076 0.000748115 0.00724288 0.00491685 0.00608827 0.000697354 0.000616378 0.00201436 0.000444017 0.000985876 0.00322427 0.00216555 -0.000592208 -0.000434678 0.0312619 0.00683815
internal_weight=1.01986e+06 941702 259696 78162.2 143667 66188.4 682006 515125 91619 58404.1 11973.8 52048.3 485054 481800 380905 153180 10042.2 36064.8 42036.3 11414.3 30622 16367.8 777.915 9134.54 15983.5 907.679 80468.5 8812.79 30070.3 29844.1 4113.36 25730.7 18452.5 11777.1 1939.98 10972 80647.1 116029 82689.6 36015.9 3253.92 6675.39 4860.18 998.68 12607.1 7796.94 5417.32 80323.6 3240.3 7784.38 5419.31 79670 33339.2 8734.27 69404.9 7278.19 9837.15 6461.87 227725 179387 48.9563 5333.78
internal_count=2079834 1602133 562676 477701 337773 316442 1039457 805414 199424 258405 161259 138349 752068 742053 598815 292673 138327 82506 188324 42640 145684 70081 3340 117882 55843 20445 163689 31328 53346 142344 24190 118154 86185 51327 8070 32713 166711 224903 154363 82037 10015 34858 23975 4153 49547 19675 82558 163079 20005 58037 43349 160337 70540 21555 146336 31969 43257 27473 306142 247644 469 74837
cat_boundaries=0 1
cat_threshold=13701
is_linear=0
shrinkage=0.05


Tree=54
num_leaves=63
num_cat=4
split_feature=13 13 21 83 83 44 37 35 37 106 3 6 35 106 100 100 124 3 124 112 112 32 126 80 106 31 33 16 58 111 28 100 35 32 112 31 88 39 3 80 95 109 73 96 125 80 51 97 3 87 32 35 58 95 84 108 124 71 112 110 87 110
split_gain=205.902 66.1254 37.5172 35.6005 28.5825 23.2648 21.521 21.1605 24.2428 21.4819 20.5901 20.1778 19.0609 17.182 18.581 16.3113 15.6337 15.4814 13.8331 13.6501 13.0187 13.8657 12.2777 13.7674 11.8218 15.9504 11.2698 11.2585 11.0877 11.0279 14.6214 10.8833 10.8772 10.7282 10.6531 10.5111 10.3836 10.112 14.5061 12.7765 19.2551 13.59 17.9262 11.1402 10.236 9.94309 9.88642 9.58771 11.6364 14.1247 17.6049 9.52489 10.0698 9.44786 9.40439 9.35628 9.10725 9.06286 8.95908 8.89663 8.79916 8.74749
threshold=2.4166666269302373 8.2500000000000018 3.5000000000000004 4.5000000000000009 4.5000000000000009 4426.1667480468759 287.50000000000006 4.5000000000000009 4375.5000000000009 783.50000000000011 0 -0.93301269412040699 7.5000000000000009 682.50000000000011 513943376.00000006 1015157280.0000001 319.50000000000006 1 527.50000000000011 1143.5000000000002 883.50000000000011 487.50000000000006 3.5000000000000004 7804.0000000000009 783.50000000000011 1629.5215454101565 7196.5000000000009 64.500000000000014 288678.50000000006 420.91667175292974 11113.500000000002 1015157280.0000001 1.5000000000000002 4477.0000000000009 721.50000000000011 1629.5215454101565 5677153.5000000009 1.26193243265152 2 490933.00000000006 1112069632.0000002 667.50000000000011 6897.0000000000009 713329280.00000012 1858.5000000000002 69916.000000000015 2.5000000000000004 276675536.00000006 3 1.13632208108902 13485.500000000002 7.5000000000000009 39200.500000000007 383025888.00000006 1.0000000180025095e-35 105.50000000000001 1295.5000000000002 1.2497808933258059 1638.5000000000002 151.83333587646487 1.3109953403472903 653.16665649414074
decision_type=2 2 2 2 2 2 2 2 2 2 9 2 2 2 2 2 2 9 2 2 2 2 2 2 2 2 2 2 2 2 2 2 2 2 2 2 2 2 9 2 2 2 2 2 2 2 2 2 9 2 2 2 2 2 2 2 2 2 2 2 2 2
left_child=2 3 4 13 16 26 11 8 -7 17 55 -5 29 31 -15 -8 19 -9 20 -1 -6 -22 23 -18 25 34 -3 36 60 -11 35 -2 33 -12 -13 -31 54 38 39 41 -41 42 -14 61 -45 -16 -28 53 -49 -50 -51 52 -23 -43 -19 -4 -34 58 -17 -54 -26 -39
right_child=1 5 10 6 18 7 15 9 -10 12 32 24 37 14 45 57 22 27 -20 -21 21 51 -24 -25 28 -27 46 -29 -30 30 -32 -33 56 -35 -36 -37 -38 43 -40 40 -42 47 -44 44 -46 -47 -48 48 49 50 -52 -53 59 -55 -56 -57 -58 -59 -60 -61 -62 -63
leaf_value=-0.00026719582709625603 0.00065825566562985381 -0.0030427205886675262 0.0065554918385888842 -0.0013144476880101133 -0.0010118628108159874 0.0075586056002444743 0.0010319015827799025 0.0044418076687373995 0.025642184958199327 -0.021439622013916283 0.0053419658051172374 -0.0023305266966473425 -0.05414384848391246 0.0013849333785602254 0.0067033602951947231 0.0026761021082073633 0.041742914092947864 -0.0013377272619669537 0.00038059697771397356 0.00094509352584066326 -0.00087976764449318446 -0.0017436320221442154 0.0011323323493673623 0.0059442775860401413 0.0039136284386119347 -0.0047236796326895585 0.027656121863597241 0.012101238171630238 0.0011426858016452804 0.0087047145381332815 0.01555552333269967 0.0032587010103863941 0.0002333212531821277 0.039771521714614594 0.00062077183406596635 -0.0033878357649633167 0.0052760647230146755 0.047508645888214886 0.0092103947803930455 0.032545236357139434 -0.024575240405918995 0.00092448738744899638 -0.0038529728725991749 -0.017254882450932273 0.0086620204036737761 0.0017780634406023136 0.0019690203821616202 0.0096707082214071705 0.0042528519153393991 0.0041042592211275311 -0.03971852114942083 -0.00055621694698709562 0.003600877748988865 -0.030116057795321179 0.019865899552552028 0.0024709618688253223 0.0099801451132630163 -0.0029260205906538965 0.0060334920416436873 0.00016436784815783306 0.023406586549769959 0.0019800051008143234
leaf_weight=137323.89201493282 9735.9639027118683 1442.7422485351562 1713.6146621704102 15172.54174041748 186048.29014968872 1774.2985687255859 36693.664245605469 4784.3612275570631 206.97419738769531 27.920874461531639 728.41318202018738 3191.8974158763885 19.149800466373563 3579.1227672100067 5717.8072471618652 12795.63924407959 27.263923406600952 3947.3558283615857 33123.830589294434 27944.110036373138 144173.17027008533 6904.5608077049255 19739.394387245178 897.37456440925598 3829.8357546329498 1492.1705169677734 37.443556785583496 198.70553676225245 12167.672101020813 1517.1770996004343 776.33877778053284 6864.7650108337402 25784.224212646484 22.926882982254028 72134.555082321167 202.93075561523438 771.98088359832764 10.424686461687086 1457.6647438928485 17.469152390956879 81.563558578491211 869.50257569551468 185.11575164459646 161.47147870063782 49.189825057983398 1252.5089797973633 3183.4544534683228 1198.2156930565834 1367.4140542447567 49.487424165010452 41.763584136962891 118262.61120605469 1921.3364458680153 24.72428560256958 52.472943264991045 7768.1001205444336 241.44694519042969 627.83219909667969 2356.3879623413086 94538.19747954607 58.419643402099609 324.76565763354301
leaf_count=212842 34487 7573 7698 37817 260455 25893 118113 36090 6573 193 2384 7265 31 15838 33555 46381 322 25472 63038 47084 174585 9140 43576 2590 13636 3872 820 4623 40482 15450 18177 29426 55260 421 190335 1623 7529 256 21532 284 1014 6189 1296 1055 1166 6850 33808 13147 12988 457 141 180009 3947 83 887 22103 1059 1756 9870 155756 357 2901
internal_value=-1.6225e-06 0.00138331 -0.000366157 0.00106272 -0.00044009 0.00381083 0.000779453 0.00454844 0.00945623 0.0040118 0.0012056 0.000375931 0.0058685 0.00273725 0.00431541 0.00161023 9.99075e-05 0.00241563 -0.000611736 -6.21851e-05 -0.000671308 -0.000498085 0.00139651 0.00702723 0.00065214 0.000394154 0.00062761 0.000454223 0.0018861 0.00950211 0.00985439 0.00173396 0.00049543 0.00642497 0.000495632 0.00727461 -2.99939e-05 0.00430113 0.00496731 0.00332785 -0.0143362 0.00380571 -0.00871283 -0.00217139 -0.0111734 0.00581923 0.00227344 0.00452833 0.00603534 0.00295682 -0.0160051 -0.000249768 0.000100804 4.43156e-05 -0.00105586 0.0032066 0.000324127 0.00295466 0.00319874 0.000232888 0.00421076 0.00347953
internal_weight=1.01962e+06 212453 807163 187671 770904 24782.1 160521 20118.4 1981.27 18137.2 36258.7 108047 8382.29 27150.2 10549.4 52473.5 185932 9754.88 584972 165268 551848 365800 20664 924.638 92874.6 76818.6 4663.64 4970.52 16055.9 2524.37 2496.45 16600.7 26777 751.34 75326.5 1720.11 4771.81 5857.92 5312.07 3854.41 99.0327 3755.37 204.266 545.852 210.661 6970.32 3220.9 3551.11 2656.88 1458.67 91.251 221627 103364 894.227 3999.83 9481.71 26025.7 15779.9 15152 96459.5 3888.26 335.19
internal_count=2079560 837291 1242269 590040 1153344 247251 469884 205050 32466 172584 88925 293764 97983 120156 56243 176120 306414 74601 846930 259926 783892 523437 46488 2912 255947 201472 42201 38511 54475 35443 35250 63913 59124 2805 197600 17073 33888 62540 57162 35630 1298 34332 1327 5378 2221 40405 34628 33005 26733 13586 598 348852 168843 6272 26359 29801 56319 58007 56251 159703 13993 3157
cat_boundaries=0 1 2 3 4
cat_threshold=12384 40197 46112 9216
is_linear=0
shrinkage=0.05


Tree=55
num_leaves=63
num_cat=5
split_feature=134 13 13 95 36 35 40 83 6 3 13 70 21 48 19 126 2 40 2 3 51 101 86 109 26 35 124 70 39 79 71 112 71 124 45 37 39 48 65 134 31 58 70 37 86 95 3 107 3 21 40 11 4 60 13 3 5 122 134 19 126 112
split_gain=189.68 58.2473 53.8332 26.1073 24.8202 23.7144 23.1636 21.2309 19.541 20.7106 20.5783 17.1707 16.2852 15.4393 15.132 14.9581 16.2712 14.4822 13.9718 14.5854 13.9113 13.8408 13.6364 12.4705 12.0797 12.0215 15.7046 12.0154 13.1335 11.8777 10.8301 10.7249 10.7052 10.2049 9.95679 9.81888 9.81319 9.55042 9.4873 11.4792 9.10955 9.09996 8.83584 10.7284 8.67401 14.1284 8.63099 8.83488 8.57775 10.1075 8.37379 8.15646 8.1459 8.14003 7.99635 7.8851 7.86887 7.77211 7.72693 7.70147 7.4508 8.19048
threshold=4.5000000000000009 7.2500000000000009 1.4166666865348818 383025888.00000006 1.0000000180025095e-35 1.5000000000000002 8880.0000000000018 4.5000000000000009 -0.93301269412040699 0 2.7500000000000004 1.2399766445159914 -4.4999999999999991 5565.5000000000009 2.5000000000000004 462.50000000000006 1181.5000000000002 4347.0000000000009 244.50000000000003 1 4.5000000000000009 1.0000000180025095e-35 0.9526241421699525 348.50000000000006 5703.5000000000009 7.5000000000000009 196.50000000000003 1.3843718171119692 1.2074014544487002 205.93214416503909 1.0038583278656008 1638.5000000000002 1.046933174133301 222.50000000000003 10836.916503906252 418.50000000000006 0.82915791869163524 4243.5000000000009 171962.00000000003 37.500000000000007 61.463628768920906 1300150.0000000002 1.2817010283470156 49.500000000000007 1.4190091490745547 714005632.00000012 2 740.50000000000011 3 14.500000000000002 8314.5000000000018 85.500000000000014 151.50000000000003 1213351.0000000002 0.41666667163372045 4 9.5000000000000018 4821.8332519531259 65.500000000000014 2.5000000000000004 890.50000000000011 883.50000000000011
decision_type=2 2 2 2 2 2 2 2 2 9 2 2 2 2 2 2 2 2 2 9 2 2 2 2 2 2 2 2 2 2 2 2 2 2 2 2 2 2 2 2 2 2 2 2 2 2 9 2 9 2 2 2 2 2 2 9 2 2 2 2 2 2
left_child=2 3 7 5 6 32 15 22 -4 10 23 14 -11 -7 60 48 18 -12 33 -20 58 -9 -1 -10 41 26 -15 28 54 -21 -16 55 -2 -17 40 -19 -22 -31 -6 56 -24 -8 43 -14 -39 -46 47 -45 49 -3 -28 52 -38 -42 -23 -30 -40 59 -18 -50 -5 -62
right_child=1 4 8 11 38 13 24 21 9 12 17 -13 42 25 30 16 20 35 19 29 36 27 34 -25 -26 -27 50 -29 31 37 -32 -33 -34 -35 -36 -37 51 44 39 -41 53 -43 -44 46 45 -47 -48 -49 57 -51 -52 -53 -54 -55 -56 -57 -58 -59 -60 -61 61 -63
leaf_value=-0.00069397868576183798 0.018365307171372466 0.0073098932483105991 -0.0007881675900955694 0.0043624146234976834 -0.0033568097593987207 -0.00049520774760346579 0.0047458892124782768 0.0010010597185662064 0.00099719244425583789 -0.0026481889673336226 0.00014570755559031268 -0.001597905474077785 -0.00042043102013272158 0.000891059905461911 0.0037460940905979846 -0.013722141914354447 0.01125017199229802 0.0016802952180103839 0.011615679211790197 -0.031865999005175463 -0.0035768620790008763 -0.0011182886773116404 -0.00045123528200767288 -4.6913500579789232e-05 0.0082934335416486645 -1.2885410014007829e-05 0.0022643877965419223 -0.0017098411888850187 -0.0005366434523284856 -0.0040045589085756306 0.0016448663425520172 0.0018191855058785002 0.0051529057377505058 0.0071405185899921899 0.0040161064190291414 0.0037176712084050025 0.0081031572857903685 0.0021359316072093494 0.020750178351330147 0.029219549296131925 0.00051238542527180786 -0.0046289314712280585 -0.0020452564042688511 0.002785005432012759 0.020865220439700828 -0.012330785471996808 0.00069926633426583369 0.012003998239115882 0.018606193653216658 -0.018247207310801858 0.0054180404149691483 0.027825871427105905 0.003300358659780918 0.0089736333335817681 -0.00061495697997773996 0.00070282982367032658 0.0086670581753643811 -0.033044041221414598 0.033807532210658839 -0.00021050579209786616 0.0068793966706419841 0.018253775010890174
leaf_weight=50491.228120479267 244.46313047409058 653.91243778145872 33421.095703125 2929.5701904296875 100.53908817120828 23122.250987052917 6092.8250350952148 11905.954833984375 50024.650525093079 6652.4296188354492 13573.145425796509 2628.7047500610352 27246.638403177261 17832.692571491003 8474.7496337890625 60.66400583088398 581.02815328538418 35185.070579528809 270.37679868936539 28.793240711092949 326.67348551750183 121948.81854629517 33162.20777618885 66745.840543746948 2799.5234451293945 15122.074493408203 5582.8736163675785 29040.493911743164 57141.011650085449 1081.1818239167333 22256.305809020996 6783.087646484375 415.49600458145142 1351.3785877227783 1772.3481960296631 7115.6861343383789 1463.7360034384765 3082.1932789161801 166.56336609646678 95.181732498109341 74241.856196001172 269.41530609130859 4837.4055404663086 2314.0895175933838 37.015420913696289 217.62454128265381 15212.053559064865 292.93039894104004 54.411279052495956 40.54621683806181 3388.6723785400391 39.903248847927898 2241.128602642566 284.91900853812695 223834.92473983765 16534.426933288574 727.94793295860291 17.381265640258789 40.585209369659424 5595.0235941484571 656.82299326360226 209.88171865046024
leaf_count=72322 1858 4558 66995 12114 607 65937 48687 19859 106021 16529 37483 9260 53171 54655 36011 224 9523 99110 3406 84 2270 147161 44855 121133 44555 45014 22184 34251 78872 8240 86401 10343 2273 12639 3406 24126 16180 28150 2772 3455 124478 2064 8718 5291 452 1591 33536 1063 805 157 15926 3321 24678 1173 319205 27410 8173 106 2625 37821 3285 1434
internal_value=1.1617e-06 0.00178285 -0.000259751 0.00123681 0.00382989 0.000637706 0.00352354 -0.000511429 0.000341239 0.000505948 0.000777962 0.00229614 -0.000324407 0.000541908 0.00259278 0.00244033 0.00357137 0.00156719 0.00187346 0.000565956 0.00578738 -0.000681654 -1.42071e-05 0.000400343 0.00555437 0.00111399 0.00174992 -0.00072567 -0.000658603 -0.000131823 0.00222454 -8.31617e-05 0.0100648 0.00623614 0.000299307 0.00202317 0.00472063 7.7149e-05 0.0112234 0.0127105 0.000238071 0.00434778 -1.4572e-05 0.000203313 0.00140158 -0.00745426 0.00115733 0.00381028 0.000515208 0.00571623 0.00345636 0.00544617 0.00520006 0.00054486 -0.000792485 -0.000258384 0.0109329 -0.000131588 0.012757 -2.67614e-05 0.00557168 0.00964852
internal_weight=1.02006e+06 130300 889762 102865 27435.6 65708.5 26345.3 627141 262621 229200 172644 37156 56555.5 65048.6 34527.3 17183.6 10822.3 55873.9 6129.23 4717.19 4693.05 467189 159953 116770 9161.76 41926.3 26804.2 455283 426242 4446.81 30731.1 80458.5 659.959 1412.04 109461 42300.8 4071.44 4418.02 1090.23 989.693 107689 6362.24 49903.1 45065.7 3336.83 254.64 17819.1 2607.02 6361.27 694.459 8971.55 3744.77 3704.86 74526.8 345784 73675.4 894.511 5666.82 621.613 5649.43 3796.27 866.705
internal_count=2080006 623495 1456511 356352 267143 207847 252136 883335 573176 506181 387873 148505 118308 203716 139245 156830 113383 160719 54786 41923 58597 637101 246234 227154 95306 137779 92765 617242 582991 38517 122412 116625 4131 12863 173912 123236 46449 38433 15007 14400 170506 50751 101779 93061 30193 2043 39890 6354 43447 4715 38110 44179 40858 125651 466366 106282 10945 38732 12148 38626 16833 4719
cat_boundaries=0 1 2 3 4 5
cat_threshold=15429 129 136 33541 36628
is_linear=0
shrinkage=0.05


Tree=56
num_leaves=63
num_cat=3
split_feature=8 13 20 94 101 33 108 38 64 47 100 24 106 100 24 70 3 75 21 111 55 109 71 38 6 85 25 58 3 31 79 36 134 30 38 24 8 113 92 94 63 85 71 98 21 99 111 38 123 97 4 16 3 38 4 70 108 24 38 75 46 4
split_gain=175.298 64.9214 37.7025 27.213 23.7667 23.5297 22.1111 20.8727 18.6406 17.8895 15.2468 17.5163 15.2302 15.0436 18.1025 14.9478 14.6586 15.4757 14.4436 13.8494 13.3056 12.479 11.696 11.402 11.3141 11.2393 11.1631 16.2156 10.5669 10.5246 10.1811 9.85045 9.73753 9.2902 9.26178 9.17285 8.99207 8.88328 8.84888 8.56951 13.4951 10.8758 8.52367 8.4729 8.39731 8.38949 8.35794 9.03467 8.34323 9.18534 8.52393 8.34079 8.30615 8.12612 7.94073 7.74969 10.5816 7.61723 7.54277 7.35082 7.36407 7.3408
threshold=3.5000000000000004 6.4166667461395273 1.0000000180025095e-35 600802816.00000012 781071488.00000012 7196.5000000000009 489.50000000000006 1.8415203690528872 1317867.0000000002 663.39822387695324 841400512.00000012 1612.5000000000002 700.50000000000011 369235920.00000006 651.50000000000011 1.3843718171119692 0 8000.0000000000009 8.5000000000000018 62.416666030883796 1.3714220523834231 385.50000000000006 0.99699902534484874 0.76997897028923046 -0.93301269412040699 4737.5000000000009 8250.0000000000018 1150473.0000000002 1 926.35873413085949 44364.636718750007 1.0000000180025095e-35 43.500000000000007 74.500000000000014 1.3872868418693545 4459.5000000000009 43.500000000000007 1.0000000180025095e-35 189529.87500000003 145816624.00000003 32858.380859375007 2277.0000000000005 0.96315404772758495 323787312.00000006 22.500000000000004 55047350.000000007 277.25000000000006 1.5160946846008303 270.41667175292974 319867648.00000006 172.50000000000003 36.500000000000007 2 1.1000272631645205 35.500000000000007 1.3843718171119692 307.50000000000006 5021.5000000000009 0.93458929657936107 17794.000000000004 2807.0000000000005 51.500000000000007
decision_type=2 2 2 2 2 2 2 2 2 2 2 2 2 2 2 2 9 2 2 2 2 2 2 2 2 2 2 2 9 2 2 2 2 2 2 2 2 2 2 2 2 2 2 2 2 2 2 2 2 2 2 2 9 2 2 2 2 2 2 2 2 2
left_child=2 3 12 10 23 16 15 20 9 13 35 53 58 37 -15 18 17 43 -5 42 22 28 34 -3 -21 30 51 32 -13 57 61 38 -28 -30 -8 -2 -7 -4 -10 40 -35 -42 -16 -6 -29 -23 -37 -48 -31 50 -50 -25 -41 -12 -43 56 -26 -19 -1 60 -14 -18
right_child=1 4 8 6 5 36 7 -9 31 -11 11 21 59 14 19 -17 25 29 -20 24 -22 45 -24 26 55 -27 27 44 33 48 -32 -33 -34 39 -36 46 -38 -39 -40 52 41 54 -44 -45 -46 -47 47 -49 49 -51 -52 -53 -54 -55 -56 -57 -58 -59 -60 -61 -62 -63
leaf_value=-0.00040322464448830174 -0.00042175772597218328 -0.002832810955901132 0.0018141667269918329 0.0045530790269313285 0.0051479673665677976 0.0067769314258284662 0.0032530217100064929 -0.0047851493978179937 0.0027288559119272222 0.00011907609861388528 -0.00048523206530312916 -0.00039705458711755735 -0.00014208892879615797 -0.00082203127562510301 0.022715477424035502 -0.0083813447122626054 0.0049691777062721171 0.0030998275175823649 0.012527301315014587 -0.0010471773302231271 0.0060085407225016416 -0.0027098979105820526 0.0011180768605655886 0.00085815794135054441 0.00091013320246953835 0.0061399819664407218 0.0053596001963903891 -0.0012842017429442506 0.015937318389158243 0.012393214979867487 -0.023511154245663052 0.010690991689549442 0.025692391456537636 0.0060296941325778449 0.014329209166703442 0.0062600779424455636 0.014050799378414393 -0.0013417887314116138 -0.0010739073932491199 -0.0063981514648718532 0.0025998888212585653 -0.015999868495000784 0.0048236740442068882 0.0096611157052871304 0.0067066129900518762 0.0013606323672315538 0.0011801584662112555 -0.0031560587153872826 -0.0090575704901461034 0.0025335265665084351 0.0014580227127948132 -0.011127931203041017 0.0049859508160445013 0.0012209255320151156 -0.0018873357409816241 -0.0017921240720285394 -0.00018995217900569418 0.0070167451703669094 0.00058306172576442659 0.00053863150032064714 0.0027751195553014246 -0.00040777030669841602
leaf_weight=30312.662227984634 42207.257656097412 1318.8515739440918 2299.2465534210205 4537.2831867337227 2955.8325729221106 3771.9271259307861 5455.546177899465 1237.14208984375 5282.6904528383166 108694.12380218506 16834.138214111328 1898.0610613822937 2587.1907157897949 226838.50301170349 74.004581928253174 199.12466049194336 763.39183327555656 5343.0489602088928 650.0427753329277 38625.151481628418 1799.71533203125 1383.9430759064853 24931.298045122996 5864.1506709456444 24123.434715747833 991.39814698696136 3530.7235145643353 1751.1826114654541 151.11859701573849 118.97934246063232 44.074662327766418 312.19889373145998 59.565469734370708 1464.8217668533325 195.37434387207031 727.23363494873047 480.82946586608887 71989.759473800659 2150.7307439148426 157.26605224609375 2219.7453980445862 106.92467617988586 649.6710033416748 1614.3551651835442 404.1903076171875 14694.933531943709 12407.540180206299 1329.0235786437988 502.35739076137543 789.98963046073914 311.06502902507782 148.28500944375992 6197.999503672123 11917.907623291016 1413.9390833377838 6838.0494651794434 232780.93182277679 1621.5992541313171 53752.669851064682 9639.0940704345703 13102.963138580322 3748.688468798995
leaf_count=59273 96488 7899 3953 16032 21720 49301 20976 3526 14913 165129 39182 7006 5943 279817 303 477 5845 32899 5858 60864 7516 3488 85607 32261 42469 8934 33943 19240 1268 1151 133 1508 2745 5448 1100 3961 21406 102845 7616 432 7827 200 1370 16275 7638 45306 43190 3811 2559 6077 1983 1051 26676 28303 4481 9812 382772 13710 109468 25855 36674 24943
internal_value=1.49074e-07 0.00136908 -0.000313611 0.000921798 0.00327662 0.00424244 0.00206321 0.00158644 -0.000444906 -0.000471419 0.00053498 0.00110164 0.000551273 -0.000577652 -0.000484224 0.0050376 0.0034822 0.00438465 0.00555443 -0.000231386 0.00183009 0.00195351 0.00158393 0.0015732 -0.000247942 0.00131419 0.00206792 0.00364396 0.00306788 0.0031475 0.000265349 0.00199453 0.00570186 0.00362708 0.00363809 -4.92907e-05 0.00760207 -0.00124403 0.00162792 0.00346819 0.0019621 0.000367295 0.00667465 0.00674415 0.000213179 0.00100989 0.00103725 0.000760162 -0.000349376 -0.00130161 -0.00503168 0.000560812 0.00470075 0.000221816 -0.00288774 -0.000130873 -8.66326e-05 0.00401297 0.000227362 0.00162608 0.00229379 0.000501289
internal_weight=1.0203e+06 190252 830053 154117 36134.5 23057.5 39005.5 33619.1 720658 712913 115112 58440.8 109395 604219 529930 5386.45 18804.8 13257.2 5187.33 303091 32381.9 29688.8 30582.2 13076.9 302368 5547.55 11758.1 5745.66 13609.9 8687.04 4556.15 7745.62 3590.29 11711.8 5650.92 56671.1 4252.76 74289 7433.42 11560.7 5205.43 3740.61 723.676 4570.19 2155.37 16078.9 14463.8 13736.6 1722.39 1603.41 813.422 6012.44 6355.27 28752 1520.86 263742 256904 6964.65 84065.3 25329.2 15690.2 4512.08
internal_count=2080456 769872 1310584 458159 311713 206936 141092 118725 1073371 1049334 317067 169617 237213 884205 777407 22367 136229 96374 21890 497590 115199 102132 107683 104777 495917 39855 96878 63566 53338 58379 30921 24037 36688 46332 22076 147450 70707 106798 22529 45064 17956 12508 1673 37995 26878 48794 50962 47001 11770 10619 4542 33312 27108 67485 4681 435053 425241 46609 168741 68472 42617 30788
cat_boundaries=0 1 2 3
cat_threshold=7941 33216 2048
is_linear=0
shrinkage=0.05


Tree=57
num_leaves=63
num_cat=2
split_feature=24 100 46 124 24 136 5 24 106 40 24 98 40 35 85 5 30 111 106 54 111 106 5 100 40 56 57 3 95 3 38 72 24 40 81 38 46 110 38 86 81 4 4 11 73 21 63 35 133 123 86 32 40 126 84 32 109 106 79 79 85 60
split_gain=157.616 110.033 39.6347 38.8737 31.6666 30.2675 26.0333 22.8578 34.1345 19.8464 19.5407 19.3372 18.6822 18.1009 16.7671 16.7486 16.491 14.3043 13.4397 13.1493 12.8108 12.3268 14.0636 11.6065 11.5173 11.3158 12.1471 11.0122 10.9624 10.8409 10.5203 12.1201 10.277 11.7531 9.86414 9.77287 9.72261 9.71569 9.54862 13.4043 9.36904 13.3416 10.2391 10.5908 10.2066 9.14683 13.7078 8.98698 8.94738 8.85163 8.66988 12.9441 8.65517 8.45087 8.41442 8.89122 8.06251 8.03174 7.96512 10.1498 8.94175 7.8857
threshold=2645.0000000000005 841400512.00000012 11879.000000000002 819.50000000000011 906.50000000000011 11.200000286102297 10.500000000000002 651.50000000000011 320.50000000000006 2881.5000000000005 8460.0000000000018 140658720.00000003 3379.0000000000005 7.5000000000000009 15031.500000000002 8.5000000000000018 74.500000000000014 501.08332824707037 883.50000000000011 1.3481078147888186 62.416666030883796 700.50000000000011 11.500000000000002 2182211328.0000005 9633.5000000000018 1138936.0000000002 40824.000000000007 0 3334614144.0000005 1 0.95231598615646373 75749.500000000015 1328.5000000000002 7836.5000000000009 86451.000000000015 1.5160946846008303 1.0000000180025095e-35 818.83334350585949 1.0329087376594546 1.1026319861412051 15445.500000000002 277.50000000000006 342.50000000000006 28.500000000000004 86528.500000000015 26.500000000000004 169038.36718750003 2.5000000000000004 37.069740295410163 481.83332824707037 1.4190091490745547 13485.500000000002 3130.5000000000005 15.500000000000002 1.0000000180025095e-35 1490.5000000000002 667.50000000000011 850.50000000000011 4542.6098632812509 14532.424804687502 6732.5000000000009 1181804.5000000002
decision_type=2 2 2 2 2 2 2 2 2 2 2 2 2 2 2 2 2 2 2 2 2 2 2 2 2 2 2 9 2 9 2 2 2 2 2 2 2 2 2 2 2 2 2 2 2 2 2 2 2 2 2 2 2 2 2 2 2 2 2 2 2 2
left_child=2 3 7 9 29 11 10 54 20 36 49 16 -10 32 25 24 -3 21 -8 40 -9 -11 -23 -6 -13 26 -7 -18 30 47 31 -27 56 -34 -33 57 -2 -17 39 -29 -12 -42 43 -43 -44 -16 -47 -4 -21 -5 -28 -52 -51 -32 55 -1 -14 -19 60 -60 -20 -62
right_child=1 5 4 6 23 14 18 8 12 17 19 15 13 -15 45 37 27 35 58 48 -22 22 -24 -25 -26 28 50 38 -30 -31 53 34 33 -35 -36 -37 -38 -39 -40 -41 41 42 44 -45 -46 46 -48 -49 -50 52 51 -53 -54 -55 -56 -57 -58 -59 59 -61 61 -63
leaf_value=-0.00086979581093204735 0.0016923494992782083 0.020688989465358746 0.0073509563235329345 0.027017843945085003 0.0018152120006963018 -0.0093471222604551273 -0.0011752507559797572 0.0077566429648863499 -0.00094763403914683024 0.00065892468337300399 0.010314858727466091 0.0035082895974727999 -0.00023791426863535733 -0.00058398674483055985 0.0096390079233756899 0.001573757839015895 -0.0088839013962987261 9.6326244288319674e-05 0.0028295418959261771 0.010535445250594945 0.0015787206614399302 0.0033234746796475556 -0.0034114178646147322 0.0046696121338083369 0.0065956537805009173 0.00040293328096565494 0.0070160418479080699 -0.00016989566702834465 0.030677047795385982 -0.00022668098458363927 0.022843781352771125 -0.021344513700260404 0.00025804531261238285 0.001630774640286224 0.00554099863108325 -0.0022263744091665168 -0.0011526288935562571 0.0043470575514408206 0.0019989741012029841 -0.010265554591558843 0.0053225544119993038 -0.0049037081282840818 0.0029256627879565129 0.025201072604774579 0.032741788874986709 0.031843656841216088 -0.0024134220836368346 0.0011012122832139684 0.038233730672550578 0.00039634840161467124 0.0059174622732055988 -0.018491377884154021 0.0028897748022676207 0.0035675615966907397 0.00088942430730175022 0.002606586465367365 0.0075370898711205059 0.0022517907045526224 -0.0033668741563267443 0.0041505680344415333 -0.0065552605960519615 0.015215930055496733
leaf_weight=264107.73961371358 3310.8675474822521 102.12782442569733 600.26361083984375 34.773324966430664 14076.381958007812 121.7925177551806 7404.63623046875 880.55048501491547 90426.297315716743 19489.774950534105 623.16562366485596 14151.081878662109 93482.058661460876 134471.60931396484 883.64669227600098 17055.427662849426 290.50319290161133 61129.966972351074 2829.402645111084 640.50838547945023 17876.406548976898 9670.7760200500488 841.54229736328125 4773.242919921875 3848.6033782958984 794.97861546278 5071.8374661467969 4203.0112632513046 33.424392700195312 42571.915161132812 58.192672371864319 127.04684281349182 83981.082230091095 19151.711921215057 45.967628717422485 4244.6040687561035 32134.04386138916 3879.6905927658081 6763.8557624816895 356.30192947387695 4379.8407778739929 810.91495683323592 805.20422077178955 29.768795703537762 29.320713043212891 112.03306770324707 38.987533569335938 13733.789489746094 30.314459979534149 5671.3202534560114 151.57994627952576 83.892828226089478 9029.905719673261 1967.3480369448662 7173.5641794307157 1850.9927287101746 334.09211730957031 4650.7533226013184 1136.9017543792725 741.20162773132324 48.794712066650391 261.56864547729492
leaf_count=328199 7562 1031 1721 305 39735 644 20698 2710 129756 57526 4511 57293 148257 228652 15151 60478 494 156796 11460 3459 35817 37767 2027 17501 20231 8090 65750 13538 2652 61038 893 590 163421 51070 886 10715 66534 18924 22601 842 39194 4907 5686 739 656 5263 722 26516 616 13968 1650 518 32795 24792 11220 3523 800 17423 4222 6491 150 1356
internal_value=1.04438e-05 0.00116191 -0.000325179 0.000511526 0.000762209 0.003 0.00200971 -0.000440601 -0.000217803 0.000129864 0.0030397 0.00251423 -0.000310613 -0.000136789 0.00559168 0.00305018 0.000732657 0.000490145 0.00017813 0.00514611 0.00186921 0.00140362 0.00278371 0.00253839 0.00416886 0.00485499 0.00622127 0.000555852 0.00240217 0.000173758 0.00207972 -0.00220386 0.00016852 0.000513016 -0.0141772 9.86911e-05 -0.000886722 0.00208804 0.000805992 -0.000960988 0.00447393 0.00387117 7.30833e-05 -0.0038174 0.00399821 0.0116024 0.0229881 0.00136258 0.0118221 0.00198873 0.00658033 -0.00277834 0.00192827 0.00412933 -0.00079999 -0.000845578 -0.000210133 0.000248811 0.00217617 -0.000397106 0.00371682 0.011772
internal_weight=1.01961e+06 230121 789492 169980 75755.6 60141.3 34507.5 713736 440604 135472 22085 50650.6 421847 331421 9490.73 38934.8 11715.8 100027 12422.5 7349.04 18757 30002.1 10512.3 18849.6 17999.7 8456.06 5429.1 11613.7 3026.96 56906 2993.53 967.993 196949 103133 173.014 70025.3 35444.9 20935.1 11323.2 4559.31 6678.22 6055.05 1675.21 840.684 834.525 1034.67 151.021 14334.1 670.823 14736 5307.31 235.473 14701.2 2025.54 273132 265959 93816.2 65780.7 5017.87 1878.1 3139.77 310.363
internal_count=2080532 830596 1249936 507563 146511 323033 151213 1103425 760483 356350 106836 195432 721956 592200 127601 156926 38506 282254 44377 59768 38527 97320 39794 57236 77524 106465 68562 37475 37903 89275 35251 9566 363548 214491 1476 184934 74096 79402 36981 14380 55693 51182 11988 5646 6342 21136 5985 28237 4075 47068 67918 2168 46763 25685 342942 331722 149057 174219 23679 10713 12966 1506
cat_boundaries=0 1 2
cat_threshold=384 15808
is_linear=0
shrinkage=0.05


Tree=58
num_leaves=63
num_cat=4
split_feature=24 40 44 24 124 35 24 110 65 124 3 83 29 35 100 130 3 35 65 100 123 40 70 106 83 40 3 24 111 40 39 35 132 95 39 81 31 75 74 86 39 102 130 63 32 35 98 4 10 87 72 86 25 27 39 69 3 31 110 70 87 35
split_gain=143.81 71.2036 47.1882 71.7937 27.3499 24.0525 21.9965 21.2454 20.3417 19.7821 25.7076 19.4814 19.027 18.5868 18.4497 16.1507 14.9072 14.3978 14.0854 13.7407 12.5597 12.3835 11.8636 11.8605 11.8127 11.508 11.2075 10.5563 11.0632 9.96262 9.93419 9.73624 9.56878 9.49961 9.28295 16.2978 9.67058 15.683 9.20053 9.09539 9.03255 8.74196 8.68659 8.60975 8.42847 8.36469 9.2887 8.24964 8.08456 7.72702 13.8038 12.277 14.1559 11.8986 10.0525 8.10352 7.72039 9.58607 9.05529 7.62553 10.9623 8.56642
threshold=4459.5000000000009 5104.0000000000009 8536.5000000000018 1328.5000000000002 196.50000000000003 7.5000000000000009 11838.000000000002 818.83334350585949 79712.000000000015 1295.5000000000002 0 9.5000000000000018 1725.0833129882815 7.5000000000000009 2182211328.0000005 0.3269536048173905 1 4.5000000000000009 32773.500000000007 690863328.00000012 3927.0000000000005 8314.5000000000018 1.3843718171119692 700.50000000000011 7.5000000000000009 3130.5000000000005 2 906.50000000000011 62.416666030883796 2881.5000000000005 0.96359828114509594 1.5000000000000002 0.48330329358577734 50170276.000000007 1.5700779557228091 6938.5000000000009 206.93424224853518 5561.5000000000009 85143.000000000015 0.98456016182899486 0.98602464795112621 1.0000000180025095e-35 0.34093509614467626 24385.235351562504 3251.5000000000005 4.5000000000000009 705428736.00000012 164.50000000000003 1.0000000180025095e-35 1.0882876515388491 75749.500000000015 1.4190091490745547 11518.500000000002 3867.5000000000005 0.86362355947494518 6922.0000000000009 3 335.01045227050787 378.50000000000006 1.0826829671859743 1.0758980512619021 10.500000000000002
decision_type=2 2 2 2 2 2 2 2 2 2 9 2 2 2 2 2 9 2 2 2 2 2 2 2 2 2 9 2 2 2 2 2 2 2 2 2 2 2 2 2 2 2 2 2 2 2 2 2 2 2 2 2 2 2 2 2 9 2 2 2 2 2
left_child=2 9 4 16 24 6 12 34 -8 22 -11 48 39 19 17 20 31 -5 -14 -6 30 -20 25 -19 27 41 32 -1 -29 -30 -10 47 -9 -27 36 -36 37 -7 -32 -3 -18 -2 -33 -42 -21 -17 -47 -4 -12 50 53 -51 -53 55 -52 -28 57 -31 -58 60 -15 -62
right_child=1 5 3 14 13 7 8 26 15 10 11 -13 18 59 -16 45 40 23 21 44 -22 -23 -24 -25 -26 33 49 28 29 56 38 42 -34 -35 35 -37 -38 -39 -40 -41 43 -43 -44 -45 -46 46 -48 -49 -50 51 54 52 -54 -55 -56 -57 58 -59 -60 -61 61 -63
leaf_value=-0.00066622599380425482 0.001766233511736757 0.043070744462229894 0.02037913557736569 0.0037290814499095237 0.00011361629829650758 -0.031948772842911699 -0.011922131152308418 0.01108365383424504 -0.0070052221512682854 0.0066872515966254157 0.0066584870766562059 -0.0020701681015366557 -0.011233910134224631 -0.00032314737452904734 0.0055166653514894214 0.018405531828634442 -0.0008403621098071447 0.00085620354195355618 0.0031828325804020836 0.00080799143317282485 0.026332208643563577 0.0064397456070033167 -0.0066350294532356267 0.0029155286237196377 -0.00086496655811496093 0.011476215150832532 -0.029460387087003433 0.01240731695890027 -0.00098609970191159964 -8.4144106959279283e-05 0.0034192008467146978 0.00017799751374527467 0.0035045484261751712 0.0010667685849675135 0.014637159282693102 -0.009672270421079994 0.0017575894179948889 -0.0018252337508319995 0.02051174913497901 0.011827520935807389 0.00034644498504196857 -0.00079035808585576663 0.0017537450695147489 -0.0012013147973832003 0.0023839038726011842 0.0033704791783176497 0.014147926704348175 0.0044778958681746112 0.0019945221034640792 0.010709682575454011 -0.020343244856381067 0.0032106710868020812 -0.02706716062536324 0.0041058374850589038 -0.00214684973545516 -0.0034509523836939861 0.0018753107779300227 -0.0027094020196454672 0.00011537842904340186 -0.00098459963392130419 0.0030141355435375394 -0.00062704265084964671
leaf_weight=157566.45338002511 4049.4758400917053 24.089712619781494 98.870740294456482 8582.8031425476074 69099.90638923645 44.243709564208984 106.89814794063568 996.97584056854248 187.32324807345867 2987.0384116172791 1206.4586676806211 2844.1289215087891 152.47823619842529 48009.507816314697 3834.37353515625 547.90173435211182 50486.481201171875 24695.283205747604 11571.308795213699 29045.655418395996 61.857826232910156 3910.5678770542145 590.4838752746582 9759.7971966266632 213508.70874023438 220.44597959518433 33.959268808364868 176.66428565979004 25896.334413826466 10705.626475334167 483.18906135857105 27565.889191150665 720.11461925506592 29194.452789783478 81.415328979492188 432.27146911621094 8003.1424598693848 1288.7490539550781 93.934273958206177 539.49446582794189 49504.715087890625 19155.826726436615 12816.181548595428 10976.601623535156 11995.794542312622 302.97118711471558 597.46050119400024 467.24421942234039 4067.0829835683107 705.77400970458984 93.238898038864136 254.95002174377441 44.956613540649414 3352.7783925533295 404.36458897590637 236.24675559997559 7887.714979827404 5152.5201873779297 99663.520212173462 36183.024475097656 4731.0401573181152 2449.3025512695312
leaf_count=203003 11043 445 424 32814 134875 74 569 12546 1765 16722 5662 11553 410 91366 19057 11679 71047 70264 62551 65856 3071 35736 1399 38965 304922 1523 60 742 38524 18626 5336 50975 6763 108868 634 1459 42743 5412 2543 3893 75253 52854 27487 14470 42028 3353 12935 1301 25229 5628 311 1482 251 23192 3716 905 17940 8759 185089 67500 10386 4544
internal_value=-4.84888e-06 0.00180008 -0.000200052 0.000482093 -0.000387856 0.00360543 0.00484327 0.00222732 0.00933154 0.000809868 0.00272943 0.00126234 0.0041828 0.000106706 0.00219274 0.010335 -4.56825e-05 0.00189642 0.0038567 0.000544098 0.00474371 0.004006 0.000409153 0.00143971 -0.000579316 0.000488358 0.00436735 -0.00038067 -7.96362e-05 -9.44863e-05 0.00297419 0.00076952 0.00786419 0.00114514 0.000739829 -0.00579921 0.00110044 -0.00284043 0.00622524 0.0132088 -0.000346585 -0.000343972 0.000678237 6.54557e-05 0.00126875 0.0135187 0.010531 0.00727937 0.003063 0.0031729 0.00221779 0.00710981 -0.00134889 0.00329126 -0.00558345 -0.00678664 9.25734e-05 -0.000936908 0.000244482 -0.000420475 -5.0533e-05 0.00177143
internal_weight=1.02045e+06 99588.1 920860 198788 722072 35272.7 18579.5 16693.2 2381.54 64315.4 11104.7 8117.67 16197.9 201514 46872.3 2274.64 151916 43037.9 15634.4 110141 826.304 15481.9 53210.7 34455.1 520558 52620.2 6843.36 307049 149482 149306 764.447 40948.2 1717.09 29414.9 9849.82 513.687 9336.14 1332.99 577.123 563.584 110968 23205.3 40382.1 60481.3 41041.4 1448.33 900.432 566.115 5273.54 5126.27 4120.59 1005.68 299.907 3622.98 497.603 270.206 123409 15858.1 107551 91372.9 55189.9 7180.34
internal_count=2080532 484315 1596217 402057 1194160 249462 144286 105176 41251 234853 59166 42444 103035 416555 161100 40682 240957 142043 98697 242759 12715 98287 175687 109229 777605 174288 54854 472683 269680 268938 9644 80187 19309 110391 50322 2093 48229 5486 7879 4338 160770 63897 78462 89723 107884 27967 16288 1725 30891 35545 28184 7361 1733 24157 4027 965 230414 27385 203029 173796 106296 14930
cat_boundaries=0 1 2 3 4
cat_threshold=1157 15428 965 37248
is_linear=0
shrinkage=0.05


Tree=59
num_leaves=63
num_cat=5
split_feature=24 46 20 37 114 40 130 30 128 3 35 107 79 62 24 38 71 63 112 16 2 51 33 3 8 110 70 32 30 71 40 128 86 112 3 23 25 3 11 79 39 99 132 3 35 38 84 38 56 106 38 38 86 31 94 74 126 125 40 24 79 89
split_gain=133.041 65.7247 55.9058 25.202 30.8291 24.7506 23.5711 21.415 21.26 21.278 17.6219 18.9403 17.3319 17.3231 18.8622 17.0293 16.15 15.9461 13.8605 14.9672 13.8043 13.3554 13.0443 12.8361 12.5506 12.49 11.9256 11.8275 11.6092 11.6033 11.1602 11.0445 10.4727 10.3653 10.2779 10.0432 10.1846 10.0123 11.0469 9.96041 10.263 9.84727 9.78107 9.37584 9.34806 10.5997 9.81372 9.21899 9.80013 9.18821 8.95659 8.89828 8.77792 8.77144 14.4428 15.4241 8.67083 14.8384 8.40451 8.38531 10.3465 13.9336
threshold=4459.5000000000009 5515.5000000000009 1.0000000180025095e-35 287.50000000000006 1208.5000000000002 8880.0000000000018 0.29841059446334844 1549.5000000000002 887.66665649414074 0 7.5000000000000009 826.50000000000011 205.93214416503909 39200.500000000007 11838.000000000002 1.5160946846008303 1.0817851424217226 35010.214843750007 1041.5000000000002 12.500000000000002 978.50000000000011 4.5000000000000009 1387.5000000000002 1 5.5000000000000009 252.50000000000003 1.3843718171119692 1352.5000000000002 1890.5000000000002 1.0817851424217226 12294.500000000002 1171.5000000000002 1.4190091490745547 688.50000000000011 2 0.81818184256553661 8250.0000000000018 3 28.500000000000004 5773.5583496093759 0.82915791869163524 1202296320.0000002 0.32361471652984625 4 7.5000000000000009 0.95231598615646373 6.5000000000000009 0.95231598615646373 165163.50000000003 824.50000000000011 3.9216867685317998 3.9216867685317998 1.7303703427314761 926.35873413085949 337591136.00000006 26107.500000000004 8.5000000000000018 264.50000000000006 3379.0000000000005 11838.000000000002 7727.2460937500009 1548113.3750000002
decision_type=2 2 2 2 2 2 2 2 2 9 2 2 2 2 2 2 2 2 2 2 2 2 2 9 2 2 2 2 2 2 2 2 2 2 9 2 2 9 2 2 2 2 2 9 2 2 2 2 2 2 2 2 2 2 2 2 2 2 2 2 2 2
left_child=2 8 5 18 23 22 -7 -3 26 17 13 12 -12 -9 30 31 24 35 19 -4 -14 -20 -1 25 -6 27 28 -5 -2 58 47 -11 -31 -30 -23 43 -37 59 53 41 -41 -16 -22 -10 45 -35 51 48 -15 -46 -36 -47 -19 -39 55 -55 -49 -58 -25 -13 -61 -62
right_child=1 7 3 4 16 6 -8 10 9 15 11 37 20 14 39 -17 -18 52 21 -21 42 34 -24 29 -26 -27 -28 -29 33 32 -32 -33 -34 44 50 36 -38 38 -40 40 -42 -43 -44 -45 49 46 -48 56 -50 -51 -52 -53 -54 54 -56 -57 57 -59 -60 60 61 -63
leaf_value=-0.00048330777149364727 0.0087954242566026988 0.023038226755219167 -0.00070279023260849606 0.001868085388648068 0.0024094077890463644 0.00047095779213233058 0.0027859858844944286 -0.0094534778697434457 -0.0010202494321352156 0.0029358758102331988 -0.026214177102267505 0.0023599617127157933 -0.0019543231999100351 0.014723382804359321 0.0039707986100103775 -0.0055661169468445978 3.7285557261026325e-05 -0.0014941932512877508 0.00066650560611610052 -0.0071942881533221164 -0.00027871912615184561 -0.00089690677946246467 0.00064860517591776984 -0.00077305854520463087 0.0067282776113388818 0.0005346310803358991 -0.0065928098295026834 0.0083332846371637383 -0.00064958541711454001 -0.00055441719631888137 0.010022214494045605 0.0070768770527829296 -0.0025859608717703655 -0.00024445670905360906 -0.00021061172766996669 0.0023316188451942685 0.0078460127125904913 0.0071091199155316588 0.016426257342660233 -0.0053214420307265038 0.016378162270258744 0.014690092309595323 0.0040848578605076321 0.0038956365140885236 -0.0012582014270740602 0.0025515050360342124 -0.0086246848025787106 0.01136654240844239 0.0013263467613405429 0.001185693365773309 0.0031449517855727596 -0.011050509717433314 0.014504447051378636 0.0078449713011079763 0.0051360767440798401 -0.015219512890189427 0.0010160717740713835 0.0058862963544331591 0.00043325916399564364 0.0079007537212987516 0.012061538074325959 -0.029406325752417667
leaf_weight=37563.389680556953 418.4804162979126 143.76759624481201 333033.19459839165 2298.5772624015808 11428.898299555294 21152.324844360352 22911.726425170898 206.43389284610748 2556.8987426757812 2949.1005964279175 57.989190101623535 766.6284236907959 2536.8028745651245 141.92702972888947 789.49104011058807 388.17507648468018 6687.8765716552734 4554.6388244628906 35291.122009277344 890.00908355414867 2015.6286659240723 67832.588180541992 78922.333374023438 20327.344290852547 1974.5275579886511 18654.522611618042 597.9418363571167 1023.6156811714172 15361.481816509739 27550.178428649902 833.55115449428558 3563.9965744018555 8245.28125 5679.7802989687771 173384.91255187988 2155.9322929382324 1373.1359634399414 2346.7053102822974 239.44835049193352 58.909182637929916 645.39063349366188 295.00210189819336 3528.3767547607422 1549.0219535827637 7668.047492980957 14700.549186741002 202.47146030794829 494.26307675242424 3350.9070339202881 7714.752197265625 2011.038330078125 120.61113929748535 86.8355712890625 110.08972215652466 889.67091369628906 209.14439630508423 2170.424026042223 5623.6003460884094 49831.875929713249 52.240846395492554 26.483208417892456 80.686606884002686
leaf_count=68647 2871 2077 472410 4729 24472 58110 86828 843 8407 11763 151 5126 13482 1084 10168 1657 14302 26820 54295 2792 11614 83105 211598 31430 9110 38900 1360 4421 40841 44518 10346 23175 12198 20953 280036 8148 10746 17173 8606 535 17123 6415 19757 6349 22921 59222 658 3499 21192 25903 3647 281 1036 801 8056 753 10970 38455 91134 821 361 944
internal_value=5.05974e-06 0.00174431 -0.00018237 -0.000361365 0.000224097 0.000665431 0.00167482 0.00381677 0.000945407 0.00237007 0.00371557 0.00236487 0.000902544 0.00490403 0.00511047 0.00458953 0.00204491 0.0011172 -0.000502874 -0.000720118 0.00109937 -0.000242398 0.000283551 -6.18254e-05 0.00304624 0.00103754 0.000424523 0.00386257 0.000505582 -0.000289974 0.00442807 0.00520299 -0.00102254 0.00043797 -0.000374296 0.00252328 0.00447946 0.00488437 0.00601407 0.00991744 0.0145536 0.00689668 0.00249761 0.000840377 0.00090107 0.00159474 0.00229038 0.00403143 0.00187418 -3.22203e-05 -0.000172091 0.00244011 -0.00119227 0.00532617 0.00185949 -0.00725013 0.00493977 0.00453086 8.36765e-05 0.000181675 -0.010226 -0.0191042
internal_weight=1.02027e+06 99255.4 921015 760466 148023 160550 44064.1 27613.6 71641.9 19177.7 27469.8 12859.9 8138.8 14609.9 14403.5 6901.27 20091.3 12276.5 612443 333923 8080.81 278520 116486 127931 13403.4 21976.7 52464.1 3322.19 51866.2 105955 12614.7 6513.1 35795.5 51447.7 243229 7634.99 3529.07 4721.1 3795.06 1788.79 704.3 1084.49 5544.01 4105.92 36086.2 20703.4 15023.6 11781.1 3492.83 15382.8 175396 14821.2 4641.47 3555.61 1208.91 319.234 8288.29 7794.02 70159.2 926.039 159.411 107.17
internal_count=2080145 483463 1596682 1171499 275214 425183 144938 210352 273111 98101 208275 87645 45004 120630 119787 36595 47884 61506 896285 475202 44853 421083 280245 227330 33582 48050 175010 9150 173650 179280 85546 34938 56716 170779 366788 33650 18894 42641 35389 34241 17658 16583 31371 14756 129938 81114 60161 75200 22276 48824 283683 59503 27856 26783 9610 1554 52924 49425 122564 7252 2126 1305
cat_boundaries=0 1 2 3 4 5
cat_threshold=4192 12392 4624 12288 32
is_linear=0
shrinkage=0.05


Tree=60
num_leaves=63
num_cat=3
split_feature=24 48 33 40 40 126 24 83 120 2 4 119 24 106 51 124 70 32 48 112 25 33 79 133 48 3 73 111 71 2 87 129 133 8 118 97 111 3 40 132 39 106 120 124 39 6 99 85 87 24 130 98 25 23 42 24 112 130 3 106 33 129
split_gain=121.617 83.3827 39.9314 32.7616 27.7859 22.8987 22.8895 21.4632 19.92 19.4923 27.5352 18.0093 17.017 23.4317 16.8539 19.9191 16.1245 15.9351 13.6705 13.6004 13.5741 13.5355 12.99 19.2665 13.4443 12.8963 12.4351 12.2503 12.1155 11.781 11.0306 10.8321 10.7518 10.5129 10.4519 10.292 10.1633 10.4173 10.9681 10.0031 10.6402 14.8123 9.72958 9.68287 9.4931 9.4819 9.4811 9.02629 17.3327 16.5907 10.9782 8.48382 8.34519 8.30688 8.16983 8.14547 8.09394 7.97601 8.09851 7.95329 7.91125 7.91075
threshold=2645.0000000000005 8479.5000000000018 7196.5000000000009 12294.500000000002 3379.0000000000005 890.50000000000011 651.50000000000011 7.5000000000000009 11.500000000000002 1181.5000000000002 277.50000000000006 441.50000000000006 1190.5000000000002 363.50000000000006 10.500000000000002 319.50000000000006 1.1662971973419192 7913.5000000000009 3742.5000000000005 1109.5000000000002 1145.5000000000002 907.50000000000011 5773.5583496093759 15.655222415924074 4771.5000000000009 0 20896.000000000004 449.08332824707037 1.0511574149131777 5680.5000000000009 1.0680103898048403 1.0000000180025095e-35 45.474390029907234 25.500000000000004 536.50000000000011 579353216.00000012 62.416666030883796 1 16692.000000000004 0.45961427688598638 0.86362355947494518 682.50000000000011 11.500000000000002 1000.5000000000001 1.5700779557228091 -0.93301269412040699 1627916352.0000002 1161.5000000000002 0.97529181838035595 6805.0000000000009 0.67120766639709484 140658720.00000003 8250.0000000000018 0.72972974181175243 4408.5000000000009 3625.0000000000005 985.50000000000011 1.0724295377731325 2 717.50000000000011 7196.5000000000009 226.75000000000003
decision_type=2 2 2 2 2 2 2 2 2 2 2 2 2 2 2 2 2 2 2 2 2 2 2 2 2 9 2 2 2 2 2 2 2 2 2 2 2 9 2 2 2 2 2 2 2 2 2 2 2 2 2 2 2 2 2 2 2 2 9 2 2 2
left_child=3 2 4 12 -2 22 -5 8 26 10 16 -10 56 20 15 31 54 18 -15 -16 -14 -17 39 -24 45 53 43 -20 30 57 42 -3 -11 -23 -28 -33 -8 38 -38 -4 41 -41 -9 -6 -30 -25 -12 55 61 50 52 -52 -50 -13 -7 -27 -1 58 60 -42 -21 -49
right_child=1 14 5 6 7 9 36 28 11 32 46 25 13 17 19 21 -18 -19 27 29 -22 33 23 24 -26 47 34 -29 44 -31 -32 35 -34 -35 -36 -37 37 -39 -40 40 59 -43 -44 -45 -46 -47 -48 48 49 -51 51 -53 -54 -55 -56 -57 -58 -59 -60 -61 -62 -63
leaf_value=-0.00083753796474284449 -0.00044187351123235025 0.013216195092734204 -0.0012809953882179741 5.6616054660369324e-05 0.0029115840479803467 0.0047242083342009522 0.013486500010481815 -0.0047129032449802601 -3.4712065565153718e-05 0.0065260934731873584 -0.008172381238285592 -0.0011349044661642833 0.0068948374666193638 -0.00072195773742176174 -0.046056785086204616 0.017952949576300441 -0.00092805894015153046 -0.012265709618371031 0.0006055166655939021 0.0042627005709741216 0.0015210312179757277 0.0050663653472511443 -0.0024725865005677194 0.016532845555008519 0.012371649459008748 0.0018333095364469337 0.018683853916844195 -0.00022428146271694506 -0.00030645174363810472 -0.0043113140760469215 0.003248304421404061 0.0028807398604861791 0.023197104363680682 0.011181253384929863 0.0064281009994303032 -0.0030749996281441909 0.0017503402267461056 0.00033984120649547617 0.0045971349006650279 0.017920096338359538 -0.0034644713172579202 -0.0096180177870539476 0.00069826070931672962 0.021301197642648664 -0.0040930829523683687 0.0027021625363522423 -8.3832913227576669e-05 1.3347802640342917e-05 0.0015627538796066176 0.0057629316689137202 -0.011896388634032938 -0.0012683245307833753 -0.013619107501464776 0.0016649549799424897 0.01035655643121661 0.0039500011084311866 -0.00040486884914878586 -0.0079413597715803606 -2.5630423963113745e-05 0.003349967835133083 0.019381709942876878 -0.013051963098885348
leaf_weight=193926.00022020109 61266.70970916748 236.53159952163696 4834.8767528533936 50525.137390136719 1870.5996714234352 2384.5590825676918 186.56248378753662 863.72457027435303 17683.349534988403 4319.5528092384338 601.31497383117676 5018.0562057495117 1649.2068763971329 75164.484181135893 14.873192787170408 222.1674280166626 1025.4088191986084 271.16174507141113 69247.132895737886 1842.3063613735139 4099.2782043218613 10245.591985613108 820.83134460449219 135.56449413299561 675.6632022857666 7807.180507183075 288.45529812574387 124334.86677360535 28411.8161277771 828.81727458536625 4323.4377784729004 8809.1582033634186 98.779953002929688 756.3137980401516 444.10911417007446 789.26323056221008 13408.0205950737 8485.4616198539734 4531.0028476715088 56.113844156265259 478.06716799736023 351.84821510314941 21317.564244270325 74.065124273300171 1757.4794960021973 1419.4679098129272 913.48930358886719 190.08114528656006 10399.41819691658 2139.896125793457 259.17180347442627 683.50893211364746 90.752265691757202 5608.6112594604492 886.25821775197983 10921.566385746002 244373.22333526611 179.33248138427734 1415.19313268736 4022.4241552352905 90.586443901062012 293.16632175445557
leaf_count=248211 130095 1825 25365 75176 7149 13425 848 2052 50925 42984 3379 13282 4853 113046 32 2262 5972 462 143905 8992 11169 67536 4082 1420 9392 21761 2264 236144 77529 3795 12654 46165 3347 22748 2247 3741 34920 21656 15477 450 2055 1095 60270 953 4452 8934 6005 636 33749 12477 593 2201 239 20365 10277 45138 344159 673 8539 22205 1640 735
internal_value=-2.41608e-06 0.00100901 0.000673574 -0.000297027 0.000424979 0.00263528 0.000681803 0.000865958 0.00149518 0.00439892 0.00249406 0.00131006 -0.00040292 -9.4401e-05 0.00370931 0.0042958 0.00453815 -0.000161917 -0.000149663 0.000882421 0.00306408 0.00573564 0.00122476 0.00407138 0.00648162 0.00185795 0.00571678 7.25245e-05 0.000157839 0.0010491 0.000937854 0.00265188 0.00690252 0.00548767 0.0112702 0.00239035 0.00186861 0.00178614 0.00246839 0.000332541 0.00192288 -0.0058007 0.000487227 0.00361984 -0.000527268 0.00391603 -0.00329959 0.00234832 0.00139065 0.00172236 0.000965424 -0.00420036 0.00143029 0.00034204 0.00625322 0.00306799 -0.000596316 0.00231045 0.00286216 0.00262468 0.00495306 -0.0079078
internal_weight=1.02037e+06 230167 204737 790202 181713 23024.2 77136.2 120446 63772 10229.4 5811.03 61094.8 713065 274766 25430.1 21059 4296.23 269018 268746 4371.11 5748.49 11224.1 12794.9 3051.53 2230.7 43411.4 2677.23 193582 56674 4356.24 26504.7 9834.95 4418.33 11001.9 732.564 9598.42 26611 26424.5 17939 9743.33 4908.45 407.962 22181.3 1944.66 30169.3 1555.03 1514.8 32784.7 14056 13572.7 11432.9 942.681 10490.2 10626.7 3270.82 18728.7 438299 3527.42 3348.09 4500.49 1932.89 483.247
internal_count=2080127 830101 662153 1250026 501766 160387 148077 371671 214714 85389 39058 202101 1101949 509579 167948 144277 29674 493557 493095 23671 16022 92546 74998 23828 19746 151176 12613 380049 156957 23639 74976 51731 46331 90284 4511 49906 72901 72053 50397 51170 25805 1545 62322 8102 81981 10354 9384 117529 50630 49259 36782 2794 33988 33647 23702 66899 592370 19844 19171 24260 10632 1371
cat_boundaries=0 1 2 3
cat_threshold=2080 11781 11269
is_linear=0
shrinkage=0.05


Tree=61
num_leaves=63
num_cat=3
split_feature=13 24 48 100 83 100 35 106 35 38 3 41 55 37 32 133 132 133 37 28 28 110 38 106 87 100 48 75 70 107 126 100 88 48 76 3 38 63 35 85 76 38 108 70 75 106 106 87 106 62 37 85 124 3 86 108 94 38 6 24 24 109
split_gain=117.507 48.0964 31.5185 24.2091 24.1351 20.478 20.3718 20.2528 17.1189 17.7744 17.0163 16.3512 15.4069 15.1144 14.8066 13.562 13.5168 14.3901 12.977 12.5237 12.4782 12.1773 14.7581 15.0597 12.8945 12.0181 11.9464 11.596 11.4062 11.444 11.5414 11.1942 10.9785 10.2643 10.1972 9.54722 14.5709 10.2891 9.64715 9.45189 18.0633 9.39133 9.37235 9.36241 9.35021 9.155 12.6075 9.30953 9.03834 10.9702 8.92061 10.0051 9.15427 8.82249 8.81417 8.76368 8.70956 8.17437 8.1296 9.74214 8.99412 8.0785
threshold=5.0833332538604745 1776.5000000000002 3994.0000000000005 548935104.00000012 4.5000000000000009 1663603776.0000002 4.5000000000000009 765.50000000000011 7.5000000000000009 0.76997897028923046 0 1.0000000180025095e-35 1.3714220523834231 4375.5000000000009 9509.0000000000018 7.8947379589080819 1.0000000180025095e-35 9.1111111640930194 49.500000000000007 11113.500000000002 11113.500000000002 653.16665649414074 1.8415203690528872 850.50000000000011 1.2015057206153872 270820320.00000006 9115.0000000000018 1.0000000180025095e-35 1.3843718171119692 264.50000000000006 149.50000000000003 2182211328.0000005 5677153.5000000009 9115.0000000000018 8469.1669921875018 1 1.3069947361946108 169038.36718750003 9.5000000000000018 -3653.4999999999995 32162.666992187504 0.95231598615646373 489.50000000000006 1.6925346851348879 49831.000000000007 802.50000000000011 700.50000000000011 0.88213178515434276 850.50000000000011 212352.50000000003 645.50000000000011 3509.5000000000005 407.50000000000006 2 1.0012135505676272 805.50000000000011 94774388.000000015 3.9216867685317998 -0.93301269412040699 8460.0000000000018 5835.0000000000009 760.50000000000011
decision_type=2 2 2 2 2 2 2 2 2 2 9 2 2 2 2 2 2 2 2 2 2 2 2 2 2 2 2 2 2 2 2 2 2 2 2 9 2 2 2 2 2 2 2 2 2 2 2 2 2 2 2 2 2 9 2 2 2 2 2 2 2 2
left_child=1 5 11 -2 14 27 13 10 9 15 31 20 28 26 56 -9 -15 -18 -7 34 -3 -10 23 24 -23 -13 45 41 29 30 -8 55 -12 -31 -11 38 37 39 -25 40 -37 -1 -16 50 -24 46 -4 -48 49 -19 52 -52 -43 -20 -38 58 -5 -55 -6 60 -60 -26
right_child=3 2 6 4 7 18 12 8 21 19 32 25 -14 16 42 -17 17 48 53 -21 -22 22 44 35 61 -27 -28 -29 -30 33 -32 -33 -34 -35 -36 36 54 -39 -40 -41 -42 43 -44 -45 -46 -47 47 -49 -50 -51 51 -53 -54 57 -56 -57 -58 -59 59 -61 -62 -63
leaf_value=-0.00064120236853122876 -0.00016216573236571411 0.0015049409804445012 0.00097344074054683805 -0.0020729052684066995 -0.00098006591511988917 -0.00010029241272324082 -0.0023425342072671503 0.017507820730142752 0.02103341368542461 0.011792805780614143 -0.00082431602123427786 -0.0015727899265523455 0.0046326116829013076 0.023958271690786903 0.025967379488853998 -0.0061366576532176269 0.024018101053888821 -0.0033959429489449919 0.00021993196700365448 0.010639463449883417 0.0098754375970976152 0.00072073911410547352 -0.0098831820100496546 0.0074388959828472663 0.0073398960511752848 -0.00014052883577035102 0.0038086042360547974 -0.00062963600481173677 -0.0029971920739484265 0.00029931053438359299 0.011680416214141037 0.006367499821934873 0.0043345306457396931 0.0016765688322026686 0.0042680306605497658 -0.012043364492213604 0.027183947380787291 0.03696325130174332 -0.0012841283075375404 0.0081504904011313172 0.00592921158218005 6.1423221339815967e-05 0.0087794084769357555 -0.0011986773075590867 0.0074791727445582537 -0.0036356341886313358 -0.005386625165447986 0.0038645977178074576 -0.0038756779958364568 0.0084527391420067041 0.0005542226257660059 0.0046730695596563605 0.0039190569507132804 0.0016599637044876561 -0.0018371934252727415 -0.0097159722523689519 0.0048637935900102324 0.0052811794327322081 0.0023110757984958299 -0.013096651841209866 0.009380811807445941 0.02880917090295107
leaf_weight=68032.190458452562 10154.725769042969 7408.0905380249023 31439.574278116226 515.23732376098633 2001.5142941474915 42434.933589935303 217.97490501403809 68.585651248693466 85.842690467834473 498.19685888290405 9925.5585440397263 17025.796600341797 2228.6640014648438 102.72165238857269 83.8333899974823 492.72029638290405 95.518903851509094 246.24417114257812 11085.181591033936 1206.5873155593872 473.55947875976562 8068.6217600107193 385.9798629283905 435.11407843232155 289.65733814239502 104868.02814483643 5218.3744914531708 375929.81685638428 2368.7385973930359 109481.03477668762 444.1759557723999 1508.2179565429688 1150.2184448242188 15438.30287694931 4751.0104937553406 178.06302058696747 26.659155130386353 27.973286151885986 1161.3288421630859 2719.5048194825649 642.36359214782715 115157.3978369236 1484.0346672534943 12984.735061645508 96.280821084976196 931.24742889404297 284.15824413299561 5922.5066719055176 289.71451187133789 930.56888818740845 4130.3289535045624 2295.3797073364258 1558.2709894180298 14064.037467956543 706.62617230415344 161.66622000932693 3646.892147064209 1754.31787109375 11526.952369078994 99.238593868911266 468.27850609272718 51.600192070007324
leaf_count=100427 60942 15503 82427 3132 8368 67230 660 810 785 3978 49855 31097 6080 1104 1992 2867 1120 893 16147 23701 2719 44610 1604 5402 2309 212799 20528 522521 4492 246479 1644 9357 9273 42836 34565 971 271 1504 8289 24840 7765 174881 24331 15678 1240 2524 889 22510 1293 6178 7904 5569 3588 28594 5426 475 30940 4111 54619 611 3763 564
internal_value=1.5188e-05 -0.000124454 0.000393002 0.00207867 0.00249656 -0.000367814 0.000829615 0.00213544 0.00326419 0.00530042 0.00121457 -0.000197878 0.000511342 0.00174088 0.00556659 -0.00322564 0.00641733 0.00525333 0.000444245 0.00604269 0.0020091 0.00230318 0.00219342 0.00248372 0.00112437 -0.00034063 0.00156294 -0.000464889 0.0004395 0.000504375 0.00705834 0.00226897 -0.000287688 0.000469567 0.00498421 0.00442101 0.00564214 0.00697455 0.00108501 0.00673097 0.00201745 -0.000161503 0.00970962 7.8202e-05 -0.00640237 0.00125899 0.00138025 0.00343985 0.00401995 0.00596881 0.000212888 0.00202658 0.000112986 0.00130331 -0.000757489 0.00183645 0.00400374 0.00206074 0.00196964 0.00245822 0.00258787 0.0106382
internal_weight=1.01946e+06 954842 305415 64619.1 54464.4 649427 175640 48734.4 21892.7 7017.1 26841.6 129775 130179 45460.6 5730 561.306 1664.77 1562.05 69338.5 6455.79 7881.65 14875.6 14789.8 14307.5 8409.88 121894 43795.9 580088 127950 125581 662.151 15765.9 11075.8 124919 5249.21 5897.63 4301.19 3567.9 1596.44 3539.93 820.427 204158 1567.87 136126 482.261 38577.5 37646.2 6206.66 1466.53 1176.81 123141 6425.71 116716 26903.5 733.285 14257.6 4162.13 15818.4 14096 12094.5 11995.2 341.258
internal_count=2079584 1650425 703775 429159 368217 946650 441657 307822 171501 65921 136321 262118 302191 139466 60395 3677 10588 9484 116082 62244 18222 105580 104795 101951 47483 243896 128878 830568 296111 291619 2304 77193 59128 289315 38543 54468 40777 35080 13691 33576 8736 308047 26323 207620 2844 108350 105826 23399 8364 7071 191942 13473 178469 48852 5697 67836 34072 32705 67361 58993 58382 2873
cat_boundaries=0 1 2 3
cat_threshold=40197 12320 33544
is_linear=0
shrinkage=0.05


Tree=62
num_leaves=63
num_cat=6
split_feature=13 13 39 35 3 44 35 71 37 71 36 45 131 40 106 3 121 131 2 125 47 134 9 40 130 3 85 6 47 79 106 3 78 2 132 131 110 104 118 30 132 71 33 3 3 37 71 111 28 111 106 76 25 124 132 32 121 131 24 69 97 85
split_gain=99.746 34.0216 25.9411 24.5829 22.8177 20.4219 19.1658 17.6289 17.3437 15.8057 15.5542 15.3636 15.3442 14.4494 14.9639 14.1939 13.3734 12.5894 12.0109 14.3746 11.9639 11.8917 11.8109 11.3873 12.9281 11.0443 10.6441 10.5924 10.3174 9.87386 9.73292 9.4777 10.1919 9.46851 9.77189 9.61954 9.45237 9.39858 9.318 9.15163 8.53628 8.44858 9.64882 10.7552 8.39518 17.6394 9.34214 8.28917 10.2386 8.26635 13.2958 9.54177 9.815 8.88269 7.9589 7.98276 7.93718 7.84652 7.81099 7.76904 8.73864 11.0568
threshold=2.4166666269302373 9.5833334922790545 0.8875144124031068 4.5000000000000009 0 7543.5000000000009 7.5000000000000009 1.0204875469207766 1509.0000000000002 0.99699902534484874 4.5000000000000009 5600.4165039062509 2.5434914827346806 3130.5000000000005 682.50000000000011 1 2301.0000000000005 4.6201272010803232 1181.5000000000002 490.50000000000006 1401.6855468750002 43.500000000000007 64.500000000000014 3623.5000000000005 0.29841059446334844 2 -372.49999999999994 -0.68301269412040699 551.36978149414074 4542.6098632812509 479.50000000000006 3 15373.000000000002 346.50000000000006 0.21393632143735888 21.013010978698734 751.50000000000011 218088944.00000003 55.500000000000007 2305.5000000000005 0.74728038907051098 1.0926171541213991 4919.0000000000009 4 5 -676.49999999999989 1.1089922189712527 62.416666030883796 380.83332824707037 346.08332824707037 850.50000000000011 63479.500000000007 8250.0000000000018 819.50000000000011 0.64617648720741283 3251.5000000000005 1317.0000000000002 21.013010978698734 8460.0000000000018 82505.000000000015 3278389760.0000005 -1.0000000180025095e-35
decision_type=2 2 2 2 9 2 2 2 2 2 2 2 2 2 2 9 2 2 2 2 2 2 2 2 2 9 2 2 2 2 2 9 2 2 2 2 2 2 2 2 2 2 2 9 9 2 2 2 2 2 2 2 2 2 2 2 2 2 2 2 2 2
left_child=4 2 9 13 6 18 8 16 12 15 11 29 -1 -4 57 -2 26 -12 25 -20 47 31 37 -9 -25 -3 -5 -18 -6 -10 38 59 -33 35 -35 -27 58 -21 -19 -30 -11 42 54 -44 45 -43 -46 48 -14 50 -16 -51 -53 -52 -26 -56 -8 -15 -28 60 -7 -62
right_child=1 5 3 7 28 21 56 23 10 40 17 -13 20 14 49 -17 27 30 19 22 -22 -23 -24 24 41 33 36 -29 39 -31 -32 32 -34 34 -36 -37 -38 -39 -40 -41 -42 44 43 -45 46 -47 -48 -49 -50 51 53 52 -54 -55 55 -57 -58 -59 -60 -61 61 -63
leaf_value=0.0027325898142184692 0.001400001966840465 0.0080816147537365029 -0.00073791840603677772 0.00049408888172833927 -0.00061034822190322402 0.0076461266863025977 -0.00059882806912516743 -0.0010922106274060866 0.0018095454348320472 -0.0011634501514263703 0.02639445282225298 0.012353245445315303 0.0014108216317853806 0.0026977358283933966 0.010537460103130836 -0.0022500402825996013 0.0041452459935719102 0.023833138459130279 -6.1251517909350064e-05 0.040157270240327884 0.0025601658555487235 0.013147883348111532 0.020446103329181224 -0.0002906182098839727 0.00065671697029360046 0.0064252904429439005 0.0016109178994104627 0.015479243389070117 -0.00015837487545780789 0.0060484485756598545 -0.00034887525622637633 -0.0016637101228805348 0.0045054705850489955 0.00963897507076273 -0.0025488080442984656 -0.0069882018180172246 0.0037659553337410093 0.0044956390372982487 0.0031069505188771294 0.002025721730169901 -0.0048523026117639652 0.03783185663307792 0.0050015960480786423 0.00033953230331319669 0.0057443021773155023 0.0037043327037822749 0.00058099931387575808 2.1810492938398839e-05 0.011244948299830571 0.0047907507374808402 -0.010675106386338923 -0.0025950902629324497 0.0074050687247131921 0.01751453391441872 -0.0051590387521840975 -0.00021924394783198192 0.00061522280471898244 2.7479148771868206e-05 -0.0074594013113775809 0.0031291279826296519 0.012551882066920537 -0.045881208611016744
leaf_weight=5932.121883392334 12743.867887973785 360.0419680327177 3034.1674838066101 19829.552227020264 365854.52174436348 2999.4469074383378 105558.97540283203 11821.451801657677 4630.5161811849102 15953.264793395996 45.241390095092356 478.09695053100586 6359.6041996926069 9015.2872090339661 1036.3681540489197 3356.214147567749 2031.2381362915039 79.196789063513279 2018.5594654083252 18.136918527306989 5016.386116027832 416.75012969970703 124.10523604601622 27700.28443145752 28620.257123470306 692.92860873043537 18720.235233902931 229.56630706787109 105495.94086027145 1956.6930846571922 5859.6041164398193 1077.2456231936812 1763.3068079948425 171.80616965889931 3555.5417166650295 164.81472897529602 6054.8566207885742 2990.4797997723799 172.5003649815917 5023.9673428535461 1740.2481689453125 37.751172587275505 2541.9882855415344 2421.5187754631042 1003.8785719871521 4178.615000680089 6886.6561508178711 179998.5099029541 275.8901049643755 5936.3137092590332 130.97570896148682 939.00244903564453 331.59846687316895 34.915287971496582 1196.5788576602936 2589.1053125858307 15426.321960449219 3964.7784862518311 239.73186016082764 1688.7197070121765 14.743909597396852 16.746204614639282
leaf_count=11395 39209 4140 12368 58117 499685 34910 166077 35061 12109 43402 405 2319 11670 38166 8057 8332 8149 443 16262 490 10574 17416 8061 77817 85254 7197 52357 1267 147147 7807 16779 9099 19703 2159 30036 938 23847 38106 640 10809 4542 330 12165 10263 4013 14473 23696 314757 976 34480 584 4454 2666 661 2748 8439 29638 15702 926 16578 253 50
internal_value=-7.31077e-06 0.000956907 0.000763877 0.00102895 -0.000260723 0.00303196 5.76139e-05 0.000766781 0.00034552 -0.000495121 0.00209872 0.00369954 0.000228169 0.00248967 0.00294776 0.000638231 0.00154898 0.000260645 0.00153718 0.00322681 0.000150617 0.00492306 0.00534672 0.000352712 0.000574107 -0.000222016 0.00135963 0.0053015 -0.000482443 0.00306981 6.42172e-05 0.00446817 0.00215665 -0.000891634 -0.00198447 0.0038395 0.00204554 0.00471892 0.00968262 -5.90372e-05 -0.00152668 0.00105834 0.000686232 0.00273917 0.00220641 0.00400603 0.00123729 8.58192e-05 0.00182127 0.00459122 0.00843288 0.00394912 1.26806e-05 -0.00467715 0.000371599 -0.00178241 -0.000443986 0.00188252 0.00149577 0.005841 0.00736879 -0.0185975
internal_weight=1.02056e+06 212394 194320 160527 808164 18073.4 331790 136103 210804 33793.6 13221.8 7065.31 197583 24423.4 21389.2 16100.1 47105.2 6156.54 10096.4 5151.28 191650 7976.96 3132.72 88998.1 77176.6 4945.13 44844.4 2260.8 476374 6587.21 6111.3 7560.21 2840.55 4585.09 3727.35 857.743 25014.8 3008.62 251.697 110520 17693.5 49476.3 37369.4 4963.51 12106.9 4216.37 7890.53 186634 6635.49 8409.17 1202.26 7206.91 1270.6 165.891 32405.9 3785.68 120985 12980.1 18960 4719.66 3030.94 31.4901
internal_count=2080173 836943 631545 536060 1243230 205398 585589 418922 389874 95485 40502 22235 349372 117138 104770 47541 144663 18267 107389 62919 337977 98009 46657 274259 239198 44470 135247 9416 657641 19916 17862 80593 28802 40330 32195 8135 77130 38596 1083 157956 47944 161381 118869 22428 42512 14803 27709 327403 12646 50902 9302 41600 7120 1245 96441 11187 195715 53868 53283 51791 35213 303
cat_boundaries=0 1 2 3 4 5 6
cat_threshold=15456 5413 389 7429 1413 69
is_linear=0
shrinkage=0.05


Tree=63
num_leaves=63
num_cat=4
split_feature=24 40 13 46 24 83 38 120 3 38 85 47 21 41 119 39 83 15 123 29 130 94 3 79 83 86 130 88 129 84 75 31 127 109 109 94 3 111 27 110 75 37 85 36 70 71 70 6 10 69 57 85 8 70 119 125 86 3 124 29 62 83
split_gain=93.2755 47.4854 34.5784 26.3974 26.5478 17.2674 18.5009 15.4398 20.1204 15.0813 14.5806 13.856 13.7174 12.4323 12.2019 12.018 14.0382 11.6995 11.635 11.5246 11.0226 10.8775 17.6158 24.9085 10.6031 10.494 14.7712 10.441 10.0888 11.2648 9.77842 10.8325 9.24984 9.23325 9.09248 8.99961 10.7905 8.83543 9.99283 8.811 8.7841 8.64557 8.50122 8.31921 8.29438 8.19858 8.13585 8.01409 7.91177 7.85423 7.84149 8.03981 7.63824 8.0711 7.98191 7.61307 7.6102 7.59058 7.57432 8.3285 8.10584 7.50996
threshold=4459.5000000000009 5374.0000000000009 1.2500000000000002 8584.5000000000018 1328.5000000000002 7.5000000000000009 0.95231598615646373 1630.0000000000002 0 1.5160946846008303 1161.5000000000002 1049.9644775390627 22.500000000000004 15748.000000000002 767.50000000000011 0.96359828114509594 4.5000000000000009 3.9431470632553105 270.41667175292974 1030.0833740234377 0.29841059446334844 290092656.00000006 1 205.93214416503909 7.5000000000000009 0.90584078431129467 0.3269536048173905 3523149.5000000005 226.75000000000003 6.5000000000000009 6681.0000000000009 81.229442596435561 393.50000000000006 571.50000000000011 417.50000000000006 129495108.00000001 2 813.58334350585949 3867.5000000000005 653.16665649414074 61911.000000000007 -476.49999999999994 26728.500000000004 5.5000000000000009 1.1935213804244997 1.2497808933258059 1.3843718171119692 -0.93301269412040699 50.500000000000007 -1959.4999999999998 425585.00000000006 6732.5000000000009 43.500000000000007 0.975724756717682 4916.5000000000009 565.50000000000011 0.9665513038635255 3 527.50000000000011 1563.166687011719 89989.500000000015 4.5000000000000009
decision_type=2 2 2 2 2 2 2 2 9 2 2 2 2 2 2 2 2 2 2 2 2 2 9 2 2 2 2 2 2 2 2 2 2 2 2 2 9 2 2 2 2 2 2 2 2 2 2 2 2 2 2 2 2 2 2 2 2 9 2 2 2 2
left_child=2 7 11 15 57 6 10 30 33 21 41 24 19 20 -12 17 39 47 -11 -8 -6 37 23 -23 43 -16 61 44 29 42 58 -32 -28 -9 -25 -22 -37 40 -39 -17 -7 -3 -21 -1 50 -14 -18 -4 -20 -36 -10 -52 53 54 -51 -42 -40 -5 59 -2 -60 -27
right_child=1 5 3 4 13 9 12 8 27 18 14 -13 45 -15 25 16 46 -19 48 28 35 22 -24 34 -26 26 32 -29 -30 -31 31 -33 -34 -35 49 36 -38 38 56 -41 55 -43 -44 -45 -46 -47 -48 -49 -50 52 51 -53 -54 -55 -56 -57 -58 -59 60 -61 -62 -63
leaf_value=-0.00031596532851086031 0.006442726193272969 0.0017400111408702229 -0.0019633678743420607 0.0011059367068396912 0.00051533222952717544 0.0010865182421664094 0.03222184903958486 0.0089046377151825225 0.0025291652194860009 0.0082569334270689385 -0.008074714969006927 0.00050407863884928449 0.017440299800911954 0.0047089993699749441 0.015885559697883467 0.0009142601385748562 9.6656246067573372e-05 -0.003121765622095938 -0.0033610788429012982 0.0026760499919527576 0.0011936029512364323 -0.02581237114428327 0.0057178714863200782 0.0087004051229023736 -0.00072459356148427709 0.011197170510463397 -0.00070289119384689381 0.0040921263037455363 0.0060519069472067394 -0.010907424756754438 0.0089480487582054621 -0.00061027465294189278 0.011472108044940693 0.0035064545466608403 -0.014860601223740451 0.0041556882411400353 0.0010916671193822616 -0.026559785609492105 0.024198406570512639 0.0034430926174322109 -0.0010127464856646074 0.0077453893019710646 0.011210860233241781 0.0013191884702865311 -0.0022056019282218845 -0.012946814398605927 -0.0027003086698363906 -0.00021297068985594287 0.030204105427359681 0.0039055981187214889 -0.00066791881679467723 0.0034948300163812965 0.012127679383885625 0.00033948610582675714 0.018924205824045973 -0.0095509215454686325 0.0052399693804332827 -0.00024311624788434739 -0.014855701159324828 -6.8557961115849275e-06 0.0024683600799887571 -0.011998955860790705
leaf_weight=305554.4463089481 521.54022407531738 1778.6538333892822 7084.2862930297852 15248.514579772949 13678.645957946777 2145.8103348016739 38.322152644395828 998.45975971221924 5169.0878965854645 253.87102699279785 574.2355809211731 39848.8251953125 310.87288212776184 3634.7255859375 105.05949878692627 21279.476089477539 129680.75543785095 3963.9450836181641 2049.0775521229953 3472.1074558310211 10314.717096567154 81.625173091888428 4480.5478439331055 454.3472421169281 224341.01312255859 38.929451465606689 447.59286892414093 2352.9890325069427 6915.4753060340881 142.20356069877744 299.46353244781494 24716.850449562073 238.36494100093842 3871.4084615707397 73.349062919616699 8915.6343805789948 4282.0715346336365 22.136844635009766 59.171311140060425 4112.3526153564453 656.63837277889252 906.06408834457397 318.67776966094971 7980.2933276696131 2368.2083148956299 23.355902910232544 2652.6127262115479 85100.817481994629 17.184599595144391 648.43717184104025 6797.4798136949539 1398.0050266981125 164.98176787607372 4164.2125507518649 102.393310546875 434.71664810180664 490.97123265266418 32910.03150177002 67.60732364654541 12120.219760894775 7021.3429708480835 295.98329734802246
leaf_count=429853 2298 13571 12693 35008 42502 10479 585 6552 17945 1676 2840 59072 8559 18723 1144 54990 275529 13143 9309 20213 32709 195 31482 3787 291909 317 3500 20022 61716 499 1097 74589 2991 18141 631 37192 16482 43 715 13543 2747 7226 2345 14692 7476 115 4711 178370 848 3989 25851 10337 7847 25682 1095 1571 2815 65131 163 38200 29484 1406
internal_value=-2.1432e-06 0.00145129 -0.000159412 0.000238359 0.000979404 0.0030416 0.00423062 0.000701752 0.00175596 0.00190278 0.00147486 -0.000395484 0.00530694 0.0019174 -0.002146 -2.13631e-05 0.000247212 -0.000461991 -0.00182895 0.00499944 0.00164437 0.00252253 0.00337615 0.00151802 -0.000462138 0.000875513 -0.000671321 0.000985182 0.00490134 0.00287648 0.000160805 -0.000495478 0.00352582 0.0046056 0.00192171 0.00230097 0.00316598 0.000242205 0.00596742 0.00132408 -0.000769144 0.00376969 0.00339624 -0.000274328 0.000520702 0.0152857 4.05435e-05 -0.00034755 -0.00307227 0.0013223 0.00100424 4.17325e-05 0.00155839 0.0012014 0.00597162 -0.00442113 0.00730827 0.000184119 0.000993143 0.000259073 0.0023014 -0.00927511
internal_weight=1.02019e+06 99608 920583 342859 88984.3 31905.4 15605.9 67702.7 22955.6 16299.5 4384.88 577725 11221 40825.8 1700.17 253874 157725 96149 2320.13 10886.8 37191.1 13979.3 10169.9 5689.35 537876 1125.93 1020.87 18085.8 10848.5 3932.99 44747 25016.3 685.958 4869.87 5607.72 23512.4 13197.7 3809.44 572.279 25391.8 3237.17 2684.72 3790.79 313535 15732.8 334.229 132333 92185.1 2066.26 5153.37 13364.6 8195.48 5080.02 4915.04 750.83 1091.36 550.143 48158.5 19730.7 12641.8 7088.95 334.913
internal_count=2080345 484093 1596252 800726 247747 231938 127027 252155 106324 104911 32995 795526 94032 147608 12198 552979 348773 204206 11833 85358 128885 93078 74708 43226 736454 9358 8214 81631 84773 23057 145831 75686 6491 24693 43031 86383 53674 18370 3573 68533 14797 20797 22558 444545 61609 8674 280240 191063 10157 39244 54133 36188 38613 30766 5084 4318 3530 100139 70145 40498 29647 1723
cat_boundaries=0 1 2 3 4
cat_threshold=9221 12384 42373 3136
is_linear=0
shrinkage=0.05


Tree=64
num_leaves=63
num_cat=3
split_feature=24 46 124 49 67 24 112 98 32 132 108 24 106 112 35 83 83 10 95 69 110 3 3 16 38 106 26 83 69 62 123 47 74 57 128 120 76 108 28 96 38 39 69 110 21 108 85 48 121 78 121 40 38 74 3 114 51 107 131 111 129 2
split_gain=82.1438 68.3309 25.9945 25.4345 22.281 17.8109 15.9716 15.865 15.8634 15.5953 15.7015 14.5112 22.3051 16.0648 17.1587 14.1786 13.8062 13.3483 13.3237 11.9509 11.707 11.6411 11.2388 10.5955 10.3918 11.9589 12.0719 11.746 10.025 10.7332 9.65065 9.60954 9.46157 9.21766 9.17906 9.2057 9.76365 9.12033 9.69864 8.89092 13.5876 10.4341 8.6533 11.1398 8.64729 8.44653 8.3697 8.36638 8.27764 13.0611 8.22068 8.0917 8.06854 7.83895 7.83521 7.74011 8.55114 7.56932 7.51214 8.23772 7.4572 7.41464
threshold=2394.5000000000005 6879.0000000000009 819.50000000000011 12298.500000000002 9.5000000000000018 8460.0000000000018 688.50000000000011 140658720.00000003 1203.5000000000002 0.39982727169990545 423.50000000000006 416.50000000000006 227.50000000000003 721.50000000000011 7.5000000000000009 7.5000000000000009 7.5000000000000009 1.0000000180025095e-35 1.0000000180025095e-35 33003.000000000007 719.50000000000011 0 1 64.500000000000014 1.5160946846008303 850.50000000000011 11353.500000000002 10.500000000000002 -17364.499999999996 39200.500000000007 481.83332824707037 601.04513549804699 12657.500000000002 1166293.5000000002 317.50000000000006 31.500000000000004 27623.666015625004 105.50000000000001 1014.1666564941407 326951024.00000006 1.8415203690528872 1.26193243265152 123750.50000000001 853.50000000000011 26.500000000000004 54.500000000000007 3509.5000000000005 3244.5000000000005 1122.5000000000002 17270.000000000004 144.50000000000003 9633.5000000000018 1.8415203690528872 9461.5000000000018 2 1103.5000000000002 4.5000000000000009 858.50000000000011 24.242021560668949 559.58334350585949 618.83334350585949 5680.5000000000009
decision_type=2 2 2 2 2 2 2 2 2 2 2 2 2 2 2 2 2 2 2 2 2 9 9 2 2 2 2 2 2 2 2 2 2 2 2 2 2 2 2 2 2 2 2 2 2 2 2 2 2 2 2 2 2 2 9 2 2 2 2 2 2 2
left_child=3 2 6 11 5 30 -2 18 52 19 -11 -1 37 -14 55 28 51 47 -3 57 32 -20 48 39 25 -17 60 33 45 -30 -4 -18 -19 -26 35 36 -31 -13 -39 -21 46 -42 58 61 -36 -8 -41 -7 -6 -50 -38 -12 -5 -23 -40 56 -15 -9 59 -22 -27 -44
right_child=1 7 4 8 22 17 15 9 -10 10 16 12 13 14 -16 24 31 20 21 23 42 53 -24 -25 27 26 -28 -29 29 34 -32 -33 -34 -35 44 -37 50 38 54 40 41 -43 43 -45 -46 -47 -48 -49 49 -51 -52 -53 -54 -55 -56 -57 -58 -59 -60 -61 -62 -63
leaf_value=-0.00070870689374807709 -0.00076773766626936162 0.024249227479401149 0.026304745677039013 0.00011306567343201754 -0.00090110446851571289 0.0063175026431614729 0.023687855568129711 0.0033528561843102615 0.0027631472910139136 0.013901855529350872 0.0041946393720259023 0.0042832623121337949 -0.00092144762547168686 0.00038642749454984336 -0.00052056923846418755 -0.00021109572061651382 0.0012966560128377319 0.020639647764816867 -0.0088719739444534634 0.0031708186307551007 0.0085484076580852868 0.0031423272317629663 -0.00095196036625351435 0.012494871975893182 -0.0015365450734959537 0.0027549335058643805 0.01205657865246991 -0.0053369015517267977 -0.0078469493433460501 0.0011351003252139458 0.0014764839317502913 0.0049165545521859776 -0.002957042610310363 0.0056866492606208368 0.0012781315619651563 -0.00014685337377149426 0.0096578575923003569 0.00053939562725393816 0.01001451189730107 -0.00057712671373813041 0.022124337782712132 -0.01253051583377819 -0.0048070716447751244 0.025303750541457351 0.019818935566510345 0.0022153981095653012 0.0028297548100762009 0.014835798114306652 0.00016477225571465438 0.0070589990626306644 -0.0042955476332379979 0.0076717651460840725 0.0020970916333285239 0.00012937601385494663 0.0017728993699444298 0.00066646056116567601 -0.00028701480378631039 0.014801469352226078 0.016497752456995401 0.0035739848022588333 -0.0020376617492829778 0.017160312798860256
leaf_weight=199162.04544846283 39395.402390956879 59.894213676452637 38.756748199462891 34022.77447706461 1467.5814218521118 963.33656811714172 45.568495750427246 7967.4555811882019 8742.0234317183495 404.09698295593262 4367.3673551082611 2963.3146114349365 77254.509330749512 78873.066787719727 172292.69775390625 50161.411026000977 5439.5876929759979 44.143937796354294 298.51159477233887 3155.4685144722462 1068.9062115550041 2998.4680697917938 9939.7015981674194 199.66191431879997 3421.7621097564697 3760.66796875 299.96398544311523 1968.5351867675781 372.43314075469971 2780.8731875419617 16810.743251800537 2769.73193359375 864.23012709617615 506.47537803649902 28992.977655578405 32073.165168762207 663.26646900177002 8712.0166339874268 503.26150131225586 5917.3522000163794 22.876618638634682 297.98252964019775 513.7981806397438 36.117637634277344 62.565033745020628 9889.9461259841919 2591.202840089798 414.34913948178291 1325.0732069015503 1429.5729722976685 124.67861366271973 2726.9298338890076 6034.0020179748535 7719.7340319156647 696.7979850769043 52712.846046447754 117145.9391784668 146.87090301513672 137.96887218952179 3800.4285203814507 1033.4037666320801 40.948649346828461
leaf_count=240943 81767 775 362 55785 4657 5045 321 39820 28879 3423 27508 7023 108022 138460 276822 119446 28836 584 511 16100 10109 12224 36887 9164 8099 12508 3456 4100 907 8722 55427 19202 6481 2429 95972 83394 3330 14650 1874 28271 232 968 6573 1411 1142 33432 14973 3802 3771 6783 219 26602 9903 30237 1956 107243 189279 1599 4305 28189 3659 1838
internal_value=-7.49159e-06 0.00075671 0.000377986 -0.000270783 0.00154749 0.00245301 0.000118837 0.00248154 0.000833386 0.00299065 0.00417389 -0.000346647 -0.000205566 -0.000258669 -0.000137042 0.000375394 0.00391625 0.00441477 0.000826075 0.00207471 0.00346633 0.000697183 -3.36659e-05 0.001084 -0.000189614 2.32305e-05 0.00233144 -0.00218474 0.000836112 0.000610121 0.00153467 0.0025188 -0.0017941 -0.000603367 0.000658942 0.00012106 0.00252989 0.00184906 0.00112065 0.00089297 7.82097e-05 -0.0100136 0.00432088 -0.00139412 0.00131857 0.00231557 0.000459926 0.00888752 0.00212402 0.0037451 0.00744231 0.00553234 0.000412079 0.00097193 0.00533421 0.000128602 -1.60129e-05 0.00356159 0.00499632 0.00466775 0.0017207 -0.00316255
internal_weight=1.02065e+06 261532 214449 759115 38895.7 24733.7 175553 47083.2 48798.8 36006.6 15707.7 710316 511154 498279 421025 136158 15303.6 7884.23 11076.6 20298.9 6506.54 11016.7 14161.9 12184.5 61152.2 55255.4 5094.04 5896.77 75005.5 65070 16849.5 8209.32 908.374 3928.24 64697.5 35642 3568.82 12875.4 9912.08 11984.9 8829.41 320.859 5598.17 590.864 29055.5 9935.51 8508.56 1377.69 4222.23 2754.65 787.945 7094.3 40056.8 10718.2 1200.06 248732 196019 8114.33 5007.3 4869.33 4794.07 554.747
internal_count=2080411 899572 639127 1180839 176224 124126 462903 260445 94567 216698 105571 1086272 845329 819826 711804 381136 102148 68337 43747 111127 59490 42972 52098 69708 153697 139069 19623 14628 227439 193686 55789 48038 7065 10528 192779 95665 12271 25503 18480 60544 44444 1200 52425 9822 97114 33753 43244 8847 15211 10554 3549 54110 65688 42461 3830 434982 327739 41419 42603 38298 16167 8411
cat_boundaries=0 1 2 3
cat_threshold=33152 1153 3072
is_linear=0
shrinkage=0.05


Tree=65
num_leaves=63
num_cat=6
split_feature=24 40 20 30 41 21 102 33 100 4 4 3 77 64 132 33 111 106 135 112 24 69 112 100 3 99 63 70 37 124 86 73 16 3 70 7 112 51 76 35 24 3 64 94 72 78 79 81 86 16 58 76 3 124 107 71 39 23 3 106 39 98
split_gain=76.936 43.7322 32.0663 21.6549 20.2171 19.4812 16.0246 15.6179 15.5324 14.2087 16.4418 13.008 12.7475 15.9874 12.3346 12.2801 12.2154 11.4698 11.2737 11.0524 11.5626 11.0267 10.6627 10.365 9.48701 12.6034 9.31459 9.07712 10.5181 8.9784 8.55016 7.95256 7.92598 7.81525 7.66642 7.665 7.65171 8.07985 7.56545 7.39748 7.33154 7.13764 7.05036 12.6938 10.4237 9.15382 10.5408 9.78633 9.45788 7.04856 7.04599 9.26599 6.70089 6.70782 6.73528 6.66648 6.6619 6.64242 7.45438 6.60022 6.59853 6.58344
threshold=4459.5000000000009 4347.0000000000009 1.0000000180025095e-35 1890.5000000000002 8530.0000000000018 1.5000000000000002 1.0000000180025095e-35 9851.0000000000018 1539389952.0000002 72.500000000000014 164.50000000000003 0 53133.083984375007 148062.00000000003 0.33609858155250555 1866.5000000000002 104.91666793823244 479.50000000000006 31.833333015441898 804.50000000000011 87.500000000000014 110176.00000000001 1215.5000000000002 802707648.00000012 1 381244560.00000006 37418.890625000007 1.2127067446708681 287.50000000000006 1000.5000000000001 1.7303703427314761 74013.500000000015 36.500000000000007 2 1.3843718171119692 -0.68301269412040699 1543.5000000000002 4.5000000000000009 14225.333496093752 7.5000000000000009 5835.0000000000009 3 425585.00000000006 3390180736.0000005 6005.0000000000009 20486.000000000004 1024.4459228515627 19879.500000000004 1.0012135505676272 10.500000000000002 288678.50000000006 3506.0000000000005 4 1295.5000000000002 548.50000000000011 1.0442084670066836 1.0992647409439089 0.63157895207405101 5 664.50000000000011 0.86362355947494518 69398160.000000015
decision_type=2 2 2 2 2 2 2 2 2 2 2 9 2 2 2 2 2 2 2 2 2 2 2 2 9 2 2 2 2 2 2 2 2 9 2 2 2 2 2 2 2 9 2 2 2 2 2 2 2 2 2 2 9 2 2 2 2 2 9 2 2 2
left_child=2 6 8 38 9 19 7 -2 15 29 12 16 13 59 -10 60 17 -7 34 49 -21 23 -13 -17 25 39 52 28 -24 33 -15 42 -9 -5 -6 -31 37 -22 -3 -12 -41 -37 43 44 -26 46 -46 -47 -49 -4 51 -25 53 54 -8 61 -57 58 -54 -11 -1 -52
right_child=1 3 5 4 18 11 26 32 14 10 24 22 -14 30 -16 21 -18 -19 -20 20 36 -23 27 50 31 -27 -28 -29 -30 35 -32 -33 -34 -35 -36 41 -38 -39 -40 40 -42 -43 -44 -45 45 47 -48 48 -50 -51 55 -53 57 -55 -56 56 -58 -59 -60 -61 -62 -63
leaf_value=-0.0012996880703159356 0.001630524280119216 0.010947561156689576 -0.00074017447566503505 0.014343538456209457 0.0044400675468397608 0.0039395737530751101 0.0099383556167916432 0.0076226259734714519 0.00076292572289117521 0.002115277145556412 0.0036736639360418683 -0.00029443805560556361 -0.0042590414536321205 0.0017141830565984919 0.0030790381010047246 0.00043825349739579219 0.00089124765496325503 0.022994232726916954 0.011741586833140819 -0.00098858873228767808 0.00025316158803850738 -0.0010514449720615249 0.00049300929291181664 -0.0019562162692519955 0.017520691526853188 0.0066476880805468709 -0.00075795360650432811 -0.0008139927184560886 0.0025134692249809934 0.012778619766077423 -0.0071652865655537253 0.0046921463083984634 0.033086968003489307 0.0024032183833383623 -0.007208721686657202 0.0023166912626337243 0.00048377868345515697 -0.00036694232456715894 0.029046752007055018 0.0024726278499946092 -0.0026834964658852579 0.009204441447665369 -2.8649827441230279e-05 0.01575860641777278 0.004952924095449728 0.020924640125241253 -0.0033582743791712236 0.0076185055857712252 0.00094970301585087713 -0.0063990998496950228 -0.0021930758994827197 0.003257117241884168 0.00094819488810209845 0.0037762491772992558 0.00071139918240745506 -0.0014541562694763014 0.0035405700834940262 0.00081798999035894912 -0.0028599319358710326 -0.010903909905548917 4.1283499170182922e-05 0.0021836917118934511
leaf_weight=10837.709572345484 5539.7034368515015 207.44224381446838 159395.60012224317 132.2681622505188 6828.0094003677368 2414.8522553443909 201.5752946138382 959.58758100867271 14695.484001159668 127.38199090957642 4211.5776791572571 85558.083709985018 1740.5552825927734 5712.7835965156555 9449.993049621582 33604.286441802979 24011.583618164062 81.310616970062256 534.02062225341797 50503.46142578125 63819.72900390625 7273.1231498718262 21832.73927116394 935.84560787677765 104.08364772796631 2240.2052421569824 21037.252122879028 7846.5523986816406 9142.1121997833252 423.53858947753906 283.94316101074219 1554.2123107910156 31.260410934686661 4457.2012293338776 143.47267317771912 942.84682583808899 38565.914916992188 296751.34216308594 81.137029409408569 1695.3428554534912 1160.8140354156494 645.84517550468445 7790.1347680091858 171.20002746582031 524.8105902671814 77.473593950271606 1390.9842014312744 756.02205920219421 1796.8295707702637 551.91995805501938 944.91697737574577 9388.5665707588196 2037.4049377441406 2568.4252624511719 9552.1897381544113 3634.0876560211182 816.99899864196777 7839.0708885192871 3453.623405456543 402.35507392883301 59697.549305915833 9318.3592747747898
leaf_count=20496 14515 1828 221081 1474 59001 6809 1109 5331 43841 492 22213 145039 6369 29691 40501 86338 54898 659 19747 57104 96249 20539 39247 2726 752 18081 74567 12082 23935 5658 999 18738 752 20799 657 7837 65185 448059 1472 6154 4382 5880 41985 2758 2682 910 5484 4614 9167 1418 2891 35043 5571 12464 30497 11774 3149 29638 8143 1271 122837 34818
internal_value=1.301e-06 0.00132318 -0.000141286 0.00244984 0.00236367 -0.000276864 0.000346376 0.00266614 0.000500681 0.00189887 0.00145961 0.000231774 -0.000457443 0.000555895 0.00166965 0.000293787 0.00123716 0.00456675 0.00473718 -0.000402772 -0.000275773 0.000784467 1.73609e-05 0.00101226 0.00213498 0.00337514 2.17751e-05 0.000704659 0.00108953 0.00400975 0.00129235 0.00131634 0.00844733 0.00278644 0.00419912 0.00679601 -0.000185566 -0.000257172 0.0160951 0.00234154 0.000375196 0.0051944 0.000900793 0.00240341 0.00190902 0.0015486 -0.00107821 0.00346358 0.00292772 -0.000759753 0.0017824 0.002784 0.000661422 0.00150129 0.000903099 0.0010792 -0.000535954 -0.000115636 -0.00144957 -0.00776481 -0.000164693 0.00178016
internal_weight=1.02043e+06 99356.6 921072 46136.5 45847.9 760475 53220.1 6530.55 160597 38342.4 31740.7 150887 8267.02 6526.46 24145.5 136451 26507.7 2496.16 7505.5 609588 449640 65916.2 124379 58643.1 23473.7 9307.94 46689.5 38821.4 30974.9 6601.7 5996.73 14165.8 990.848 4589.47 6971.48 2012.23 399137 360571 288.579 7067.73 2856.16 1588.69 12611.5 4821.4 4650.2 4546.12 1915.79 2630.33 2552.85 159948 25038.8 10324.4 25652.3 12322.2 9753.77 14714.4 4451.09 13330.1 5491.03 529.737 70535.3 10263.3
internal_count=2080400 483682 1596718 301095 297795 1171765 182587 20598 424953 218390 176742 282669 38822 32453 84342 340611 62366 7468 79405 889096 666597 197278 220303 176739 137920 50830 161989 75264 63182 41648 30690 87090 6083 22273 59658 19375 609493 544308 3300 32749 10536 13717 68352 26367 23609 22857 8166 14691 13781 222499 90401 37769 87422 44070 31606 52632 14923 43352 13714 1763 143333 37709
cat_boundaries=0 1 2 3 4 5 6
cat_threshold=12384 3073 10240 12480 5825 8452
is_linear=0
shrinkage=0.05


Tree=66
num_leaves=63
num_cat=5
split_feature=30 40 94 3 48 51 126 32 3 2 70 112 37 48 112 121 67 80 81 63 37 33 64 97 120 106 119 36 134 3 2 5 9 31 111 30 33 7 3 130 130 51 15 119 72 110 3 31 132 99 37 71 85 49 107 27 16 74 122 74 59 21
split_gain=67.7597 55.653 21.2897 20.0149 19.9863 18.3921 17.9689 17.3501 15.6963 16.5368 14.2472 14.6616 17.0304 13.1291 13.0718 11.9744 11.7822 11.1382 11.2225 11.0577 10.702 10.3906 10.3274 9.93013 11.6335 9.77573 12.2795 9.67035 9.40087 9.77251 9.36182 9.47462 9.09625 8.96845 9.02873 8.62414 8.55295 8.45579 8.39067 10.7278 8.38017 8.13712 8.11512 8.10146 7.91756 9.94179 11.6705 8.67542 8.30315 7.90138 7.7296 7.5752 8.75564 7.43707 7.38207 9.11176 7.26977 7.1606 12.5081 7.13512 7.1346 7.03171
threshold=2557.0000000000005 5957.5000000000009 129495108.00000001 0 11764.000000000002 4.5000000000000009 890.50000000000011 9509.0000000000018 1 1181.5000000000002 1.2127067446708681 985.50000000000011 143.50000000000003 10837.000000000002 650.50000000000011 769.50000000000011 7.5000000000000009 14386.000000000002 6938.5000000000009 32858.380859375007 418.50000000000006 4919.0000000000009 54735.000000000007 579353216.00000012 1630.0000000000002 732.50000000000011 975.50000000000011 5.5000000000000009 43.500000000000007 2 5757.5000000000009 11.500000000000002 11.500000000000002 514.26757812500011 220.75000000000003 4363.5000000000009 1518.5000000000002 -0.93301269412040699 3 0.67120766639709484 0.35481521487236029 1.5000000000000002 4.7491393089294442 1468.5000000000002 10421.500000000002 484.50000000000006 4 105.11158370971681 0.1957751661539078 117223892.00000001 4375.5000000000009 1.0204875469207766 15031.500000000002 12298.500000000002 779.50000000000011 3469.5000000000005 17.500000000000004 52756.500000000007 4821.8332519531259 1838.5000000000002 266915.00000000006 -1.0000000180025095e-35
decision_type=2 2 2 9 2 2 2 2 9 2 2 2 2 2 2 2 2 2 2 2 2 2 2 2 2 2 2 2 2 9 2 2 2 2 2 2 2 2 9 2 2 2 2 2 2 2 9 2 2 2 2 2 2 2 2 2 2 2 2 2 2 2
left_child=3 6 15 4 7 28 14 30 21 19 11 42 36 22 41 27 25 53 -19 38 -6 -8 -7 -11 -25 37 49 -3 29 -4 44 -32 -21 -12 -35 -24 -13 56 -10 61 -15 -2 -5 -26 48 46 -46 -48 -1 -27 -22 -37 60 -14 55 -28 -16 -23 -59 -39 -53 -40
right_child=1 2 5 10 20 13 8 -9 9 23 33 12 17 40 16 -17 -18 18 -20 32 50 57 35 24 43 26 54 -29 -30 -31 31 -33 -34 34 -36 51 -38 59 39 -41 -42 -43 -44 -45 45 -47 47 -49 -50 -51 -52 52 -54 -55 -56 -57 -58 58 -60 -61 -62 -63
leaf_value=-0.0011429960395376302 0.00203843473197045 0.00021510265498332496 0.001776879749563821 -0.00061008976350020432 0.00092852780473291297 -0.010206673817300607 -3.2447214230141394e-05 0.016326597880257625 0.0028021230381026375 0.0079348301553553834 -0.00090610288835482426 -0.00034347913722861025 0.001543578484394587 0.0020061912653154038 -0.00091036850281224057 -0.007603385545144001 -0.00025816944905374497 -0.0065367030653035651 0.00039331064523475247 -0.0010789903122738573 0.0034872392680190601 0.0063871092916502979 0.00093551446234108472 -0.0099441463271865912 0.029321600722897623 0.0037267314825989851 0.0037607015463603285 0.010240282907146387 0.018192775798997737 0.0053136840445955052 0.0018701134485033439 -0.001730865956391952 -0.0071371219419194528 2.3453287194651184e-06 -0.0063808602065236423 0.0042280685509110414 0.0011378684204351745 0.018969651574216456 -0.0022409259998139447 -0.01561773947656833 0.005107668528230711 -0.00120101636016605 -0.010159481627632472 0.0026928995288165204 0.012829332631505484 -0.00018367603451230455 -3.2762314356134523e-05 0.0012930511259530307 -0.00017811869319959064 0.00019324104508572893 0.028075608756104334 0.0033346959920230548 0.0057045536661670289 0.00544834626631831 0.0060115149822768041 -0.00030599085156706834 -0.0095912176067686969 0.0013624570556360609 0.032362479269503829 0.00062581215852278561 0.00035589233237785187 0.0017080990593396298
leaf_weight=28863.301150921732 2103.5046623945236 11584.337043737993 2856.0686200559139 180327.68213327113 28912.592700958252 184.99288189411163 1335.7071380615234 161.32285698130727 3605.7733154296875 995.98809337615967 86220.986915588379 158190.48265838623 15365.363395690918 3966.3757743835449 7377.2051737867296 483.06565070152283 53058.763336181641 594.42781066894531 32234.439315795898 3670.4067831039429 3972.2195892333984 2995.1715126037598 20010.240626215935 185.34722709655762 28.410318374633789 1842.9020767211914 4000.516227722168 245.19123866595328 122.03688859939575 6452.8685819208622 10782.162647247314 2197.4210205078125 745.86167049407959 876.69818305969238 1497.1316432952881 4535.0425877571106 10381.918594360352 52.618031144142151 2010.620849609375 112.57138252258301 4851.774845123291 24506.489547729492 222.32145309448242 2763.6818618774414 187.5867919921875 81383.599732398987 23426.512580670416 26051.519153118134 98080.556488037109 11189.620170593262 31.794887542724609 2897.409853219986 1260.3954153060913 1325.5952758789062 1796.3783950805664 2097.10595703125 249.00741166248918 1403.2303695678711 32.836399078369141 32172.115572452545 6577.2962448596954 2564.3200197219849
leaf_count=42296 4907 41394 16510 245583 67702 489 3362 1605 13775 8965 109791 222483 30687 27955 17253 1561 135605 1115 54267 11319 13713 17619 64985 410 490 6043 15787 1115 5344 38481 24725 3831 6497 1745 2374 30848 25526 383 6813 335 42175 51126 525 16489 856 151561 36637 52679 166498 33540 526 19901 14224 3782 8318 6990 1332 7701 1618 89246 39560 9401
internal_value=1.70334e-06 0.000759295 0.00198381 -0.000217466 0.000100853 0.00241367 0.000262922 -4.03736e-05 0.00157639 0.000796658 -0.00041611 -0.000288639 -1.27173e-05 0.00198646 5.2927e-05 0.000108108 0.00028618 0.000802457 0.00026758 -8.27085e-05 0.0012643 0.00382292 0.00155688 0.00361235 0.00216367 0.000761479 0.00163659 0.000423742 0.00441894 0.00423687 -5.01662e-05 0.00126005 -0.00210397 -0.000989665 -0.00402182 0.00161885 -0.000252214 0.000301799 0.000993095 -0.000402665 0.00371339 -0.000944718 -0.000621904 0.00297085 -0.000116104 0.000156483 0.000713975 0.000665085 -0.000397546 0.000693412 0.00368722 0.00251391 0.00178914 0.00185415 0.00319295 0.00236135 -0.00119508 0.00499467 0.00208579 0.000656214 0.00126748 -2.64032e-05
internal_weight=1.02021e+06 228923 66027.1 791288 304051 53714.5 162896 271134 22449.9 16683 487237 398642 218092 44283.5 140446 12312.6 113836 49519.8 32828.9 12709.6 32916.6 5766.95 35465.4 3973.43 2977.44 60777.5 20926.5 11829.5 9430.97 9308.94 270973 12979.6 4416.27 88594.8 2373.83 35280.4 168572 39850.9 8293.29 4687.51 8818.15 26610 180550 2792.09 257993 131049 49665.6 49478 126944 13032.5 4004.01 15270.1 10735.1 16691 7894 6097.62 7626.21 4431.24 1436.07 32224.7 9474.71 4574.94
internal_count=2080373 819866 344542 1260507 562629 300472 475324 480688 104794 74494 697878 583968 337860 240137 370530 44070 314497 89851 55382 48140 81941 30300 170007 26354 17389 178892 70678 42509 60335 54991 479083 28556 17816 113910 4119 169518 248009 108214 30324 16549 70130 56033 246108 16979 450527 241733 90172 89316 208794 39583 14239 104533 73685 34469 31095 22777 18585 26938 9319 89629 59461 16214
cat_boundaries=0 1 2 3 4 5
cat_threshold=15456 9345 224 4096 8192
is_linear=0
shrinkage=0.05


Tree=67
num_leaves=63
num_cat=0
split_feature=24 48 20 95 128 36 38 36 21 123 65 94 4 120 39 71 94 86 100 29 120 46 109 78 88 55 132 4 2 107 38 126 38 100 72 132 86 38 133 39 16 29 16 36 33 16 33 62 107 24 83 133 36 39 79 85 123 128 81 39 39 110
split_gain=66.6239 36.826 28.7213 20.7647 18.8702 17.2865 19.7807 16.3945 15.3098 15.1684 15.0036 14.5431 13.7191 13.6465 13.4345 12.9162 19.6107 14.5272 12.6054 12.5604 14.2703 12.1361 11.833 11.5969 11.299 11.2842 11.1842 10.9921 10.8922 10.2484 11.749 10.2007 10.5278 10.0527 9.97779 19.8512 13.7842 12.4054 11.6599 10.7895 9.84747 9.49301 8.88755 8.58469 8.39977 8.54854 8.35813 8.32799 10.6568 16.4086 8.60005 8.79472 8.48881 8.32558 8.30174 8.07777 8.06163 8.49075 8.04995 7.8835 7.81782 7.75983
threshold=4459.5000000000009 3994.0000000000005 1.0000000180025095e-35 50170276.000000007 726.50000000000011 1.0000000180025095e-35 1.5160946846008303 3.5000000000000004 1.0000000180025095e-35 270.41667175292974 246470.50000000003 744235936.00000012 184.50000000000003 262.50000000000006 0.78077611327171337 1.046933174133301 129495108.00000001 1.0358549356460574 1316983552.0000002 7008.7500000000009 1373.5000000000002 15811.500000000002 635.50000000000011 6795.0000000000009 2528104.6250000005 1.3714220523834231 0.28235024213790899 357.50000000000006 978.50000000000011 858.50000000000011 0.84233343601226818 535.50000000000011 0.89378294348716747 369235920.00000006 46416.000000000007 0.21393632143735888 1.1195210218429568 0.98641163110733043 37.069740295410163 0.95120966434478771 15.500000000000002 103.25000000000001 36.500000000000007 4.5000000000000009 9851.0000000000018 36.500000000000007 1866.5000000000002 312602.00000000006 354.50000000000006 1190.5000000000002 1.5000000000000002 5.664161443710328 8.5000000000000018 0.82915791869163524 1332.3270263671877 -5840.9999999999991 185.41666412353518 222.16666412353518 6938.5000000000009 1.26193243265152 0.66133511066436779 719.50000000000011
decision_type=2 2 2 2 2 2 2 2 2 2 2 2 2 2 2 2 2 2 2 2 2 2 2 2 2 2 2 2 2 2 2 2 2 2 2 2 2 2 2 2 2 2 2 2 2 2 2 2 2 2 2 2 2 2 2 2 2 2 2 2 2 2
left_child=2 25 14 -3 5 6 10 40 33 -8 19 21 13 -6 -1 16 23 27 46 -5 -21 42 -15 -12 43 -2 -20 29 -11 61 -31 32 -24 -4 58 -36 38 -38 55 -39 -7 -35 47 56 -27 -46 -16 -10 49 -49 51 -51 -50 -17 -30 -37 -9 -58 -14 -33 -57 -18
right_child=1 3 8 4 12 7 9 24 11 28 15 -13 34 22 18 53 17 -19 26 20 -22 -23 31 -25 -26 44 -28 -29 54 30 -32 59 -34 41 35 36 37 39 -40 -41 -42 -43 -44 -45 45 -47 -48 48 52 50 -52 -53 -54 -55 -56 60 57 -59 -60 -61 -62 -63
leaf_value=-0.0014242468801117286 -0.00013924140199284327 0.014012131829041798 -0.0011424790811293316 0.0054921269575128849 -0.014714318113323303 0.0080953886874446709 0.0069099981256591841 0.011020737227876493 -0.00031554842598200046 -0.0074233864466163244 0.0082085246304773873 0.0012805234309592661 0.0081491068629459037 0.0087343954528939904 -8.6704059560046499e-05 -0.0076826964231259971 -0.0012193521471653554 0.0051264901695681825 0.00041313830451346746 0.0023102103270543606 -0.012951255245571653 0.0017352575716470938 -0.02333943240856641 -0.0042471474299172161 0.010427095552931854 0.0013957364758983943 0.0022031240429837905 0.0070515757785387691 0.017553522958650467 -0.025329836447696111 -0.0027485709366071431 0.0052289765333945852 -0.00023917938107885568 -0.0010035285593855958 0.050276877475816197 -0.00073255258480225917 -0.012933473612090879 0.028184555368208963 0.031583971027707325 0.00084219484800727865 0.022942459109567617 -0.0002676605446600636 -0.01632888547124163 -8.3478184421745822e-05 0.0057782289307089941 0.03536798302008172 0.00076193592614689153 0.00046849190757463765 -5.3749251241804992e-05 0.042112924150451349 0.0031532486799399589 0.009598755060376999 -0.0068368622773749294 -1.515752866786243e-05 -0.0019305777993008503 0.047465429656128683 -0.0056408521747762256 0.0062969468681252326 0.00074658284336935913 -0.0035434297109178704 0.0066959965305588513 0.0025748703223974654
leaf_weight=8715.5272626939695 38666.707855224609 363.55033874511719 46409.518066689372 3452.1250506237848 85.280937910079956 357.5271357143065 379.81915187835693 416.64567940263078 199707.69818848092 1194.9786552190781 210.92298126220703 20957.102897644043 387.98314261436462 1870.9135522842407 57405.283485412598 365.04925632476807 2120.3917372226715 4238.5878486633301 15536.13451385498 645.6605110168457 200.17429733276367 8927.3137664794922 58.033648490905762 1597.4549350738525 469.71969002485275 5039.1612548828125 19933.272499084473 766.34567594528198 55.730861306190491 74.076718330383301 256.77259922027588 4337.4610891342163 316.43735313415527 50405.282148838043 22.832761764526367 408.89168667793274 164.31286311149597 36.761650085449219 43.867856979370117 1162.348316192627 163.82782885432243 336212.13975667953 84.215185998938978 1767.7137944477145 892.69208613038063 24.70061406493187 58642.761474609375 24207.091910500079 66411.60966937989 25.524977684020996 5515.2739028930664 110.06356143951416 463.99007923156023 11280.786449432373 1926.0380477905273 11.380766868591307 228.60215997695923 424.16120529174805 6796.9524576663971 271.14735126495361 2124.1003179550171 3689.3568890094757
leaf_count=21459 127665 3697 62763 19060 454 1971 1954 2967 287959 3647 1172 47212 2810 23238 113802 1361 10566 24188 43085 4105 571 16791 230 5770 5039 13060 76576 4679 332 139 1116 42301 1621 57062 1181 3398 521 652 1344 9569 3078 519060 320 7985 4815 621 169712 40411 120591 345 16327 552 820 54631 8442 171 820 2242 41746 2017 16363 20418
internal_value=9.04701e-06 0.00123898 -0.00012384 0.00210801 0.00202821 0.00137012 0.000995057 0.00454799 -0.000252191 -0.0025228 0.00142822 6.36781e-06 0.00334713 0.0050934 0.00048446 0.000951701 0.00203803 0.00282188 0.000594289 0.00415405 -0.00130116 -8.10375e-05 0.00534164 -0.00278973 0.00324563 0.000172718 0.00141924 0.00140661 -0.00365309 0.000700793 -0.00785017 0.00406607 -0.00385882 -0.000447101 0.00226062 0.00427112 0.00399771 -6.74928e-05 0.00614069 0.00169601 0.0127879 -0.000363614 -0.000135739 0.00205326 0.00219847 0.00659921 0.000342099 -0.000131095 0.00024966 0.00103508 0.00346109 0.0158886 -0.000100937 -0.000256252 -0.00137584 0.00569394 0.00558832 0.00210748 0.00114755 0.00471144 0.00692667 0.00118924
internal_weight=1.01904e+06 99368 919670 54744.7 54381.2 36282.5 32454.3 3828.2 759437 3556.57 28897.7 326410 18098.7 6939.27 160233 24599.7 12953.9 11145.5 151517 4297.96 845.835 305453 6853.99 1808.38 3306.84 44623.3 35469.4 6906.94 3176.75 6140.6 330.849 4983.08 374.471 433027 11159.4 3974.5 3951.66 1363.42 2588.24 1199.11 521.355 386617 296525 2837.12 5956.55 917.393 116048 296441 96733.6 29858 5650.86 135.589 66875.6 11645.8 1981.77 2544.37 1069.41 652.763 7184.94 4608.61 2135.48 5809.75
internal_count=2078574 483727 1594847 337566 333869 186253 162151 24102 1170213 14375 147776 531328 147616 69861 424634 124040 68048 61106 403175 23736 4676 484116 69407 6942 19053 146161 119661 36918 12421 32239 1255 46169 1851 638885 77755 33199 32018 10742 21276 10221 5049 576122 467325 14014 18496 5436 283514 467005 179046 57635 17224 897 121411 55992 8774 19932 6029 3062 44556 44318 16534 30984
is_linear=0
shrinkage=0.05


Tree=68
num_leaves=63
num_cat=0
split_feature=124 41 33 38 48 35 30 31 126 2 77 33 100 77 51 31 120 55 31 31 126 69 132 118 109 27 2 132 120 37 87 120 124 133 41 75 125 28 133 94 39 85 85 87 71 110 71 126 109 129 77 64 48 71 94 39 37 86 122 106 119 75
split_gain=54.6275 36.9138 21.9272 20.9381 18.7942 17.9145 16.9279 16.1553 14.8265 14.512 15.5851 11.1582 10.9847 10.9669 10.9355 10.8503 16.3197 10.8038 10.6993 10.3003 9.98611 9.73258 9.48346 9.28534 12.6624 9.24517 8.98228 8.98099 9.45868 8.94527 9.11003 8.83271 9.9213 8.60603 8.38526 8.06598 8.00604 7.82607 10.8038 9.12868 12.8054 11.3442 8.83763 7.49679 9.65102 8.55916 7.46556 7.41202 7.38938 7.35922 10.7845 8.14123 7.96737 7.2988 7.27301 8.89217 10.3834 9.47172 7.54395 7.6237 7.25109 7.19366
threshold=285.50000000000006 7536.5000000000009 7196.5000000000009 0.91614836454391491 6986.0000000000009 7.5000000000000009 1157.5000000000002 186.11614990234378 890.50000000000011 1653.5000000000002 53133.083984375007 16323.500000000002 409432960.00000006 66400.832031250015 10.500000000000002 2799.9045410156255 3170.5000000000005 1.3714220523834231 381.25158691406256 1629.5215454101565 727.50000000000011 -26458.499999999996 0.33609858155250555 5158.5000000000009 725.50000000000011 907.50000000000011 4914.5000000000009 0.45961427688598638 78.500000000000014 2382.5000000000005 1.4649918079376223 78.500000000000014 819.50000000000011 31.323269844055179 15748.000000000002 103074.00000000001 769.50000000000011 3106.5000000000005 13.290234088897707 129495108.00000001 0.78077611327171337 -5840.9999999999991 -3653.4999999999995 1.1242578029632571 1.0260879993438723 771.16665649414074 0.95712932944297802 404.50000000000006 453.50000000000006 1522.5833129882815 121836.00000000001 286605.50000000006 4243.5000000000009 1.0442084670066836 744235936.00000012 1.0992647409439089 78.500000000000014 0.90584078431129467 2443.5000000000005 824.50000000000011 2574.5000000000005 36894.000000000007
decision_type=2 2 2 2 2 2 2 2 2 2 2 2 2 2 2 2 2 2 2 2 2 2 2 2 2 2 2 2 2 2 2 2 2 2 2 2 2 2 2 2 2 2 2 2 2 2 2 2 2 2 2 2 2 2 2 2 2 2 2 2 2 2
left_child=3 2 5 36 53 12 34 22 15 10 33 14 -2 -12 29 27 -17 31 -13 43 -18 -21 -3 -23 -25 -8 -16 -4 -29 30 -9 32 -14 -10 -6 -30 -1 -33 39 42 41 -41 -39 -7 45 -45 -31 -47 -48 50 -15 52 -51 -5 55 58 -57 -58 59 -42 -40 -59
right_child=1 7 8 4 6 19 25 11 9 -11 13 18 17 49 26 16 20 -19 -20 21 -22 23 -24 24 -26 -27 -28 28 35 46 -32 37 -34 -35 -36 -37 -38 38 60 40 54 -43 -44 44 -46 47 48 -49 -50 51 -52 -53 -54 -55 -56 56 57 61 -60 -61 -62 -63
leaf_value=-0.00057789984882070111 -0.00018139242104270393 -0.00022843837204010125 -0.0016179415508028939 -2.3907037050124446e-05 -4.4175699327278388e-05 -0.0004080931164549312 0.001840725232463815 0.0030107275774048947 0.004136418089059634 0.0065748018882826114 -0.007490894362599876 -0.025408255070672361 0.0029001148195106894 -0.0034080508834269108 0.0016383745544032145 0.004365941317868798 0.093039285910665029 0.0057901723531023231 0.014221432859951531 0.0040186718907374757 0.024840402415403237 -0.0056099786765022057 0.002318071187469828 0.017481066246584572 -0.0026813044429596158 0.0005423669791508771 -0.0046849806073409857 0.024907670518598851 0.0019616322715093146 -0.019981218547928961 0.020948861308597549 0.00028645252089647388 0.01407221348823026 -0.016229573037994691 0.0012681250986657873 -0.0045721888599876068 -0.0061562407512580778 0.0081549191066860784 -0.00041966700024883376 0.0084951604968603808 0.0022681599035065925 -0.0056569878580769312 -0.0052923371303227502 0.0024777222718557388 0.00036389768597968247 0.0048238745155056864 0.01158433763113367 0.018502621665544963 0.0033204830824940263 0.010108625239977569 0.0085730123987780866 0.0064516999760047197 -0.029706737142533874 -0.00049318386749968386 0.0015288717080218144 0.038364336621308059 0.019571494127375286 0.0062661165141204142 -0.019060313350853161 0.012032487614047113 0.024003186974067593 -0.00020463639151327881
leaf_weight=239358.98304119613 26233.608087748289 8352.1531791687012 4180.6849908828735 158788.32362365723 145491.09868907928 67648.489124298096 23142.794996738434 16104.358315587044 4668.7255673408508 2574.2383184432983 509.96505260467529 17.463260114192963 2154.1219630539417 1138.8984479904175 2521.0787754058838 992.83273887634277 6.6456794738769522 1167.5451431274414 316.90834766626358 402.25569152832031 25.885717391967773 2186.8735961914062 6497.5688667297363 105.68132495880127 290.75347423553467 33680.834829807281 721.93292236328125 42.299838781356812 4649.2592313289642 23.369259238243103 70.703433871269226 32833.543912470341 218.86631393432617 51.877048015594482 13283.270629882812 524.90559720993042 644.63243103027344 145.42234420776367 7197.7647574096918 168.34970664978027 7063.9995059072971 871.66406235098839 745.09066312015057 1290.0341377258301 9013.5767040252686 228.68617820739746 670.51982426643372 176.66487503051758 457.51534879207611 20.161411304026842 224.26249980926514 638.98886680603027 31.392431240528822 173327.70683288574 12944.470966339111 23.829323768615723 114.20343208312988 1970.9868326187134 40.080184936523438 205.54402160644531 30.014983654022217 547.22365951538086
leaf_count=373266 54108 22748 22790 257906 221634 147144 71297 91431 30829 31949 2518 273 7537 6776 13163 9259 414 3383 13049 1274 597 5462 24890 755 1147 92765 2959 391 25826 114 476 70681 2140 446 24412 2572 1517 461 27095 737 24121 2327 1906 2812 20368 714 8166 775 4250 189 1925 7014 172 276026 47524 183 586 8385 97 1152 431 1917
internal_value=-4.86303e-06 0.000669372 0.000400203 -0.000203493 -3.28409e-05 0.000220792 0.000330667 0.00214704 0.00195702 0.00334713 0.00220542 0.00304293 0.000688362 -0.000931236 0.00289514 0.00064157 0.00552421 0.0010218 0.0121019 -0.000323358 0.0401212 -0.00320568 0.000885503 -0.0043331 0.00269622 0.00107125 0.000228674 0.000108005 0.00149223 0.00339391 0.00309009 0.000938934 0.0039354 0.00390985 6.55853e-05 0.00129745 -0.000592916 0.000829269 0.00138486 0.00187992 0.00206488 -0.00335836 -0.00308742 -0.000213453 0.00101558 0.00447623 0.00765447 0.0108133 0.00824002 0.000696617 -0.00143088 0.00490162 -0.0140924 -0.000268833 0.00231136 0.00332708 0.0058059 0.00550204 0.00242529 0.00254574 -0.000315901 0.00485823
internal_weight=1.01977e+06 232054 196300 787718 547714 176019 215598 35753.6 20281 9858.51 7284.27 20903.8 94676.3 2563.67 20569.5 10422.5 1025.36 68442.7 334.372 81343 32.5314 2985.56 14849.7 2583.31 396.435 56823.6 3243.01 9397.15 5216.46 17326.5 16175.1 67275.2 2372.99 4720.6 158774 5174.16 240004 64902.2 32068.6 24840.9 23950.4 1040.01 890.513 78357.5 10709 1695.39 1151.4 405.351 1128.04 2053.7 1363.16 690.543 51.5538 332116 22910.3 9965.87 2656.24 2632.41 7309.62 7269.54 7227.78 2518.21
internal_count=2079231 760408 578889 1318823 944040 435222 410108 181519 143667 81818 49869 133881 254771 18594 120559 61849 10270 200663 13322 180451 1011 8638 47638 7364 1902 164062 16122 51579 28789 104437 91907 197280 9677 31275 246046 28398 374783 187603 116922 89396 87029 3064 2367 171813 24669 4301 12530 1489 12416 16076 8701 7375 361 533932 83965 36441 11071 10888 25370 25273 27526 10302
is_linear=0
shrinkage=0.05


Tree=69
num_leaves=63
num_cat=0
split_feature=13 124 107 40 53 88 106 59 85 39 42 70 71 106 65 100 31 46 62 39 39 48 71 35 8 71 87 67 123 71 106 107 39 63 106 31 107 136 59 65 36 120 131 126 85 62 59 126 35 71 97 31 109 127 87 33 10 31 25 65 87 58
split_gain=54.4099 24.5238 23.0636 17.4072 15.794 15.1875 14.761 17.9202 17.8687 13.1375 14.0829 12.4219 13.108 11.1845 10.7765 10.7763 9.8973 12.5935 8.84346 9.14698 9.15841 8.63792 9.40881 9.71132 8.47987 8.36535 8.25437 8.66562 9.58381 8.14455 7.86508 11.8088 8.57458 10.5251 7.89989 7.70989 8.16192 11.9378 8.10273 9.31222 12.3728 7.65831 9.26486 8.29743 7.95445 9.80932 12.1392 8.95949 7.59653 7.50969 7.42741 7.42259 7.33894 8.78355 7.83789 7.21287 7.15747 7.12166 7.02571 7.02511 13.4727 13.0114
threshold=4.5833332538604745 196.50000000000003 309.50000000000006 12294.500000000002 3010.0000000000005 5677153.5000000009 717.50000000000011 242046.00000000003 1724.0000000000002 0.8875144124031068 12906.000000000002 1.0826829671859743 1.0926171541213991 626.50000000000011 1196502.0000000002 728627520.00000012 604.60299682617199 6068.0000000000009 39200.500000000007 1.5700779557228091 1.0194352269172671 3742.5000000000005 1.1568498611450198 7.5000000000000009 5.5000000000000009 1.1244750618934634 1.1653749346733095 6.5000000000000009 270.41667175292974 1.0260879993438723 824.50000000000011 681.50000000000011 1.1706323623657229 169038.36718750003 883.50000000000011 81.229442596435561 1.0000000180025095e-35 2.6000491380691533 1117317.5000000002 171962.00000000003 2.5000000000000004 262.50000000000006 33.671478271484382 23.500000000000004 -2239.9999999999995 1710219.5000000002 712109.00000000012 616.50000000000011 4.5000000000000009 1.061214327812195 3278389760.0000005 2799.9045410156255 553.50000000000011 522.00000000000011 0.94150352478027355 9851.0000000000018 9.5000000000000018 133.29124450683597 2837.0000000000005 171962.00000000003 1.3109953403472903 276963.00000000006
decision_type=2 2 2 2 2 2 2 2 2 2 2 2 2 2 2 2 2 2 2 2 2 2 2 2 2 2 2 2 2 2 2 2 2 2 2 2 2 2 2 2 2 2 2 2 2 2 2 2 2 2 2 2 2 2 2 2 2 2 2 2 2 2
left_child=1 9 16 5 11 6 59 8 50 -1 14 12 15 -5 21 55 -3 -18 -10 20 25 -11 23 35 -6 -20 -13 28 58 -29 56 -32 33 41 -35 -23 37 38 39 -37 -41 42 -33 -44 47 46 -46 -43 -15 -19 -8 -7 53 -34 -54 -4 -9 -12 -28 -2 61 -61
right_child=3 2 4 13 24 51 7 30 18 10 57 26 -14 48 -16 -17 17 49 19 -21 -22 22 -24 -25 -26 -27 27 29 -30 -31 31 32 52 34 -36 36 -38 -39 -40 40 -42 44 43 -45 45 -47 -48 -49 -50 -51 -52 -53 54 -55 -56 -57 -58 -59 -60 60 -62 -63
leaf_value=-0.000681927972080124 -0.002506502633740644 0.0017290978045831685 -1.5479928627554822e-05 0.0012736910809478287 0.0017985213441771156 0.0036815518808106665 0.0044422557489348152 0.00055437614151348017 -0.0091818354466326867 -0.00063295970787521211 0.0005672735021197507 -0.00059404959635592474 0.0037931598564726818 0.01072343096463255 0.0027493642848900463 0.00091084076752728457 0.0030260504079194835 0.01548890646516844 0.00095769515526459691 -0.0092296780189974111 0.0029461607468948968 -0.0001316439867398135 -0.00078726500680378377 -0.00039084967023304135 0.0065412872365629929 -0.0063018619078513624 0.022880846851641354 0.019460229028502356 0.0020593177406196318 -0.00025924623136265503 0.027295937840039836 0.00410777884749458 0.0024841729894148732 0.0088735681801846798 0.042847973016570153 0.00063291442839006728 0.00037191079140095837 0.016055551647520757 -0.0057135560205864803 0.019570728912221013 0.0043013821332459718 -0.0055721611905397775 -0.00025654808030662739 0.027619765840349472 0.00063489737872229803 -0.008864695174673266 0.0050889659433137214 0.0012092670172712033 0.0040372440524257874 0.0052005515464994805 0.01897334259285588 0.013591105901846749 0.021495984416539229 0.028568676640691411 -0.0030811016499031952 0.0031066762021408002 -0.0019052782481410705 0.0026858612761315216 0.004627940756271114 0.002806756016900737 0.0079968455128162658 -0.00058232533707302549
leaf_weight=147519.99331680406 2819.0365905761719 8759.2792205810547 103931.6050491333 4587.3147430419922 5469.2699558734894 3060.411506652832 6916.5020447075367 10608.232493847609 206.09148214757442 105238.5648047328 26039.939150333405 66862.816167593002 2783.9088082313538 460.3643798828125 3052.1028122901917 53496.779238462448 1768.8840079307556 396.7470862865448 1307.0104208141565 198.12255430221558 4279.2727580070496 112508.44337397814 47007.965591430664 123112.03916549683 1140.0839107036591 568.79164886474609 96.446096420288086 52.180763244628906 4171.9105701446533 8558.9359703063965 44.150918960571289 413.35031712055206 198.57853305339813 51.473381996154785 25.808734893798828 2060.1719248145819 109007.66085088253 159.71317085623741 303.24020954966545 147.65339142363518 1299.2060914160684 704.98698425292969 37.205028057098389 90.833064556121826 3015.9844858199358 181.87675619125366 3110.090485855937 1570.6857604980469 5641.2938995361328 325.1425416469574 88.848236083984375 201.50490570068359 32.533957600593567 38.206740379333496 1693.9485501050949 1882.8406114578247 4100.1225628852844 4681.898618221283 118.15205764770508 3358.2808295786381 532.51465606689453 18056.833893626928
leaf_count=203745 9897 17240 206431 23411 11744 31747 47629 44289 744 149400 42945 138375 7752 6662 9251 127683 5702 2078 9218 1203 33437 162200 61303 188198 4927 2887 437 195 11288 18740 584 3007 1870 824 1108 2830 201862 1177 645 564 3584 3137 222 1248 17078 1835 23212 13561 45526 1616 1245 8375 270 598 10160 8021 28543 11780 426 17494 4009 82610
internal_value=-1.52593e-06 -0.000106743 0.000306631 0.00126579 0.000206386 0.000968833 0.000799742 0.00139999 0.00287249 -0.000264198 -0.000148922 0.000140488 0.000391968 0.00314074 -0.000212295 0.00033249 0.00252096 0.00530279 0.000995975 0.00132762 0.00166897 -0.000230355 -0.000123242 -3.3684e-05 0.00261782 -0.00124202 -0.000369884 0.000782868 0.00259166 -0.000138049 0.000629097 0.00162681 0.00152364 0.00216385 0.0204863 0.000161301 0.000453074 0.00268005 0.00211605 0.00279519 0.00586931 0.00200701 0.00777453 0.0195111 0.00164222 0.00255659 0.00289719 -0.000890136 0.00454337 0.0108687 0.00462861 0.00429724 -0.00147437 0.00676547 -0.00260898 4.00422e-05 -0.000130982 0.00089034 0.0128886 -0.00015697 0.000144635 -5.05689e-05
internal_weight=1.02015e+06 941954 259815 78200.3 248565 67511.3 64249.4 39482.7 13564.6 682139 534619 241956 162095 10689 503897 159311 11250.1 2490.77 6559.29 6353.2 6155.07 500845 395606 348598 6609.35 1875.8 79860.4 12997.6 4386.51 8611.12 25918.1 11209.7 11165.6 9202.29 77.2821 225486 112978 3969.98 3810.27 3507.03 1446.86 9125.01 541.388 128.038 8583.62 6307.95 6126.07 2275.67 6101.66 721.89 7005.35 3261.92 1963.27 236.785 1726.48 105814 14708.4 30721.8 214.598 24766.7 21947.6 21415.1
internal_count=2079779 1602139 562655 477640 536019 402041 361919 247909 96363 1039484 835739 519348 349887 75599 781014 342135 26636 9396 47489 46745 45542 771763 622363 561060 16671 12105 169461 31086 12151 18935 151546 78714 78130 65232 1932 372862 210662 8800 7623 6978 4148 63300 4477 1470 58823 42125 40290 16698 52188 3694 48874 40122 12898 2468 10430 214452 72832 54725 863 114010 104113 100104
is_linear=0
shrinkage=0.05


end of trees

feature_importances:
item_qty_lag1=286
li_qty_roll_mean_6=212
category_code=203
item_qty_number_of_sale_months=138
item_qty_growth_ratio=135
item_qty_lag1_to_roll3=109
loc_qty_lag1=107
loc_rev_lag1=106
item_active_locs_lag1=101
loc_qty_roll_max_3=98
add_to_cart_lag1=97
baseline_weighted=88
item_qty_trend_3=79
li_qty_roll_min_3=73
loc_qty_roll_median_3=69
item_rev_lag1=64
item_qty_roll_min_3=62
item_qty_roll_std_3=61
brand_qty_number_of_sale_months=61
item_active_locs_roll_mean_6=59
item_qty_roll_median_3=56
li_qty_roll_mean_3=55
item_qty_roll_max_3=53
item_active_locs_lag2=52
item_active_locs_lag6=50
item_rev_lag2=49
item_active_locs_roll_mean_3=49
li_qty_roll_median_3=48
item_active_locs_lag3=48
loc_active_items_lag1=48
item_qty_lag2=47
baseline_rolling3=46
baseline_lag1=40
cat_qty_growth_ratio=39
li_qty_lag1=38
li_qty_zero_sale_months=37
cat_qty_roll_max_3=37
cat_qty_lag1_to_roll3=37
atc_to_view_roll3=36
item_code=34
cat_qty_roll_median_3=32
li_qty_trend_3=31
brand_qty_growth_ratio=31
add_to_cart_lag3=31
li_qty_roll_max_3=30
atc_to_view_lag1=30
loc_qty_lag2=29
brand_qty_lag6=29
brand_qty_lag1_to_roll3=29
li_rev_lag1=28
item_qty_roll_mean_3=26
cat_qty_roll_min_3=25
brand_qty_trend_3=25
loc_rev_lag2=25
loc_qty_number_of_sale_months=24
cat_qty_roll_std_3=24
month_sin=22
loc_qty_roll_mean_3=22
brand_code=21
cat_qty_lag1=21
cat_qty_trend_3=21
brand_qty_roll_max_3=21
brand_qty_roll_std_3=20
cat_qty_lag2=19
cat_qty_roll_mean_3=19
brand_qty_lag3=19
li_rev_roll_mean_6=19
view_item_lag3=19
li_qty_lag1_to_roll3=18
item_qty_zero_sale_months=17
cat_qty_lag6=17
item_rev_lag6=17
item_rev_roll_mean_6=17
purchase_to_atc_lag1=17
cat_qty_lag3=16
view_item_lag6=15
loc_rev_roll_mean_3=14
add_to_cart_lag2=14
purchase_to_atc_roll3=14
item_qty_lag6=13
loc_qty_lag1_to_roll3=13
item_rev_lag3=13
item_rev_roll_mean_3=13
view_item_roll_mean_6=13
li_qty_lag3=12
brand_qty_roll_min_3=12
view_item_lag2=12
view_item_roll_mean_3=12
li_qty_number_of_sale_months=11
loc_qty_roll_std_3=11
add_to_cart_roll_mean_3=11
item_qty_lag3=10
item_qty_roll_mean_6=10
loc_qty_lag3=10
loc_qty_roll_min_3=10
brand_qty_lag1=10
brand_qty_zero_sale_months=10
loc_active_items_lag3=10
target_month_idx=9
li_qty_lag2=9
brand_qty_lag2=9
loc_active_items_lag2=9
view_item_lag1=9
cat_qty_number_of_sale_months=8
brand_qty_roll_mean_3=8
brand_qty_roll_mean_6=7
li_rev_lag2=7
li_rev_roll_mean_3=7
add_to_cart_roll_mean_6=7
cat_qty_roll_mean_6=6
loc_rev_lag3=6
add_to_cart_lag6=6
month_cos=5
li_qty_roll_std_3=5
brand_qty_roll_median_3=5
li_qty_lag6=4
loc_qty_trend_3=4
li_qty_months_since_last_sale=3
loc_qty_roll_mean_6=3
loc_qty_growth_ratio=3
li_rev_lag3=3
loc_rev_roll_mean_6=2
loc_active_items_roll_mean_3=2
loc_active_items_roll_mean_6=2
li_rev_lag6=1

parameters:
[boosting: gbdt]
[objective: regression]
[metric: l2]
[tree_learner: serial]
[device_type: gpu]
[data_sample_strategy: bagging]
[data: ]
[valid: ]
[num_iterations: 70]
[learning_rate: 0.05]
[num_leaves: 63]
[num_threads: 12]
[seed: 42]
[deterministic: 0]
[force_col_wise: 1]
[force_row_wise: 0]
[histogram_pool_size: -1]
[max_depth: -1]
[min_data_in_leaf: 80]
[min_sum_hessian_in_leaf: 0.001]
[bagging_fraction: 0.8]
[pos_bagging_fraction: 1]
[neg_bagging_fraction: 1]
[bagging_freq: 1]
[bagging_seed: 400]
[bagging_by_query: 0]
[feature_fraction: 0.75]
[feature_fraction_bynode: 1]
[feature_fraction_seed: 30056]
[extra_trees: 0]
[extra_seed: 12879]
[early_stopping_round: 0]
[early_stopping_min_delta: 0]
[first_metric_only: 0]
[max_delta_step: 0]
[lambda_l1: 0.1]
[lambda_l2: 0.5]
[linear_lambda: 0]
[min_gain_to_split: 0]
[drop_rate: 0.1]
[max_drop: 50]
[skip_drop: 0.5]
[xgboost_dart_mode: 0]
[uniform_drop: 0]
[drop_seed: 17869]
[top_rate: 0.2]
[other_rate: 0.1]
[min_data_per_group: 100]
[max_cat_threshold: 32]
[cat_l2: 10]
[cat_smooth: 10]
[max_cat_to_onehot: 4]
[top_k: 20]
[monotone_constraints: ]
[monotone_constraints_method: basic]
[monotone_penalty: 0]
[feature_contri: ]
[forcedsplits_filename: ]
[refit_decay_rate: 0.9]
[cegb_tradeoff: 1]
[cegb_penalty_split: 0]
[cegb_penalty_feature_lazy: ]
[cegb_penalty_feature_coupled: ]
[path_smooth: 0]
[interaction_constraints: ]
[verbosity: -1]
[saved_feature_importance_type: 0]
[use_quantized_grad: 0]
[num_grad_quant_bins: 4]
[quant_train_renew_leaf: 0]
[stochastic_rounding: 1]
[linear_tree: 0]
[max_bin: 31]
[max_bin_by_feature: ]
[min_data_in_bin: 3]
[bin_construct_sample_cnt: 200000]
[data_random_seed: 175]
[is_enable_sparse: 1]
[enable_bundle: 1]
[use_missing: 1]
[zero_as_missing: 0]
[feature_pre_filter: 1]
[pre_partition: 0]
[two_round: 0]
[header: 0]
[label_column: ]
[weight_column: ]
[group_column: ]
[ignore_column: ]
[categorical_feature: 3]
[forcedbins_filename: ]
[precise_float_parser: 0]
[parser_config_file: ]
[objective_seed: 16083]
[num_class: 1]
[is_unbalance: 0]
[scale_pos_weight: 1]
[sigmoid: 1]
[boost_from_average: 1]
[reg_sqrt: 0]
[alpha: 0.9]
[fair_c: 1]
[poisson_max_delta_step: 0.7]
[tweedie_variance_power: 1.5]
[lambdarank_truncation_level: 30]
[lambdarank_norm: 1]
[label_gain: ]
[lambdarank_position_bias_regularization: 0]
[eval_at: ]
[multi_error_top_k: 1]
[auc_mu_weights: ]
[num_machines: 1]
[local_listen_port: 12400]
[time_out: 120]
[machine_list_filename: ]
[machines: ]
[gpu_platform_id: 0]
[gpu_device_id: 0]
[gpu_use_dp: 0]
[num_gpu: 1]

end of parameters

pandas_categorical:[]
